ID,Smiles String,label
HIVSUB-00000,N#CC(c1ccccc1)(c1ccccc1)C(c1ccccc1)C(Cc1ccccc1)NS(=O)(=O)c1ccccc1,0
HIVSUB-00001,Cc1ccc(S(=O)(=O)Nc2ccccc2SSc2ccccc2NS(=O)(=O)c2ccc(C)cc2)cc1,0
HIVSUB-00002,COc1ccccc1NC(=O)C1=C(C)NC(C)=C(C(=O)Nc2ccccc2OC)C1c1ccc(C(C)C)cc1,0
HIVSUB-00003,O=C1C(c2ccccc2)=C(c2ccccc2)C(c2ccc(Cc3ccc(C4=C(c5ccccc5)C(=O)C(c5ccccc5)=C4c4ccccc4)cc3)cc2)=C1c1ccccc1,0
HIVSUB-00004,Cn1c2ccccc2n2c3ccccc3c(=O)c(C#N)c12,0
HIVSUB-00005,CC(C)OP(=O)(OC(C)C)C(=NNC(=O)c1ccccc1)NNc1ccc([N+](=O)[O-])cc1,0
HIVSUB-00006,Cc1cc2c(cc1C)[n+]([O-])c(C(=O)CC(=NNC(=O)c1ccccc1O)C(=O)Nc1ccccc1C(C)C)c(C)[n+]2[O-],0
HIVSUB-00007,Cc1cc2c3c(c1)S(=O)(=O)c1cc(Cl)ccc1N3CCC2,0
HIVSUB-00008,ON=C1CCCCC1=Cc1ccc(Cl)c(Cl)c1,0
HIVSUB-00009,Br.C(=NNC1=NCCCN1)c1ccc(-c2cn3cc(C=NNC4=NCCCN4)ccc3n2)cc1,0
HIVSUB-00010,O=C(NN(C(=O)c1ccc([N+](=O)[O-])cc1)c1ccccc1)c1ccc([N+](=O)[O-])cc1,0
HIVSUB-00011,CC1(C)[SH+][Cu-2](O)NC1C(=O)[O-],0
HIVSUB-00012,O=[N+]([O-])c1c(O)c2nonc2c2nn(-c3ccccc3)nc12,0
HIVSUB-00013,ONC1=Nc2cc(Cl)ccc2C(=S)N2CSCC12,0
HIVSUB-00014,Cc1c2c(nc3ccccc13)C(=O)c1cccnc1C2=O,0
HIVSUB-00015,CCCCCC.CCCCCCCCCCCCOC1OC(COC(C)=O)C(OC(C)=O)C(OC(C)=O)C1OC(C)=O,0
HIVSUB-00016,O=C1CC(c2c(-c3ccccc3)[nH]c3ccccc23)C(=O)N1,0
HIVSUB-00017,CCN(CC)C(=O)c1ccc(C)c(N=NN(C)C)c1,0
HIVSUB-00018,Clc1ccc2c(c1)Oc1ccccc1C=N2,0
HIVSUB-00019,O=C(O)CSCc1cc(C(=O)Nc2ccc(C=Cc3ccc(NC(=O)c4cc(CSCC(=O)O)c5cccnc5c4O)cc3S(=O)(=O)O)c(S(=O)(=O)O)c2)c(O)c2ncccc12.[NaH],1
HIVSUB-00020,Cc1ccc(S(=O)(=O)n2ccn3c(=O)cc(C)nc23)cc1,0
HIVSUB-00021,COc1cc(N=Nc2ccccc2)ccc1NCS(=O)(=O)O,0
HIVSUB-00022,CC12CCC(C(Br)C1=O)C2(C)CS(=O)(=O)O,0
HIVSUB-00023,CN(C)CC1(C)Cc2cc(Cl)sc2C1=O,0
HIVSUB-00024,CC(=NNC(=S)N1CCC(C2CCN(C(=S)NN=C(C)c3ccccn3)CC2)CC1)c1ccccn1,0
HIVSUB-00025,Cc1cccc(N2C(=O)C(Cl)=C(Cl)C2=O)c1,0
HIVSUB-00026,N#CC(C(=NNC(=O)C(=O)NN)C(=O)NC12CC3CC(CC(C3)C1)C2)c1ccccc1,0
HIVSUB-00027,CC12CCC3C(CCC4CC(O)CCC43C)C1Cc1cc3ccccc3nc12,0
HIVSUB-00028,COc1ccc(CC(=O)NC(C)Cc2ccc(OC)c(OC)c2)cc1OC,0
HIVSUB-00029,COc1ccc(CCN=C2OCc3ccccc32)cc1OC.Cl,0
HIVSUB-00030,CCOC(=O)c1[nH]c2ccccc2c1C(=O)CC(NC(=O)C(F)(F)F)C(=O)OC,0
HIVSUB-00031,CCOC(=O)NC(Nc1ncn(C(NC(=O)OCC)(C(F)(F)F)C(F)(F)F)n1)(C(F)(F)F)C(F)(F)F,0
HIVSUB-00032,Fc1ccc(N=CC=CNc2ccc(F)cc2)cc1,0
HIVSUB-00033,Cc1nccc2c(C)c3sc4ccccc4c3cc12,0
HIVSUB-00034,O=S(O)CCCSSc1ccccc1.[NaH],0
HIVSUB-00035,Cc1ccc(-c2ccc(Nc3c4ccccc4nc4ccccc34)cc2)cn1,0
HIVSUB-00036,Cl.O=C(NCCc1ccccc1)c1cc2ccc(O)c(O)c2cn1,0
HIVSUB-00037,Cc1nc(N)nc(N)c1N1CCN(c2ccc(S(=O)(=O)N(Cc3ccccc3)Cc3ccccc3)cc2)CC1,0
HIVSUB-00038,Cn1c(=O)c2c(nnc(-c3ccccc3)[n+]2[O-])n(C)c1=O,0
HIVSUB-00039,COC(=O)c1cc(C(=CCC(=O)O)c2cc(Cl)c(OC)c(C(=O)OC)c2)cc(Cl)c1OC,0
HIVSUB-00040,N#CCCN(c1ccc(C=O)cc1)S(=O)(=O)c1ccccc1,0
HIVSUB-00041,O=P(c1ccccc1)(c1ccccc1)P(=O)(c1ccccc1)c1ccccc1,0
HIVSUB-00042,O=C(Cc1nc2ccccc2o1)C(=O)Nc1cccc(Cl)c1,0
HIVSUB-00043,CNC(=O)NCCCCC(NC(=O)OCc1ccccc1)C(=O)OCc1ccccc1,0
HIVSUB-00044,CCCCCOCCCCCCCC(=O)O,0
HIVSUB-00045,O=C1OC(C2OC(=O)c3cc(O)c(O)c(O)c3-c3c(O)c(O)c4oc(=O)c5c(c(O)c(O)c6oc(=O)c3c4c65)-c3c(cc(O)c(O)c3O)C(=O)OCC2O)C2OC(=O)c3c(c(O)c(O)c(O)c3C2O)-c2c1cc(O)c(O)c2O,1
HIVSUB-00046,CCOC(=O)c1ccc(-c2cccs2)n1C,0
HIVSUB-00047,CN1CSC(=S)N(C)C1,0
HIVSUB-00048,Cc1cc(=O)oc2cc(O)cc(O)c12,0
HIVSUB-00049,COC(=O)NN=C(Cc1occc(=O)c1O)C(=O)Nc1ccc([N+](=O)[O-])cc1[N+](=O)[O-],0
HIVSUB-00050,CCOP(=O)(OCC)C(c1ccc(F)cc1)N(C(=O)NC(F)(F)F)c1ccc(OC)cc1,0
HIVSUB-00051,Cn1c2c(c3ccccc31)CCN(CCCCN1CCCCC1)C2=O,0
HIVSUB-00052,O=c1ccc2cc(Cl)ccc2o1,0
HIVSUB-00053,COC1N(C2CC(N=[N+]=[N-])C(CO)O2)C(=O)NC(=O)C1(C)Br,1
HIVSUB-00054,Cc1ccc(C)c(NC(=O)CCC(=NNC(=O)C(=O)NN)C(C)C(=O)c2ccc(O)cc2)c1,0
HIVSUB-00055,N=C(NC(=N)Nc1ccc(S(=O)(=O)Nc2cnc3ccccc3n2)cc1)Nc1ccc(Br)cc1,0
HIVSUB-00056,CCOC(=O)C(Cc1ccc2c(c1)CCC2)(Cc1ccc2c(c1)CCC2)C(=O)OCC,0
HIVSUB-00057,O=c1c(=Cc2c(O)ccc3ccccc23)sc2nc3ccccc3n12,0
HIVSUB-00058,O=C1C2CN(Cc3ccccc3)CC1CN(CC1CC1)C2,0
HIVSUB-00059,CC(C)(C)C(=O)[OH+][Co-4](N)(N)(N)(N)N.[O-][Cl+3]([O-])([O-])O,0
HIVSUB-00060,Oc1nc2cc(C(F)(F)F)ccc2nc1CBr,0
HIVSUB-00061,CN(C)CCC(C=Cc1ccccc1)=NNc1ccc(Cl)cc1Cl.Cl,0
HIVSUB-00062,COc1ccc2cc(C(=O)Nc3ccc(O)c(C(=O)O)c3)ccc2c1OC,0
HIVSUB-00063,CC(=O)Oc1c(Br)cc(-c2oc(-c3cc(Br)c(OC(C)=O)c(Br)c3)c3ccccc23)cc1Br,0
HIVSUB-00064,OCCCNC1=NC(=Cc2ccccc2)C(Cl)=N1,0
HIVSUB-00065,CC(C)(C)n1c(=O)[nH]c(=O)n1C(C)(C)C,0
HIVSUB-00066,Cc1sc2c(c1C)C(=NO)c1cccn1-2,0
HIVSUB-00067,Cc1cc(C)n2c(=O)[nH]nc2c1,0
HIVSUB-00068,COC1NC(=O)Oc2c(F)cccc21,0
HIVSUB-00069,N#CCC(=O)NC1C2CC3CC(C2)CC1C3,0
HIVSUB-00070,CC12CC(=O)CC1(C)CC(=O)C2,0
HIVSUB-00071,N#CC(C#N)=CN1CCNC1=S,0
HIVSUB-00072,Cc1cc(=O)n2nc(CCl)sc2n1,0
HIVSUB-00073,Cc1cc(C)nc(NS(=O)(=O)c2ccc(NNC(=O)c3cccc4c(NNc5ccc(S(=O)(=O)Nc6nc(C)cc(C)n6)cc5)c5ccccc5nc34)cc2)n1,0
HIVSUB-00074,CCC1CN2CCc3cc(OC)c(OC)cc3C2CC1CC1c2cc(OC)c(OC)cc2CCN1C(=O)C1CCCN1C(=O)OCc1ccccc1,0
HIVSUB-00075,Cc1cc(C)nc(NS(=O)(=O)c2ccc(Nc3c4ccccc4nc4ncccc34)cc2)n1,0
HIVSUB-00076,CCOC(=O)C(Cc1ccc(O)cc1)NC(=O)C(N)CSSCC(N)C(=O)NC(Cc1ccc(O)cc1)C(=O)OCC,0
HIVSUB-00077,COc1ccc(NC(=S)c2ccoc2C)cc1CC(=O)OC(C)C,1
HIVSUB-00078,Cc1ccccc1Nc1nc(NNC(=O)Cc2ccccc2)nc(NNC(=O)c2ccncc2)n1,1
HIVSUB-00079,Cc1ccc(N(C(=O)CC(=O)N2N=C(c3ccccc3)C(N=Nc3ccc([N+](=O)[O-])cc3)C2=O)C(=O)c2ccc(Cl)cc2)cc1,0
HIVSUB-00080,CC1=CC(C)=Nc2ccc(Cl)cc2N1.O=S(=O)(O)O,0
HIVSUB-00081,CC(=O)NCCC1CNc2ccccc21,0
HIVSUB-00082,O=[N+]([O-])C1CCC(=NO)c2nonc21,0
HIVSUB-00083,O=C1CCCCc2scc(C(=O)O)c2N1,0
HIVSUB-00084,O=C(Nc1nc(O)c2c(ncn2CC(COc2ccccc2)OC(=O)c2ccccc2)n1)c1ccccc1,0
HIVSUB-00085,NC(=O)C(=Cn1c(=S)[nH]c2ccccc21)C(N)=O,0
HIVSUB-00086,O=C(O)C(CO)NC(=O)n1c2ccccc2c2ccccc21,0
HIVSUB-00087,Cl.N=C(N)NN=Cc1c(-c2ccccc2)nc2sccn12,0
HIVSUB-00088,CNc1nc(SC)nc2c1S(=O)(O)=NC=N2,0
HIVSUB-00089,O=C1[OH+][Co-4]234([O+]=C(c5ccco5)C=[N+]2c2ccccc21)[O+]=C(c1ccco1)C=[N+]3c1ccccc1C(=O)[OH+]4,0
HIVSUB-00090,CCOC(=O)c1cccc(=O)c(C(=O)OCC)c1,0
HIVSUB-00091,N#Cc1ccccc1NC(=O)C(=O)C1NC(=S)NC1=O,0
HIVSUB-00092,CCOC(=O)c1nc(SC)n(C)c1C(=O)OCC,0
HIVSUB-00093,COc1ccc(SCc2cc(OC)ccc2OC)cc1,0
HIVSUB-00094,CC12CCC(=O)C=C1CCC1C2CCC2(C)C(OC(=O)C34OC3CCC4=O)CCC12,0
HIVSUB-00095,N=C(NN=Cc1ccc(Cl)cc1Cl)C(=N)NN=Cc1ccc(Cl)cc1Cl,0
HIVSUB-00096,CC(C)(C)c1cc(C(O)(C(=O)O)C(=O)O)cc(C(C)(C)C)c1O,0
HIVSUB-00097,CC1CC(=O)C(CC(=O)O)C1C(C(=O)C(=O)Nc1c(C#N)cccc1[N+](=O)[O-])[N+](=O)[O-],0
HIVSUB-00098,CC(CN(C)C)C(=O)c1ccccc1,0
HIVSUB-00099,O=S1(=O)Cc2ccc3c4c2-c2c(ccc5ccc(c-4c25)CS(=O)(=O)C3)C1,0
HIVSUB-00100,CN1CN(C(=O)N2CN(C)C(=O)N(C)C2)CN(C)C1=O,0
HIVSUB-00101,COC(=O)CP(=O)(OCC(F)(F)F)OCC(F)(F)F,0
HIVSUB-00102,O=c1[nH]c(=O)n(C2OC(CF)C(O)C2O)cc1N1CCOCC1,0
HIVSUB-00103,CC(C)(C)c1cc(C(P(=O)(O)O)(P(=O)(O)O)P(=O)(O)O)cc(C(C)(C)C)c1O.[NaH],1
HIVSUB-00104,COc1cccc(C2c3cc4c(cc3OC(NNC(N)=O)C2C)OCO4)c1OC,0
HIVSUB-00105,O=C(CN1CCCCC1)c1ccc2[nH]c(=O)oc2c1,0
HIVSUB-00106,ClC1=C(Cc2ccccc2)Cc2ccc3c(c21)CCC3,0
HIVSUB-00107,Cc1ncc([N+](=O)[O-])n1CCN(C)CCCCn1ccnc1[N+](=O)[O-],0
HIVSUB-00108,N=C(OC1CCCCC1)N1CCCC1,0
HIVSUB-00109,CC1(O)CC(C(F)(F)F)(C(F)(F)F)OC1=O,0
HIVSUB-00110,Cc1nc2c(O)cc(Br)c(O)c2nc1C,0
HIVSUB-00111,O=C(NC1CCCCC1)c1nn[nH]c1Cl,0
HIVSUB-00112,O=[N+]([O-])c1nc[nH]c1S,0
HIVSUB-00113,CCOC(=O)Nc1cc(Nc2ccc(Cl)cc2)c2nc(-c3ccc(Cl)cc3)c(-c3ccc(Cl)cc3)nc2n1,0
HIVSUB-00114,COC(=O)C1CC([Se]c2ccccc2)CN1S(=O)(=O)c1ccc(C)cc1,0
HIVSUB-00115,N=C(N)NN=Cc1c[nH]c2ccccc12.O=[N+]([O-])O,0
HIVSUB-00116,CC(C)(C)C(=O)C=Cc1ccc(Cl)cc1,0
HIVSUB-00117,[CH2-][Mn+]12(C#[O+])(C#[O+])[PH](CCP(c3ccccc3)c3ccccc3)(CC[PH]1(c1ccccc1)c1ccccc1)CC[PH]2(c1ccccc1)c1ccccc1,0
HIVSUB-00118,CSc1nc2c(c(N(C)C)n1)C=Nn1c(nc3ccccc31)S2,1
HIVSUB-00119,COC(=O)CP(=O)(OC)OCC(F)(F)F,0
HIVSUB-00120,Cn1c(=O)n2n(c1=O)C1CCC2CC1,0
HIVSUB-00121,CN1C(NN)=NS(=O)(=O)c2ccccc21,0
HIVSUB-00122,CCC(C)C(=O)OC1C(O)C2C(CN3CC(C)CCC3C2(C)O)C2CC34OC5(O)C(OC(=O)C(C)(O)CC)CCC3(C)C5C(OC(C)=O)C(OC(C)=O)C4C21O,0
HIVSUB-00123,Cc1ccc(S(=O)(=O)n2cc(C#N)c(C#N)c2)cc1,0
HIVSUB-00124,CCCCOCn1c(=O)[nH]c(=O)c2ccccc21,0
HIVSUB-00125,CC1CCC(=Cc2ccc(F)cc2)C(=O)C1=Cc1ccc(F)cc1,0
HIVSUB-00126,COc1ccc(-c2cc(=O)c3c(OC)c(OC)c(OC)c(OC)c3o2)c(OC)c1,0
HIVSUB-00127,Cc1cc(C)c(-c2noc(=NS(=O)(=O)c3ccc(Cl)cc3)o2)c(C)c1,0
HIVSUB-00128,Cc1cn(C2C=CC(CO)(C(F)(F)F)O2)c(=O)[nH]c1=O,0
HIVSUB-00129,CON=C(C(=O)[N-]n1cn[n+](CC(=O)[O-])c1)c1csc(=N)[nH]1.[Na+],0
HIVSUB-00130,O=C(O)c1ccc(-c2nc3cccc4cccc([nH]2)c43)cc1,0
HIVSUB-00131,CS(=O)(=O)c1nc(O)c2nc[nH]c2n1,0
HIVSUB-00132,COC(=O)C(Cc1nc2ccccc2nc1O)C(=O)C(=O)Nc1ccc([N+](=O)[O-])cc1[N+](=O)[O-],0
HIVSUB-00133,CCC(Oc1c2ccoc2c(OC)c2oc(=O)cc(O)c12)C(=O)O,0
HIVSUB-00134,CC(=O)N(c1ccccc1)[Si](C)(C)C,0
HIVSUB-00135,COc1ccccc1C(=O)N(C)c1ccc(Cl)c(C(=O)OC(C)C)c1,0
HIVSUB-00136,CC1(C2=CCCCC2)CCC(=O)NC1=O,0
HIVSUB-00137,CCOC(=O)C(Cc1cn(S(=O)(=O)c2ccc(C)cc2)cn1)P(=O)(OCC)OCC,0
HIVSUB-00138,CC1(c2nc3ccccc3[nH]2)CCC(C(N)=O)C(C)(C)O1,0
HIVSUB-00139,O=C(Nc1ccc(Cl)cc1Cl)C(=O)Nn1c(=S)[nH]c2ccccc2c1=O,0
HIVSUB-00140,O=C(COc1ccccc1Cl)N1N=C(c2ccc(Cl)cc2)CC1(O)c1ccccc1,0
HIVSUB-00141,CN1CCN(CCC=C2c3ccccc3Sc3ccc(S(=O)(=O)N(C)C)cc32)CC1,0
HIVSUB-00142,CC(C)(C)C1CCC2c3c([nH]c4ccccc34)C3C(=O)N(c4ccccc4)C(=O)C3C2C1,0
HIVSUB-00143,COc1cc2cc(C(=O)N3CC(CCl)c4c3cc(N)c3ccccc43)[nH]c2c(OC)c1OC,0
HIVSUB-00144,Cc1occc1C(=S)Nc1ccc(Cl)c(C(=O)OCC(F)(F)F)c1,1
HIVSUB-00145,COC(=O)C1(Cc2ccc3c(c2)CCC3)Cc2cc3c(cc2C1=O)CCC3,0
HIVSUB-00146,N#Cc1c(N2CCCC2)ncn(Cc2ccccc2)c1=S,0
HIVSUB-00147,CCP(=O)(CC)C(Cl)(Cl)C(O)C(Cl)(Cl)Cl,0
HIVSUB-00148,COc1ccc2c(CCNC(=O)C=Cc3ccccc3)c(C(C)=O)[nH]c2c1[N+](=O)[O-],0
HIVSUB-00149,C=CCNc1nc2c(s1)C(=O)c1ccccc1C2=O,0
HIVSUB-00150,CN(C)c1nc(N(C)C2CCCCC2)[s+]s1.[I-],0
HIVSUB-00151,N#CC(=Cc1ccccc1Cl)c1ccccc1,0
HIVSUB-00152,CC1(c2ccccc2)OC(=O)c2c1ccc1ccccc21,0
HIVSUB-00153,Cc1ccc(C=C2Sc3scc(-c4ccccc4)[n+]3C2=O)cc1,0
HIVSUB-00154,COc1nc(O)cc(N=P(c2ccccc2)(c2ccccc2)c2ccccc2)n1,0
HIVSUB-00155,Cc1n[nH]c2c1NC(=O)OC(C)C2,0
HIVSUB-00156,C#CCSc1nnnn1-c1ccccc1,0
HIVSUB-00157,CCCCN(CCCC)CCNc1ccc(Cl)c2oc3cc(C)ccc3c(=O)c12,0
HIVSUB-00158,Clc1cc2nc3[nH]c4ccccc4c3nc2cc1Cl,0
HIVSUB-00159,NNC(=O)c1ccccc1SSc1ccccc1C(=O)NN,1
HIVSUB-00160,Cc1ccc(C)n1-c1ccccc1C1SCCCS1,0
HIVSUB-00161,O=C(CNc1c(Cl)cccc1Cl)NC1C=Cc2ccc(S(=O)(=O)Nc3c(Cl)cccc3Cl)cc2C1=O,0
HIVSUB-00162,N#CCCN(CCC#N)C(=O)Nc1cccc2ccccc12,0
HIVSUB-00163,COc1ccc(C2CC(=O)c3c(O)cc(O)cc3O2)cc1O,0
HIVSUB-00164,N#CCCN(CCC#N)C(=O)c1cccc(C(=O)N(CCC#N)CCC#N)c1,0
HIVSUB-00165,NC(=O)C(N)(c1ccccc1)c1ccccc1,0
HIVSUB-00166,Cl.NC(=O)c1cnc2cc(O)c(O)cc2c1,0
HIVSUB-00167,CCCCCCCCC=CCCCCCCCC(=O)N(C)N(C)C(=O)CCCCCCCC=CCCCCCCCC,0
HIVSUB-00168,CCCc1cc(=O)oc2c3c(cc(OC(C)CI)c12)OC(C)C(C)C3=O,0
HIVSUB-00169,COc1c2occc2cc2ccc(=O)oc12,0
HIVSUB-00170,Cc1ccc(C2SCC(=O)N2NC(=O)c2ccncc2)s1,0
HIVSUB-00171,O=[N+]([O-])c1cccnc1SSc1ncccc1[N+](=O)[O-],0
HIVSUB-00172,N=C(CSS(=O)(=O)O)NCCCCC1CCCCC1,0
HIVSUB-00173,c1ccc(-c2ccnc3c2ccc2c(-c4ccccc4)ccnc23)cc1,0
HIVSUB-00174,COc1cc(C2SCC(=O)N2c2ccc(-c3ccc(-n4c(-c5ccccc5)nc5ccccc5c4=O)cc3)cc2)cc(OC)c1OC,0
HIVSUB-00175,CCOc1c(OC)cc(CNNc2nccs2)cc1OC,0
HIVSUB-00176,COC(C(=O)C(O)C(C)O)C1Cc2cc3cc(OC4CC(OC5CC(O)C(O)C(C)O5)C(O)C(C)O4)c(C)c(O)c3c(O)c2C(=O)C1OC1CC(OC2CC(O)C(OC3CC(C)(O)C(O)C(C)O3)C(C)O2)C(O)C(C)O1,0
HIVSUB-00177,COc1ccc(-c2c3c(nc4nc(SC)nc(SC)c24)CCCC3)cc1OC,0
HIVSUB-00178,Fc1ccccc1CN1COc2c(cc(Cl)c3cccnc23)C1,0
HIVSUB-00179,CCCC(=NNC(=N)N)C(C)=NNC(=N)N.O=S(=O)(O)O,0
HIVSUB-00180,Cc1ccc(C=C2CCCC(CN(C)C)C2=O)cc1.Cl,0
HIVSUB-00181,Cc1nn(-c2ncc(C#N)c(O)n2)c(O)c1CCO,0
HIVSUB-00182,NC(CSSCC(NC(=O)c1ccccc1)C(=O)O)C(=O)O,0
HIVSUB-00183,O=C1NC(=O)C(=Cc2ccc(C=C3NC(=O)NC3=O)cc2)N1,1
HIVSUB-00184,COc1ccc(C2OC2C(=O)C23CC4CC(CC(C4)C2)C3)cc1,0
HIVSUB-00185,CSC1=Nc2ccccc2N(C)c2c1c(-c1ccccc1)nn2C,0
HIVSUB-00186,CNC(=O)N(C)CN(C)C(=O)NC,0
HIVSUB-00187,O=C(O)C1=C(C(=O)O)C2CCC1C2,0
HIVSUB-00188,CS(=O)(=O)OCCCS(=O)(=O)O,0
HIVSUB-00189,O=C1C=CC2(C=C1)CCC(=O)O2,0
HIVSUB-00190,COc1ccc(N2C(=O)C3c4[nH]c5ccc(OCc6ccccc6)cc5c4C4CCC(C(C)(C)C)CC4C3C2=O)cc1,0
HIVSUB-00191,COC(=O)C1(C)CCCC2(C)c3cc(C(C)=O)c(C(C)C)cc3CCC12,0
HIVSUB-00192,O=C(CCc1ccccc1)n1cccc1CO,0
HIVSUB-00193,O=C(OC1CN2CCC1CC2)C1(c2ccccc2)COc2ccccc21,0
HIVSUB-00194,COC(=O)N1C2C3CC4C2C4C3N1C(=O)OC,0
HIVSUB-00195,COc1ccc2c(c1)OCC1c3cc(NS(=O)(=O)c4ccccc4)cc(OCc4ccccc4)c3OC21,1
HIVSUB-00196,CCCCOP(=S)(OCCCC)SC1(SC)SSC=C1CC(C)(C)C,0
HIVSUB-00197,COCOC1CC2C(=O)N(COC)c3ccccc3C(=O)N2C1,0
HIVSUB-00198,CC1=NN2C(=O)C(C)SC2=NC(C)(C)C1,0
HIVSUB-00199,COC(=O)C(NC(=O)C(CC(=O)OC(C)(C)C)NC(=O)OC(C)(C)C)C(O)c1ccccc1,0
HIVSUB-00200,Cc1ccc2c(c1)P(=O)(O)c1cc(C)ccc1S2(=O)=O,0
HIVSUB-00201,COc1ccc(C2=C(Cl)c3cc(OC)c(OC)cc3C2)cc1OC,0
HIVSUB-00202,CCN(CC)Cc1c(OC)ccc2[nH]c3c4ccc(Cl)cc4ncc3c12,0
HIVSUB-00203,Cc1cc(N2CCCC2)c([N+](=O)[O-])cc1[N+](=O)[O-],0
HIVSUB-00204,C1CSCCCSCCCSCCCSC1,0
HIVSUB-00205,Br.CCOC1CN(C)C(=Nc2cccc3ccccc23)S1,0
HIVSUB-00206,COC1(OC)C2C=CC1C(C(C)(N)CO)C2,0
HIVSUB-00207,CCCCCCCCC1=C(OC)C(=O)c2ccc(Cl)nc2C1=O,0
HIVSUB-00208,N=C(CS)NC1CCCCC1,0
HIVSUB-00209,COc1ccc2c(c1)C(C(=O)O)CC(=O)N2C,0
HIVSUB-00210,CN(C)c1ccc(-c2cc(C(=O)O)c3c(ccc4ccccc43)n2)cc1,0
HIVSUB-00211,CC(C)C(=O)OCC1OC(n2c(Br)nc3c(O)nc(N)nc32)C(OC(=O)C(C)C)C1OC(=O)C(C)C,0
HIVSUB-00212,Cc1cc(O)c2c(c1)C(C13Cc4cc(O)c5c(c4C1C=CC(O)C3O)C(=O)c1c(O)ccc(O)c1C5=O)OC2=O,0
HIVSUB-00213,CC1CCC2(OC1)OC1CC3C4CCC5CC(OC6OC(CO)C(OC7OC(CO)C(O)C(O)C7O)C(O)C6OC6OC(C)C(O)C(O)C6O)C(O)CC5(C)C4CCC3(C)C1C2C,0
HIVSUB-00214,CSc1nc2c(N)ncnc2n1C,0
HIVSUB-00215,COC1C(O)C(C)OC(OC2CCC3(C)C(CCC4C3CCC3(C)C(C5=CC(=O)OC5)CCC43O)C2)C1O,0
HIVSUB-00216,COc1nc2ncn(C(C)=O)c2c(=O)n1C,0
HIVSUB-00217,COC(=O)C1C2CCC3C45CC(c6ccoc6)OC4OC(O2)C13CCC5C,0
HIVSUB-00218,C=C1C2CCC3(CCC4C5(C)CCCC4(C=[N+](CCOC(C)=O)C5)C3C2)C1OC(C)=O,0
HIVSUB-00219,COc1ccccc1NC(=O)C(=Cn1c(=S)[nH]c2ccc([N+](=O)[O-])cc21)C(C)=O,0
HIVSUB-00220,CCOc1ccc(C2(C)OC(=O)C3CCCCC32)c2ccccc12,0
HIVSUB-00221,CN1C2CC(C#N)C1C=CC2=O,0
HIVSUB-00222,COC1=C(C)C(=O)c2c(c(COC(N)=O)c3n2CC(OC(C)=O)C3OC(C)=O)C1=O,0
HIVSUB-00223,COc1cc2c(cc1OC)CN1CCCc3cc(OC)c(OC)cc3C1C2,0
HIVSUB-00224,CCCCCCCCCCCCC1NC(=N)N2CCCC2=C1C(=O)OC,0
HIVSUB-00225,Cl.O=C(OCCN1CCCCC1)C(c1ccccc1)C1(O)CCSCC1,0
HIVSUB-00226,Clc1ccc(C=NN2CCCCCC2)cc1Cl,0
HIVSUB-00227,CC1=C(C)C(N2CCOCC2)CS(=O)(=O)O1,0
HIVSUB-00228,COc1cc(CCCOC(=O)C=Cc2ccc(O)c(O)c2)cc(O)c1O,0
HIVSUB-00229,COc1ccc(C=O)c(NC(=O)C(C)C)c1,0
HIVSUB-00230,NS(=O)(=O)c1cc2c(cc1Cl)N=C(C(=O)NNC(=O)c1ccncc1)N=S2(=O)O,0
HIVSUB-00231,O=C(Nc1ccc(CN2CCOCC2)cc1)c1ccc(C(=O)Nc2ccc(CN3CCOCC3)cc2)cc1,0
HIVSUB-00232,CSCCCNC(=O)c1csc(-c2c[s+]c(CCN)[nH]2)n1.Cl,0
HIVSUB-00233,CN(C)c1ccc(C=C2Cc3ccccc3C2=O)cc1Br,0
HIVSUB-00234,O=C1c2c(nc3ccccc3c2-c2ccccc2)CN1Nc1ccccc1,0
HIVSUB-00235,CN(C)CCNC1=Nc2ccccc2C(=O)N2CSCC12,0
HIVSUB-00236,COc1ccc([N+](=O)[O-])c(C(C#N)=Cc2ccccc2)c1,0
HIVSUB-00237,Cc1ccc(Oc2ccc([N+](=O)[O-])cc2[N+](=O)[O-])c(C)c1,0
HIVSUB-00238,CN1CCCC1c1cccnc1.O=C(O)C(O)C(O)C(=O)O,0
HIVSUB-00239,CC1N=C(SCC(=O)c2ccc(F)cc2)N2C(C)N=C(SCC(=O)c3ccc(F)cc3)N12,0
HIVSUB-00240,COc1ccccc1NC(=O)C1=C(C)NC(C)=C(C(=O)Nc2ccccc2OC)C1C1=CC=COC1,0
HIVSUB-00241,CN(C)C(=S)NN=CC=NNC(=S)N(C)C,0
HIVSUB-00242,CN(C)c1ccc2c(c1)-c1cc(N(C)C)ccc1C2=CC=C1C(=O)c2ccccc2C1=O,0
HIVSUB-00243,CC1CC(C)(C)C2=NCCN21,0
HIVSUB-00244,BC#N.Cc1cn(CCCN(C)C)c(=O)[nH]c1=O,0
HIVSUB-00245,O=C1c2cccc([N+](=O)[O-])c2C(=O)N1CC[PH](c1ccccc1)(c1ccccc1)c1ccccc1,0
HIVSUB-00246,CC(C)COP(=O)(OCC(C)C)C(NS(=O)(=O)c1ccccc1)(C(F)(F)F)C(F)(F)F,0
HIVSUB-00247,O=C(CC1(O)C(=O)Nc2c(Cl)cc(Cl)cc21)c1ccco1,0
HIVSUB-00248,O=c1ccc2nc3cc(Cl)ccc3sc-2c1,0
HIVSUB-00249,Cn1c(=O)c2c(nc(NCC[N+](C)(C)C)n2C)n(C)c1=O,0
HIVSUB-00250,CC(=O)OCc1c2ccccc2c(C)c2c1cc(F)c1ccccc12,0
HIVSUB-00251,CCCCCCNC(=O)C(=Cc1ccc(Cl)cc1Cl)NC(=O)c1ccccc1,0
HIVSUB-00252,CN(C)P(CCP(CCP(N(C)C)N(C)C)c1ccccc1)N(C)C,0
HIVSUB-00253,CCOC(=O)C1C(c2ccc3c(c2)OCO3)c2c(n[nH]c2O)CC1(C)O,0
HIVSUB-00254,CC12C=NNC1(C)C(=O)C1(C)CN=NC1(C)C2=O,0
HIVSUB-00255,COc1ccccc1C=CC(=O)C=Cc1ccccc1O,0
HIVSUB-00256,CCCCCCCCCCCCCCCCOC1OC(COC(C)=O)C(OC(C)=O)C(OC(C)=O)C1O,0
HIVSUB-00257,CCCCCCN(CCCCCC)C(=O)Cc1c2n(c3ccccc13)Cc1ccccc1-2,0
HIVSUB-00258,CCCC[Sn](CCCC)(OC(=O)Cc1ccc(F)cc1)OC(=O)Cc1ccc(F)cc1,0
HIVSUB-00259,NNC(=O)C(CC(C(=O)NN)C(=O)NN)C(=O)NN,0
HIVSUB-00260,CN1CCCc2cc(C=Cc3ccnc4ccccc34)ccc21,0
HIVSUB-00261,C=CCC1(c2ccccc2)Oc2cccnc2-n2cccc2C1=O,0
HIVSUB-00262,ON=C1C(=Cc2ccc(Oc3ccccc3)cc2)CCCC1C(NO)c1ccc(Oc2ccccc2)cc1,0
HIVSUB-00263,O=C1NC(=O)C(Cc2ccccc2)(Cc2ccccc2)S1,0
HIVSUB-00264,ON=C1CCc2cc3c(cc21)CCC3,0
HIVSUB-00265,CCOC(=O)CC1CCN(C(=O)c2ccccc2)C2Cc3c([nH]c4ccccc34)C12C[N+](=O)[O-],0
HIVSUB-00266,CCOP(=O)(OCC)C(C#N)=Cc1ccc(Oc2ccccc2)cc1,0
HIVSUB-00267,CSc1c(C#N)c(=O)n(N)c2[nH]nc(C)c12,0
HIVSUB-00268,O=C1CC(c2ccc(Cl)cc2)=Nc2ccccc2N1,0
HIVSUB-00269,CC(=O)c1ccc(NC(=O)C(=O)C(C(=O)c2ccc(Cl)c(Cl)c2)C2OC(=O)c3ccccc32)cc1,0
HIVSUB-00270,O=C1C=C(Nc2cccnc2)c2ccccc2C1=NO,1
HIVSUB-00271,CCCCCCCCCCCCCCCCCCCCCCNc1ccn(C2CC(OP(=O)(O)OCC3OC(n4cc(C)c(=O)[nH]c4=O)CC3N=[N+]=[N-])C(COP(=O)(O)OCC3CCC(n4ccc(=N)[nH]c4=O)O3)O2)c(=O)n1,1
HIVSUB-00272,CC=CCSc1cc(NC(=S)c2ccsc2C)ccc1Cl,1
HIVSUB-00273,CC12CCC(C(=O)OC1=O)C2(C)C,0
HIVSUB-00274,CC1C=CC2(C)CCC(C(C)(C)O)C2C(O)CC(C)(O)C=CC1,0
HIVSUB-00275,Cl[Pd-2]12NCCS[S+]1CCN2,0
HIVSUB-00276,c1ccc2c(c1)OCCOCCOc1ccccc1OCCO2,0
HIVSUB-00277,C[N+](C)(C)CCCCCc1c2ccc(n2)c(CCCCC[N+](C)(C)C)c2ccc([nH]2)c(CCCCC[N+](C)(C)C)c2ccc(n2)c(CCCCC[N+](C)(C)C)c2ccc1[nH]2.[Cl-],0
HIVSUB-00278,CC1=CC(C)=Nc2ccc(C)cc2N1.[O-][Cl+3]([O-])([O-])O,0
HIVSUB-00279,O=C(Nc1cccc2ccccc12)Oc1ccccc1C1CCCCC1,0
HIVSUB-00280,CCN(CC)C1=CC(=O)C(=O)c2cccnc21,0
HIVSUB-00281,COC(=O)c1c(C)cccc1C1CN=NC12Cc1cc(C)c(C)cc1C2=O,0
HIVSUB-00282,CCCCCCc1cc2cc(-c3csc(-c4ccc(OC)cc4)n3)c(=O)oc2cc1O,0
HIVSUB-00283,O=c1[nH]nc(-c2ccccc2)n1N=Cc1ccc([N+](=O)[O-])cc1,0
HIVSUB-00284,N#CCc1nc(-c2cc3c(ccc4ccccc43)oc2=O)cs1,0
HIVSUB-00285,CC1CC(O)C2(O)OC3CC4(C=O)C(CCC5C4CCC4(C)C(C6=CC(=O)OC6)CCC54O)CC3OC2O1,0
HIVSUB-00286,Nc1nc(O)c2ncn(CC3OCC(CO)O3)c2n1,0
HIVSUB-00287,Cc1cc(C)nc(NS(=O)(=O)c2ccc(NC(=O)c3ccc(Cl)c4c(Nc5ccc(S(=O)(=O)NC(=N)N)cc5)c5ccccc5nc34)cc2)n1,0
HIVSUB-00288,COP1(=O)OC(C)=C(C)c2cccn21,0
HIVSUB-00289,O=C(CCCC[n+]1ccccc1)Sc1ccccc1C(=O)Nc1ccc(S(=O)(=O)c2ccc([N+](=O)[O-])cc2)cc1.[Br-],1
HIVSUB-00290,O=C1C(=Cc2cccc(Br)c2)C(=O)c2ccccc21,0
HIVSUB-00291,COc1ccc(OC)c(C=Cc2ccccc2)c1,0
HIVSUB-00292,O=c1c2nc(-c3ccccc3)oc2n(-c2ccccc2)c(=O)n1-c1ccccc1,0
HIVSUB-00293,Cc1cc(C)nc(Sc2c([N+](=O)[O-])ncn2C)n1,0
HIVSUB-00294,CCCN(CCc1ccc(-c2ccccc2)cc1)CCc1ccc2nn[nH]c2c1,0
HIVSUB-00295,O=C1CCSSCCC(=O)NCCCN1,0
HIVSUB-00296,COC(=O)C1(SC)C2CCC3C2CCC31,0
HIVSUB-00297,O=C1C(=Cc2ccco2)C(=O)C2CCCCC12,0
HIVSUB-00298,CC(=O)C(C)=NNC(=O)c1ccccc1O,0
HIVSUB-00299,COc1ccc(C2OCC3C(c4ccc(OC)c(OC)c4)OCC23)cc1OC.COc1ccc(C2OCC3C(c4ccc(OC)c(OC)c4)OCC23)cc1OC,0
HIVSUB-00300,CCOC(=O)COc1ccc(OC)c2c1C(=O)CCC2,0
HIVSUB-00301,Cc1cccc(Cl)c1NC=O,0
HIVSUB-00302,O=C(c1ccccc1)c1oc2ccc(Br)cc2c1-c1cnn(-c2ccccc2)c1,0
HIVSUB-00303,Cl.O=C1C(=Cc2ccccc2)CCCC1CN1CCCCC1,0
HIVSUB-00304,COC(=O)N1CC2(C=CC3(CC2)OCCO3)c2ccccc21,0
HIVSUB-00305,CC(=O)Oc1ccc2c(c1)Oc1cc(OC(C)=O)ccc1C21OC(=O)c2ccccc21,0
HIVSUB-00306,CCN1CC2(C)CCC(OCc3ccccc3)C34C5CC6CCC(O)(C(CC23)C14)C5C6OCc1ccccc1,0
HIVSUB-00307,C=CCn1cc(C(=O)NC(=O)NCCCCCOC(=O)CCCCCCCCCCC(=O)OCCCCCNC(=O)NC(=O)c2cn(CC=C)c(=O)n(C)c2=O)c(=O)n(C)c1=O,0
HIVSUB-00308,C=CC1(C)CC2CCC3(C)C(C)=CC(=O)CC3C2(C)CC1O,0
HIVSUB-00309,Oc1nnc(O)c2c1nc(SCc1ccc(Br)cc1)n2Cc1ccccc1,0
HIVSUB-00310,OC1CCC(COC(c2ccccc2)(c2ccccc2)c2ccccc2)O1,0
HIVSUB-00311,Nc1nc(O)cc(NNc2ccccc2F)n1,0
HIVSUB-00312,O=C1Cc2c([nH]c3ccccc23)-c2cc(Br)ccc2N1,0
HIVSUB-00313,O=C1NC(=O)C(=CN2C(=O)C(=Cc3ccc(O)cc3)SC2=S)C(=O)N1,0
HIVSUB-00314,c1ccc2[nH]c(CSc3nc4ccccc4[nH]3)nc2c1,0
HIVSUB-00315,COc1cc(CNc2ccc(C)cc2)cc(OC)c1OC.Cl,0
HIVSUB-00316,O=C(O)c1csc(C(=O)O)c1,1
HIVSUB-00317,COC(=O)C(Cc1ccccc1)NC(=O)N(CCNCCNC(=O)OC(C)(C)C)c1ccccc1,0
HIVSUB-00318,O=C(O)CCC1(C(=O)O)NC(C(=O)O)Cc2nc[nH]c21,0
HIVSUB-00319,C(=CNc1ccc(Oc2ccccc2)cc1)C=Nc1ccc(Oc2ccccc2)cc1,0
HIVSUB-00320,O=C1C2=C(C=Cc3ccccc3)OCCC2=NN1c1ccccc1,0
HIVSUB-00321,CCCCN1C(=O)C(O)(NC(C)=O)C1COC(C)(C)C,0
HIVSUB-00322,N#Cc1c(Cl)c(C=O)c(=O)n2c1[nH]c1ccccc12,0
HIVSUB-00323,Cc1c2ccccc2n[c-](CSOCCO)[n+]1=O,0
HIVSUB-00324,COc1cccc(C=Cc2nccc3ccccc23)c1OC,0
HIVSUB-00325,c1ccc(-c2cc(-c3cccs3)c(-c3cccs3)s2)cc1,0
HIVSUB-00326,O=[N+]([O-])c1ccc(-n2cnc3c(O)nc(O)nc32)nc1,0
HIVSUB-00327,Nc1ccc2c(SCc3ccc([N+](=O)[O-])cc3)c3ccccc3nc2c1,0
HIVSUB-00328,CCNc1ncc2nc(CC(=O)OC)c(=O)n(CC)c2n1,0
HIVSUB-00329,CC(C)(c1ccccc1)c1ccc(Oc2ccc(C#N)c(C#N)c2)cc1,0
HIVSUB-00330,CCOP(=O)(OCC)C(C#N)=Cc1ccc([N+](=O)[O-])cc1,0
HIVSUB-00331,CC(C)=CCCC(C)C1=C(O)C(=O)C(C)=C(N)C1=O,0
HIVSUB-00332,CCN(CC)CCN=c1c2cc(OC)ccc2[nH]c2c([N+](=O)[O-])ccc(NCCN(CC)CC)c12,0
HIVSUB-00333,O=C(O)CC1OCC=C2CN3CCC45c6ccccc6NC4C1C2CC35,0
HIVSUB-00334,[N-]=[N+]=CC(=O)C1(C(=O)C=[N+]=[N-])CC1,0
HIVSUB-00335,C=C1C(O)OC2OC3(C)CCC4C(C)CCC1C24O3,0
HIVSUB-00336,COc1cc(C=C2CCC(=Cc3cc(OC)c(O)c(OC)c3)C2=O)cc(OC)c1O,0
HIVSUB-00337,O=C1CC(=O)NC(NN2C(=O)C(=CC(=O)c3ccco3)N=C2c2ccccc2)=N1,0
HIVSUB-00338,CC(C)=Cc1cc(C(=O)Nc2ccc(Cl)c(Cl)c2)nc(N)n1,0
HIVSUB-00339,CCOC(=O)C1=C(C)N(NC(N)=O)C(C)(O)C12CCOC2=O,0
HIVSUB-00340,Cc1ccc(NC(=O)c2cc3c(cc2Cl)Sc2nccn2S3(=O)=O)cc1,0
HIVSUB-00341,Cc1noc(NS(=O)(=O)c2ccc(Nc3nc(CC(=O)Nc4ccccc4)cs3)cc2)c1C,0
HIVSUB-00342,CN(C)CC1C(OC(=O)C(O)(c2ccccc2)c2ccccc2)C2CCN1CC2,0
HIVSUB-00343,Cn1c(C(O)C2(c3cccnc3)SCCCS2)cc2ccccc21,0
HIVSUB-00344,Clc1ccc2c(c1)[nH]c1c2nc2sccn21,0
HIVSUB-00345,C[N+]12CCCCC1C(CN1C(=O)Cc3c4ccccc4c(c4ccccc34)CC1=O)CCC2.[I-],0
HIVSUB-00346,ON=C1C(=Cc2ccc3c(c2)OCO3)CCCC1C(NO)c1ccc2c(c1)OCO2,0
HIVSUB-00347,O=C1CSc2ncccc2N1c1ccc([N+](=O)[O-])cn1,0
HIVSUB-00348,CC(=O)OCC1OC(n2c(C)c(C)c(C)c(C#N)c2=S)C(OC(C)=O)C(OC(C)=O)C1OC(C)=O,0
HIVSUB-00349,N#Cc1c(-c2ccccc2)c(C#N)c(=S)n(C2OC(CO)C(O)C(O)C2O)c1O,0
HIVSUB-00350,Clc1c2ccccc2[se][n+]1Cc1ccccc1,0
HIVSUB-00351,CC(=O)Nc1ccc(C=Nc2ccc(SSc3ccc(N=Cc4ccc(NC(C)=O)cc4)cc3)cc2)cc1,0
HIVSUB-00352,COC(=O)c1ccccc1N=C(NC1CCCCCC1)NS(=O)(=O)c1ccc(C)cc1,0
HIVSUB-00353,CCOC(=O)C(C#N)=NNc1ccc(-n2c(C)nc3ccccc3c2=O)cc1,0
HIVSUB-00354,CC1(c2nc3ccccc3[nH]2)CCC(C(=O)O)C(C)(C)O1,0
HIVSUB-00355,CC1(C)C(C#N)C(=O)NC(=N)C1C(N)=O,0
HIVSUB-00356,Cc1ccc(-c2cc(-c3ccco3)nc(N)n2)o1,0
HIVSUB-00357,CC1=CCC2(C)CCC(O)(C(C)C)C2C(OC(=O)c2ccc(O)cc2)C1,0
HIVSUB-00358,CCC1Oc2c(CC=C(C)C)c(O)c(C(O)C(C)CC)c3oc(=O)cc1c23,0
HIVSUB-00359,CC(=O)NC(NNC(NC(C)=O)(c1ccccc1)c1ccccc1)(c1ccccc1)c1ccccc1,0
HIVSUB-00360,C=CC[PH](CC=C)(c1ccccc1)c1ccccc1,0
HIVSUB-00361,CC12CCC(C(=O)O1)C(C)(C)O2,0
HIVSUB-00362,O=S(=O)(c1ccccc1)c1cccc2c1NCCC2,1
HIVSUB-00363,COc1ccc2[nH]cc(C3C4CCC(C4)C3NCc3cccc(CNC4C5CCC(C5)C4c4c[nH]c5ccc(OC)cc45)c3)c2c1,0
HIVSUB-00364,O=C(Nc1ccc(Cl)c(Cl)c1)OCCN1c2ccccc2Sc2ccccc21,0
HIVSUB-00365,O=[N+]([O-])c1nccn1CC(O)CF,0
HIVSUB-00366,O=C(O)C1CC(C2CCCCN2)CN2CCCCC12,0
HIVSUB-00367,O=C(c1ccc(S(=O)(=O)c2ccccc2)cc1)c1ccc(S(=O)(=O)c2ccccc2)cc1,0
HIVSUB-00368,CCCSCC(P(=O)(O)O)P(=O)(O)O.NC1CCCCC1,0
HIVSUB-00369,Cc1c(C(=O)CC(=O)C(=O)NC2C3CC4CC(C3)CC2C4)[n+]([O-])c2ccccc2[n+]1[O-],0
HIVSUB-00370,O=P1(Oc2ccccc2)Cc2cnccc2CN1,0
HIVSUB-00371,CC12CCC3(CC1C(=O)CCC2OCc1ccccc1)OCCO3,1
HIVSUB-00372,NC(CSSCC(N)C(=O)Nc1ccc2ccccc2c1)C(=O)Nc1ccc2ccccc2c1,0
HIVSUB-00373,c1cc(-c2cscc2-c2ccsc2)cs1,0
HIVSUB-00374,CCCNC(=S)NC=C1C(=O)Nc2ccccc2C1=O,0
HIVSUB-00375,CN(C)c1cc(CN(CCSS(=O)c2ccccc2[N+](=O)[O-])S(=O)c2ccccc2[N+](=O)[O-])nc(CN(CCSS(=O)c2ccccc2[N+](=O)[O-])S(=O)c2ccccc2[N+](=O)[O-])c1,0
HIVSUB-00376,COC12C=CC(CC1)C(C)(C)C2O,0
HIVSUB-00377,CCCC[Sn]1(CCCC)N(S(=O)(=O)c2ccc(C)cc2)c2ccccc2N1S(=O)(=O)c1ccc(C)cc1,0
HIVSUB-00378,CC(C)OC(=O)c1ccc(CCc2cc(O)c(Br)cc2O)cc1,0
HIVSUB-00379,O=c1c2c(no[n+]2[O-])c2ccccc2n1-c1ccccc1,0
HIVSUB-00380,Cc1nc(SCC(=O)Nc2ccc(Cl)cc2)c2sc(=S)n(-c3ccccc3)c2n1,0
HIVSUB-00381,COC(=O)C12OC(C)(C(CC(=O)OC(C)(C)C)C1=O)C1C(=O)N(c3ccccc3)C(=O)C12,0
HIVSUB-00382,Fc1ccc2nncc(SCc3ccccc3Cl)c2c1,0
HIVSUB-00383,CCC(C)C(NC(=O)C(CC(C)C)NC(=O)CNC(=O)C(CC(N)=O)NC(=O)C(CC(=O)O)NC(=O)C(N)CC(C)C)C(=O)NC(CC(C)C)C(=O)NC(C)C(=O)NC(Cc1ccc(O)cc1)C(=O)O,0
HIVSUB-00384,CN(c1ccccc1)S(=O)(=O)c1ccc(Cl)cc1,0
HIVSUB-00385,Oc1c(C(Nc2cccc3cccnc23)c2ccccc2)ccc2cccnc12,0
HIVSUB-00386,COc1cc(Nc2cnc3ccc(N)cc3n2)cc(OC)c1OC,0
HIVSUB-00387,COc1cccc(C=C(NC(C)=O)c2nc3cc(Cl)ccc3[nH]2)c1,0
HIVSUB-00388,COCCOCCOCCOc1cccc2c1C(=O)c1cccc(OCCOCCOCCOC)c1C2=O,0
HIVSUB-00389,CC(NCc1c(O)ccc2c(-c3ccccc3)cc(=O)oc12)C(=O)O,0
HIVSUB-00390,CN=C1OC2(c3ccccc3)C3=C(OC(=NC)N2C)C(=O)OC3(c2ccccc2)N1C,0
HIVSUB-00391,CCOc1ccc(NC(=O)CC2SC(Nc3ccc(Cl)cc3)=NC2=O)cc1,0
HIVSUB-00392,CCCCCCCCCCCc1c2oc3ccccc3nc-2cc(Nc2ccccc2O)c1=O,0
HIVSUB-00393,CCOC(=O)C12C3C=CC(C3)C1C(=O)C1OC12,0
HIVSUB-00394,CCCCN(CCCC)NC(=S)Nc1ccccc1,0
HIVSUB-00395,C(C[PH](c1ccccc1)(c1ccccc1)c1ccccc1)=C(c1ccccc1)c1ccccc1,0
HIVSUB-00396,COP(=O)(OC)Oc1c(Cl)c(Cl)c(O)c(Cl)c1Cl,0
HIVSUB-00397,N#CC(=Cc1cc(O)c(O)c(I)c1)C(=O)NCCCc1ccccc1,0
HIVSUB-00398,CCN1C(=CC=Cc2ccc3ccccc3[n+]2CC)C=Cc2ccccc21,0
HIVSUB-00399,CCCCNC(=S)NC=C1C(=O)Nc2ccccc2C1=O,0
HIVSUB-00400,c1cc2nnc1SCCSCCSc1ccc(nn1)SCCSCCS2,0
HIVSUB-00401,COc1cc(C=C(C)[N+](=O)[O-])cc(OC)c1,0
HIVSUB-00402,CC(O)CNC(=O)C(C)Oc1ccc(OCC2CCCCC2)cc1,0
HIVSUB-00403,CN(C)c1ccc(C=c2sc3nc4ccccc4n3c2=O)cc1,0
HIVSUB-00404,Cc1ccc(S(=O)(=O)c2ccc(O)cc2)cc1,0
HIVSUB-00405,Cc1cc(Cl)cc2c1SC(=C1Sc3c(C)cc(Cl)cc3C1=O)C2=O,0
HIVSUB-00406,O=c1c2ccccc2oc2cc([N+](=O)[O-])cc([N+](=O)[O-])c12,0
HIVSUB-00407,COc1cc2ccc1OCc1cccc(n1)COc1ccc(cc1OC)C=Nc1ccc(cc1)-c1ccc(cc1)N=C2,0
HIVSUB-00408,N=c1ccn(CCOC(=O)c2ccccc2)c(=O)[nH]1,0
HIVSUB-00409,Cc1ccc(S(=O)(=O)n2ccnc2)cc1,0
HIVSUB-00410,CN1N=C(c2ccncc2)OC1c1ccc(Cl)c(Cl)c1,0
HIVSUB-00411,O=S(=O)(O)c1cccc(N=Nc2ccc(N=Nc3ccc(Nc4ccccc4)c4c(S(=O)(=O)O)cccc34)c3ccccc23)c1,1
HIVSUB-00412,O=C1OCC2C(O)CCCCCN12,0
HIVSUB-00413,COc1cc2cccc(N=Cc3ccccc3Cl)c2cc1OC,0
HIVSUB-00414,COc1ccccc1NC(=O)C(=Cn1c(=S)sc2ccccc21)C(C)=O,0
HIVSUB-00415,CCCCCC12OCC(C)(C)N1O2,0
HIVSUB-00416,c1ccc2oc(NCCSSCCNc3nc4ccccc4o3)nc2c1,0
HIVSUB-00417,CCOC(=O)N1CC(C)=C(C)CN1C(=O)Nc1ccc(Cl)c(Cl)c1,0
HIVSUB-00418,COc1ccc(CCNC(=O)Cc2ccccc2CO)cc1OC,0
HIVSUB-00419,CC(C)CC1C(=O)NCCC(NC(=O)C(N)Cc2ccc(O)cc2)C(=O)NC(Cc2ccccc2)C(=O)NC(Cc2ccccc2)NC1=O.O=C(O)C(F)(F)F,0
HIVSUB-00420,CCOc1ccc(N=Nc2ccc3oc(=O)c(C(C)=NNC(=O)CC(=O)Nc4cccc(OC)c4)cc3c2)cc1,0
HIVSUB-00421,O=C(C[PH](c1ccccc1)(c1ccccc1)c1ccccc1)C[PH](c1ccccc1)(c1ccccc1)c1ccccc1,0
HIVSUB-00422,O=C1c2ccccc2-c2nnc(-c3ccc([N+](=O)[O-])cc3)cc21,0
HIVSUB-00423,Cc1ccc(N=NN(C)C(C)C(O)Cc2ccccc2)cc1,0
HIVSUB-00424,O=C1OCCN1N1C(=O)CC2(CCN(Cc3ccccc3)CC2)C1=O,0
HIVSUB-00425,C=CCN1CN(c2ccccc2)C2(CCN(CCCC3(c4ccc(F)cc4)OCCO3)CC2)C1=O,0
HIVSUB-00426,CCCCC1C=Cn2c(=O)oc3c(OC(C)C)c(C)c(O)c1c32,0
HIVSUB-00427,CC1OC(C(C)(C)C)OC(=O)C1C(OC(=O)c1ccccc1)c1cccc2ccccc12,0
HIVSUB-00428,COc1ccc2c(c1)OC1c3ccc(OC)cc3OCC21,0
HIVSUB-00429,CCNC(=O)NNc1ncnc2c1c(-c1ccc(Cl)cc1)cn2-c1ccc(C)cc1,0
HIVSUB-00430,CCC(C)C(N)C(=O)NC(CC(N)=O)C(=O)NC(CC(C)C)C(=O)NC(CCCCN)C(=O)NC(C)C(=O)NC(CC(C)C)C(=O)NC(C)C(=O)NC(C)C(=O)NC(CC(C)C)C(=O)NC(C)C(=O)NC(CCCCN)C(=O)NC(CCCCN)C(=O)NC(C(=O)NC(CC(C)C)C(N)=O)C(C)CC,1
HIVSUB-00431,CC(=NC1C2CC3CC(C2)CC1C3)c1ccc(N=NC2C(=O)NN=C2C)cc1,0
HIVSUB-00432,Cl.O=C(O)CCN(CCC(=O)O)CCN(CCC(=O)O)CCC(=O)O,0
HIVSUB-00433,Cc1nc(N)c(N=O)c(O)n1,0
HIVSUB-00434,CC(C)(C)[Si](C)(C)OCC1CCC(n2cnc3c(NC(=O)c4ccccc4)ncnc32)O1,0
HIVSUB-00435,N#Cc1[nH]c(=O)n(-c2ccc(Cl)cc2)c1N,0
HIVSUB-00436,CCCOC(=O)Nc1ccc2c(c1)c1c3[nH]c(=O)c4cccn4c3ccc1n2CC,0
HIVSUB-00437,N=c1[nH]nc2nc(CC(=O)c3cccc([N+](=O)[O-])c3)c(=CC(=O)c3cccc([N+](=O)[O-])c3)n12,0
HIVSUB-00438,COc1ccc(-c2nc(-c3cnccn3)n(Cc3ccccc3)n2)cc1,1
HIVSUB-00439,O=[N+]([O-])c1ccc(C(Nc2ccccc2)P(c2ccccc2)c2ccccc2)cc1,0
HIVSUB-00440,CC(C)(C)OCC1N(C(COCc2ccccc2)c2ccccc2)C(=O)C1(C)C,0
HIVSUB-00441,CC(=O)N1NC(=N)CC1=O,0
HIVSUB-00442,CC1(C)C(=O)N(O)C(C)(C)N1O,0
HIVSUB-00443,Cc1cccc(CC(Cc2c(C)cccc2C(=O)O)C(=O)O)c1,0
HIVSUB-00444,CC(C)(C)OC(=O)NC(C)(C)C(=O)NCCC(=O)O,0
HIVSUB-00445,CCOC(=O)C1=C(C)C(=Cc2[nH]c(C)c(C(=O)OCC)c2C)N=C1C,0
HIVSUB-00446,CC(=O)C1=C(O)C(N)C2Cc3c(c(O)c4c(O)c(C)ccc4c3C)C(=O)C2(O)C1=O.CCCCCCCCCCCCOS(=O)(=O)O,0
HIVSUB-00447,CCc1cccc(C)c1NC(=O)C1=C(C)NC(C)=C(C(=O)Nc2c(C)cccc2CC)C1c1ccc2c(c1)OCO2,0
HIVSUB-00448,COc1cc2c(cc1O)Cc1c-2[n+](C)cc2cc(OC)c(OC)cc12,0
HIVSUB-00449,CC(C)OC1N(C2CC(N=[N+]=[N-])C(CO)O2)C(=O)NC(=O)C1(C)Cl,0
HIVSUB-00450,CC(=O)Nc1ccc(-c2nnc(SCC(=O)Nc3ccc([N+](=O)[O-])cc3)o2)cc1,0
HIVSUB-00451,CC(C)c1cc(C(C)C)c(S(=O)(=O)NN=C2CC3CCC2(C)C3(C)C)c(C(C)C)c1,0
HIVSUB-00452,N=C1NC(=O)C(Cc2c[nH]c3ccccc23)N1C(=O)OCc1ccccc1,0
HIVSUB-00453,CC(CCc1nc(C#N)c(N)o1)C1CCC2C3C(O)CC4CC(O)CCC4(C)C3CC(O)C12C,0
HIVSUB-00454,CNC(=O)N(C)C(=O)c1ccccc1C(=O)N(C)C(=O)NC,0
HIVSUB-00455,Cc1ccc2nc(-c3ccc4nc(-c5ccc(N=Nc6ccc(-c7nc8ccc(-c9nc%10ccc(C)c(S(=O)(=O)O)c%10s9)cc8s7)cc6)cc5)sc4c3)sc2c1S(=O)(=O)O,1
HIVSUB-00456,O=S1(=O)CC2C1C1(c3ccccc3)OC2(c2ccccc2)c2ccccc21,0
HIVSUB-00457,COc1ccc2nc3c(c(NCCCN(C)C)c2c1)CCCC3,0
HIVSUB-00458,CCCC[Sn](CCCC)(OC(=O)c1nccnc1N)OC(=O)c1nccnc1N,0
HIVSUB-00459,COc1cc(C2=C(C)C3CN(CC=C3c3ccc(Cl)cc3)C2)c(S(=O)(=O)O)cc1OC,0
HIVSUB-00460,Cc1ccc(S(=O)(=O)Oc2nc3ccccc3nc2N(S(=O)(=O)c2ccc(C)cc2)S(=O)(=O)c2ccc(C)cc2)cc1,0
HIVSUB-00461,COC=C1CCC2c3c(c4ccccc4n3C)CC1N2Cc1ccccc1,0
HIVSUB-00462,Nc1cccc2c1C(=O)c1cccc(NC(=O)c3ccc4c5c(nsc35)-c3ccccc3C4=O)c1C2=O,0
HIVSUB-00463,CNC(=O)Nc1ccc(Cl)cn1,0
HIVSUB-00464,CC(C)(Oc1ccc(C2CC2Cl)cc1)C(=O)O,0
HIVSUB-00465,CCCCCC1CC=CC(NC(=O)OCc2ccccc2)C1C=CC(=O)OCCCC1OCCO1,0
HIVSUB-00466,C1CSCCCSCCCSCCCSCCCSCCCSCCCSCCCSC1,0
HIVSUB-00467,CCC1=CCN(c2ccc(C)cc2)OC1c1ccc(OC)cc1,0
HIVSUB-00468,O=C1O[Pt-2]2(NC3CCCC3N2)OC1=O,0
HIVSUB-00469,COC(=O)c1c[nH]c2nc(N3CCOCC3)nn2c1=O,0
HIVSUB-00470,CCC(C)[NH+]1c2cccc[n+]2[OH+][Cu-3]12[OH+][n+]1ccccc1[NH+]2C(C)CC,0
HIVSUB-00471,C1CN2CCOB(O1)OCC2,0
HIVSUB-00472,COC(=O)C=CC1C2C3(CCC(C)C12C)OCCS3,0
HIVSUB-00473,COc1ccc(C(CC(=O)c2cccs2)C(=O)c2cccs2)cc1,0
HIVSUB-00474,COc1cc2c(cc1OC)C1C(=O)c3cc(OS(C)(=O)=O)c(OC)cc3C1N(C)C2=O,0
HIVSUB-00475,N#CC(c1ccc(O)cc1)N1CCN(C(C#N)c2ccc(O)cc2)CC1,0
HIVSUB-00476,N.N[Co-4]1(N)(N)(N)[OH+]S(=O)(=O)S(=O)(=O)[OH+]1,0
HIVSUB-00477,CCOC(=O)C(=CNc1c(C)n(C)n(-c2ccccc2)c1=O)C(=O)c1ccccc1,0
HIVSUB-00478,CC(=O)Nc1ccc(-c2nnc(SCC(=O)Nc3cccc(C)c3)o2)cc1,0
HIVSUB-00479,Cc1ccc(C2=Nc3cc(C)c(Cl)cc3S(=O)(=O)NN2)cc1,0
HIVSUB-00480,O=C(NCCCN1CCN(CCCNC(=O)Nc2ccc(N=Nc3ccccc3)cc2)CC1)Nc1ccc(N=Nc2ccccc2)cc1,0
HIVSUB-00481,Cc1cccc(C)c1NC(=S)NC=C(C#N)C(N)=O,0
HIVSUB-00482,Br.CCN(CC)CCSc1c2ccccc2nc2cc(NCC(=O)Nc3ccccc3-c3ccccc3NC(=O)CNc3ccc4c(SCCN(CC)CC)c5ccccc5nc4c3)ccc12,0
HIVSUB-00483,O=C(NN=Cc1cc(S(=O)(=O)O)c2cccnc2c1O)C(=O)NN=Cc1cc(S(=O)(=O)O)c2cccnc2c1O.[NaH],0
HIVSUB-00484,CC(=O)OCC1OC(n2c(C)c(C(C)=O)c(-c3ccco3)c(C#N)c2=S)C(OC(C)=O)C(OC(C)=O)C1OC(C)=O,0
HIVSUB-00485,N=C(NN=Cc1cccc2ccccc12)NN=Cc1cccc2ccccc12,0
HIVSUB-00486,Cc1nn(-c2ccccn2)c2ncnc(N)c12,0
HIVSUB-00487,COC(=O)c1oc(-c2ccccc2)c(-c2ccccc2)c1C(=O)OC,0
HIVSUB-00488,CCCNC(=O)N1C(=O)c2ccccc2S1(=O)=O,0
HIVSUB-00489,CC1=C(C(=O)Nc2cc(F)c(F)cc2F)C(c2ccc3c(c2)OCO3)C(C(=O)Nc2cc(F)c(F)cc2F)=C(C)N1,0
HIVSUB-00490,CCCCc1ccc(C(=O)O)nc1,0
HIVSUB-00491,CCCCCCCCCCCCCCCCCCOCC(C[N+]1(C)CCC(O)CC1)OCC.[Br-],0
HIVSUB-00492,CC1CCOn2c1nc1ccccc1c2=O,0
HIVSUB-00493,CCc1ccc(Nc2ccc([N+](=O)[O-])cc2[N+](=O)[O-])cc1,0
HIVSUB-00494,O=C1OC(=O)C2C1C1C(c3ccccc3)=C(c3ccccc3)C2(O)C2C(=O)OC(=O)C12,0
HIVSUB-00495,CC(=C1N=C(c2cc([N+](=O)[O-])ccc2Cl)N(c2ccc(Br)cc2)C1=O)c1cc2ccccc2oc1=O,0
HIVSUB-00496,Cc1cc(NS(=O)(=O)c2ccc(Nc3c4ccccc4nc4c(C(=O)NCCN(C)C)cccc34)cc2)no1,0
HIVSUB-00497,O=C1c2ccccc2CCCCCCCCCCC12OCCCO2,0
HIVSUB-00498,COC1=C(C2=C(OC)C(=O)c3cc4c(c(O)c3C2=O)C(=O)OC(C)C4)C(=O)c2c(cc3c(c2O)C(=O)OC(C)C3)C1=O,0
HIVSUB-00499,O=C(O)COc1c2occc2cc2ccc(=O)oc12,0
HIVSUB-00500,c1ccc(C2=NC3(CCCCC3)N=C2c2ccccc2)cc1,0
HIVSUB-00501,COc1ccc(C2C3=C(COC3=O)OC(C)(C)Oc3cc4c(cc32)OCO4)cc1,0
HIVSUB-00502,CCOC(=O)c1[nH]c(COC(C)=O)c(CCCOC(C)=O)c1CCCOC(C)=O,0
HIVSUB-00503,c1ccc2nc([Se][Se]c3ccc4ccccc4n3)ccc2c1,0
HIVSUB-00504,COC(=O)C1=C(C)NC2=C(C(=O)CCC2)C1CCSC,0
HIVSUB-00505,COCCNc1cncc(C(N)=O)c1,0
HIVSUB-00506,NC(P(=O)(O)O)P(=O)(O)O,0
HIVSUB-00507,O=C1C2ON=C(c3ccccc3)C2C(=O)N1c1ccc(Cc2ccc(N3C(=O)C4ON=C(c5ccccc5)C4C3=O)cc2)cc1,0
HIVSUB-00508,C=C1c2ccccc2CCN1CC(=O)CC1C=CCS1(=O)=O,0
HIVSUB-00509,CCC1=C(C)C2=[N+]3C1=Cc1c(C)c(CCC(=O)OC)c4n1[Cu-3]31n3c(c(C)c(CC)c3=C2)=CC2=[N+]1C(=C4)C(CCC(=O)OC)=C2C,0
HIVSUB-00510,O=C1NC(O)c2cc(CO)ccc2O1,0
HIVSUB-00511,CC1=NN(c2ccc(S(=O)(=O)O)cc2)C(=O)C1N=Nc1ccc(-c2ccc(N=Nc3ccc(OS(=O)(=O)c4ccc(C)cc4)cc3)c(S(=O)(=O)O)c2)cc1,1
HIVSUB-00512,O=C(O)CCSSCCC(=O)O,0
HIVSUB-00513,COc1cc(N=O)c(N=O)cc1[N+](=O)[O-],0
HIVSUB-00514,Cc1nc2cc(Nc3ccccc3C(=O)O)ccc2s1,0
HIVSUB-00515,CCN(CCO)CCNc1ccc(C)c2sc3ccccc3c(=O)c12,0
HIVSUB-00516,COc1ccc(-c2c(C(C)=O)c(-c3ccccc3)n(C3OC(COC(C)=O)C(OC(C)=O)C(OC(C)=O)C3OC(C)=O)c(=S)c2C#N)cc1,0
HIVSUB-00517,COc1ccc(OC)c2cc(Cc3ccc(N(C)C)cc3)c(=O)c(Cc3ccc(N(C)C)cc3)cc12,0
HIVSUB-00518,CN(C)c1ccc(C=C(NC(=O)c2ccccc2)C(=O)Nc2ccccc2C(=O)O)cc1,0
HIVSUB-00519,CN(NC(=O)C(=Cc1c(O)ccc2ccccc12)NC(=O)c1ccccc1)c1cnnc(O)c1Cl,0
HIVSUB-00520,Cc1cscc(C)c1=S,0
HIVSUB-00521,Cc1ccc(SSCCCCS(=O)O)cc1.[NaH],0
HIVSUB-00522,CC(NC(=O)C(N)CC(=O)O)NC(=O)N1CCOCC1,0
HIVSUB-00523,ON1CCc2c([nH]c3ccccc23)C1c1ccccc1Br,0
HIVSUB-00524,O=C(NC(CSSCC(NC(=O)c1cnc2ccccc2n1)C(=O)O)C(=O)O)c1cnc2ccccc2n1,0
HIVSUB-00525,COc1cc(C(=O)OC2C(OC)OC3COC(c4ccccc4)OC3C2OC(=O)c2cc(OC)c(OC)c(OC)c2)cc(OC)c1OC,0
HIVSUB-00526,CCCCCCCCCCCCCCCC(=O)Nc1nc(=O)n(C2CCC(COP(=O)(O)OCC3OC(n4cc(C)c(=O)[nH]c4=O)CC3N=[N+]=[N-])O2)cc1C,1
HIVSUB-00527,Cc1cc(S(=O)(=O)Nc2nnc3ccc4ccccc4n23)c(S)cc1Cl,0
HIVSUB-00528,CC[n+]1c2ccc(C)cc2nc2c3ccccc3c(N)cc21,0
HIVSUB-00529,COc1cc2c(cc1OC)NC(=O)CC(=O)N2,0
HIVSUB-00530,CN(O)C(=O)Cc1ccccc1,0
HIVSUB-00531,CCOC(=O)c1ccc(CS(=O)(=O)c2ccc(C)cc2)c([N+](=O)[O-])c1,0
HIVSUB-00532,CCOC(=O)C(=Cn1c(=S)[nH]c2ccc([N+](=O)[O-])cc21)C(=O)c1ccccc1,0
HIVSUB-00533,O=[N+]([O-])Cc1cnc2nncn2n1,0
HIVSUB-00534,COc1cccc(NC(=O)C(=O)C(C(C)=O)c2nc3ccc(Cl)cc3nc2O)c1,0
HIVSUB-00535,CCCCCCCCCCCC(=O)c1c(O)cc(C)oc1=O,0
HIVSUB-00536,CC(C)(C)NN=C(C(=O)Nc1ccc([N+](=O)[O-])cc1[N+](=O)[O-])c1nc2ccc([N+](=O)[O-])cc2nc1O,0
HIVSUB-00537,Cc1noc2cccc(OCc3ccccc3)c12,0
HIVSUB-00538,CCc1cccc(C(C)C)c1NC(=O)C(=O)C(Cc1nc2ccccc2nc1O)C(=O)OC,0
HIVSUB-00539,Cc1c2ccccc2n[c-](CSCC(O)CO)[n+]1=O,0
HIVSUB-00540,O=c1c2cc([N+](=O)[O-])cnc2sn1-c1ccc([N+](=O)[O-])cc1,0
HIVSUB-00541,COC(=O)c1onc(C2OC(C)(C)OC2C(O)COC(c2ccccc2)(c2ccccc2)c2ccccc2)c1C(=O)OC,0
HIVSUB-00542,Cc1ccc(C=C2Cc3c(C)cc(C)cc3C2=O)c(C(=O)O)c1,0
HIVSUB-00543,Clc1ccc(C(SCc2ccccc2)SCc2ccccc2)cc1,0
HIVSUB-00544,CC(CC(=O)Nc1ccc([N+](=O)[O-])cc1)=NNC(=N)N,0
HIVSUB-00545,O=C1Cc2c(-c3ccccc3)cc(-c3ccc4ccccc4c3)nc2-c2ccccc2N1,0
HIVSUB-00546,Cc1ccc(NC(=O)CSc2nnc(Cc3ccccc3)o2)cc1,0
HIVSUB-00547,O=C1CSC2=NC3=C(COCC3=Cc3ccc(F)cc3)C(c3ccc(F)cc3)N12,0
HIVSUB-00548,CN(C)Cc1cc(N=Nc2cccc(Cl)c2)ccc1O,0
HIVSUB-00549,Cc1n[nH]c(=O)n1C1CCCC1,0
HIVSUB-00550,Cc1cn(C2CC(CO)N(CCO)O2)c(=O)[nH]c1=O,0
HIVSUB-00551,Cc1cc(C)c(C(=O)C=Cc2ccccc2)c(C)c1,0
HIVSUB-00552,Cc1ccccc1-n1c(C)nc2ccccc2c1=O,0
HIVSUB-00553,N#CC(=Cc1ccc2[nH]ccc2c1)C(=O)c1ccc(O)c(O)c1,0
HIVSUB-00554,Cc1ccc(C)n1-c1ccccc1C1C=Cn2c(=O)oc3c(OC(C)C)c(OC(C)C)c(O)c1c32,0
HIVSUB-00555,O=C1OC2(OC2c2ccccc2)c2ccccc21,0
HIVSUB-00556,COP(=O)(OC)C(=Cc1cn(C(C)=O)c2ccccc12)NC(C)=O,0
HIVSUB-00557,Cl.NC1CC=C(COC(=O)C(O)(c2ccccc2)C2CC2)CC1,0
HIVSUB-00558,CCOC(=O)Nc1ccc(C(=O)C=Cc2ccc(N(CC)CC)cc2)cc1,0
HIVSUB-00559,Cc1cc(OCC(=O)NN=CC(Br)=Cc2ccccc2)nc(SCC(=O)NN=CC(Br)=Cc2ccccc2)n1,0
HIVSUB-00560,COc1ccc(-n2c(N)c(C#N)c3c(c2=S)CCC3)cc1,0
HIVSUB-00561,OCC1OC2(CCCC3CC32)OC1CO,0
HIVSUB-00562,COc1cc(CCCC(O)COc2cccc3c2C2(O)CCCCCC32)cc(OC)c1.O=C(O)C(=O)O,0
HIVSUB-00563,CCOC(=O)c1cnc2c(ccc3ncccc32)c1Cl,0
HIVSUB-00564,CCCCCCCC1C(C)c2c([nH]c3ccccc23)C2C(=O)N(c3ccc(OC)cc3)C(=O)C21,0
HIVSUB-00565,CC(CC1c2ccccc2CCc2ccccc21)CN(C)C,0
HIVSUB-00566,CC(C)c1ccc(O)c(=O)cc1,0
HIVSUB-00567,CCC(C)C(NC(=O)C(CC(C)C)NC(=O)C(N)Cc1c[nH]c2ccccc12)C(=O)NC(Cc1c[nH]c2ccccc12)C(=O)O,0
HIVSUB-00568,CC1(C)OC2C(CO)OC(N=C(NC#N)Oc3ccccc3)C2O1,0
HIVSUB-00569,COC(=O)NCC1OCc2cc3c(cc2C12C=CCCC2)OCO3,0
HIVSUB-00570,COc1ccc(OC)c(C=C(C#N)c2ccc([N+](=O)[O-])cc2)c1,0
HIVSUB-00571,COC(=O)c1ccc(C)cc1C1CN=NC12Cc1cccc(C)c1C2=O,0
HIVSUB-00572,CCN(CC)N=Cc1c2ccccc2cc2ccccc12,0
HIVSUB-00573,CC1OC2CC(=O)OC2C2=C1C(=O)c1c(ccc(C3CC(N(C)C)C(O)C(C)O3)c1O)C2=O.Cl,0
HIVSUB-00574,O=S(=O)(O)c1cc(N=Nc2cc(S(=O)(=O)O)c3cccnc3c2O)ccc1C=Cc1ccc(N=Nc2cc(S(=O)(=O)O)c3cccnc3c2O)cc1S(=O)(=O)O.[NaH].[Zn],1
HIVSUB-00575,CCC(=O)OC1=C(c2ccccc2)Sc2ccc(Cl)cc2-n2cccc21,0
HIVSUB-00576,COc1ccc2nc3cc(Cl)ccc3c(NCCCN(C)CCCNc3ccc4ncn5c6ccccc6c(=O)c3c45)c2c1.Cl,0
HIVSUB-00577,COc1ccccc1C=C1C=Cc2ccccc21,0
HIVSUB-00578,COC(=O)NC(Cc1ccccc1)NC(=O)OC(C)(C)C,0
HIVSUB-00579,COc1ccc(NC(=O)CCC(CC(=O)c2ccco2)=NNC(=O)C(N)=O)cc1,0
HIVSUB-00580,O=C(c1ccc(Cl)cc1)c1ccc(N=[N+]([O-])c2ccc(C(=O)c3ccc(Cl)cc3)cc2)cc1,0
HIVSUB-00581,CCC1CN2CCc3c([nH]c4ccccc34)C2CC1C(=COC)C(=O)OC,0
HIVSUB-00582,c1cc2nnnn2nc1N1CCCC1,0
HIVSUB-00583,COC(=O)c1ccc(C=Cc2cc(O)ccc2O)cc1,0
HIVSUB-00584,CCCCOC(C)(C)C=CC(O)C(C)(O)C1C(O)CC2(C)C3CCc4c(cc(OC5OC(CO)C(O)C(O)C5O)c(O)c4C)C3(C)C(=O)CC12C,0
HIVSUB-00585,CC(C)C(NC(=O)OCC1c2ccccc2-c2ccccc21)C(=O)NC(CCC(=O)OC(C)(C)C)C(=O)OC(C)(C)C,0
HIVSUB-00586,CC(C)c1c(O[Si](C(C)C)(C(C)C)C(C)C)cc2c(c1O)CCC1C(C)(C)CCCC21C,0
HIVSUB-00587,COC(=O)C(=NNC(N)=S)C(C(=O)OC)C(=O)C(=O)Nc1ccc(C)cc1,0
HIVSUB-00588,CC(=O)C1(C(=O)C(=[N+]=[N-])S(=O)(=O)c2ccccc2)CC1,0
HIVSUB-00589,Cn1c2ccc([N+](=O)[O-])cc2c(=O)c2c(O)cc(O)cc21,0
HIVSUB-00590,Cc1cnc2c(c1)CCCC2C(N)=S,0
HIVSUB-00591,Nc1cccnc1NCC1(CO)CCCC1,0
HIVSUB-00592,COC(=O)CCC(C)C1CCC2C3=CC(=O)C4CC(OC(C)=O)CCC4(C)C3CC(OC(C)=O)C21C,0
HIVSUB-00593,O=c1[nH]nc(Cc2ccc(Cl)cc2)n1Nc1ccccc1,0
HIVSUB-00594,ClC(Cl)(Cl)C1CCOC1n1nc2ccccc2n1,0
HIVSUB-00595,COc1ccc2c(c1)CCC1C=NOC21,0
HIVSUB-00596,COc1ccc(N2C(=O)C3c4[nH]c5ccccc5c4C4CC(C)(C)CC(C)(C)C4C3C2=O)cc1,0
HIVSUB-00597,COC(=O)C=Cc1ccc2nncnc2c1.COC(=O)C=Cc1ccc2nncnc2c1,0
HIVSUB-00598,COc1ccc(N=C2C(=Nc3ccc(OC)cc3)N(S(=O)(=O)c3ccccc3)C(=S)N2c2ccccc2)cc1,0
HIVSUB-00599,CCCNCCCCC(NC(C)=O)C(=O)NCc1ccccc1,0
HIVSUB-00600,CCOC(=O)C(=Cc1ccc(N(C)C)cc1)[Se]c1ccccc1,0
HIVSUB-00601,OC1CCOc2ccccc21,0
HIVSUB-00602,O=C(C(Cl)=C(N1CCCCC1)N1CCCCC1)C(Cl)Cl,0
HIVSUB-00603,COc1cc(C2c3cc4c(cc3OC3(OC)COC(=O)C23)OCO4)cc(OC)c1OC,0
HIVSUB-00604,C=CCCCCCCCCC(=O)NCc1ccncc1,0
HIVSUB-00605,NCCCCN(CCCN)C(=O)c1ccccc1,0
HIVSUB-00606,NC1=C(c2nc(-c3cc4ccccc4oc3=O)cs2)C(c2ccco2)c2c(c3ccccc3oc2=O)O1,0
HIVSUB-00607,CCOC(=O)c1ccc(N(CC(=O)O)S(=O)(=O)c2ccc(C)cc2)s1,0
HIVSUB-00608,CN(C)c1ccc(C=C2Oc3ccccc3C2=O)cc1,0
HIVSUB-00609,CCCCCOC(=O)c1cccc(NC(=O)CN(CC)CC)c1,0
HIVSUB-00610,CCN(CC)CCNC(=O)c1nn(C)c(=S)[nH]c1=S,0
HIVSUB-00611,O=C(Nc1ccccc1)Oc1ccccc1C1CCCCC1,0
HIVSUB-00612,Br.CC1CCCCN1CC(=O)c1ccc2c(c1)Sc1ccccc1O2,0
HIVSUB-00613,CCOC(=O)C(=Cc1ccco1)C(=O)c1ccccc1,0
HIVSUB-00614,CC(C)CNC(=O)CCc1cccc2c1oc1c(CCN)cccc12,0
HIVSUB-00615,CCN(CC)CC(=O)NC1c2ccccc2Oc2ccccc21,0
HIVSUB-00616,CCCCCC1CCCC2NC(CCCCC3OCCO3)CCC12,0
HIVSUB-00617,CC(=O)NNc1nc(C)c(C(=O)C=Cc2ccc(NC(C)=O)cc2)s1,0
HIVSUB-00618,Cc1cn(CCOCCOC(=O)NC(CCCNC(=N)N)C(=O)O)c(=O)[nH]c1=O,0
HIVSUB-00619,CCC(=N)NNC(=O)OC(C)(C)C,0
HIVSUB-00620,CCCC(=O)N1CCN(c2ccc3c(c2)OC(C)O3)CC1.Cl,0
HIVSUB-00621,CCOC(=O)C(Cc1nc2ccccc2n(C)c1=O)=NO,0
HIVSUB-00622,CCCCn1c(-c2ccccc2)csc1=NN=C1C=C(C(C)(C)C)C(=O)C(C(C)(C)C)=C1,0
HIVSUB-00623,CC=C1C=[N+]([O-])C2CC1C(C(=O)OC)C13CC(OC)OC21Nc1ccccc13,0
HIVSUB-00624,BrCC[N+]12CCCN1CCC2.[Br-],0
HIVSUB-00625,CC(=O)C(=CNC(N)=S)C(C)=O,0
HIVSUB-00626,O=S(=O)(c1ccc(NC2=NC(c3ccc(O)cc3)(c3ccccc3O)c3ccccc32)cc1)c1ccc(NC2=NC(c3ccc(O)cc3)(c3ccccc3O)c3ccccc32)cc1,0
HIVSUB-00627,COc1cccc(-c2nc(-c3cnccn3)n(C3OC(CO)C(O)C3O)n2)c1,0
HIVSUB-00628,COc1ccc(C2Oc3cc(OC)ccc3C(=O)C2c2ccccc2)cc1,0
HIVSUB-00629,Cc1ccc(C(=O)O)c(C=C2Cc3cc(C)cc(C)c3C2=O)c1,0
HIVSUB-00630,CC1=NN(C(=O)c2ccncc2)C(=O)C1,0
HIVSUB-00631,CSc1ccc(C=C2C=Cc3ccccc32)cc1,0
HIVSUB-00632,CN(C)c1ccc(C=CC(=O)c2ccccc2)cc1,0
HIVSUB-00633,COc1ccc(C=NNc2nc3ccccc3c(=O)n2-c2ccccc2)c(OCc2ccccc2)c1,0
HIVSUB-00634,O=C(O)CC=C(C(=O)O)N1C(=O)c2ccccc2C1=O,0
HIVSUB-00635,COc1ccc(O)c(C=NNC(=S)N2CCCCC2)c1,0
HIVSUB-00636,NN=C(C=C1C(=O)Nc2ccccc21)c1ccccc1,0
HIVSUB-00637,CCOC(=O)C(=O)Nc1c(C)cccc1C,0
HIVSUB-00638,CCOC(=O)c1nc2ccccc2nc1Oc1ccc(OC)cc1,0
HIVSUB-00639,CCOC(=O)C(NS(=O)(=O)c1ccccc1)(C(F)(F)F)P(=O)(OCC(C)C)OCC(C)C,0
HIVSUB-00640,Cn1c(=O)cc(C=Cc2ccnc3ccccc23)c2ccccc21,0
HIVSUB-00641,O=C1c2c(O)cc(O)cc2C(C2OC(CO)C(O)C(O)C2O)c2cc(CO)cc(O)c21,0
HIVSUB-00642,Cn1cnc([N+](=O)[O-])c1Sc1ncccn1,0
HIVSUB-00643,FC(F)C(F)(F)N1c2ccccc2Sc2ccccc21,0
HIVSUB-00644,Nc1cc(C(=O)O)ccc1SSc1ccc(C(=O)O)cc1N,1
HIVSUB-00645,COc1ccc(-c2cc(=O)c3c(O)cc(O)cc3o2)cc1,0
HIVSUB-00646,O=C(Nc1cc2c(=O)oc3ccccc3c2oc1=O)c1cccnc1,0
HIVSUB-00647,CCN(CC)C1C=CCC2C1S(=O)(=O)C2(C)C,0
HIVSUB-00648,CN(N)c1cnn(-c2ccccc2)c(=O)c1Cl,0
HIVSUB-00649,CC(=NNC(=S)Nc1cccc(Cl)c1)c1ccccn1,0
HIVSUB-00650,COC(=O)Nc1cn2c(n1)SCC2,0
HIVSUB-00651,O=c1c(=O)c2cc(O)ccc12,0
HIVSUB-00652,COc1cc(C2c3cccc4cccc(c34)C3CCC(=O)N32)cc(OC)c1O,0
HIVSUB-00653,O=C(O)c1c2c(nc3ccccc13)CCC2,0
HIVSUB-00654,O=C(CCc1nc(=S)[nH][nH]1)NC12CC3CC(CC(C3)C1)C2,0
HIVSUB-00655,C=C1C(OC(C)=O)CC2CC3(C)C(OC(C)=O)CC(C)(C)C3C12O,0
HIVSUB-00656,CCOC1OC(=O)C2C(c3ccc([N+](=O)[O-])cc3)=NOC12,0
HIVSUB-00657,CC1=[O+][Cu-3]23[O+]=C(C)CC(C)=[N+]2C(C)C[N+]3=C(C)C1,0
HIVSUB-00658,O=[N+]([O-])c1ccc(S(=O)(=O)c2ccc([N+](=O)[O-])cc2)cc1,0
HIVSUB-00659,O=C1C(Br)=C(C2=CC(=P(c3ccccc3)(c3ccccc3)c3ccccc3)C=C2)C(=O)C(Br)=C1C1=CC(=P(c2ccccc2)(c2ccccc2)c2ccccc2)C=C1,0
HIVSUB-00660,NC(CCCCNC(=O)C(Cc1ccccc1)NC(=O)OCc1ccccc1)C(=O)NC(CCCCNC(=O)C(Cc1ccccc1)NC(=O)OCc1ccccc1)C(=O)NC(CCCCNC(=O)C(Cc1ccccc1)NC(=O)OCc1ccccc1)C(=O)NC(CCCCNC(=O)C(Cc1ccccc1)NC(=O)OCc1ccccc1)C(=O)NC(CCCCNC(=O)C(Cc1ccccc1)NC(=O)OCc1ccccc1)C(=O)NC(CCCCNC(=O)C(Cc1ccccc1)NC(=O)OCc1ccccc1)C(=O)O,0
HIVSUB-00661,CCOC(=O)C(=Cc1ccc(C#N)cc1)C(=O)OCC,0
HIVSUB-00662,O=C(C=Cc1ccc(C=CC(=O)c2ccc(O)cc2)cc1)c1ccc(O)cc1,0
HIVSUB-00663,C1CN2N3CCCC23C1,0
HIVSUB-00664,O=S(=O)(Cc1ccccc1)C(I)c1ccccc1,0
HIVSUB-00665,O=C1NC(=O)C(=Cc2cccc(Br)c2)C(=O)N1,0
HIVSUB-00666,COc1ccc2[nH]c3c(c2c1)C(C)CC1C(=O)N(c2ccccc2)C(=O)C31,0
HIVSUB-00667,COc1ccc(C2ON(c3ccccc3)CC=C2C)cc1,0
HIVSUB-00668,COS(=O)CCOC(=O)c1ccccc1SSc1ccccc1C(=O)OCCS(=O)OC,1
HIVSUB-00669,CS(=O)(=O)c1nc(Cl)c(Cl)c(C#N)c1Cl,0
HIVSUB-00670,Cc1cc(C)nc(NS(=O)(=O)c2ccc(Nc3c4ccccc4nc4c(C(=O)N5CCN(CCO)CC5)cccc34)cc2)n1,0
HIVSUB-00671,S=C(NN=Cc1ccco1)NC12CC3CC(CC(C3)C1)C2,0
HIVSUB-00672,CN1C(c2ccccc2)(c2ccccc2)c2ccccc2S1(=O)=O,0
HIVSUB-00673,S=C1NC2=C(COCC2=Cc2cccc(Cl)c2)C(c2cccc(Cl)c2)N1,0
HIVSUB-00674,NC(=O)Nn1c2c(c3c1CCCC3)CCCC2,0
HIVSUB-00675,CCOC(=O)C(O)(C(=O)OCC)c1cc(C(C)(C)C)c(O)c(C(C)(C)C)c1,0
HIVSUB-00676,CC1=NS(=O)(O)=c2cc(Cl)ccc2=N1,0
HIVSUB-00677,Cc1ccc(C(=O)C=Cc2ccccc2O)c(C)c1,0
HIVSUB-00678,Clc1ccc(CN2COc3c(ccc4ccccc34)C2)cc1,0
HIVSUB-00679,CC(=O)COC(=O)CC(C)=O,0
HIVSUB-00680,Cc1nn(C(=N)N)c(O)c1CCO,0
HIVSUB-00681,c1ccc2c(NCCCCCCNc3c4ccccc4nc4ccccc34)c3ccccc3nc2c1,0
HIVSUB-00682,Cc1nc2ccc(N=NN(C)C)cc2[nH]1,0
HIVSUB-00683,CN1C2C=CC(=O)C1(Cl)C1C(=O)N(c3ccccc3)C(=O)C21,0
HIVSUB-00684,CC1=NN(c2ccccc2)C(=O)C1=CNC(N)=S,0
HIVSUB-00685,CCOC(=O)C=Cc1ccc(Br)cc1,0
HIVSUB-00686,Cc1cn(C2CC(O)C(COC(=O)NCCC(F)(F)C(F)(F)C(F)(F)C(F)(F)F)O2)c(=O)[nH]c1=O,0
HIVSUB-00687,C=C1CCC2(C(C)=O)COC1(C)O2,0
HIVSUB-00688,O=c1[nH]c2ccccc2c(=O)c2ccccc12,0
HIVSUB-00689,COC(=O)C(NC(=O)c1ccccc1)C(c1ccc(Cl)cc1)P(=O)(OC)OC,0
HIVSUB-00690,CCCCCCCCCCCCS(=O)(=O)O.CCC[N+](C)(C)C,0
HIVSUB-00691,COc1ccc(CSC2=C(C#N)C(=O)NC3(CCCCC3)S2)cc1,0
HIVSUB-00692,O=C1c2ccccc2[Se](=O)N1c1ccccc1,1
HIVSUB-00693,COC(=O)c1ccc(C)cc1CC1Cc2ccc(C)cc2C1=O,0
HIVSUB-00694,CCOc1ccc(NCC(=O)N2CC(=O)Nc3cc(C)c(C)cc32)cc1,0
HIVSUB-00695,NCCC(N)CSP(=O)(O)O,0
HIVSUB-00696,CCCCC1CC(c2ccc(Cl)cc2)=NO1,0
HIVSUB-00697,CC(=O)Nc1nc(C)c(CCC#N)c(SC(=N)N)n1,0
HIVSUB-00698,CN(C)C(=S)Oc1ccc2ccc(=O)oc2c1,0
HIVSUB-00699,CCOC(=O)C1=NN(c2ccccc2)C(=O)C1=CN1C(=O)CC(=O)NC1=S,0
HIVSUB-00700,Cl.Clc1cc2nc(C3CCCCO3)[nH]c2cc1Cl,0
HIVSUB-00701,CC(C)CCCC(C)C1CCC2C3CCC4CC(CCC=C(c5cc(Cl)c(OCc6cccc([N+](=O)[O-])c6)c(C(=O)O)c5)c5cc(Cl)c(OCc6cccc([N+](=O)[O-])c6)c(C(=O)O)c5)CCC4(C)C3CCC12C.[NaH],1
HIVSUB-00702,COC1(c2ccc(C)cc2C)OC(=O)c2c(C)cccc21,0
HIVSUB-00703,CCC(C(=O)C(=O)OC)P1(=O)OC(C)(C)CN1C(C)(C)C,0
HIVSUB-00704,OCC12C3C4C1C1C2C3C41CO,0
HIVSUB-00705,COC(=O)C1=C(CO)C2C=CC1C2,0
HIVSUB-00706,N#CC1=N[NH+]([Co-4](N)(N)(N)(N)N)N=N1.[Cl-],0
HIVSUB-00707,CN(C)CCC[n+]1nc2cccc3cccc([nH]1)c32.[Cl-],0
HIVSUB-00708,CC1=C2N3CC(n4c(=O)n(C)c(=O)n43)C23CCC1n1c(=O)n(C)c(=O)n13,0
HIVSUB-00709,Cc1cc2oc(C)c(S(=O)(=O)NC(=O)Nc3ccc(Cl)cc3)c(=O)c2c(=O)o1,0
HIVSUB-00710,Oc1nc2c(c(-c3ccc(F)cc3)n1)COCC2=Cc1ccc(F)cc1,0
HIVSUB-00711,CCOc1cc2c(cc1O)C(=NNS(=O)(=O)c1ccc(C)cc1)CC1C2CCC2(C)C(O)CCC12,0
HIVSUB-00712,O=C1c2ccccc2-c2c1c1ccccc1c(=O)n2CCO,0
HIVSUB-00713,Cc1cc(N(CCC#N)CCC#N)ccc1C=C(NC(=O)C=Cc1ccccc1)C(=O)NN,0
HIVSUB-00714,NNC(=O)C(=O)NN=C(CCCC(=O)Nc1ccc(Cl)cc1)CC(=O)c1ccc(F)cc1,0
HIVSUB-00715,Nc1ncnc2c1ncn2C1OC(CO)(C(F)(F)F)C(O)C1O,0
HIVSUB-00716,COc1cc2c(c(C3C(=O)N(C)c4ccc(Br)cc43)c1OC)OCO2,0
HIVSUB-00717,COC(=O)C1=C(c2ccc(Cl)cc2)C(O)N=C(NN)N1,0
HIVSUB-00718,CCCCOC(=O)C1OC12CCCCC2,0
HIVSUB-00719,CCOC(=O)C12CC1(C(=O)OCC)C1CCC2C1,0
HIVSUB-00720,CC(=O)C1CCC2C3CCC4c5nn(-c6ccccc6)nc5CCC4(C)C3CCC12C,0
HIVSUB-00721,Cc1nc2ccccc2c(=O)n1-c1ccccc1Br,0
HIVSUB-00722,CCC(C)C(NC(=O)C(CCC(N)=O)NC(=O)C(CCCCN)NC(=O)C(CO)NC(=O)C(CC(C)C)NC(=O)C(Cc1ccc(O)cc1)NC(=O)C(C)N)C(=O)NC(C)C(=O)NC(CO)C(=O)NC(CC(N)=O)C(=O)O,0
HIVSUB-00723,CC(=NNc1ccccc1Br)c1cccc(C(C)=NNc2ccccc2Br)n1,0
HIVSUB-00724,O=C1CC2(c3ccccc3)ON=C(c3ccccc3)N2c2ccccc2N1,0
HIVSUB-00725,CCN1CCC2(CC1)OC(c1ccccc1)C(c1ccccc1)O2,0
HIVSUB-00726,Cc1cc2cc3ccc(Cl)nn3c2nn1,0
HIVSUB-00727,O=C1NC(=O)C(C(=O)C(=O)Nc2cccc(C(F)(F)F)c2)C(=O)N1,0
HIVSUB-00728,O=c1c2ccccc2c2c3c1cccc3c1cccc3c(=O)c4ccccc4c2c31,0
HIVSUB-00729,O=C(NN=Cc1ccccc1O)c1ccccc1Nc1ccccc1C(=O)NN=Cc1ccccc1O,0
HIVSUB-00730,O=C1CC(C2(O)C(=O)Nc3ccc([N+](=O)[O-])cc32)c2ccccc21,0
HIVSUB-00731,Clc1ccc(OCc2nnc(CCCCCCCCc3nnc(COc4ccc(Cl)cc4Cl)n3Nc3ccccc3)n2Nc2ccccc2)c(Cl)c1,0
HIVSUB-00732,COc1ccc(N2C(=O)C(N3C(=O)C=CC3=O)C2C=O)cc1,0
HIVSUB-00733,OCCCCCCCCCCCOc1ccc(C2OCC3(CO2)COC(c2ccc(OCCCCCCCCCCCO)cc2)OC3)cc1,0
HIVSUB-00734,ClC1=NSC(Cl)=NS1,0
HIVSUB-00735,Clc1ccc(COC(Cn2ccnc2)c2ccc(Cl)cc2Cl)c(Cl)c1.O=[N+]([O-])O,0
HIVSUB-00736,N#Cc1ccc(Cc2ccccn2)cc1Cl,0
HIVSUB-00737,O=C(O)c1cc(NCc2cc(O)ccc2O)ccc1O,0
HIVSUB-00738,O=C1CN(CCCN2CCOCC2)CC(=O)N2CCCCN12,0
HIVSUB-00739,O=C(O)C1CCC(=O)N1C(c1ccc2c(c1)OCO2)c1ccc2c(c1)OCO2,0
HIVSUB-00740,O=C1C(=Cc2ccccc2O)Cc2ccccc21,0
HIVSUB-00741,CC(C)OP(=O)(OC(C)C)C1=NN(c2ccc([N+](=O)[O-])cc2)C(N)(N)S1,0
HIVSUB-00742,OC1CC(c2ccccc2)C2(C(O)c3ccccc3C2O)C(c2ccccc2)C1,0
HIVSUB-00743,S=C(SSC(=S)N(Cc1ccccc1)Cc1ccccc1)N(Cc1ccccc1)Cc1ccccc1,0
HIVSUB-00744,CC(=O)OC1CCn2nnc(CO)c21,0
HIVSUB-00745,CCOP(=O)(OCC)C(C#N)=Cc1[nH]cnc1C,0
HIVSUB-00746,CCNc1nnc(-c2nsc3ccccc23)s1,0
HIVSUB-00747,N=C(CSSCC(=N)NCC12CC3CC(CC(C3)C1)C2)NCC12CC3CC(CC(C3)C1)C2,0
HIVSUB-00748,Cc1cc(O)c2c3c(ccc2n1)Oc1ccccc1O3,0
HIVSUB-00749,Cc1oc2nc(N(C)C)nc(Cl)c2c1C,0
HIVSUB-00750,[Cl-].c1ccc([P+](CCNCCNCC[P+](c2ccccc2)(c2ccccc2)c2ccccc2)(c2ccccc2)c2ccccc2)cc1,0
HIVSUB-00751,Cc1cc(N(CCC#N)S(=O)(=O)c2ccccc2)ccc1C=O,0
HIVSUB-00752,c1ccc(N=C2c3ccsc3C(=Nc3ccccc3)c3ccsc32)cc1,0
HIVSUB-00753,Cc1ccc(S(=O)(=O)c2c(O)c3ccccc3n(C)c2=O)cc1,0
HIVSUB-00754,COc1cc(C2C3=C(CCCC3=O)N(c3ccc(C)cc3)C3=C2C(=O)CCC3)c([N+](=O)[O-])cc1OC,0
HIVSUB-00755,CC[N+]1(C)CCC(O)(c2ccc(C)cc2)C(C(=O)c2ccc(C)cc2)C1.[Br-],0
HIVSUB-00756,NC(N)NCCCc1cn2c(n1)C1CCCN1C(=O)C2Cc1ccccc1.O=C(O)C(F)(F)F,0
HIVSUB-00757,O=C1NN=C(c2c[nH]c3ccccc23)CC1NCc1ccccc1,0
HIVSUB-00758,Nc1ccc(C(=O)NC(=CC=Cc2ccco2)c2nc3c4c(ccc3[nH]2)C(=O)c2ccccc2C4=O)cc1,0
HIVSUB-00759,COC1(C)C(=O)N2C1N(C(=O)OC(C)(C)C)CC2(C)C,0
HIVSUB-00760,CCC1(OS(=O)(=O)O)CCC2C3CC=C4CC(O)CCC4(C)C3CCC21C.[NaH],1
HIVSUB-00761,Cc1cc(C(=O)Nc2ccc(NC3=NCCN3)cc2)c(C)cc1C(=O)Nc1ccc(NC2=NCCN2)cc1,0
HIVSUB-00762,O=C(c1ccccc1[N+](=O)[O-])C(Br)C(Br)c1ccc(Cl)c(Cl)c1,0
HIVSUB-00763,CN(C)c1cccc2c(S(=O)(=O)NCCCNCCN)cccc12,0
HIVSUB-00764,C[n+]1ccn2c3nc4ccccc4nc3c([O-])c(C#N)c21,0
HIVSUB-00765,C[N+]12CCCCC1CC(=O)CC2,0
HIVSUB-00766,CC1=NNC(=O)C1C1CC(c2c[nH]c3ccccc23)=Nn2c(-c3ccccc3)nnc21,0
HIVSUB-00767,NC(=O)C12CC3CC(CC(Br)(C3)C1)C2,0
HIVSUB-00768,O=C(Nc1ccccc1)c1nn(-c2cc(S(=O)(=O)[O-])c([N+](=O)[O-])cc2Cl)[n+](-c2cc(S(=O)(=O)O)c([N+](=O)[O-])cc2Cl)n1.[NaH],1
HIVSUB-00769,CSC(SC)=C(C#N)C(=O)Nc1ccc(C)cc1,0
HIVSUB-00770,CN(C)CN1C(=O)SC(=C2C(=O)N(C)c3ccc(Br)cc32)C1=O,0
HIVSUB-00771,CCOC(=O)c1ccc(N=C2Sc3nc4ccccc4n3C2=Nc2ccc(C(=O)OCC)cc2)cc1,0
HIVSUB-00772,O=C1c2ccccc2C(=O)C1(Br)c1ccccc1,0
HIVSUB-00773,NC(=O)C(NCc1ccccc1)c1ccccc1,0
HIVSUB-00774,CN1CCC(=O)C(=Cc2ccccc2)C1.Cl,0
HIVSUB-00775,CC1Cc2c(-c3cc(-c4cc(-c5c(O)cc(O)c6c5CC(C)NC6C)c5ccccc5c4O)c(O)c4ccccc34)c(O)cc(O)c2C(C)N1.O=C(O)C(F)(F)F,1
HIVSUB-00776,O=[N+]([O-])c1ccc(C2CC(c3ccccc3)=Nc3ccccc3S2)cc1,0
HIVSUB-00777,NC(=O)c1cc([N+](=O)[O-])cc([N+](=O)[O-])c1,0
HIVSUB-00778,COc1cc(C2c3cc4c(cc3OC3(N5CCCC5)CCCC23)OCO4)cc(OC)c1OC,0
HIVSUB-00779,COC1(O)C(=O)c2ccccc2OC1(OC)c1ccccc1,0
HIVSUB-00780,CC1(O)C2C(=NO)C3CC1(c1ccccc1)CC(C3=NO)C2c1ccccc1,0
HIVSUB-00781,O=S(=O)(O)NCC1OC2OC3C(CNS(=O)(=O)O)OC(OC4C(CNS(=O)(=O)O)OC(OC5C(CNS(=O)(=O)O)OC(OC6C(CNS(=O)(=O)O)OC(OC7C(CNS(=O)(=O)O)OC(OC8C(CNS(=O)(=O)O)OC(OC1C(OS(=O)(=O)O)C2OS(=O)(=O)O)C(OS(=O)(=O)O)C8OS(=O)(=O)O)C(OS(=O)(=O)O)C7OS(=O)(=O)O)C(OS(=O)(=O)O)C6OS(=O)(=O)O)C(OS(=O)(=O)O)C5OS(=O)(=O)O)C(OS(=O)(=O)O)C4OS(=O)(=O)O)C(OS(=O)(=O)O)C3OS(=O)(=O)O,0
HIVSUB-00782,Cc1ccc(S(=O)(=O)OC(c2ccc(Cl)cc2Cl)C2OC(=O)c3ccccc32)cc1,0
HIVSUB-00783,CC(NC(C#N)CC12CC3CC(CC(C3)C1)C2)c1ccccc1,0
HIVSUB-00784,COc1cccc(Nc2n[nH]c(NS(=O)(=O)c3cc(C)c(Cl)cc3S)n2)c1,1
HIVSUB-00785,Nn1c(-c2ccccc2)nc2ccc(Br)cc2c1=O,0
HIVSUB-00786,CC1CCC2(C(=O)O)CCC3(COC(=O)C=Cc4ccc(O)cc4)C(=CCC4C5(C)CCC(O)C(C)(C)C5CCC43C)C2C1C,0
HIVSUB-00787,O=C1c2ccccc2C(=O)c2nc3ccc(Cl)cc3cc21,0
HIVSUB-00788,CC(C)c1cccc(C(C)C)c1NC(=O)C(=O)C1SC(=S)NC1=O,0
HIVSUB-00789,CCCN(CCC)C1=Nc2ccccc2-n2cnnc2C1,0
HIVSUB-00790,CC(=O)OCC1OC(n2cc([N+](=O)[O-])c(=O)[nH]c2=O)C(OC(C)=O)C(OC(C)=O)C1OC(C)=O,0
HIVSUB-00791,CN(C)c1cc2c3ccccc3ccc2c2ccccc12,0
HIVSUB-00792,O=C1C(c2ccccc2)=[N+]([O-])c2ccc(Cl)cc21,0
HIVSUB-00793,CC(=O)N(CCc1ccccc1)C(C)(C#N)c1ccccc1,0
HIVSUB-00794,COc1cc(N=[N+]2[Cu-][OH+]C(=O)c3ccccc32)cc2c1[OH+][Cu-][N+]([N-]C(=S)Nc1ccc(C)cc1)=C2,0
HIVSUB-00795,CC(Nc1cc(=O)n(C)c(=O)[nH]1)c1ccccc1,0
HIVSUB-00796,CCCCCC1C(=O)N2C=C(c3ccccc3)c3ccccc3N2C1=O,0
HIVSUB-00797,Cl[Ho](Cl)Cl,0
HIVSUB-00798,CNC1=CC(=O)C2=C(C1=O)C1CCC3(C)C(=O)CCC3C1CC2,0
HIVSUB-00799,CN(C)CCC(=O)C(=Cc1ccc(O)cc1)C(=O)CCN(C)C,0
HIVSUB-00800,Cc1ccc(S(=O)OC2C3CC4CC(C3)CC2C4)cc1,0
HIVSUB-00801,Cc1ccc(C(=O)Oc2ccc(C=C3CCCC(=Cc4ccc(OC(=O)c5ccc(C)cc5)cc4)C3=O)cc2)cc1,0
HIVSUB-00802,C=CC1(C)CCC2(C)C(CCC3(C)C2CC(O)C(O)C3(C)O)C1,0
HIVSUB-00803,S=CN1CCCCC1,0
HIVSUB-00804,CC(C)(C)OC(=O)N1N=NC2C1C1CC(OCc3ccccc3)(OCc3ccccc3)C2O1,0
HIVSUB-00805,CC1(C)OC(CP(c2ccccc2)c2ccccc2)C(CP(c2ccccc2)c2ccccc2)O1,0
HIVSUB-00806,CCOC(=O)c1[nH]c(Br)c(-c2ccc(Br)cc2)c1Br,0
HIVSUB-00807,Cc1nnc2sc(NN)nn12,0
HIVSUB-00808,CC(=O)SCC1OC(n2cc(C)c(=O)[nH]c2=O)CC1=NO,0
HIVSUB-00809,Cl.NC(=O)C(=CNc1nc(-c2ccc(Cl)c(Cl)c2)cs1)C(N)=O,0
HIVSUB-00810,O=C1CC(c2ccc(Cl)cc2)NC(=O)N1CCCl,0
HIVSUB-00811,CC(C)(C)[Si](C)(C)OCC1OC(n2ccc(=O)[nH]c2=O)C(O[Si](C)(C)C(C)(C)C)C1CCN(O)CC1OC(n2ccc(=O)[nH]c2=O)C(O[Si](C)(C)C(C)(C)C)C1O[Si](C)(C)C(C)(C)C,0
HIVSUB-00812,O=C(NCCCl)c1cc(C(F)(F)F)cc(C(F)(F)F)c1,0
HIVSUB-00813,O=C(CBr)OCCCS(=O)(=O)O,0
HIVSUB-00814,COC1(OC)CC2C=C(S(=O)(=O)c3ccccc3)C1N(Cc1ccccc1)C2=O,0
HIVSUB-00815,Cc1cccc2ns[s+]c12.[Cl-],0
HIVSUB-00816,O=C1OCCCC2OC(COCc3ccccc3)CC12,0
HIVSUB-00817,O=C(Nc1ccc(Cl)cc1)c1ccccc1[Se][Se]c1ccccc1C(=O)Nc1ccc(Cl)cc1,1
HIVSUB-00818,CC1=CSC2=NCCCCN12,0
HIVSUB-00819,CN(CCN1C(=O)c2cccc3cc([N+](=O)[O-])cc(c23)C1=O)CCN1C(=O)c2cccc3cc([N+](=O)[O-])cc(c23)C1=O,0
HIVSUB-00820,CC(=O)OCC=C(C=CCNC1CCCCC1)OC(C)=O,0
HIVSUB-00821,CC1(CN2CCCCC2)COC(c2ccccc2)(c2ccccc2)OC1,0
HIVSUB-00822,Nc1nc2cc3nc(N)c(N)nc3cc2nc1N,0
HIVSUB-00823,O=C1NC2(CCNCC2)Oc2ccccc21,0
HIVSUB-00824,O=[N+]([O-])c1ccc2c3c(cccc13)S(=O)(=O)O2,0
HIVSUB-00825,Cc1nc2c(nc1C)C(=O)C(Br)=C(N)C2=O,0
HIVSUB-00826,CCCC(C)(O)CN,0
HIVSUB-00827,CC(CCC(N)=O)(CCC(N)=O)[N+](=O)[O-],0
HIVSUB-00828,Cc1c(CCN=P(c2ccccc2)(c2ccccc2)c2ccccc2)c(=O)n2c([nH]c3ccccc32)c1C#N,0
HIVSUB-00829,NCCSc1nc2ccccc2c(=O)n1-c1ccccc1,0
HIVSUB-00830,O=c1[nH]nc(Cc2ccccc2)n1C1CCCC1,0
HIVSUB-00831,CCCCCCCC(=O)OCC(C[As](=O)(O)O)OC(=O)CCCCCCC,0
HIVSUB-00832,CCc1cccc(CC)c1NC(=O)C1=C(C)NC(C)=C(C(=O)Nc2c(CC)cccc2CC)C1c1ccc([N+](=O)[O-])cc1,0
HIVSUB-00833,CC(=O)[OH+][Co-3]12(Oc3ccccc3C=[N+]1c1ccc(S(=O)(=O)Nc3ncccn3)cc1)Oc1ccccc1C=[N+]2c1ccc(S(=O)(=O)Nc2ncccn2)cc1,0
HIVSUB-00834,N=C(N)SCc1cccc2c(=O)cc(-c3ccccc3)oc12,0
HIVSUB-00835,COc1ccc(C(=O)c2ccc(OC)c(S(=O)(=O)N(C)C)c2)cc1S(=O)(=O)N(C)C,0
HIVSUB-00836,CC(=O)NNC(=S)NC=C(C#N)S(=O)(=O)c1ccc(C)cc1,0
HIVSUB-00837,C=CC1(O)CCCCC1CC(Sc1ccccc1)Sc1ccccc1,0
HIVSUB-00838,Cn1nc(-c2ccccc2)c2c(C=Cc3ccc(Cl)cc3)onc2c1=O,0
HIVSUB-00839,Oc1ccccc1C=Nc1ccc(SSc2ccc(N=Cc3ccccc3O)cc2)cc1,0
HIVSUB-00840,CCc1ccc(N=Cc2cc(OC)c(OC)c(OC)c2)cc1,0
HIVSUB-00841,c1ccc2c(c1)nnn1c3ncccc3nc21,0
HIVSUB-00842,Nc1nc(O)c2c(n1)NCC(CNc1ccc(C(=O)NC(CCC(=O)O)C(=O)O)cc1)N2C=O,0
HIVSUB-00843,COc1ccc(C2OCC3OC(n4cc(C)c(=O)[nH]c4=O)CC3N2O)cc1,0
HIVSUB-00844,CCOC(=O)Nc1cc2c(c(N)n1)N=C(c1ccccc1)CO2,0
HIVSUB-00845,CCCC(=O)Oc1c(Cl)cc(C(=CCCC2CCC3(C)C(CCC4C3CCC3(C)C(C(C)CCCC(C)C)CCC43)C2)c2cc(Cl)c(OC(=O)CCC)c(C(=O)O)c2)cc1C(=O)O.[NaH],1
HIVSUB-00846,O=c1ccc2ccc(S)cc2o1,0
HIVSUB-00847,CCOC(=O)C1=NN(c2ccc(C)cc2)C2(c3ccccc3)C=C(c3ccccc3)N(C)CCN12,0
HIVSUB-00848,OCC1C(CO)C2CCC1C2(Cc1ccccc1)Cc1ccccc1,0
HIVSUB-00849,COc1ccc(C2C=[N+]([O-])OC(OC3CCCC3)C2OC(C)=O)cc1OC,0
HIVSUB-00850,Cc1cc(NCCCCCCNc2cc(C)nc3ccc(Cl)cc23)c2cc(Cl)ccc2n1,0
HIVSUB-00851,CCN1C(=O)N(C)C(O)c2c1nc1ccccn1c2=O,0
HIVSUB-00852,CC(=O)C(N1CCCCC1)C(O)(C(F)(F)F)C(F)(F)F,0
HIVSUB-00853,O=[N+]([O-])c1cc(Cl)ccc1Sc1ccccc1,0
HIVSUB-00854,COC1C=COC2(C)Oc3c(C)c(O)c4c(c3C2=O)C(=O)C=C(NC(=O)C(C)=CC=CC(C)C(O)C(C)C2OC(C)(C)OC(C1C)C2C)C4=O,0
HIVSUB-00855,CC(C)C(OC(=O)c1cc(NC(=S)c2ccccc2)ccc1Cl)C(C)C,1
HIVSUB-00856,Cc1ccc2c(c1)S(=O)c1cc(C)ccc1S2,0
HIVSUB-00857,Cc1cnc2c(c1)C(=O)C1=C(OC(C)(C)CC1O)C2=O,0
HIVSUB-00858,O=c1oc2ccccc2c(O)c1C1=NC(=NN=Cc2ccc(Cl)cc2)SC1,0
HIVSUB-00859,C1OC2OCC1O2,0
HIVSUB-00860,CC1(C)C2CC1C(C(O)C1c3cc(-c4ccccn4)ncc3C3CC1C3(C)C)c1cc(-c3ccccn3)ncc12,0
HIVSUB-00861,CC1=CCCC2C(C=O)(C1)CC(C)C2(CO)CCC(=CCO)CO,0
HIVSUB-00862,O=C(Cc1ccccc1)NNc1nc(NNC(=O)c2ccncc2)nc(Nc2cccc(Cl)c2)n1,0
HIVSUB-00863,CC(C)(C)c1cc(S(=O)(=O)O)c2oc(-c3ccccc3)cc(=O)c2c1,0
HIVSUB-00864,CCOP1(=O)N=C(NC(=N)N(CC)CC)N(C)C1(C)C,0
HIVSUB-00865,CCOc1ccc(N)c(S)c1,0
HIVSUB-00866,CCOC(=O)C(NC(=O)c1cccc(Cl)c1)(N1CCN(c2cc3c(cc2F)c(=O)c(C(=O)O)cn3C2CC2)CC1)C(F)(F)F,0
HIVSUB-00867,CCCCN(CCCC)C(=N)OC,0
HIVSUB-00868,COc1cccc(C2CC(=O)c3cccn32)c1,0
HIVSUB-00869,C=C1C(=O)OC2CC(C=O)=CC3OC3C(COC(=O)C(C)C)=CCC12,0
HIVSUB-00870,Cc1cc(=O)oc2cc3c(cc12)Oc1ccccc1O3,0
HIVSUB-00871,CCC(CON(C)c1ccccc1)(SC)SC,0
HIVSUB-00872,CC(C)C1=CC23CCC4C(C)(C(=O)O)CCCC4(C)C2CC1C1C(=O)N(c2ccc(N4C(=O)C5C6CC7C8(C)CCCC(C)(C(=O)O)C8CCC7(C=C6C(C)C)C5C4=O)cc2)C(=O)C13.[NaH],0
HIVSUB-00873,Cc1ccccc1C1=CC(=C(SSC(C(=O)c2ccc(OCC(=O)O)c(Cl)c2Cl)=C2C=C(c3ccccc3C)SS2)C(=O)c2ccc(OCC(=O)O)c(Cl)c2Cl)SS1,0
HIVSUB-00874,CCOC(=O)c1sc(SC)nc1NC(=O)c1ccc([N+](=O)[O-])cc1,0
HIVSUB-00875,COc1cc(CNc2nc3ccc(C(F)(F)F)cc3nc2-c2ccccc2)cc(OC)c1OC,0
HIVSUB-00876,O=C1c2ccccc2C(=O)N1Cc1ccccc1-c1c2ccc(n2)c(-c2ccccc2CN2C(=O)c3ccccc3C2=O)c2ccc([nH]2)c(-c2ccccc2CN2C(=O)c3ccccc3C2=O)c2ccc(n2)c(-c2ccccc2CN2C(=O)c3ccccc3C2=O)c2ccc1[nH]2,0
HIVSUB-00877,COc1cc(-c2[o+]c3cc(O)cc(OC4OC(CO)C(O)C(O)C4O)c3cc2OC2OC(CO)C(O)C(O)C2O)cc(OC)c1O,0
HIVSUB-00878,COc1ccc(C(=O)NNC(=O)c2nsc3ccccc23)cc1,0
HIVSUB-00879,CN(C)c1cc(CNC(Cc2cn(C(c3ccccc3)(c3ccccc3)c3ccccc3)cn2)C(=O)O)nc(CNC(Cc2cn(C(c3ccccc3)(c3ccccc3)c3ccccc3)cn2)C(=O)O)c1.[Zn],0
HIVSUB-00880,COc1ccc(C2C3=C(COC3=O)Oc3cc4c(cc32)OCO4)cc1OC,0
HIVSUB-00881,N#Cc1ccccc1NC(=O)C(=NN)C(C(=O)c1ccncc1)C1OC(=O)c2ccccc21,0
HIVSUB-00882,Cc1ccc(C=NNC2=NCCN2)s1,0
HIVSUB-00883,Cc1nc2ccccn2c1N=Nc1ccc(C(=O)NN)cc1,0
HIVSUB-00884,O=C(OC(CC[PH](c1ccccc1)(c1ccccc1)c1ccccc1)(C(=O)c1ccccc1)c1ccccc1)c1ccccc1,0
HIVSUB-00885,Cc1ccccc1N1CC2CC3C=CC2(C1)O3,0
HIVSUB-00886,CCCc1cc(=O)oc2c3c(c4c(c12)OC(C)(C)C=C4)OC(C)C(C)C3=O,1
HIVSUB-00887,CCN(CC)CCC(=O)c1ccc(Oc2ccc(Cl)cc2)cc1.Cl,0
HIVSUB-00888,O=C(CC(=O)N1N=C(N2CCCCC2)CC1c1ccccc1)Nc1ccc(Cl)cc1,0
HIVSUB-00889,CN1c2ccccc2Sc2c(-c3ccccc3)n[nH]c21,0
HIVSUB-00890,O=C1NC(NN=CC(O)C(O)C(O)CO)=NC1=Cc1ccccc1,0
HIVSUB-00891,CCOC(=O)C1CSCC(C(=O)OC)N1,0
HIVSUB-00892,CCn1c(SCC(=O)NN=C2SCC(=O)N2c2ccc(C)cc2)nc2ccccc2c1=O,0
HIVSUB-00893,O=C(NCCC[PH](c1ccccc1)(c1ccccc1)c1ccccc1)OCc1ccccc1,0
HIVSUB-00894,CC(=O)Oc1c2c(c(CC=C(C)C)c3c1C(=O)C1=CC4CC5C(C)(C)OC(CC=C(C)C(=O)O)(C4=O)C15O3)OC(C)(CCC=C(C)C)C=C2,0
HIVSUB-00895,COc1ccc2cc3[n+](cc2c1O)CCc1cc2c(cc1-3)OCO2,0
HIVSUB-00896,COC(=O)c1ccc(NCC2=CC(=O)c3ccccc3C2=O)cc1,0
HIVSUB-00897,O=C(O)C1C(C2CCCCC2)OC(C2CCCCC2)OC1C(F)(F)F,0
HIVSUB-00898,CC(=O)C(=Cn1c(=S)[nH]c2ccc([N+](=O)[O-])cc21)C(=O)Nc1ccc(Cl)cc1,0
HIVSUB-00899,O=C(CCc1cccc(O)c1)NCCc1cccc(O)c1,0
HIVSUB-00900,O=C1c2ccccc2C(=O)c2sc(Nc3ccccc3Cl)nc21,0
HIVSUB-00901,COc1ccc(OC)c(-n2nnc3ccccc3c2=O)c1,0
HIVSUB-00902,CCN(CC)C(=O)c1cc([N+](=O)[O-])c(=O)n2c1[nH]c1ccccc12,0
HIVSUB-00903,Cc1cc2c(c(C(N)=O)c1C)-c1cccc(Cl)c1C2=O,0
HIVSUB-00904,Cc1cc(C)[s+]s1,0
HIVSUB-00905,COc1cc2c(cc1OC)C(CSC)Cc1cc(OC)c(OC)cc1N(C)CCC2,0
HIVSUB-00906,COC(=O)c1c(N)[nH][nH]c1=N,0
HIVSUB-00907,CCn1c2ccc(C(=O)CCCN(C)C)cc2c2cc(C(=O)CCCN(C)C)ccc21.O=C(O)C=CC(=O)O,0
HIVSUB-00908,COc1ccc(C(=O)c2ccccc2)c(O)c1,0
HIVSUB-00909,Cc1cc(-c2[nH]c(C(=O)O)cc2I)on1,0
HIVSUB-00910,O=C1c2cccc3cccc(c23)C(=O)N1CC1CCCO1,0
HIVSUB-00911,CC(=O)C(=CN1CC(=O)NC1=S)C(=O)Nc1ccc([N+](=O)[O-])cc1,0
HIVSUB-00912,COC1C=COC2(C)Oc3c(C)c(O)c4c(O)c(c(C=NN5C(C)CN(Cc6ccc(Cl)cc6)CC5C)c(O)c4c3C2=O)NC(=O)C(C)=CC=CC(C)C(O)C(C)C(O)C(C)C(OC(C)=O)C1C,0
HIVSUB-00913,COc1cc2c(cc1OC)C(CC1=C(c3ccccc3)CN3CCc4cc(OC)c(OC)cc4C3C1)NCC2,0
HIVSUB-00914,CSC(=NC(=O)c1cccc(Cl)c1)Nc1nccs1.I,0
HIVSUB-00915,O=C(Nc1ccc(S(=O)(=O)NC(C(=O)O)c2ccccc2)cc1)c1ccc(F)cc1,0
HIVSUB-00916,CCOc1ccc(N=Nc2c(-c3ccccc3)nn(C(=O)CC(=O)Nc3cccc(C)c3)c2-c2ccccc2)cc1,0
HIVSUB-00917,O=C(O)CC1CC=CCC1CC(=O)O,0
HIVSUB-00918,N#CC(C(=O)C(=O)Nc1c(Cl)cccc1Cl)c1ccccc1,0
HIVSUB-00919,COC(=O)c1cc(=O)n(-c2ccc3nn(C)nc3c2)cc1C(=O)OC,0
HIVSUB-00920,CCOc1ccc(O)cc1[P+](c1ccccc1)(c1ccccc1)c1ccccc1.[I-],0
HIVSUB-00921,O=c1c2cc3c(=O)n(CCc4ccccc4CO)c(=O)c3cc2c(=O)n1CCc1ccccc1CO,0
HIVSUB-00922,O=[N+]([O-])c1ccc2c(N=Nc3ccc4ccccc4c3O)c(O)cc(S(=O)(=O)O)c2c1,0
HIVSUB-00923,CCN(CC)CCNCc1cc(Cl)cc2c1OCOC2,0
HIVSUB-00924,CCN1CC2(C)CCC(OC)C34C2C(OC(C)=O)C2(OCOC25CC(OC)C2CC3(O)C5C2O)C14,0
HIVSUB-00925,CCOC(=O)C=C1CC(NC(=O)OCc2ccccc2)C(=O)N1CC(=O)OCC,0
HIVSUB-00926,COC(=O)C=C(C(=O)OC)C1(C)c2cc(C(=O)OC)c(C(=O)OC)c(N)c2C(=N)N1c1ccccc1,0
HIVSUB-00927,COC(=NN=Cc1ccc(Cl)cc1Cl)c1ccncc1,0
HIVSUB-00928,CC(=O)Nc1ccc(-c2nnc(SCC(=O)Nc3ccccc3C)o2)cc1,0
HIVSUB-00929,CN1CC(=O)Nc2c(ncn2C2OC(CO)C(O)C2O)C1=O,0
HIVSUB-00930,CC(=O)OCc1ccc(-c2nc(C#N)c(N)o2)o1,0
HIVSUB-00931,Cc1cccc2c(N)c3cccc(C(=O)NCC[N+](C)(C)Cc4ccccc4[N+](=O)[O-])c3nc12.[Cl-],0
HIVSUB-00932,C=C(C)C1CCC2(COC(=O)CC3(CC(=O)O)CCCC3)CCC3(C)C(CCC4C5(C)CCC(OC(=O)CC6(CC(=O)O)CCCC6)C(C)(C)C5CCC43C)C12,0
HIVSUB-00933,CCOC(=O)c1nc2ccccc2nc1NCc1ccc(Cl)cc1Cl,0
HIVSUB-00934,Cn1cnc([N+](=O)[O-])c1Sc1nc2cccnc2s1,0
HIVSUB-00935,CCOC(=O)C(NCc1cccc(C(F)(F)F)c1)(NC(=O)c1ccccc1)C(F)(F)F,0
HIVSUB-00936,O=S(=O)(O)c1cc2nc3c4cccc(S(=O)(=O)O)c4c(Nc4ccccc4)cc3[n+](-c3ccccc3)c2cc1Nc1ccccc1,1
HIVSUB-00937,CCCCCCCCCCCC1=C(O)C(=NCCN)C=C(O)C1=NCCN,0
HIVSUB-00938,C=C(CCC(C)C1CCC2C3=C(C(=O)CC21C)C1(C)CCC(=O)C(C)C1CC3=O)C(C)C(=O)O,0
HIVSUB-00939,CC(=O)CC(=O)C=Cc1cccs1,0
HIVSUB-00940,[O-][n+]1onc(-c2ccccc2)c1CN1CCOCC1,0
HIVSUB-00941,CC=C(CCO)[Si](C)(C)C,0
HIVSUB-00942,C1CCC(N=C2N(C3CCCCC3)C(=NC3CCCCC3)N2C2CCCCC2)CC1,0
HIVSUB-00943,COc1cc(Nc2cnc3cc(F)c(F)cc3n2)cc(OC)c1,0
HIVSUB-00944,CC1=CC(O)C(C(O)(C(F)(F)F)C(F)(F)F)C(C)(C)C1,0
HIVSUB-00945,CC1=C(C)C2(C#N)C(=O)N3C(=NC(c4ccccc4)NC3c3ccccc3)C2(C#N)C(c2ccccc2)N1,0
HIVSUB-00946,COC(=O)C1(O)C(c2ccccc2)=NC2(C)CCCC21,0
HIVSUB-00947,CCOC(=O)C(=O)C(C(=NN(C)C)C(=O)Nc1ccc(C)cc1C)c1nc2ccccc2nc1O,0
HIVSUB-00948,FC(F)(F)c1cccc(C=[N+]2N=C(c3ccncc3)[OH+][Ni-2]23[OH+]C(c2ccncc2)=N[N+]3=Cc2cccc(C(F)(F)F)c2)c1,0
HIVSUB-00949,CCOC(=O)c1nc2cc(C(F)(F)F)ccc2nc1Nc1ccc(OC)cc1,0
HIVSUB-00950,CSc1nnc(N(C(C)C)C(C)C)c2nc[nH]c12,0
HIVSUB-00951,Cc1cc(C)c2ccc(N3CCNCC3)nc2n1,0
HIVSUB-00952,COC(=O)c1cc2c(c(C(=O)OC)c1O)C(=O)C=CC2=O,0
HIVSUB-00953,Cc1nn(C(=O)c2ccc(Cl)cc2)c2c1C(c1ccc(O)cc1)SC(=N)N2,0
HIVSUB-00954,BrCc1ccc(C[PH](c2ccccc2)(c2ccccc2)c2ccccc2)cc1,0
HIVSUB-00955,C[N+](C)(C)CC1CCCC(C[N+](C)(C)C)C1=O.[I-],0
HIVSUB-00956,COc1ccccc1NC(=S)NC=C(C#N)S(=O)(=O)c1ccc(C)cc1,0
HIVSUB-00957,CC(C)(Cc1ccccc1)NC1=NCCO1,0
HIVSUB-00958,Clc1cccc(N2CCN(CCCN3CCc4c([nH]c5ccccc45)C3c3cccnc3)CC2)c1,0
HIVSUB-00959,N#C[IH2]1OC(=O)c2ccccc21,0
HIVSUB-00960,O1[SiH]2[SiH]3O[SiH]3[SiH]3O[SiH]3[SiH]12,0
HIVSUB-00961,O=c1c2cc3c(=O)n4c(cc(-c5ccccc5)c5cc(Cl)ccc54)nc3cc2nc2cc(-c3ccccc3)c3cc(Cl)ccc3n12,0
HIVSUB-00962,CC(=O)Oc1ccc(C=CC(=O)OC(C(=O)O)C(OC(=O)C=Cc2ccc(OC(C)=O)c(OC(C)=O)c2)C(=O)O)cc1OC(C)=O,1
HIVSUB-00963,COc1cccc([N+](=O)[O-])c1N=O,0
HIVSUB-00964,O=C1C=Cc2cccc3c2c1nc1c(O)c2ccccc2cc13,0
HIVSUB-00965,Nc1ncnc2c1ncn2C1CCCCC(O)C1,0
HIVSUB-00966,CC(=O)C(=CN1C(=O)CC(=O)NC1=S)C(=O)Nc1ccccc1C,0
HIVSUB-00967,COC(=O)c1nc2c(C)c(O)c(Oc3c(C)c(O)c(O)c(C(C)CCC=C(C)C)c3O)c(C(C)CCC=C(C)C)c2o1,0
HIVSUB-00968,CC(=O)OC(C)(C)CCC(=O)C(C)(O)C1C(O)CC2(C)C3CC=C4C(C)=C(OC5OC(CO)C(O)C(O)C5O)C(=O)CC4C3(C)C(=O)CC12C,0
HIVSUB-00969,Cc1ccc(C=NNC2c3cc(Cl)ccc3Nc3nc(O)nc(C)c32)cc1,0
HIVSUB-00970,COC(=O)C(C)NC(=O)C(CSC)N1C(=O)NC(C(C)C)C1=O,0
HIVSUB-00971,O=C1NC(=O)C(=CNC(=S)NN=C2C(=O)Nc3ccccc32)C(=O)N1,0
HIVSUB-00972,CN(C)C(=O)C(CC[N+]1(C)CCCC12CCCCC2)(c1ccccc1)c1ccccc1,0
HIVSUB-00973,CCCCCCCCC(=O)N1SC(NC(=O)OC)=Nc2ccccc21,0
HIVSUB-00974,Cc1ccc(C(=O)N2CCCCC2)cc1N=NN(C)C,0
HIVSUB-00975,CCOC(=O)NNC(=O)NP(=O)(NC(=O)NOC)NC(=O)OCC,0
HIVSUB-00976,Cc1c(Cl)ccc2[s+]snc12.[Cl-],0
HIVSUB-00977,S=C1N(c2ccc(Br)cc2)C2=Nc3ccccc3SC(=C2N=Nc2ccc(Br)cc2)N1c1ccc(Cl)cc1,0
HIVSUB-00978,COC(=O)c1c(CC(Cc2ccc3c(c2)CCCC3)C(=O)O)ccc2c1CCCC2,0
HIVSUB-00979,CC1C(=O)CC2C(C)(C)CCCC2(C)C12CCC1(C=COC1)O2,0
HIVSUB-00980,Br.CC12CC(c3ccccc3O1)N1CCCSC1=N2,0
HIVSUB-00981,N#CC=C(NC(=O)Nc1ccccc1)N1CCCC1,0
HIVSUB-00982,CC(C)NC(=N)NC#N,0
HIVSUB-00983,O=[N+]([O-])c1ccc([As](=O)(O)O)cc1,0
HIVSUB-00984,CCN(CC)C1=Nc2ccccc2-n2c(C)cnc2C1,0
HIVSUB-00985,CCSc1nc(=Cc2ccco2)c2nncn12,0
HIVSUB-00986,Oc1nc2ccccc2c(O)c1N=Nc1cccc(C(F)(F)F)c1,0
HIVSUB-00987,CCCCCCCCCCCCCCCCOC(=O)c1cc(OCCOP(=O)(O)O)cc(C(=O)OCCCCCCCCCCCCCCCC)c1,0
HIVSUB-00988,Cc1cc2c(=O)cc(-c3ccccc3Cl)oc2c(C#N)c1C,0
HIVSUB-00989,O=C(NC(=O)c1cn(CCNCCO)c(=O)[nH]c1=O)OCc1ccccc1,0
HIVSUB-00990,CCOC(=O)C(NC(=O)NCc1ccc(F)cc1)C(F)(F)F,0
HIVSUB-00991,COCOc1cc(OCOC)cc(C(=O)Oc2ccccc2)c1,0
HIVSUB-00992,OC1(c2ccccc2)N=C(c2ccccc2)c2ccccc2-n2cccc21,0
HIVSUB-00993,Nc1cc(C(=O)O)ccc1O,0
HIVSUB-00994,O=C1C2=C(c3ccccc31)C(c1ccc(Cl)cc1)NC(=S)N2,0
HIVSUB-00995,O=C1Nc2cc([N+](=O)[O-])ccc2NC1C(=NNc1ccccc1)C(O)c1cccc([N+](=O)[O-])c1,0
HIVSUB-00996,O=C(CC1Sc2ccccc2NC1=O)Nc1ccccc1[N+](=O)[O-],0
HIVSUB-00997,COP(=O)(C=Cc1cc(C(=O)OCc2ccccc2)n(S(=O)(=O)c2ccccc2)c1)OC,1
HIVSUB-00998,O=c1oc(-c2ccccc2NS(=O)(=O)c2ccccc2)nc2cc(Cl)ccc12,0
HIVSUB-00999,CCOc1ccccc1N1CSc2nnc(-c3ccccc3)n2C1,0
HIVSUB-01000,N#CC1=C(O)NC(O)=C(C#N)C1c1ccc(Cl)cc1Cl,0
HIVSUB-01001,COc1cc(C(=O)CC(CCC(=O)Nc2ccc(Cl)cc2Cl)=NNC(=O)C(=O)NN)ccc1O,0
HIVSUB-01002,O=C(C(=Cc1ccc(F)cc1)C(=O)c1ccccc1)c1ccccc1,0
HIVSUB-01003,CN1c2ccccc2C23CCN4CC=CC5(CCC12CC5)C43,0
HIVSUB-01004,CN1CCN(CCCCN2c3ccccc3Sc3ccc(C(=O)c4ccccc4)cc32)CC1.O=C(O)C(=O)O,0
HIVSUB-01005,COc1ccc(NC(C)=O)c(Cl)c1,0
HIVSUB-01006,COC1CC(OC2C(C)OC(OC3C(C)OC(OC4C(O)CC(OC5CCC6(C)C(=CCC7(O)C6CC(OC(C)=O)C6(C)C(O)(C(C)=O)CCC76O)C5)OC4C)CC3OC)CC2OC)OC(C)C1O,0
HIVSUB-01007,c1ccc2c3c([nH]c2c1)C1c2[nH]c4ccccc4c2CCN1CC3,0
HIVSUB-01008,Cl.OC1(CN2CCOCC2)N=C(c2ccccc2)c2ccsc2-n2cccc21,0
HIVSUB-01009,Cc1ncc([N+](=O)[O-])n1CCNS(=O)(=O)CCCn1ncnc1[N+](=O)[O-],0
HIVSUB-01010,O=S(=O)(O)NC1CCCCC1,0
HIVSUB-01011,CC(C)(C)C1COP(=O)(C(C)(C)C)OC1.CC(C)(C)C1COP(=O)(C(C)(C)C)OC1,0
HIVSUB-01012,CC(=O)Oc1c(OC(C)C)c(C)c(O[Si](C(C)C)(C(C)C)C(C)C)c2[nH]c3ccccc3c12,0
HIVSUB-01013,COc1cc2c3c(cccc3c1)C(=O)N(CCN(C)C)C2=O,0
HIVSUB-01014,Cc1ccccc1NC(=O)C=NO,0
HIVSUB-01015,CC(CCN1CCN(CCC(C)CC(C)(C)C)S1(=O)=O)CC(C)(C)C,0
HIVSUB-01016,CN1CCOC(c2ccc(Cl)cc2)O1,0
HIVSUB-01017,CCOc1ccc2ccccc2c1NC1=NCCO1,0
HIVSUB-01018,Cc1ccc(C(=O)Nc2ccc(CP(=O)(O)O)cc2)cc1NC(=O)c1cccc(NC(=O)Nc2cccc(C(=O)Nc3cc(C(=O)Nc4ccc(CP(=O)(O)O)cc4)ccc3C)c2)c1.[NaH],1
HIVSUB-01019,CN(C)c1ccc(C(=C(c2ccc(N(C)C)cc2)c2ccc(N(C)C)cc2)c2ccc(N(C)C)cc2)cc1,0
HIVSUB-01020,S=C(c1c[nH]c2ccccc12)N1CCOCC1,0
HIVSUB-01021,COC(=O)C12C(=CCP1(C)=O)C(c1ccccc1)=NN2c1ccccc1,0
HIVSUB-01022,CC(C)(Cc1ccccc1)C(=C=C=C=C(c1ccccc1)C(C)(C)Cc1ccccc1)c1ccccc1,0
HIVSUB-01023,CCOC(=O)c1ccc(-c2onc(C)c2Br)[nH]1,0
HIVSUB-01024,Cl.Clc1ccc(CCn2ccc3ccccc32)c(Cl)c1,0
HIVSUB-01025,COC(=O)c1c2c(cc3c1CC1(C3)Cc3cc4c(c(C(=O)OC)c3C1)CCC4)CCC2,0
HIVSUB-01026,COC(=O)C(C(=O)C(=O)Nc1c(Cl)cc([N+](=O)[O-])cc1Cl)c1nc2cc(C)c(C)cc2nc1O,0
HIVSUB-01027,C=C(C)C1Cc2c(cc3c(c2O)c(=O)c2ccccc2n3C)O1,0
HIVSUB-01028,COC(=O)Cc1c(C2=Nc3ccccc3C2(O)CC(=O)OC)[nH]c2ccccc12,0
HIVSUB-01029,CCCN(CCC)C(=O)c1nc(N)nc(-c2ccc(OC)cc2)c1-c1ccc(OC)cc1,0
HIVSUB-01030,CC(=O)C(=Cc1ccc(C=C(C(C)=O)C(C)=O)cc1)C(C)=O,0
HIVSUB-01031,COC(=O)CC1(C(=O)OC)C2CCCN2C2(C#N)c3ccccc3CCC12Br,0
HIVSUB-01032,CCCCCCCCCCCCCCCCC1C[N+](C)(C)CCOP(C)(=O)O1.[Br-],0
HIVSUB-01033,Cl.O=C(CCCN1CCc2[nH]c3cc(F)ccc3c2C1)c1ccc(F)cc1,0
HIVSUB-01034,C1CN[Co-4]23(N1)(NCCN2)NCCN3.O=C([O-])C(O)C(O)C(=O)[O-].[Cl-],0
HIVSUB-01035,CN1C2=CC=CC=CC2=[N+](C)C1[C-](C#N)C#N,0
HIVSUB-01036,COc1ccc(C2=CC(=C3C(=O)C=C(C)OC3=O)SS2)cc1,0
HIVSUB-01037,c1ccc2c(c1)SCCCS2,0
HIVSUB-01038,CCC(C)N1CN(c2ccccc2)C2(CCN(CCCC(=O)c3ccc(F)cc3)CC2)C1=O.Cl,0
HIVSUB-01039,Nc1ccc(C(=O)NC(=CC=Cc2ccco2)c2nc3c(O)nc(S)nc3[nH]2)cc1,0
HIVSUB-01040,Cc1nc2c(sc(=S)n2-c2ccccc2)c2nc3ccccc3n12,0
HIVSUB-01041,CC1(C)OCC(CO)(CO)CO1,0
HIVSUB-01042,CCOC(=O)Cn1c(=O)c2nc(SC)sc2n(-c2ccccc2)c1=O,0
HIVSUB-01043,Nc1nc(O)c2ncn(CC3OC(CO)C(CO)O3)c2n1,0
HIVSUB-01044,O=C(OCc1ccccc1)N(Cc1ccccc1)S(=O)(=O)c1ccccc1,0
HIVSUB-01045,Cc1noc2c1CC(=O)c1ccccc1OC2,0
HIVSUB-01046,CN1CC2C(C1=O)C(c1ccccc1)ON2C,0
HIVSUB-01047,Cc1nc2ccc(NC(=S)Nc3ccccc3)cc2c(=O)n1-c1ccccc1,0
HIVSUB-01048,CC1(C)CCC2(C)CC=C3C(C)(CCC4C3(C)CCC3C(C)(C)C(=O)CCC34C)C2C1,0
HIVSUB-01049,CCC(C)C(=O)OC1C(=O)OC2CC3C(C)=CC(=O)C(O)C3(C)C3C(O)C(O)C4(C)OCC23C14,0
HIVSUB-01050,CCOc1ccc(N2CC(=O)N3CCCC(C)N3C(=O)C2)cc1,0
HIVSUB-01051,CC1OC(n2cc(F)c(=O)[nH]c2=O)C=CC1O,0
HIVSUB-01052,CCOC(=O)c1ccc(C(=O)n2ccnc2)[nH]1,0
HIVSUB-01053,CCCCCCCCCCCOC(=S)NC(C)C,0
HIVSUB-01054,COc1ccc(C2OCC3OC(n4cc(C)c(=O)[nH]c4=O)CC3N2OC(C)=O)cc1,0
HIVSUB-01055,O=C(Cn1c(=O)oc2ccc(C(=O)c3ccc(F)cc3)cc21)c1ccc([N+](=O)[O-])cc1,0
HIVSUB-01056,CN1CCCSC1=C1SC(=S)N(c2ccccc2)C1=O,0
HIVSUB-01057,CC=CC(=O)C(O)C(C)C,0
HIVSUB-01058,COc1cccc(C2c3cc4c(cc3OC(N3CCOCC3)C2C)OCO4)c1OC,0
HIVSUB-01059,COc1ccc(C=Cc2sc3ccccc3[n+]2CCCCI)cc1OC.[I-],0
HIVSUB-01060,CCOC1(OCC)CS(=O)(=O)C1c1ccc([N+](=O)[O-])cc1,0
HIVSUB-01061,CC12CCC3c4cc(OCC(F)(F)F)c(O)cc4C(=O)CC3C1CCC2O,0
HIVSUB-01062,O=C1C(Cl)C(c2ccc(Cl)cc2)N1n1cnc2ccccc2c1=O,0
HIVSUB-01063,N#CC(c1ccccn1)c1ncccc1[N+](=O)[O-],0
HIVSUB-01064,CCN(CC)CP(CN(CC)CC)CN(CC)CC,0
HIVSUB-01065,Cl.NC12CC3CC(C1)CC(C(=O)O)(C3)C2,0
HIVSUB-01066,Brc1ccc2c(C3CNC(c4c[nH]c5cc(Br)ccc45)CN3)c[nH]c2c1,0
HIVSUB-01067,COC(=O)C1CC2(CCC1=O)Cc1ccccc1C2=O,0
HIVSUB-01068,Cc1cc(O)c2c(c1)CC(O)C1=C2C(=O)c2c(O)ccc(OC3CC(O)C(OC4CC(OC5CCC(OC6CC(O)C(OC7CC(OC8CCC(O)C(C)O8)C(O)C(C)O7)C(C)O6)C(C)O5)C(O)C(C)O4)C(C)O3)c2C1=O,0
HIVSUB-01069,COc1cc(OC)c(Oc2cccc(OC)c2OC)c(OC)c1,0
HIVSUB-01070,CC1COC2=C1C(=O)C(=O)c1c2ccc2c1CCCC2(C)C,0
HIVSUB-01071,c1ccc(-c2c[se]nn2)cc1,0
HIVSUB-01072,CCOC(=O)NC(=O)c1cn(CCSCCOC(=O)NCCCCCCNC(=O)OCCSCCn2cc(C(=O)NC(=O)OCC)c(=O)n(C)c2=O)c(=O)n(C)c1=O,0
HIVSUB-01073,CC1NCC(O)C(O)C1O,0
HIVSUB-01074,N=C(NC(=S)N1CCCCC1)N1CCCCC1,0
HIVSUB-01075,CCCCn1c(-c2ccccc2)csc1=NNC(=O)Cn1c(C)nc2ccccc21,0
HIVSUB-01076,COc1ccccc1NC(=O)c1nc2ccc([N+](=O)[O-])cc2nc1C,0
HIVSUB-01077,CC(CCCC1SCC2NC(=O)NC21)C(=O)O,0
HIVSUB-01078,Br.C(=Cc1ccc(-c2cn3cc(C=CC=NNC4=NCCN4)ccc3n2)cc1)C=NNC1=NCCN1,0
HIVSUB-01079,OC1(c2ccccc2)CC2CCC(C1)N2CCc1ccccc1,0
HIVSUB-01080,CC12CCC3C(CCC4C(=O)c5[nH]ncc5CC43C)C1CCC2O,0
HIVSUB-01081,Cl.OC1CCCC2NCC(c3ccc4c(c3)OCO4)C12,0
HIVSUB-01082,COc1ccc(-c2nnc3c4ccccc4sn23)cc1,0
HIVSUB-01083,N#CC(C#N)=C1CCN2CCCc3cccc1c32,0
HIVSUB-01084,NCCCCC(NC(=O)C(CO)NC(=O)C(N)Cc1c[nH]cn1)C(=O)NC(Cc1ccccc1)C(=O)NC(Cc1c[nH]c2ccccc12)C(=O)NC(Cc1c[nH]c2ccccc12)C(N)=O,0
HIVSUB-01085,COC(=O)C1(O)C(c2ccccc2)NC2(C)CCCC21,0
HIVSUB-01086,CN1C(=O)C2c3c([nH]c4ccccc34)C3C(c4ccccc4N3S(=O)(=O)C(F)(F)F)C2C1=O,0
HIVSUB-01087,CN1C(=O)N(C)C2SC(NCc3ccccc3)=NN2C1=O,0
HIVSUB-01088,Cc1ccnc2nc(N)ccc12,0
HIVSUB-01089,O=C(O)c1cnn2c(=S)[nH]cnc12,0
HIVSUB-01090,O=C1C(NS(=O)(=O)c2ccccc2)=C(n2ccnc2)C(=O)c2ccccc21,0
HIVSUB-01091,CC1C2C=C(O)C(=O)C(C2=O)C1c1ccccc1,0
HIVSUB-01092,COc1ccc(-c2ccccc2)cc1SSc1cc(-c2ccccc2)ccc1OC,0
HIVSUB-01093,CCOc1csc(C2CCC3C4CC=C5CC(O)CCC5(C)C4CCC23C)n1,0
HIVSUB-01094,O=C(NCCCCCCNC(=O)c1cc(-c2ccccc2)nc2ccccc12)c1cc(-c2ccccc2)nc2ccccc12,0
HIVSUB-01095,O=[N+]([O-])c1ccc(N=Nc2c(O)c(N=Nc3cc([N+](=O)[O-])cc([N+](=O)[O-])c3O)cc(N=Nc3cc(S(=O)(=O)O)cc4cc(S(=O)(=O)O)cc(O)c34)c2O)cc1,1
HIVSUB-01096,COC(=O)C(Cc1ccccc1)NC(=O)Cn1ccnc1[N+](=O)[O-],0
HIVSUB-01097,CC1=NNC(=N)NC1=CC(Sc1ccc(Cl)cc1)c1c(O)ccc2ccccc12,0
HIVSUB-01098,CCOC(=O)C(=Cc1ccc(N(CCC#N)CCC#N)cc1)NC(=O)c1cc([N+](=O)[O-])ccc1Cl,0
HIVSUB-01099,O=S(=O)(c1ccc(Cl)cc1)c1ccccc1C1=NCCN1,0
HIVSUB-01100,Cc1cc2cc3cc(C)c(N)cc3nc2cc1N,0
HIVSUB-01101,CCN(CC)CCOC(=O)C1(CCC(C)C)CCCCC1,0
HIVSUB-01102,Cc1ccc(S(=O)(=O)c2c3nc4ccccc4nc3n3c2[nH]c2ccccc23)cc1,0
HIVSUB-01103,CC1(C)COC(c2ccc(C(=O)c3ccc(Cl)cc3)cc2)=N1,0
HIVSUB-01104,CCOC(=O)C(=Cc1ccc(OC)cc1)C(=O)c1ccccc1,0
HIVSUB-01105,COc1cc(C(=O)Oc2ccc3c(c2)OCO3)cc(OC)c1OC,0
HIVSUB-01106,CCc1nc2ccccn2n1,0
HIVSUB-01107,Cc1ccc(NC(=O)CC2C(=O)Nc3ccccc3S2(=O)=O)cc1C,0
HIVSUB-01108,CC(=O)c1sc(NC=C2C(=O)Oc3ccccc3C2=O)nc1C.Cl,0
HIVSUB-01109,Nc1ccc(N=Nc2ccc(C=Cc3ccc(N=Nc4ccc(N)c5cc(S(=O)(=O)O)ccc45)cc3S(=O)(=O)O)c(S(=O)(=O)O)c2)c2ccc(S(=O)(=O)O)cc12.[NaH],1
HIVSUB-01110,OC1CCOC1(O)c1ccccn1,0
HIVSUB-01111,Cn1c2ccc3cc2c(=S)c2cc(ccc21)OCCOCCOCCOCCOCCO3,0
HIVSUB-01112,C=C1CN2CCc3c([nH]c4ccccc34)C2CC1CC(=O)N(C)C,0
HIVSUB-01113,COc1ccc2nc3ccccc3c(NCCCCCN(C)CCCl)c2c1.Cl,0
HIVSUB-01114,O=C(C=Cc1cccc2ccccc12)c1ccc(Cl)cc1Cl,0
HIVSUB-01115,COc1ccc(NS(=O)c2c(C)cc(C)cc2C)cc1,0
HIVSUB-01116,O=C1CCC(=O)c2cc(Br)ccc2N1,0
HIVSUB-01117,O=S1OCC2(CO1)COS(=O)OC2,0
HIVSUB-01118,O=C(C(=O)C(=O)C(=O)C1C(=O)c2ccccc2C1=O)C(=O)C(=O)C1C(=O)c2ccccc2C1=O,0
HIVSUB-01119,C[N+](C)(O)CCNc1c2ccccc2nc2cccc([N+](=O)[O-])c12.Cl.[Cl-],0
HIVSUB-01120,CCN(CC)c1ccc2cc(C(N)=S)c(=N)oc2c1,0
HIVSUB-01121,CCOc1cc2c(cnc3c4cc(OC)c(OC)cc4ccc23)cc1OC,0
HIVSUB-01122,CC(C)CCCC(C)C1CCC2C3CCC4CC(CCCO)CCC4(C)C3CCC12C,0
HIVSUB-01123,NN=C(c1ccccc1)c1cccs1,0
HIVSUB-01124,O=C(NCCc1ccccc1)C(=Cc1ccc(Cl)cc1Cl)NC(=O)c1ccccc1,0
HIVSUB-01125,CC(=O)Oc1ccc(CC2COC(=O)C2Cc2ccc(OC(C)=O)c(OC(C)=O)c2)cc1OC(C)=O,0
HIVSUB-01126,COc1nc2c(nnn2C2OC(CO)C(O)C(O)C2O)c(=O)n1C,0
HIVSUB-01127,O=C(O)CNCc1c2ccccc2nc2ccccc12,0
HIVSUB-01128,O=C1CC(Sc2ccccc2)C2(OCCO2)C2ON3CCCCC3C12,0
HIVSUB-01129,CN1CC=C(c2cccn2C)CC1.O=C(O)C(=O)O,0
HIVSUB-01130,CC1CCC(=O)NCCCCC(=O)N1,0
HIVSUB-01131,O=C(CC(=O)c1cccc2ccccc12)C(=O)NC1C2CC3CC(C2)CC1C3,0
HIVSUB-01132,COc1cc(OC)c2c(=O)c(OC)c(-c3ccc4c(c3)OCO4)oc2c1OC,0
HIVSUB-01133,CC(=O)NNc1nc(C)c(C(C=Cc2ccccc2O)=NNC(=O)c2ccncc2)s1,0
HIVSUB-01134,Cc1cccc(NC(=O)C(=O)C(C(=O)c2ccccc2F)C2OC(=O)c3ccccc32)c1Cl,0
HIVSUB-01135,CN(C)CCn1c(=O)nc2c3cc(O)ccc3[nH]c3c([N+](=O)[O-])ccc1c32.Cl,0
HIVSUB-01136,CN(C)c1ccc(C=Cc2ccnc3c(O)cccc23)cc1,0
HIVSUB-01137,CC(C)C(NC(=O)C(N)CSSCC(N)C(=O)NC(C(=O)O)C(C)C)C(=O)O,0
HIVSUB-01138,N#Cc1c2n(c(=S)n(-c3ccccc3)c1=N)CCCCCCC2,0
HIVSUB-01139,C=CCCC[PH](c1ccccc1)(c1ccccc1)c1ccccc1,0
HIVSUB-01140,NS(=O)(=O)c1ccc(NNc2c3ccccc3nc3c(C(=O)Nc4ccc(S(N)(=O)=O)cc4)cccc23)cc1,0
HIVSUB-01141,COc1cc2c3c(c1)SCCC(=O)N3CCN2,0
HIVSUB-01142,COC(=O)C(C(=O)C(=O)Nc1ccc(N)cc1[N+](=O)[O-])c1nc2ccc(Cl)cc2nc1O,0
HIVSUB-01143,CC1OC(OC2C=C3CCC4C(CCC5(C)C(c6ccc(=O)oc6)CCC45O)C3(C)CC2)C(O)C(O)C1O,0
HIVSUB-01144,O=C(O)CCCC[PH](c1ccccc1)(c1ccccc1)c1ccccc1,0
HIVSUB-01145,O=C1C=C(O)C(=NO)c2ccccc21,0
HIVSUB-01146,COc1cc(CSc2ccc(O)cc2)cc(O)c1O,0
HIVSUB-01147,CC1CC12OC(=O)N(c1cc(Cl)cc(Cl)c1)C2=O,0
HIVSUB-01148,CC(=O)OCC1OC(n2c(-c3ccc(Cl)cc3)ccc(C#N)c2=S)C(OC(C)=O)C(OC(C)=O)C1OC(C)=O,0
HIVSUB-01149,COc1ccc(C2C3C(=O)N(c4ccc(Cc5ccc(N6C(=O)C7ON(c8ccccc8)C(c8ccc(OC)cc8)C7C6=O)cc5)cc4)C(=O)C3ON2c2ccccc2)cc1,0
HIVSUB-01150,CS[CH-][Mo+2]1234(C#[O+])(C#[O+])(C#[O+])C5=C1[C-]2C3=C54,0
HIVSUB-01151,C1OCN2c3nonc3N3COCN4c5nonc5N1C2C43,0
HIVSUB-01152,O=c1c(SCc2ccc(Cl)cc2)c(N2CCOCC2)cnn1-c1ccccc1,0
HIVSUB-01153,CC(C)c1cccc(C(C)C)c1NC(=O)CCC(=O)NN,0
HIVSUB-01154,CN(NC(=O)c1cccs1)C1=NCCN1.I,0
HIVSUB-01155,O=C1CCC(N2C(=O)c3ccccc3C2=O)C(=O)N1,0
HIVSUB-01156,CC1=NC(=Cc2ccc(Cl)cc2)C(=O)N1n1c(-c2ccccc2)nc2ccccc2c1=O,0
HIVSUB-01157,COc1ccc(C2=C3c4cc(OC)c(OC)cc4CCN3C(=S)SS2)cc1OC,0
HIVSUB-01158,CC(C)CC(C(N)=O)C(=O)NC(Cc1ccccc1)NC(=O)CNC(=O)OC(C)(C)C,0
HIVSUB-01159,CC(C=O)=Cc1ccc([N+](=O)[O-])cc1,0
HIVSUB-01160,CC(N)=CC(=O)c1[nH]c(C(=O)O)cc1C1CCN(Cc2ccccc2)C1=O,0
HIVSUB-01161,CCOCNC(=N)NC#N,0
HIVSUB-01162,Oc1nnc(O)c2[nH]cnc12,0
HIVSUB-01163,Ic1nc(-c2ccccc2)[nH]c1I,0
HIVSUB-01164,CC(=O)OC1CCC2(C)C(=CCC3C(CC#N)C(C)(C#N)CCC32)C1,0
HIVSUB-01165,O=c1[nH]nc(-c2ccccc2)n1-c1ccncc1,0
HIVSUB-01166,CNCCCNCCCSP(=O)(O)O,0
HIVSUB-01167,N#Cc1cc2c(n(C3OC(CO)C(O)C(O)C3O)c1=S)CCCCC2,0
HIVSUB-01168,COc1ccc2c(c1)CCN=C2Cc1ccccc1CCCl.Cl,0
HIVSUB-01169,COc1cc2c(cc1O)C1Cc3cc(O)c(OC)cc3C(C2)N1C,0
HIVSUB-01170,Cc1nc(=O)n2c(C)n[nH]c2c1C(=O)Nc1cc(Cl)cc(Cl)c1,0
HIVSUB-01171,CNc1ncn(-c2c(C)cccc2C)c(=O)n1,0
HIVSUB-01172,CC1(C)OC(CC2(C#N)CC(CCl)OC(C)(C)O2)CC(CC2(C#N)CC(CCl)OC(C)(C)O2)O1,0
HIVSUB-01173,FC(F)(F)c1nc(Cl)c2ncsc2n1,0
HIVSUB-01174,c1ccc2c(c1)cnc1c3ccccc3nn21,0
HIVSUB-01175,CCN(CC)CCCCCCNc1cc(C)cc2cccnc12.O=C(O)C(=O)O,0
HIVSUB-01176,O=C(Nc1ccc(Cl)c(Cl)c1)C(=O)Nn1c(=S)[nH]c2ccccc2c1=O,0
HIVSUB-01177,COC(=O)c1cc(C(=O)OC)c(CC(=O)C(=O)Nc2c(C(C)C)cccc2C(C)C)nc1CC(=O)C(=O)Nc1c(C(C)C)cccc1C(C)C,0
HIVSUB-01178,CC(C)CC(NC(=O)C(CO)NC(=O)OCc1ccccc1)C(=O)NC(Cc1ccc(O)cc1)C(=O)NN,0
HIVSUB-01179,Cc1cc2c(c3ncccc13)OCN(Cc1ccc(Cl)c(Cl)c1)C2,0
HIVSUB-01180,CC(C)(C)[Si](C)(C)OCC1OC(n2cnc3c(N)ncnc32)C(O[Si](C)(C)C(C)(C)C)C1O[Si](C)(C)C(C)(C)C,0
HIVSUB-01181,CC(=O)C1(C)CCC2C3C=C(C)C4=CC(=O)CCC4(C)C3CCC21C,0
HIVSUB-01182,Cc1ccc(-c2c(C#N)c(-c3ccc([N+](=O)[O-])cc3)c(C#N)c(=O)n2NS(=O)(=O)c2ccc(C)cc2)cc1,0
HIVSUB-01183,CCSSc1ccccc1C(=O)NC(CC)CO,0
HIVSUB-01184,CC(=O)c1sc(-c2nc(C)c(C(=O)C=Cc3ccc(C=CC(=O)c4sc(-c5nc(C)c(C(C)=O)s5)nc4C)cc3)s2)nc1C,0
HIVSUB-01185,C[n+]1c(-c2ccc(C=CC=NNC(=O)c3ccc(C(=O)NN=CC=Cc4ccc(-c5cn6ccccc6[n+]5C)cc4)cc3)cc2)cn2ccccc21.Cc1ccc(S(=O)(O)=[OH+])cc1,0
HIVSUB-01186,COc1cc2noc(-c3ccccc3)c2cc1OC,0
HIVSUB-01187,NS(=O)(=O)c1ccc(NC(=O)Nc2cc(C(F)(F)F)ccc2Cl)cc1,0
HIVSUB-01188,O=C(Nc1cc(C(=O)Nc2ccc(C3=NCCN3)cc2)cc(C2=NCCN2)c1)c1ccc(C(=O)Nc2cc(C(=O)Nc3ccc(C4=NCCN4)cc3)cc(C3=NCCN3)c2)cc1,1
HIVSUB-01189,CCOC(=O)C(=Cc1cccc(C#N)c1)C(C)=O,0
HIVSUB-01190,CC(C)CC(N)C(=O)NC(Cc1c[nH]cn1)C(=O)NC(CC(N)=O)C(=O)NC(C(=O)NC(CO)C(=O)NC(Cc1ccc(O)cc1)C(=O)NC(CO)C(=O)NC(C)C(=O)NC(CCCCN)C(=O)NC(CC(=O)O)C(=O)NC(CC(C)C)C(=O)O)C(C)O,0
HIVSUB-01191,CC(C)=CC1CC(C)C2(CCC3(C)CC4C5C(=CCC32)C(=O)OC5CC4(C)O)O1,0
HIVSUB-01192,CCOC(=O)c1ccc(N2C(=S)N(C(=O)c3ccccc3)C(=Nc3ccccc3)C2=Nc2ccccc2)cc1,0
HIVSUB-01193,c1ccc(C2=NN(c3ccccc3)CC2)cc1,0
HIVSUB-01194,Cc1nc(C)c(Cc2ccccc2)o1,0
HIVSUB-01195,O=C1NC(c2cccc(Cl)c2)N2C(=O)NC(c3cccc(Cl)c3)N12,0
HIVSUB-01196,Nc1ccc2ncc(Nc3ccc(F)cc3)nc2c1,0
HIVSUB-01197,CCCCCCCCON=Cc1c2c(O)c3c(O)c(C)c4c(c3c1O)C(=O)C(C)(OC=CC(OC)C(C)C(OC(C)=O)C(C)C(O)C(C)C(O)C(C)C=CC=C(C)C(=O)N2)O4,0
HIVSUB-01198,CC1CC(c2cccc3c2OCO3)=Nc2ccccc2S1,0
HIVSUB-01199,CC(C)c1cc(C(C)C)c(B(c2ccccc2)c2ccccc2)c(C(C)C)c1Br,0
HIVSUB-01200,Cc1ccc(S(=O)(=O)NC(=N)N(C)N=O)cc1,0
HIVSUB-01201,Cc1ccc2c(c1C)CC1(Cc3c(C)ccc(C)c3C1=O)C2=O,0
HIVSUB-01202,NCCCN1CCN(CCCN)CC1.O=C(O)c1ccc(C(=O)O)cc1,0
HIVSUB-01203,CC(CO)C1=C(c2c[nH]c3ccccc23)C2C(C)CC(O)C3(C)C(C)CCC(O)C23CC1,0
HIVSUB-01204,Cc1c2c(n3c(nc4ccccc43)c1C#N)N(c1ccc(F)cc1)CC2,0
HIVSUB-01205,BrC(C=NNc1nnc(-c2ccccc2)c(-c2ccccc2)n1)C(Br)c1ccccc1,0
HIVSUB-01206,O=C(Nc1ccn(C2CCC(CO)O2)c(=O)n1)c1ccccc1,1
HIVSUB-01207,O=C(CCc1ccc(O)c(O)c1)NCCc1ccccc1,0
HIVSUB-01208,Cc1cc2c(c3oc(C4(C)OC4C4OC4C)cc(=O)c13)C(=O)c1c(O)c(C3CC(C)(N(C)C)C(O)C(C)O3)cc(C3CC(N(C)C)C(O)C(C)O3)c1C2=O,0
HIVSUB-01209,CC(=NNc1ccccc1)c1sc(-c2nc(C)c(C(C)=NNc3ccccc3)s2)nc1C,0
HIVSUB-01210,[N-]=[N+]=C1C(=O)NC(=O)N2C3CC(O)C(COC12)O3,0
HIVSUB-01211,O=C1CN(CCO)CC(=O)N2Cc3ccccc3CN12,0
HIVSUB-01212,Brc1cccc(-c2nc3ccccc3[nH]2)c1,0
HIVSUB-01213,NS(=O)(=O)c1ccc(Nc2c3ccccc3nc3c(C(=O)N4CCN(CCO)CC4)ccc(Cl)c23)cc1,0
HIVSUB-01214,O=C(NO)Nc1ccc(Cl)cc1,0
HIVSUB-01215,c1ccc(Cc2nnc3n2CCC(c2ccccc2)S3)cc1,0
HIVSUB-01216,CC1(C(=O)OC2OC(CO)C(O)C(O)C2O)CCCC2(C)C1CCC13CC4CC(OC4(CO)C1O)C23,0
HIVSUB-01217,Cc1cc(Cl)ccc1NC1=NC(=O)C(CC(=O)Nc2cccc(Cl)c2)S1,0
HIVSUB-01218,CCOC(=O)C1(CC=CCCl)CCCC1=O,0
HIVSUB-01219,Cc1cc2c(cc1-c1cc3c(cc1C)C(C(C)C)=C(O)C(=O)C3=CNc1ccccn1)C(=CNc1ccccn1)C(=O)C(O)=C2C(C)C,0
HIVSUB-01220,Nc1nc(Nc2ccccc2)sc1O,0
HIVSUB-01221,COc1ccc2c(c1)-c1c(c3cc(OC)ccc3n1CCN(C)C)CC2,0
HIVSUB-01222,C=C1C(=O)OC2C1CCC(C)=C1C(=O)C=C(C)C12,0
HIVSUB-01223,N#CC(N=O)C(N)=O,0
HIVSUB-01224,COC(=O)c1c(-c2cc(OC)c(OC)c(OC)c2)oc2ccccc2c1=O,0
HIVSUB-01225,CCOC(=O)C1=C(O)C(=O)c2c(OC)ccc(OC)c2C1=O,0
HIVSUB-01226,CCOC(=O)C1(C)CCCc2sc(N)c(C#N)c21,0
HIVSUB-01227,CC(C)C(=O)C=Cc1ccc(Br)cc1,0
HIVSUB-01228,COCC12CCC(OC)C34C5CC6(O)C(OC)C=C(C5C6OC(=O)c5ccccc5)C(C(OC)C13)C4N(C)C2,0
HIVSUB-01229,CC(=O)N1CC(=Cc2ccccc2)C(=O)C(=Cc2ccccc2)C1,0
HIVSUB-01230,COc1cc(C=C2N=C(c3ccccc3)N(C3=NNC4(C(=O)N3)c3ccccc3-c3ccccc34)NC2=O)ccc1O,0
HIVSUB-01231,COC(=O)C1Cc2c([nH]c3ccccc23)-c2[nH]c3ccccc3c2CC(NC(C)=O)C(=O)NCC(=O)NCC(=O)N1,0
HIVSUB-01232,CC(=O)Nc1cccc(S(=O)(=O)c2cccc(NC(=O)c3ccccc3SC(=O)CCCC[n+]3ccccc3)c2)c1.[Br-],1
HIVSUB-01233,Cc1ccc2c(c1)nc1sc(C)cc(=O)n12,0
HIVSUB-01234,CCn1c2ccccc2c2cc(NC(=O)c3c(C)nc(O)nc3NCCNCCO)ccc21.Cl,0
HIVSUB-01235,O=S(=O)(SCCO)c1ccccc1,0
HIVSUB-01236,CN(C)c1ccc2nc(CC(O)(C(F)(F)F)C(F)(F)F)ccc2c1,0
HIVSUB-01237,CCOC(=O)C=Cn1c2ccccc2c(=O)c2cc(OC)ccc21,0
HIVSUB-01238,CCC(C)C(=O)c1c(O)c(CC2OC2(C)C)c(O)c2c(C(O)CC)cc(=O)oc12,0
HIVSUB-01239,Cn1c(=O)c2c(nc3n2CC(=O)N3CCCCl)n(C)c1=O,0
HIVSUB-01240,C=CC(C)(C)n1cc(C2=C3OC(=O)C(c4cn(C(C)(C)C=C)c5ccccc45)=C3OC2=O)c2ccccc21,0
HIVSUB-01241,CC[n+]1c(C=Cc2ccc(N(CCCl)CCCl)cc2)ccc2cc(I)ccc21.[I-],0
HIVSUB-01242,COC(=O)C(C(=O)C(=O)Nc1ccccc1C#N)c1nc2ccc([N+](=O)[O-])cc2nc1O,0
HIVSUB-01243,O=c1[nH][nH]c(=O)n1Cc1cccc(Cn2c(=O)[nH][nH]c2=O)c1,0
HIVSUB-01244,C=C1CN(S(=O)(=O)c2ccc(C)cc2)CCCN(Cc2ccccc2)CCN(S(=O)(=O)c2ccc(C)cc2)C1.Cl,0
HIVSUB-01245,O=C1NNC2CCCCC2O1,0
HIVSUB-01246,Cc1cc(NS(=O)(=O)c2ccc(Nc3c4ccccc4nc4ccccc34)cc2)no1,0
HIVSUB-01247,O=C(C#Cc1ccccc1)Nc1ccccc1CC(c1c[nH]c2ccccc12)c1c[nH]c2ccccc12,0
HIVSUB-01248,O=C1c2cc3c(cc2CC12Cc1cc4c(cc1C2)CCC4)CCC3,0
HIVSUB-01249,CC12CCC(C(C(O)C3CCCCC3)C1=O)C2(C)C,0
HIVSUB-01250,Cc1ccc(C=C2CCOC2=O)cc1,0
HIVSUB-01251,CC(C)(C)[Si](C)(C)OCC1OC(n2ccc(=O)[nH]c2=O)C(O[Si](C)(C)C(C)(C)C)C1(O)CC=NO,0
HIVSUB-01252,CCC(=O)CCC1=Nc2nnc(CCCCc3nnc4n3C(=O)C(CCC(=O)CC)=N4)n2C1=O,1
HIVSUB-01253,Cc1ccc(S(=O)(=O)n2c3c(c4ccccc42)CCN2CCC(Br)CC32)cc1,0
HIVSUB-01254,O=C(O)C1CSCN1C(=O)C1CCC(=S)N1,0
HIVSUB-01255,COc1ccc(OC)c(NC(=O)C(=O)Nn2c(=S)[nH]c3ccccc3c2=O)c1,0
HIVSUB-01256,COc1ccc(Oc2nc3c(N)cc(C(F)(F)F)cc3nc2-c2ccccc2)cc1,0
HIVSUB-01257,Nc1ccc(-c2ccc(N)c(S(=O)(=O)O)c2)cc1S(=O)(=O)O,0
HIVSUB-01258,[Li]Cl,0
HIVSUB-01259,CSC(=S)c1ccc(C(=S)SC)cc1,0
HIVSUB-01260,[N-]=[N+]=Nc1c(Cc2ccccc2)c(Cl)nc2ccccc12,0
HIVSUB-01261,CC(=O)OC12c3ccccc3C(c3ccccc31)C1C(=O)N(c3ccccn3)C(=O)C12,0
HIVSUB-01262,CCCCCCCCCCCCCCCCOCC(CCl)OP(=O)(O)OP(=O)(O)OCC1OC(n2ccc(=N)[nH]c2=O)C(O)C1O.[NaH],0
HIVSUB-01263,CC(=O)C1CCC(C)C2CCC3(C)OOC12C(OC=O)O3,0
HIVSUB-01264,O=C(O)CCC(NC(=O)c1ccc(CNc2nc3cc(C(F)(F)F)ccc3nc2C(=O)O)cc1)C(=O)O,0
HIVSUB-01265,c1ccc2c3c(ccc2c1)CSCc1ccc2ccccc2c1-3,0
HIVSUB-01266,COC(=O)c1cnn2c1ccc1ccccc12,0
HIVSUB-01267,CNc1ccc(C=Cc2ccnc3ccccc23)cc1,0
HIVSUB-01268,NCCCNCCCCN(CCCN)[N+](=O)[N-]O,0
HIVSUB-01269,CCCCc1ccc(Nc2nc(O)c3ncn(COCCO)c3n2)cc1,0
HIVSUB-01270,NCCOCCOCC(=O)O,0
HIVSUB-01271,CC(NC1CCCC1(O)C#Cc1ccc2c(c1)OCO2)c1ccccc1,0
HIVSUB-01272,Cl.NC12CCC(CC1=O)C2,0
HIVSUB-01273,COC1=CCC2=C(CCC3C2CCP3(C)=S)C1,0
HIVSUB-01274,Oc1ccc2occ3c2c1CCC3,0
HIVSUB-01275,Cc1ccccc1C(C#N)C(=NNC(=O)c1cc2ccccc2cc1O)C(=O)Nc1cccc(Cl)c1,0
HIVSUB-01276,O=C(CCC(=O)Nc1ccc(Cl)c(Cl)c1)CC(=O)c1ccc(F)cc1,0
HIVSUB-01277,O=C(NCCCNCCCCNCCCNC(=O)C(F)(F)F)C(F)(F)F.O=C(O)C(F)(F)F,0
HIVSUB-01278,CC(=NNC(=N)N)C(CN(CC(C)C)CC(C)C)C(=O)Nc1ccc(C)cc1C,0
HIVSUB-01279,CCOC(=O)C(C)(C)C(OP(OCC)OCC)=C(C)C,0
HIVSUB-01280,CCOC(=O)Cn1c(=O)c2nc(SC)sc2n(-c2ccccc2)c1=S,0
HIVSUB-01281,Cc1c(C)c2c(c(N)c1C#N)C(=O)N(NC(=O)c1ccccc1)C2=O,0
HIVSUB-01282,Nn1c(-c2cccc(Cl)c2)nc2ccccc2c1=O,0
HIVSUB-01283,O=C(O)CCN(CCC(=O)O)c1ccc(C=C2SC(=S)NC2=O)cc1,0
HIVSUB-01284,Cc1cc(S(=O)(=O)NC2=NCCN2Cc2ccccc2)c(S)cc1Cl,0
HIVSUB-01285,COc1ccc(N=Nc2c(C)c(C#N)c(=S)n(C3OC(COC(C)=O)C(OC(C)=O)C(OC(C)=O)C3OC(C)=O)c2C)cc1,0
HIVSUB-01286,CC1CN(Cc2ccccc2)C(=N)S1,0
HIVSUB-01287,CCOC(=O)C1=C(O)c2c(sc(C)c2-c2ccccc2)N(S(=O)(=O)c2ccc(C)cc2)CC1,0
HIVSUB-01288,Cn1c(=O)cc(NNc2ccc(Br)cc2)[nH]c1=O,0
HIVSUB-01289,CN(C)C1=CC(=O)C(=O)c2cnc(N(C)C)cc21,0
HIVSUB-01290,Cc1ccc(NC(=O)C(CC2Nc3c(ccc4c3C(=O)c3ccccc3C4=O)NC2O)=NNC(C)(C)C)cc1,0
HIVSUB-01291,COc1ccc(OCC(=O)O)c2c1CCC(C)C2=O,0
HIVSUB-01292,C#CC1(O)c2ccccc2C(=O)c2ccccc21,0
HIVSUB-01293,N=C(Cc1ccc(Cl)cc1)NO,0
HIVSUB-01294,CC[Pb](CC)(CC)OC(=O)C(F)(F)F,0
HIVSUB-01295,CCOc1ccc(N2C(=O)C3c4[nH]c5ccccc5c4C4CCC(C(C)(C)C)CC4C3C2=O)cc1,0
HIVSUB-01296,O=C1CC(CC(O)C(O)C(O)CO)CC(=O)N1,0
HIVSUB-01297,O=C1OC2(CCCCC2)c2ccccc21,0
HIVSUB-01298,CC1=C(C#N)C2(C(=O)N(C)c3ccccc32)C(C#N)=C(C)N1c1ccccc1,0
HIVSUB-01299,Cc1ccccc1CC1(Br)CC(C)(C)c2ccccc2C1=O,0
HIVSUB-01300,O=C1Nc2nccnc2C(=O)N2CCCC12,0
HIVSUB-01301,O=[N+]([O-])c1ccccc1S(=O)(=O)c1cc(O)cc2c1NCCC2,0
HIVSUB-01302,O=c1[nH]c2ccc(Cl)cc2o1,0
HIVSUB-01303,NC(CCSSCCC(N)C(=O)O)C(=O)O,0
HIVSUB-01304,CC12CCC(O)CC1=CCC1C2CCC2(C)C(=NOCCN3CCCC3)CCC12,0
HIVSUB-01305,CC[N+](C)(CC)CCCC(C)N1C(=O)C2CCCCC2C1=O,0
HIVSUB-01306,C=C(C)CS(=O)(=O)O,0
HIVSUB-01307,c1ccc2[nH]c(SSSSc3nc4ccccc4[nH]3)nc2c1,0
HIVSUB-01308,COc1ccc2c(c1)C(NC(C)=O)CCc1cc(OC)c(OC)c(OC)c1-2,0
HIVSUB-01309,O=c1[nH][nH]c(=O)n1N=Cc1ccccc1,0
HIVSUB-01310,CC(C)(C)OC(=O)NNC(=N)c1ccccc1,0
HIVSUB-01311,COc1nc(N=[N+]=[N-])nc(-c2c(OC)ccc3ccccc23)n1,0
HIVSUB-01312,Cc1cc(C)n2[nH]c(=N)c(C#N)c2c1C#N,0
HIVSUB-01313,CC(C)=CC[PH](CCCCCC[PH](CC=C(C)C)(c1ccccc1)c1ccccc1)(c1ccccc1)c1ccccc1,0
HIVSUB-01314,CC(Cc1ccccc1)NC(=O)CCNNC(=O)c1ccncc1,0
HIVSUB-01315,C[Se]CCC1OCC2OC(n3cc(C)c(=O)[nH]c3=O)CC2N1O,1
HIVSUB-01316,OC(CCN1CCOCC1)(c1cccc(Cl)c1)C1CCCCC1,0
HIVSUB-01317,COc1ccc(C(c2c(O)c3ccccc3oc2=O)N2CCCC2)cc1,0
HIVSUB-01318,CCOC(=O)C(c1ccsc1)P(=O)(OCC)OCC,0
HIVSUB-01319,Cl.NC1CC(=O)c2c(Br)sc(Br)c21,0
HIVSUB-01320,Brc1cccc[n+]1Cc1cccc(C[n+]2ccccc2Br)c1,0
HIVSUB-01321,N#Cc1c2nc3ccccc3nc2n2ccccc12,0
HIVSUB-01322,O=C1C(=Cc2ccc(Cl)cc2)NC(=S)N1CN1CCOCC1,0
HIVSUB-01323,O=C1CC2C(c3ccccc3)C3C(=O)c4ccccc4NC(=O)C3C2(O)c2ccccc2N1,1
HIVSUB-01324,O=C(CC1(O)C(=O)Nc2ccc(Br)cc21)c1ccc(Cl)cc1Cl,0
HIVSUB-01325,Nc1nc(Cl)cc(NCC2(CO)CC=CC2)n1,0
HIVSUB-01326,c1ccc(CN2CCC(Nc3ccccc3)(c3nnnn3Cc3ccccc3)CC2)cc1,0
HIVSUB-01327,N#CC(NNC(=O)c1ccccc1O)c1c(O)ccc2ccccc12,0
HIVSUB-01328,COC(=O)C12CN(C)CC(C(=O)OC)(C1=O)C(c1ccccc1)OC2c1ccccc1,0
HIVSUB-01329,CC(=O)c1ccc(N=Nc2ccc3nonc3c2N)cc1,0
HIVSUB-01330,Cc1ccc(N=Cc2ccc3c(c2)OCO3)cc1C,0
HIVSUB-01331,CCCCCCCCCCC(=O)CC(=O)c1c(O)cccc1O,0
HIVSUB-01332,O=C(O)Cc1c(-c2ccc([N+](=O)[O-])cc2)c(=O)oc2cc(O)ccc12,0
HIVSUB-01333,CCOC(=O)C(=Cc1cccc(C)c1)C(C)=O,0
HIVSUB-01334,CCOc1ccc(Nc2nc(C)c(C(=O)CC(=O)C(=O)Nc3ccc(Cl)c(C(F)(F)F)c3)s2)cc1,0
HIVSUB-01335,CCCCCC#COC1CC(C)CCC1C(C)C,0
HIVSUB-01336,CC(C)NC(=O)OCc1c(COC(=O)NC(C)C)n(C)c2c1ccc1sccc12,0
HIVSUB-01337,Nc1nnc(Cc2ccccc2[N+](=O)[O-])c(O)n1,0
HIVSUB-01338,O=C1OCCc2c1[nH]c1ccccc21,0
HIVSUB-01339,CC(Sc1ccccc1)C(CO)(CO)[N+](=O)[O-],0
HIVSUB-01340,CC12Nc3c(Cl)cc(Cl)cc3N1C(=O)c1ccccc12,0
HIVSUB-01341,Cc1ccc(NC(=O)Nc2sc(=S)c3c(c2C#N)CCCC3)c(C)c1,0
HIVSUB-01342,CN(C)CCNC(=O)c1cccc2c1Oc1c(cccc1[N+](=O)[O-])O2.Cl,0
HIVSUB-01343,O=c1nc2occc2cn1C1CC(O)C(CO)O1,0
HIVSUB-01344,CCN(CC)CC(O)CN(CC(=O)Nc1c(C)cccc1C)CC(C)C,0
HIVSUB-01345,CC1=NNC(=O)C1C1C(=O)NN=C(c2c[nH]c3ccccc23)C1Br,0
HIVSUB-01346,Cc1ccc(C(c2c(O)c3ccccc3n(-c3ccccc3)c2=O)c2c(O)c3ccccc3n(-c3ccccc3)c2=O)cc1,0
HIVSUB-01347,Cc1cc2c(c(C=Nc3ccccc3O)c1)OC1(C=C2)Oc2ccccc2C(=O)N1C,0
HIVSUB-01348,O=C(c1ccccc1)N1C2C3CC(OCc4ccccc4)(OCc4ccccc4)C(O3)C21,0
HIVSUB-01349,Cc1nc2cc(N)c(F)cc2[nH]1,0
HIVSUB-01350,CC(=O)C(=C(I)I)c1ccccc1,0
HIVSUB-01351,CS1(=O)=NC(=N)c2ccccc21,0
HIVSUB-01352,COc1ccc(C=c2sc3n(c2=O)C(N)=C(C#N)C(c2ccc(OC)cc2)C=3c2nc3ccccc3[nH]2)cc1,0
HIVSUB-01353,O=C(CC(O)c1cccnc1)CC(O)c1cccnc1,0
HIVSUB-01354,CCOC(=O)Nc1nn(C)c(=NCc2ccccc2)s1,0
HIVSUB-01355,COc1cc(C(O)C2C(=O)OCC2C2(c3ccc4c(c3)OCO4)SCCCS2)cc(OC)c1OC,0
HIVSUB-01356,O=C(O)C(CCSSCCC(Nc1ccc([N+](=O)[O-])cc1[N+](=O)[O-])C(=O)O)Nc1ccc([N+](=O)[O-])cc1[N+](=O)[O-],0
HIVSUB-01357,COC(=O)C1(C(=O)OC)Cc2ccc(OC)cc2C2=C1C(=O)c1ccccc1C2=O,0
HIVSUB-01358,Cc1ccc(NC(=O)C(=O)Cc2cc[n+]([O-])cc2)cc1,0
HIVSUB-01359,Nc1ccc2c(c1)CN1C(=O)c3ccccc3C1=N2,0
HIVSUB-01360,CN1C(=O)N(C)C(=O)C(Nc2ccc([N+](=O)[O-])cc2)(SCCO)C1=O,1
HIVSUB-01361,NC1=C(N2CCOCC2)C(=O)NC2=NC(=Cc3ccccc3O)C(=O)N21,0
HIVSUB-01362,O=c1c(SCc2ccc(F)cc2)c(SCc2ccc(F)cc2)cnn1-c1ccccc1,0
HIVSUB-01363,CC(C)CC(NC(=O)C(CO)NC(=O)C(CCCCN)NC(=O)C(CCCCN)NC(=O)C(NC(=O)CNC(=O)C(NC(=O)C(CO)NC(=O)C(NC(=O)C(NC(=O)C(CO)NC(=O)C(CC(N)=O)NC(=O)C(N)CCC(N)=O)C(C)C)C(C)C)C(C)O)C(C)C)C(=O)NC(Cc1ccccc1)C(=O)NC(CCC(N)=O)C(=O)O,0
HIVSUB-01364,O=[N+]([O-])C=Cc1cc2ccccc2[nH]1,0
HIVSUB-01365,[CH2-][N+](=O)CCC1(O)CC(n2ccc(=O)[nH]c2=O)OC1CO[Si](C)(C)C(C)(C)C,0
HIVSUB-01366,CCCCCC(=O)Nc1nc[nH]c1C(N)=O,0
HIVSUB-01367,O=C(ON=c1ccc(=O)c(=NOC(=O)c2ccccc2)c1=O)c1ccccc1,0
HIVSUB-01368,CN1CN(c2ccccc2)C2(CCN(CCCC3(c4cccs4)OCCO3)CC2)C1=O.O=C(O)C=CC(=O)O,0
HIVSUB-01369,O=C(O)C1CSC(c2cccs2)N1,0
HIVSUB-01370,COc1cccc(Oc2c(O)c3ccc(OC)cc3oc2=O)c1,0
HIVSUB-01371,NC(=O)C(F)(F)C(N)=O,0
HIVSUB-01372,Cc1cc2cccc(Cl)c2nc1C(=O)c1ccccc1,0
HIVSUB-01373,CC1(C)C2CCC1C(=O)C(C=O)C2,0
HIVSUB-01374,c1ccc2c(c1)CC1c3[nH]c4ccccc4c3CCN21,0
HIVSUB-01375,COc1ccc(NC(=O)C(=O)Cc2ccc([N+](=O)[O-])c([N+](=O)[O-])c2CC(=O)C(=O)Nc2ccc(OC)cc2OC)c(OC)c1,0
HIVSUB-01376,Cc1cc(O)c2c(oc3cc(O)c4c(c32)COC4=O)c1C(=O)O,0
HIVSUB-01377,CN(C)c1nc(=Nc2nnc[nH]2)ss1,0
HIVSUB-01378,CN1c2ccccc2N(C(=O)c2ccccc2)C(CC(=O)O)c2cccn21,0
HIVSUB-01379,CCOC(=O)C1=CC(C)(C(=O)OCC)Nc2c(nc(SC)n(C)c2=O)N1,0
HIVSUB-01380,Clc1cccc(Cl)c1C=NC12CC3CC(CC(C3)C1)C2,0
HIVSUB-01381,CCC1(O)C(=O)OCc2c1cc1n(c2=O)Cc2cc3cc(OC)c(OC)cc3nc2-1,0
HIVSUB-01382,Cc1cc(=O)oc2c3c4c(cc12)CCCN4CCC3,0
HIVSUB-01383,CCCCC(CC)CO[Si](OCC(CC)CCCC)(OCC(CC)CCCC)OCC(CC)CCCC,0
HIVSUB-01384,CC(C)(C)OC(=O)NC(CCCCNC(=O)CNC(=O)OCc1ccccc1)C(=O)NC(CCCCNC(=O)CNC(=O)OCc1ccccc1)C(=O)NC(CCCCNC(=O)CNC(=O)OCc1ccccc1)C(=O)NC(CCCCNC(=O)CNC(=O)OCc1ccccc1)C(=O)O,1
HIVSUB-01385,C[PH](C)(C)[Ir-3]1([PH](C)(C)C)([PH](C)(C)C)[OH+]C(=O)C2CCCCN21.[Cl-],0
HIVSUB-01386,Oc1nc2ccc(C(F)(F)F)cc2nc1-c1ccccc1,0
HIVSUB-01387,COc1ccc(N2C(=O)C3c4[nH]c5ccccc5c4C4CCC(C(C)C)CC4C3C2=O)cc1,0
HIVSUB-01388,O=C(NCc1ccccc1Cl)c1c(O)nc2ccccc2c1O,0
HIVSUB-01389,ClC(Cl)=C1C(=C(Cl)Cl)C(Cl)(Cl)C1(Cl)Cl,0
HIVSUB-01390,Cc1cc(C(C#N)=Cc2ccc(N(C)C)cc2)cc(C)c1[N+](=O)[O-],0
HIVSUB-01391,CCCCCCCCCCCCCCCCCCn1[se]c2ccccc2c1=O,0
HIVSUB-01392,C=C1C(=O)OC2C=C(C=O)CCC=C(C)C(O)CC12,0
HIVSUB-01393,C1CCNC1.O=C1Nc2ccccc2C1=Cc1cc(Cl)cc(Cl)c1O,0
HIVSUB-01394,O=C(O)C=CCCCCCCCCC(=O)O,0
HIVSUB-01395,CCOC(=O)c1ccc(CSc2ccccc2C(=O)OCC)c([N+](=O)[O-])c1,0
HIVSUB-01396,C[N+]1(CCCl)CCc2ccc([N+](=O)[O-])cc2C1.[Cl-],0
HIVSUB-01397,N#CCc1ccc(C(C#N)C(CCCC(=O)Nc2cccc([N+](=O)[O-])c2)=NNC(=O)NN)cc1,0
HIVSUB-01398,O=C(O)CN1CCN(CC(=O)O)CCN(CC(=O)O)CCN(CC(=O)O)CC1,0
HIVSUB-01399,O=C(c1nc2ccc(Cl)cc2nc1O)C(O)c1ccccc1,0
HIVSUB-01400,N=C(N)NCCC(O)(P(=O)(O)O)P(=O)(O)O.[NaH],0
HIVSUB-01401,O=c1oc2cc(O)ccc2c(O)c1C(c1ccc(C=Cc2ccccc2)cc1)c1c(O)c2ccc(O)cc2oc1=O,0
HIVSUB-01402,O=c1c2ccccc2nc(NN=Cc2ccc([N+](=O)[O-])cc2)n1-c1ccccc1,0
HIVSUB-01403,CC1=NC(=Cc2cccc(Br)c2)C(=O)O1,0
HIVSUB-01404,Cc1cccc2c1C(=O)N(CC[PH](c1ccccc1)(c1ccccc1)c1ccccc1)C2=O,0
HIVSUB-01405,C[N+](C)(C)CC(=O)NN=C(C=Cc1ccccc1)CC1OC(=O)c2ccccc21.[Cl-],0
HIVSUB-01406,COc1ccc(C=C2SC(c3ccc(Cl)cc3)N(NC(=O)CCCCCCCCC(=O)NN3C(=O)C(=Cc4ccc(OC)c(OC)c4)SC3c3ccc(Cl)cc3)C2=O)cc1OC,1
HIVSUB-01407,CC12SC3(C)SC(C)(S1)SC(C)(S2)S3,0
HIVSUB-01408,CCOC(=O)c1nc2cc(C(F)(F)F)ccc2nc1Oc1ccc(C(=O)OC)cc1,0
HIVSUB-01409,Cc1cn(C2CC(NO)C(CO[Si](C)(C)C(C)(C)C)O2)c(=O)[nH]c1=O,0
HIVSUB-01410,O=C(CCc1n[nH]c(=S)o1)Nc1cc(Cl)ccc1Cl,0
HIVSUB-01411,CC1=[O+][Co-4]23(NCC[N+]2(CCCl)CCCl)([O+]=C(C)[C-]1c1ccc([N+](=O)[O-])cc1[N+](=O)[O-])[O+]=C(C)[C-](c1ccc([N+](=O)[O-])cc1[N+](=O)[O-])C(C)=[O+]3.[O-][Cl+3]([O-])([O-])[O-],0
HIVSUB-01412,NC(=O)Cn1c(=O)[nH]c(=O)c2[nH]cnc21,0
HIVSUB-01413,C=C=C[PH](c1ccccc1)(c1ccccc1)c1ccccc1,0
HIVSUB-01414,COC(=O)C1C=CN(N(C)C)C2=C1C(=O)c1c(O)cccc1C2=O,0
HIVSUB-01415,Fc1ccc2c(c1)CN(CCN1COc3ccc(F)cc3C1)CO2,0
HIVSUB-01416,COc1cc2cc(C(=O)N3CC(CCl)c4c3cc(NC(=O)OCc3ccc([N+](=O)[O-])cc3)c3ccccc43)[nH]c2c(OC)c1OC,0
HIVSUB-01417,C=CCN1C(=O)C(c2ccccc2)(c2ccccc2)NC1=S,0
HIVSUB-01418,N[Co-4](N)([N+](=O)[O-])([N+](=O)[O-])([N+](=O)[O-])[N+](=O)[O-].[Cs+],0
HIVSUB-01419,O=C(O)CN(CC(=O)O)Cc1cc(C#Cc2ccc(C#Cc3ccccc3)cc2)cc(CN(CC(=O)O)CC(=O)O)n1,0
HIVSUB-01420,COc1ccc(C=C(C(=O)OCC(C)C)c2ccc(OC)c(OC)c2)cc1OC,0
HIVSUB-01421,COC(=O)C(Cc1ccc2c(c1)CCC2)Cc1ccc2c(c1)CCC2,0
HIVSUB-01422,COC1=CC(=O)C2C3COc4ccccc4C3C2C1=O,0
HIVSUB-01423,CC1=NC(=Cc2cccc(Cl)c2)C(=O)N1n1c(-c2ccccc2)nc2ccccc2c1=O,0
HIVSUB-01424,CCOC(=O)CC(NC(=O)c1nc[nH]c1N=NN(C)C)C(=O)OCC,0
HIVSUB-01425,COC(=O)C(C(=O)C(=O)NC1Nc2ccc(C)cc2S1)c1nc2ccc(Cl)cc2nc1O,0
HIVSUB-01426,CSc1nc(N)c(NC2OC(CO)C(O)C2O)c(O)n1,1
HIVSUB-01427,C=CCSCC1Nc2cc(Cl)c(S(N)(=O)=O)cc2S(=O)(=O)N1C,0
HIVSUB-01428,COc1ccc(NC(=O)CC(=O)NN=Cc2ccc(N(CCC#N)S(=O)(=O)c3ccccc3)cc2)cc1,0
HIVSUB-01429,CCCc1ccc(N=Cc2cc(OC)c(OC)c(OC)c2)cc1,0
HIVSUB-01430,CC(=O)Oc1cc(C)c2c(c1OC(C)=O)CC1(O2)C(C)CCC2C3(C)CCC(OC(C)=O)C(C)(C)C3CCC21C,0
HIVSUB-01431,Cc1ccc(S(=O)(=O)O)cc1.N=C(NO)NN=CC1CC2C=CC1C2,0
HIVSUB-01432,N=c1c2c(ncn1N)CCN(Cc1ccccc1)C2,0
HIVSUB-01433,CC1(C)[CH-][N+](=O)C(C)(C)N1,0
HIVSUB-01434,O=C1CSC(C(N=Nc2ccccc2)=C2Nc3ccccc3N2)=N1,0
HIVSUB-01435,COC(=O)C1=C(C(=O)OC)C2(c3ccccc3)c3ccccc3C(=O)C1N2C1CCCCC1,0
HIVSUB-01436,Clc1cc(OC23CC4CC(CC(C4)C2)C3)nc(Cl)n1,0
HIVSUB-01437,CCCC[Sn]1(CCCC)OC(=O)c2ccc(N)cc2O1,0
HIVSUB-01438,CCOC(=O)CC(=O)CSc1c(-c2ccccc2)c(=O)n(-c2ccccc2)c(=S)n1-c1ccccc1,0
HIVSUB-01439,Cc1cccc(C(C)C)c1NC(=O)C(=O)C(C(=O)c1ccccc1F)C1OC(=O)c2ccccc21,0
HIVSUB-01440,CCC1=CCC23C(=O)C=CC(=O)C2(C1)C(=O)c1cccc(OC)c1C3=O,0
HIVSUB-01441,CC1=CC(C)S(=O)(=O)C1,0
HIVSUB-01442,Cc1nc2sc(C)c(C)c2c(=O)o1,0
HIVSUB-01443,N=C1OC(CN2CCN(c3ccccc3)CC2)CN1C(=S)Nc1ccccc1,0
HIVSUB-01444,CN1CCN(C2Sc3ccccc3C(=O)N3CCCC23)CC1,0
HIVSUB-01445,CN(C)CCCNC(CC#N)CCC#N,0
HIVSUB-01446,NP(N)(=O)NC(=O)c1ccc(F)cc1,0
HIVSUB-01447,COc1cc(=O)cc2n(c1=O)CCC2,0
HIVSUB-01448,CC(C)(C)OC(=O)NC(Cc1ccccc1)C(=O)OCN1C(=O)C2C3C=CC(C2C1=O)C1C2C(=O)N(COC(=O)C(Cc4ccccc4)NC(=O)OC(C)(C)C)C(=O)C2C31,0
HIVSUB-01449,CC(C)(C)C1=C(Br)C(OC(=O)C(F)(F)F)(C(C)(C)C)OP1(=O)c1ccccc1,0
HIVSUB-01450,COC(=O)C1(c2ccc(N(C)C)cc2OC)CCCN(C(=O)Oc2ccccc2[N+](=O)[O-])CCc2c1[nH]c1ccccc21,0
HIVSUB-01451,NNc1nc(Nc2ccccc2)nc(Nc2ccccc2)n1,0
HIVSUB-01452,I.S=C(NNC1=NCCCCN1)Nc1ccc(Cl)cc1,0
HIVSUB-01453,C=CCOc1ccc(C2(c3ccc(OCC=C)cc3)C(=O)Nc3ccccc32)cc1,0
HIVSUB-01454,O=C(COC(=O)c1cccc2c(=O)c3ccccc3[nH]c12)Nc1ccc(S(=O)(=O)Nc2ncccn2)cc1,0
HIVSUB-01455,CCCN(CCC)C(=O)c1c([N+](=O)[O-])cc(C(F)(F)F)cc1[N+](=O)[O-],0
HIVSUB-01456,CC1=CP(=O)(c2ccccc2)C=C(C)C1=C(Cl)Cl,0
HIVSUB-01457,NC(=O)C1C(=O)Oc2cccnc21,0
HIVSUB-01458,O=C(c1cccc(C(=O)N(c2ccccc2)c2ccccc2)n1)N(c1ccccc1)c1ccccc1,0
HIVSUB-01459,COc1ccc2c(c1)OCCN(C)OC2c1cccc(Cl)c1,0
HIVSUB-01460,O=[N+]([O-])c1cccc(C2SCc3nc4ccccc4n32)c1,0
HIVSUB-01461,O=c1[nH]nc(Cc2ccccc2)n1N=Cc1ccc([N+](=O)[O-])cc1,0
HIVSUB-01462,N=C(N)NS(=O)(=O)c1ccc(NC(=O)c2ccc(Cl)c3c(Nc4ccc(S(=O)(=O)NC(=N)N)cc4)c4ccccc4nc23)cc1,0
HIVSUB-01463,CC1(C)COC(=O)N1,0
HIVSUB-01464,COc1c2occc2c(S(=O)(=O)O)c2ccc(=O)oc12,0
HIVSUB-01465,CSC(=C(S)c1ccccc1)c1ccccc1,0
HIVSUB-01466,CC1(C(N)=O)OC12CCCCC2,0
HIVSUB-01467,COC(=O)C1CCC(=O)N1CN(C(C)=O)c1ccccc1,0
HIVSUB-01468,CCCCCc1cc(O)c2c3c(c(=O)oc2c1)CP(=O)(c1ccccc1)CC3,0
HIVSUB-01469,CCOC(=O)c1c2nc3ccccc3sc-2c(C(=O)OCC)c1C(=O)OCC,0
HIVSUB-01470,O=Cc1ccc2c(c1)CC1(Cc3ccccc3C1)C2,0
HIVSUB-01471,COc1cccc(CCNC(=O)CC#N)c1,0
HIVSUB-01472,CC1=C2c3ccccc3N(S(=O)(=O)c3ccccc3)C2C(C(=O)N2C3CC4CCC3(CS2(=O)=O)C4(C)C)CC1,1
HIVSUB-01473,CS(=O)(=O)OCCCNCCCOS(C)(=O)=O,0
HIVSUB-01474,CC1=NNC(=O)C1C(CC(=O)c1c[nH]c2ccccc12)C(=O)O,0
HIVSUB-01475,COC(=O)C(Cc1cn(C(c2ccccc2)(c2ccccc2)c2ccccc2)cn1)NCc1cc(N(C)C)cc(CNC(Cc2cn(C(c3ccccc3)(c3ccccc3)c3ccccc3)cn2)C(=O)OC)n1,0
HIVSUB-01476,c1ccc2c(c1)SCC1COCOC21,0
HIVSUB-01477,Cn1cc([N+](=O)[O-])cc1C(=O)Nc1cc(C(=O)Nc2ccc(S(=O)(=O)O)c3cc(S(=O)(=O)O)ccc23)n(C)c1.[NaH],0
HIVSUB-01478,N=c1[nH][nH]c(=N)n1-n1c(=N)[nH][nH]c1=N,0
HIVSUB-01479,Cc1cc(C(C)(C)C)oc(=O)c1NC(=O)c1ccccc1,0
HIVSUB-01480,CCOC(=O)c1nc2ccc([N+](=O)[O-])cc2c2c1CCO2,0
HIVSUB-01481,Cc1cc(N(CCC#N)CCC#N)ccc1C=C1N=C(c2cc([N+](=O)[O-])ccc2Cl)N(NC(=O)c2ccc(N=Cc3ccc(N(CCC#N)S(C)(=O)=O)cc3C)cc2)C1=O,0
HIVSUB-01482,CC(C)NC(=O)OCCS(=O)c1c(Cl)c(Cl)nn1C,0
HIVSUB-01483,O=C1C(N=Nc2ccc(Br)cc2)Sc2nc3ccccc3n21,0
HIVSUB-01484,O=C1C(N=Nc2ccc(Cl)cc2)Sc2nc3ccccc3n21,0
HIVSUB-01485,O=c1c2ccccc2c2nccn2c2ccccc12,1
HIVSUB-01486,O=C(Nc1ccc([N+](=O)[O-])cn1)Nc1ccccc1F,0
HIVSUB-01487,c1ccc(-c2nc(-c3ccccc3SSc3ccccc3-c3nc(-c4ccccc4)nn3-c3ccccc3)n(-c3ccccc3)n2)cc1,0
HIVSUB-01488,CC(=O)N1N=C(C)C2ON=C(c3ccc(Cl)cc3)P21,0
HIVSUB-01489,O=C1CCC(=O)c2sccc2N1,0
HIVSUB-01490,O=C(Nc1ccc(Cl)cc1)C1C(=O)C(=O)N(c2ccc(Cl)cc2)C1=O,0
HIVSUB-01491,CC(=O)N1C(Nc2ccccn2)CCN1c1ccccc1,0
HIVSUB-01492,O=C1Nc2ccccc2C12OCCS2,0
HIVSUB-01493,Cc1ccc(S(=O)(=O)CNC(=S)CCCC(=S)NCS(=O)(=O)c2ccc(C)cc2)cc1,0
HIVSUB-01494,COC(=O)C1(C)CCCC2(C)C1CCC13OOC(CC21)C1(C(C)C)OC31,0
HIVSUB-01495,O=[N+]([O-])c1ccc(CSc2nncc3nc[nH]c23)cc1,0
HIVSUB-01496,O=C(NO)c1ccc(C(=O)NO)c(Br)c1,0
HIVSUB-01497,O=C1Cc2c([nH]c3c(Br)cccc23)-c2ccccc2N1,0
HIVSUB-01498,CCN(CC)CCOC(=O)c1nc(O)nc(O)c1N,0
HIVSUB-01499,CCOC(=O)C(C)(c1c(C)n(C)c2ccccc12)c1c(C)n(C)c2ccccc12,0
HIVSUB-01500,Cc1cc(C)nc(NC(=S)Nc2cccc(Cl)c2)c1,0
HIVSUB-01501,COCCOCCOCCC(=O)NC1CC2CCC1(C)C2(C)C,0
HIVSUB-01502,O=C(C1=CC=CCC1)C(=CNC(=S)c1ccncc1)C(=O)c1ccccc1,0
HIVSUB-01503,Cc1nc(O)nc(O)c1C(=O)O,0
HIVSUB-01504,CC(=O)Nc1ccccc1C[PH](c1ccccc1)(c1ccccc1)c1ccccc1,0
HIVSUB-01505,O=C1C(=NO)C2CCC1C2,0
HIVSUB-01506,Cl.OCC(O)C1NCC(O)C1O,0
HIVSUB-01507,CCOC(=O)C(Br)=C1OC(=O)c2ccccc2-c2ccccc21.CCOC(=O)C(Br)=C1OC(=O)c2ccccc2-c2ccccc21,0
HIVSUB-01508,CN(N=Cc1cccc2cccnc12)c1ccc([N+](=O)[O-])cc1,0
HIVSUB-01509,COc1ccc(C2(C(OC)OC)NC(=O)N(C)C2=O)cc1,0
HIVSUB-01510,CC(=O)OC1(C)C(=O)OC1(C)C(C)=O,0
HIVSUB-01511,Cn1c(=O)c2nc(Nc3cccc(Cl)c3)[nH]c2n(C)c1=O,0
HIVSUB-01512,COc1ccc(OC(=O)N2CC(=Cc3ccccc3)C(=O)C(=Cc3ccccc3)C2)cc1,0
HIVSUB-01513,Br.CN(C)CCSc1nccc(-c2ccc(-c3ccnc(SCCN(C)C)n3)s2)n1,0
HIVSUB-01514,CCN(CC)CCNC(=O)C1COc2ccc(-c3cc(=O)c4ccccc4o3)cc2O1,0
HIVSUB-01515,O=C(O)C=Cn1c2ccccc2c(=O)c2ccccc21,0
HIVSUB-01516,O=C(OCC12OC1C=CC(OC(=O)c1ccccc1)C2O)c1ccccc1,0
HIVSUB-01517,CC(C)(C)OC(=O)NCC(=O)NC1c2ccsc2C(=NO)C1O,0
HIVSUB-01518,CCCCNC(=O)C1C2C=CC(O2)C1C(=O)O,0
HIVSUB-01519,CN(C)CCn1c(=O)c2ccc(NCCNCCO)c3c(=O)c4ccccc4n(c1=O)c23.Cl,0
HIVSUB-01520,O=[N+]([O-])c1nccn1CC(O)c1ccccc1,0
HIVSUB-01521,CCSSC(=Nc1ccccc1)OCC(C)C,0
HIVSUB-01522,O=S(=O)(CCn1c(Sc2ccccc2)c(Sc2ccccc2)c2ccccc21)c1ccccc1,0
HIVSUB-01523,CCOC(=O)C(=Cc1cccc(F)c1)P(=O)(OCC)OCC,0
HIVSUB-01524,CCOC(=O)C1(C#N)CC1,0
HIVSUB-01525,O=C(O)CCCCCCCCCCCI,1
HIVSUB-01526,N#CC(=C1Sc2c(O)ncnc2N1c1ccccc1)c1nc2ccccc2[nH]1,0
HIVSUB-01527,CCn1c(=O)c2c3cc(OC(C)=O)ccc3oc2c2ccc(OC(C)=O)cc21,0
HIVSUB-01528,COC(=O)C(CO)NC(=O)CCC(C)=Cc1ccccc1,0
HIVSUB-01529,[Cl-].c1cc2ccc3ccc[n+]4c3c2[n+](c1)[Co-4]412([n+]3cccc4ccc5ccc[n+]1c5c43)[n+]1cccc3ccc4ccc[n+]2c4c31,0
HIVSUB-01530,C=C(C(=C)P(=S)(c1ccccc1)c1ccccc1)P(=S)(c1ccccc1)c1ccccc1,0
HIVSUB-01531,CC1C(=O)CCC1C(Sc1ccccc1)(Sc1ccccc1)Sc1ccccc1,0
HIVSUB-01532,O=C1NN=C(c2ccc(Cl)cc2)CC1C1C(=O)N(c2ccccc2)N=C1c1ccccc1,0
HIVSUB-01533,CC(=O)NNc1nc(C)c(C(C=Cc2ccc(Cl)cc2)=NNS(=O)(=O)c2ccc(C)cc2)s1,0
HIVSUB-01534,CSCCC1C(=O)NC(=N)N1C(=O)OCc1ccccc1,0
HIVSUB-01535,O=C1CCC2(c3ccc(Cl)cc3)SCCN12,0
HIVSUB-01536,O=C(c1ccccc1)c1c2ccccn2c2cccc[n+]12.[Br-],0
HIVSUB-01537,CN1CCCC2(CCCc3ccccc32)C1.Cl,0
HIVSUB-01538,O=C1Oc2ccccc2C(=O)C1=CN1C(=O)C(=Cc2ccccc2)NC1=S,0
HIVSUB-01539,CCC(C)C(NC(=O)C(CCCCN)NC(=O)CNC(=O)C(NC(=O)C(NC(=O)C(NC(=O)C(Cc1ccccc1)NC(=O)C(C)NC(=O)C(CCCNC(=N)N)NC(=O)CNC(=O)C1CCCN1C(=O)CNC(=O)C(CCCNC(=N)N)NC(=O)C(CCC(N)=O)NC(=O)C(NC(=O)C(CCCNC(=N)N)NC(=O)C(NC(=O)C(CO)NC(=O)C(CCCCN)NC(=O)C(CCCNC(=N)N)NC(=O)C(NC(=O)C(CC(N)=O)NC(=O)C(N)CC(=O)NC1OC(CO)C(O)C(O)C1NC(C)=O)C(C)O)C(C)CC)C(C)CC)C(C)C)C(C)O)C(C)CC)C(=O)NCC(N)=O,0
HIVSUB-01540,C#CCCCCCCCCCC=C1CC(O)COC1=O,0
HIVSUB-01541,CC1C(c2ccc3c(c2)OCO3)c2cc3c(cc2OC1N1CCCCC1)OCO3,0
HIVSUB-01542,FC(F)(F)c1ccc(C2ON=C(c3ccccc3)N2C23CC4CC(CC(C4)C2)C3)cc1,0
HIVSUB-01543,CN(C)c1cccc2c1C(=O)C=CC21CCc2ccc(N(C)C)c3c(N(C)C)ccc1c23,0
HIVSUB-01544,COc1ccc2c(c1)OCC1c3ccc(OCc4ccccc4)cc3OC21,1
HIVSUB-01545,CC(NC(=O)CNC(=O)C(N)CO)C(=O)NC(CCC(=O)O)C(=O)NC(CCCCN)C(=O)N1CCCC1C(=O)NC(CCC(=O)O)C(=O)NC(CCCCN)C(=O)NC(CCC(=O)O)C(=O)NC(CCCNC(=N)N)C(=O)NC(CO)C(=O)NC(Cc1ccc(O)cc1)C(=O)NC(C)C(=O)NC(Cc1cnc[nH]1)C(=O)NC(CO)C(=O)O,0
HIVSUB-01546,Cc1cccc(C)c1NC(=O)C(Cl)=C(Cl)C(=O)O,0
HIVSUB-01547,CN(C)S(=O)(=O)c1cc(Cl)cc(Cc2cc(Cl)cc(S(=O)(=O)N(C)C)c2O)c1O,0
HIVSUB-01548,CC(=O)OCC1OC(N2C(=S)NC(C(O)C(O)C(O)CO)C2O)C(OC(C)=O)C(OC(C)=O)C1OC(C)=O,0
HIVSUB-01549,O=C(CN1CCN(C(=O)OCc2ccccc2)CCN(CC(=O)N2CCCCC2)CCN(C(=O)OCc2ccccc2)CC1)N1CCCCC1,0
HIVSUB-01550,[N-]=[N+]=NC1=CC(=O)c2cccc3cccc1c23,0
HIVSUB-01551,O=C1c2cc3c(cc2CC12Cc1cc4c(cc1C2=O)CCC4)CCCC3,0
HIVSUB-01552,CCCCOP(=O)(OCCCC)C(C#N)=Cc1ccco1,0
HIVSUB-01553,Cc1ccc(S(=O)(=O)[N-]C2C(=O)c3ccccc3C(=O)C2[n+]2cccc(C(N)=O)c2)cc1,0
HIVSUB-01554,CCOC1=NC(O)c2cccn2-c2sccc21,0
HIVSUB-01555,O=C(O)CN1C(=O)CN=C(c2ccccn2)c2cc(Cl)ccc21,0
HIVSUB-01556,Nc1ccc2oc3cccnc3c2c1,0
HIVSUB-01557,Cc1cc2c(=O)cc(-c3ccncc3)oc2c(C(N)=O)c1C,0
HIVSUB-01558,NS(=O)(=O)c1ccc(NC(=S)NC=C2C(=O)NC(=O)NC2=O)cc1,0
HIVSUB-01559,CCOC1=NC(C(F)(F)F)(C(F)(F)F)N=C(N2CCCCC2)O1,0
HIVSUB-01560,CC(=O)CCn1c(=S)sc2ccccc21,0
HIVSUB-01561,OCCc1ccccc1Cn1cnc2c(O)ncnc21,0
HIVSUB-01562,CC(C)(C)OC(=O)CC(NC(=O)OC(C)(C)C)C(=O)Oc1ccc([N+](=O)[O-])cc1,0
HIVSUB-01563,CC(=O)OC12CCCC1C1(O)C(O)CCCC21,0
HIVSUB-01564,CN(C)c1cccc2c([SH](=O)=O)cccc12.[NaH],0
HIVSUB-01565,OC1CCN2CCC(O)C2C1O,0
HIVSUB-01566,CSC1=Nc2cc3c(cc2C(=O)N2CC(O)CC12)OCO3,0
HIVSUB-01567,NC(CSS(=O)(=O)c1ccccc1)C(=O)O,0
HIVSUB-01568,NNC(=O)CNC(=O)CSc1nnc(COc2ccc(Cl)cc2)n1-c1ccccc1,0
HIVSUB-01569,Cc1ccc(NC(=N)NC#N)cc1,0
HIVSUB-01570,O=[N+]([O-])N=c1nc2scc(-c3ccc([N+](=O)[O-])cc3)n2s1,0
HIVSUB-01571,COC1(CCC(C)COC2OC(CO)C(O)C(O)C2O)OC2CC3C4CC=C5CC(OC6OC(CO)C(O)C(OC7OC(CO)C(O)C(O)C7O)C6OC6OC(C)C(O)C(O)C6O)CCC5(C)C4CCC3(C)C2C1C,0
HIVSUB-01572,C[n+]1c(-c2ccc(C=NNc3n[nH]c(=S)n3NN=Cc3ccc(-c4cn5ccccc5[n+]4C)cc3)cc2)cn2ccccc21.[Br-],1
HIVSUB-01573,CCOC(=O)c1c(SC(=O)c2ccc(OC)cc2)n(-c2ccccc2)c(=S)n(-c2ccccc2)c1=O,0
HIVSUB-01574,COC(=O)C(C#CCCCCC#CC(NC(=O)OCc1ccccc1)(C(=O)OC)C(F)(F)F)(NC(=O)OCc1ccccc1)C(F)(F)F,0
HIVSUB-01575,[O-][N+]1=Cc2ccc(O)cc2[OH+][Cu-3]12[OH+]c1cc(O)ccc1C=[N+]2[O-],0
HIVSUB-01576,O=C1OCCCCCCOC(=O)c2ccccc2SSc2ccccc21,0
HIVSUB-01577,CCc1c(C#N)c(S)nc2c1CCC2,1
HIVSUB-01578,COc1cccc(OC)c1C=C1OC(=O)c2cccc(OC)c21,0
HIVSUB-01579,CC1CN1C(=O)NCCCCCCNC(=O)N1CC1C,0
HIVSUB-01580,COC(=O)NN=C(CCC(=O)Nc1ccc(C)c(C)c1)CC(=O)C(C)(C)C,0
HIVSUB-01581,Cc1ccc(C(=O)CC2(O)C(=O)Nc3c(C)cc(Cl)cc32)cc1,0
HIVSUB-01582,CN(O)C(=O)c1ccccc1,0
HIVSUB-01583,O=C(Nc1ccc(Cl)c(Cl)c1)C(=O)C(C1OC(=O)c2ccccc21)[N+](=O)[O-],0
HIVSUB-01584,Oc1ncc(SSc2cnc(O)nc2O)c(O)n1,0
HIVSUB-01585,CCC12CCC(=S)N(CCSc3ccccc3)C1c1c(n(S(=O)(=O)c3ccc(OC)cc3)c3ccccc13)CC2,0
HIVSUB-01586,COc1ccc(CC2Cc3cc(OC)c(OC)cc3CN2C)cc1.Cl,0
HIVSUB-01587,CC1(C)c2ccccc2N2OC3C(=O)N(c4ccccc4)C(=O)C3C21c1ccccc1,0
HIVSUB-01588,COC(=O)C=Cc1ccc(OP(=O)(O)O)c(OC)c1,0
HIVSUB-01589,C=C1C2CCCC1C1(S(C)(=O)=O)CCCCC21O,0
HIVSUB-01590,Cn1c2ccccc2n2c3ccccc3c(=S)c(C#N)c12,0
HIVSUB-01591,COC1CC(C)C(OC)C2=CC(=O)C=C(NC(=O)C(C)=CC=CC(C)C(OC(N)=O)C(C)=CC(C)C1OC)C2=O,0
HIVSUB-01592,COC(=O)c1c[nH]cc1CCCCc1c[nH]cc1C(=O)OC,0
HIVSUB-01593,O=C1CSC(c2c[nH]c3ccccc23)N1c1cccc([N+](=O)[O-])c1,0
HIVSUB-01594,Cc1cccc2[n+]1C1C3OC(c4ccccc43)C1S(=O)N2.[FH+][B-]([FH+])([FH+])[FH+],0
HIVSUB-01595,N=C1NC(=O)C(=NO)C(=O)N1,0
HIVSUB-01596,CC(=O)OCC1(C)C(OC(C)=O)CCC2(C)C(CC(OC(C)=O)C3=CCOC3=O)C(O)(CO)CCC12,0
HIVSUB-01597,COC(=O)C12C3=C(C(=NO)C=CC3=NO)C(c3ccccc31)c1ccccc12,0
HIVSUB-01598,COc1ccc(-c2nc(-c3cnccn3)n(C3OC(CO)C(O)C3O)n2)cc1,0
HIVSUB-01599,COC(=NN=Cc1ccc(OC)c(OC)c1)c1ccncc1,0
HIVSUB-01600,CN(C)C=O.O=C(Nc1nnn[nH]1)c1nc(O)cc(-c2ccccc2)n1,0
HIVSUB-01601,CC(C)(C)OC(=O)NC(Cc1ccccc1)C(=O)NC1c2ccsc2C(=NO)C1O,0
HIVSUB-01602,Cc1cc(NS(=O)(=O)c2ccc(Nc3c4ccccc4nc4c(C(=O)Nc5ccc(S(N)(=O)=O)cc5)cccc34)cc2)no1,1
HIVSUB-01603,O=C1OC(=O)C2=C1C1c3ccccc3C2c2ccccc21,0
HIVSUB-01604,CC(=O)OC1CC2C(C)(C)C(=O)C=CC2(C)C2CCC3(C)C(c4ccoc4)C(=O)C4OC43C12C,0
HIVSUB-01605,O=S(=O)(O[IH2](O)CC(F)(F)F)C(F)(F)F,0
HIVSUB-01606,COc1cc2c(cc1OC)C(Cc1cc(OCc3ccccc3)c(OC)cc1N)N(C)CC2,0
HIVSUB-01607,O=C(O)c1onc2ccccc12,0
HIVSUB-01608,CCOC(=O)CCc1cn2cc(Br)nc(OC)c2n1,0
HIVSUB-01609,CC1OC(OCC2OC(Oc3c(-c4ccc(O)c(O)c4)oc4cc(O)cc(O)c4c3=O)C(O)C(O)C2O)C(O)C(O)C1O,0
HIVSUB-01610,N#CC1(c2nc3ccccc3o2)C(=O)C(=O)N(c2ccc(Cl)c(Cl)c2)C(=O)C1=O,0
HIVSUB-01611,[Se]=P(c1ccccc1)(c1ccccc1)c1ccc(C(c2ccccc2)=P(c2ccccc2)(c2ccccc2)c2ccccc2)cc1,0
HIVSUB-01612,CCOC(=O)c1ccc(NC(=O)Nc2ncccc2C)cc1,0
HIVSUB-01613,COC(=O)c1ccccc1C1CN=NC12Cc1ccc(C)cc1C2=O,0
HIVSUB-01614,CSc1cc2[n+]3c(c1)-c1cccc[n+]1[Zn-4]314([n+]3ccccc3-2)[n+]2ccccc2-c2cc(SC)cc([n+]21)-c1cccc[n+]14.[O-][Cl+3]([O-])([O-])[O-],0
HIVSUB-01615,CC12CCC3C(CCC4CC(O)CCC43C)C1CCC(=O)N2,0
HIVSUB-01616,Oc1ccc(Oc2cc3c4nc(nc5nc(nc6nc(nc7nc(n4)c4cc(Oc8ccc(O)cc8)c(Oc8ccc(O)cc8)cc74)c4cc(Oc7ccc(O)cc7)c(Oc7ccc(O)cc7)cc64)c4cc(Oc6ccc(O)cc6)c(Oc6ccc(O)cc6)cc54)c3cc2Oc2ccc(O)cc2)cc1,0
HIVSUB-01617,COc1ccc(-c2oc(C=NNC(N)=S)c([N+](=O)[O-])c2-c2ccc(OC)c(OC)c2)cc1OC,0
HIVSUB-01618,Oc1nc(Cc2ccccc2)nc2c1sc1nc3ccccc3n12,0
HIVSUB-01619,CC(NC(=O)CNC(=O)C(N)CO)C(=O)NC(CCC(N)=O)C(=O)NC(CCCCN)C(=O)N1CCCC1C(=O)NC(CCC(=O)O)C(=O)NC(CCC(=O)O)C(=O)NC(CCC(=O)O)C(=O)NC(CO)C(=O)NC(CO)C(=O)NC(CC(N)=O)C(=O)NC(C)C(=O)NC(Cc1cnc[nH]1)C(=O)NC(CO)C(=O)O,0
HIVSUB-01620,CC(=O)OCN(C)c1nc(N(C)COC(C)=O)nc(N(C)COC(C)=O)n1,0
HIVSUB-01621,COc1ccccc1C12OC(=O)C1(C)Oc1ccccc1C2=O,0
HIVSUB-01622,CCOC(=O)C(Cc1c(C=O)[nH]c2ccccc12)(NC(=O)c1ccccc1)C(=O)OCC,0
HIVSUB-01623,S=c1[nH]nc(COc2ccc(Cl)cc2Cl)[nH]1,0
HIVSUB-01624,CCCNC1(C(N)=O)CCN(Cc2ccccc2)CC1,0
HIVSUB-01625,CC1(O)CC(=O)c2c(cc3ccc(-c4c5c(c(O)c6c(O)cccc46)C(=O)CC(C)(O)C5)c(O)c3c2O)C1,0
HIVSUB-01626,Cc1ccc2c(N(CCO)CCO)cc(-c3ccccc3)nc2n1,0
HIVSUB-01627,COC1C=COC2(C)Oc3c(C)c(O)c4c(O)c(c(C=NN(C)C56CC7CC(CC(C7)C5)C6)c(O)c4c3C2=O)NC(=O)C(C)=CC=CC(C)C(O)C(C)C(O)C(C)C(OC(C)=O)C1C,0
HIVSUB-01628,CC(=NNc1ccc([N+](=O)[O-])cc1[N+](=O)[O-])c1ccc2ccccc2n1,1
HIVSUB-01629,Fc1cccc(F)c1C1SCc2nc3cc(Cl)c(Cl)cc3n21,0
HIVSUB-01630,CCOC(=O)C1(C#N)C(c2ccccc2)CC(O)(c2ccc(OC)cc2)C(C(=O)c2ccc(OC)cc2)C1c1ccccc1,0
HIVSUB-01631,CNCc1cc(OC)ccc1-c1ccc(OC)c(OC)c1OC.Cl,0
HIVSUB-01632,COc1c(Br)cc(C=C(C#N)c2cccnc2)cc1Br,0
HIVSUB-01633,COc1nc(NC2OC(COC(C)=O)C(OC(C)=O)C(OC(C)=O)C2OC(C)=O)c(-c2csc(=N)[nH]2)c(=O)n1C,0
HIVSUB-01634,CCCCCCCCC(O)c1ccc(C=CC(O)CCCC(=O)O)s1.[LiH],0
HIVSUB-01635,O=C(NC1CCCCC1)C(=Cc1ccccc1)NC(=O)c1ccccc1,0
HIVSUB-01636,Cc1ccsc1C(=S)Nc1ccc(Cl)c(C=NOC(C)C)c1,1
HIVSUB-01637,NCCCCC(NC(=O)OCc1ccccc1)C(=O)NCC(N)=O,0
HIVSUB-01638,COC(=O)C1(NC(=O)c2ccccc2)CC1C=O,0
HIVSUB-01639,O=[N+]([O-])C=CCOCc1cc2c(cc1Br)OCO2,0
HIVSUB-01640,COc1ccc(N2C(=O)C3c4[nH]c5cccc(C)c5c4C4CCC(C(C)(C)C)CC4C3C2=O)cc1,0
HIVSUB-01641,CCCCCCc1cc(C(=O)Nc2cccc(C(F)(F)F)c2)nc(N)n1,0
HIVSUB-01642,COC(=O)CCCC=C(c1cc(Br)c(OC)c(C(=O)OC)c1)c1cc(Br)c(OC)c(C(=O)OC)c1,1
HIVSUB-01643,COc1ccc(C=C(C#N)C#N)cc1,0
HIVSUB-01644,CCOC(=O)c1[nH]c2nc(SC)nc(NC)c2c1N,0
HIVSUB-01645,Cc1nc2ccc(NC3OCC(O)C(O)C3O)cc2c(=O)n1-c1ccccc1,0
HIVSUB-01646,COc1ccc(C=C2CCC(C)C3=C(c4ccc(OC)c(OC)c4)C(C#N)=C(N)OC23)cc1OC,0
HIVSUB-01647,Cc1ccc(CCCCCOc2ccc(C3=NCCO3)cc2)s1,0
HIVSUB-01648,CC(=COS(=O)(=O)C(F)(F)F)c1ccccc1,0
HIVSUB-01649,CN(C)C(C1=C(O)C(c2ccccc2)N(c2ccccc2)C1=O)N1CCOCC1,0
HIVSUB-01650,O=C(c1c(F)c(F)c(F)c(F)c1F)n1c(=O)[nH]c2ccccc21,0
HIVSUB-01651,ClC1c2ccccc2-c2nsnc2C1Cl,0
HIVSUB-01652,COc1ccc(C2=NN(C(C)=O)c3nc4ccccc4nc3O2)cc1,0
HIVSUB-01653,COc1cc2c(cc1OC)C1CC(OC(=O)c3ccccc3)(c3nccc4cc(OC)c(OC)cc34)CCN1CC2,0
HIVSUB-01654,COc1c(C)c(CC=C(C)CCCCO[Si](C(C)C)(C(C)C)C(C)C)c(OC)c2ccccc12,0
HIVSUB-01655,Nc1nnc(N)c2[nH]cnc12,0
HIVSUB-01656,COC(=O)CCCCC(c1cc(Cl)c(OC)c(C(=O)OC)c1)c1cc(Cl)c(OC)c(C(=O)OC)c1,0
HIVSUB-01657,COc1cccc(C=NN=Cc2cccc(OC)c2O)c1O,0
HIVSUB-01658,O=C(CC12C3C4C1C1C2C3C41CC(=O)NO)NO,0
HIVSUB-01659,CNc1ccc(C=C2C=Cc3ccccc32)cc1Br,0
HIVSUB-01660,O=C(NN=Cc1ccc(Cl)cc1)c1ccccc1Nc1ccccc1C(=O)NN=Cc1ccc(Cl)cc1,0
HIVSUB-01661,CC12CC3CC(C)(C1)CC(SCCCCCNC(=N)CSSCC(=N)NCCCCCSC14CC5CC(C)(CC(C)(C5)C1)C4)(C3)C2.O=S(=O)(O)O,0
HIVSUB-01662,O=C(NC1C2CC3CC(C2)CC1C3)C(Cl)=C1Sc2ccccc2NC1=O,0
HIVSUB-01663,CC(C)(C)C(=O)OC=COC1CCCC1(c1ccccc1)c1ccccc1,0
HIVSUB-01664,COC1C=COC2(C)Oc3c(C)c(O)c4c(O)c(c(C=NNc5nc6c(N)ncnc6n5C5OC(CO)C(O)C5O)c(O)c4c3C2=O)NC(=O)C(C)=CC=CC(C)C(O)C(C)C(O)C(C)C(OC(C)=O)C1C,0
HIVSUB-01665,CN(C)CC1CCCC(=Cc2ccc(Cl)cc2)C1=O.Cl,0
HIVSUB-01666,O=C1OC(=C(Cl)Cl)C2C3c4ccccc4C(c4ccccc43)C12,0
HIVSUB-01667,COc1cc(C2C3C(=O)c4ccccc4C3C(c3cc(OC)c(OC)c(OC)c3)C23Cc2ccccc2C3=O)cc(OC)c1OC,0
HIVSUB-01668,O=C(O)C(NS(=O)(=O)c1ccc2ccccc2c1)c1ccccc1,0
HIVSUB-01669,NC(=O)c1cccc(C2OC(CO)C(O)C2O)c1,0
HIVSUB-01670,CC1=CCC2CC1NC(=O)CCOCCC(=O)NC2(C)C,0
HIVSUB-01671,OCC1OC2NC(=S)OC2C1O,0
HIVSUB-01672,O=[N+]([O-])c1ccccc1S(=O)(=O)c1ccccc1,1
HIVSUB-01673,S=C(S)N1CCN(c2cccc(Cl)c2)CC1.[NaH],0
HIVSUB-01674,COc1cc(CC(=O)O)c(C(=O)c2ccc([N+](=O)[O-])cc2)cc1OC,0
HIVSUB-01675,COC(=O)c1cc2cc(O)c(O)cc2cn1.Cl,0
HIVSUB-01676,COc1ccccc1C1SCC(=O)N1c1ccc(-n2c(-c3ccccc3)nc3ccccc3c2=O)cc1,0
HIVSUB-01677,CCOC(=O)Nn1c(CC#N)nnc1Cc1ccccc1,0
HIVSUB-01678,O=C1c2ccccc2-c2c1c(-c1ccccc1)c1n2C2(C(=O)c3ccccc3C2=O)C2C(=O)N(c3ccccc3)C(=O)C12,0
HIVSUB-01679,Cc1nc(-c2ccccc2)cn2c1nc1ccccc12,0
HIVSUB-01680,CCCCn1[nH]c(=O)ccc1=O,0
HIVSUB-01681,I.N=C(N)NCc1ccc2c(c1)OCO2,0
HIVSUB-01682,CCOC(=O)C(C)(NC(=O)c1ccc(NCc2ccc3nc(NC(=O)c4ccccc4)nc(NC(=O)c4ccccc4)c3c2)cc1)C(=O)OCC,0
HIVSUB-01683,C=CCC1(C(=O)OC(C)(C)C)C(OC)=C(C(=O)OC(C)(C)C)C2C1C(C(=O)OC(C)(C)C)=C(OC)C2(CC=C)C(=O)OC(C)(C)C,0
HIVSUB-01684,CC(C)OC(=O)c1cccnc1C=NO,0
HIVSUB-01685,COC(=O)C1=CCC(n2cnc3c(N)ncnc32)CC1,0
HIVSUB-01686,Cc1ccc([Hg-]2[S+]=C(NNc3ccccc3)[SH+]2)cc1,0
HIVSUB-01687,COc1ccc(N2C(Cl)C(=O)C2c2c[nH]c3ccccc23)cc1,0
HIVSUB-01688,CCN(CC)C(=S)SS(=O)(=O)c1ccccc1[N+](=O)[O-],0
HIVSUB-01689,O=C(Nc1ccc(C2=NCCN2)cc1)c1cccc(NC(=S)Nc2ccc(C3=NCCN3)cc2)c1,1
HIVSUB-01690,COc1ccc(Cl)cc1NC(=O)c1ccco1,0
HIVSUB-01691,Cc1ccc2ccc3ccc(C)nc3c2n1,0
HIVSUB-01692,CSC1CC2C(CC1(C)O)C2(C)C,0
HIVSUB-01693,C=C1C(=O)OC2(C)CCC1CC1OC1(C)CCC=C(C)CCC2O,0
HIVSUB-01694,C=CCN(CCN(CC=C)S(=O)(=O)c1ccc(C)cc1)S(=O)(=O)c1ccc(C)cc1,0
HIVSUB-01695,CC(=O)NC(CS[Ag])C(=O)O.O=[N+]([O-])O,0
HIVSUB-01696,O=c1c2ccccc2nc(-c2cccc(Cl)c2)n1NC1OC(CO)C(O)C(O)C1O,0
HIVSUB-01697,COc1ccc(S(=O)(=O)NNS(C)(=O)=O)cc1,0
HIVSUB-01698,COc1ccc2c(c1Oc1ccccc1)C13CCN(C)C(C2)C12C=CC(CC2C(C)(C)O)C3,0
HIVSUB-01699,N#CC(=Cc1cc(O)c(O)c(O)c1)C(N)=O,0
HIVSUB-01700,O=C1OC(c2ccc(Cl)cc2)(c2ccc(Cl)cc2)c2c1ccc1ccccc21,0
HIVSUB-01701,CCc1nnc(CC)n1-n1c(Cc2ccccc2)n[nH]c1=O,0
HIVSUB-01702,O=S1C(=c2ccc(=C3Sc4ccccc4S3)cc2)Sc2ccccc21,0
HIVSUB-01703,CCC12CCCN(Cc3ccccc3)C1c1c(n(C)c3ccccc13)C(C(=O)O)C2.Cl,0
HIVSUB-01704,CN(C)CCCOc1c(Br)cc(CCN(C)C)cc1Br,0
HIVSUB-01705,CSC1=C(c2ccc(Cl)cc2)SC(N2CCCCC2)N1c1ccc([N+](=O)[O-])cc1,0
HIVSUB-01706,CCOC(=O)C1CSC(=N)N1C(C)=O,0
HIVSUB-01707,Cn1c(=O)c(-c2ccccc2)c(O)c2ccccc21,0
HIVSUB-01708,C#CCNC(CCCNC(=N)N)C(=O)O,0
HIVSUB-01709,CCCCCC=C(c1cc(Cl)c(OC)c(C(=O)O)c1)c1cc(Cl)c(OC)c(C(=O)O)c1,0
HIVSUB-01710,Cc1nn(C(=O)c2c(O)cccc2Cl)c(C)c1N=Nc1ccccc1,0
HIVSUB-01711,Cc1ccc(S(=O)(=O)c2ccc(N)cc2)cc1.Cl,0
HIVSUB-01712,CCOC(=O)CN1CCC(C(O)c2cc3ccccc3[nH]2)CC1,0
HIVSUB-01713,CP(=O)(O)C(N)c1ccccc1,0
HIVSUB-01714,[O-]c1c2c(nn1-c1ccc(F)cc1)c1ccccc1c[n+]2Cc1ccccc1,0
HIVSUB-01715,COC(=O)c1csc(-c2nc(CCNC(=O)OC(C)(C)C)sc2Br)n1,0
HIVSUB-01716,CCCCCCCCCCCCCCCCCC[N+](C)(C)Cc1ccc(C[N+](C)(C)CCCCCCCCCCCCCCCCCC)cc1.[Br-],0
HIVSUB-01717,COc1cc2c(cc1OC)C(O)C(Br)C(C)(C)O2,0
HIVSUB-01718,CC1(C)OC1COc1c2occc2cc2ccc(=O)oc12,0
HIVSUB-01719,CN(NC(=O)C(=Cc1ccco1)NC(=O)c1ccccc1)c1cnnc(O)c1Cl,0
HIVSUB-01720,C[N+]1(C)CC2C3C=C(I)C(C3)C2C1,0
HIVSUB-01721,COC(=O)C1=C(C(=O)OC)SC(=C2c3ccsc3-c3sccc32)S1,0
HIVSUB-01722,C=C(C)C1CC2C(C)=C(OC(C)=O)C1n1c(=O)c3cc4ccccc4cc3c(=O)n12,0
HIVSUB-01723,O=S(=O)(c1ccccn1)c1nc2ccccc2s1,0
HIVSUB-01724,Cl.NC1C2C3CC4C5CC(C42)C1(c1ccccc1)C53,0
HIVSUB-01725,N[Co-4]1(N)(N)(N)[OH+]C(=O)C(=O)[OH+]1.O=C(O)C(O)=[OH+],0
HIVSUB-01726,CC(=O)Nc1cc(S(=O)(=O)O)cc2cc(S(=O)(=O)O)cc(O)c12,0
HIVSUB-01727,N#CC(=Cc1ccccc1)c1ccccc1[N+](=O)[O-],0
HIVSUB-01728,CCN(CC)C(=S)NN=Cc1cc([N+](=O)[O-])ccc1O,0
HIVSUB-01729,CC1=CC(=C(c2cc(C)c(O)c(C(=O)O)c2)c2c(Cl)ccc(S(=O)(=O)O)c2Cl)C=C(C(=O)O)C1=O,0
HIVSUB-01730,O=C(Nc1ccc(C2=NC3CCCCC3N2)cc1)c1ccc(C(=O)Nc2ccc(C3=NC4CCCCC4N3)cc2)cc1,0
HIVSUB-01731,COc1cc2c(c([N+](=O)[O-])c1)NCCS2,0
HIVSUB-01732,CC(=NNS(=O)(=O)c1ccccc1)c1ccc[n+]([O-])n1,0
HIVSUB-01733,CC1=C(NC(=O)C(=NNC(=S)NN)C2C(=O)CC(C)(C)CC2=O)C(=O)c2ccccc2C1=O,0
HIVSUB-01734,CN(C)C12CCCCCCC1S(=O)(=O)C2,0
HIVSUB-01735,CN(C)C(=S)NN=CC(=NNC(=S)N(C)C)c1ccccc1,0
HIVSUB-01736,Cc1ccc(C(CO)(CO)OC(CO)(CO)c2ccc(C)c(C)c2)cc1C,0
HIVSUB-01737,CN(C)c1ccc(S(=O)Nc2ccccc2)cc1,0
HIVSUB-01738,OCC1=CCC2c3[nH]c4ccccc4c3CCN2C1,0
HIVSUB-01739,CCCc1cc(=O)oc2c3c(c4c(c12)OC(C)(C)CC4)OC(C)C(C)C3O,1
HIVSUB-01740,Cc1cc(=O)oc2c(C)c(OCCCOc3ccc4c(C)cc(=O)oc4c3C)ccc12,0
HIVSUB-01741,FC(F)(F)c1ccc(C=[N+]2N=C(c3ccncc3)[OH+][Ni-2]23[OH+]C(c2ccncc2)=N[N+]3=Cc2ccc(C(F)(F)F)cc2)cc1,0
HIVSUB-01742,Cc1cn(C2CC=C(CO)CC2)c(=O)[nH]c1=O,0
HIVSUB-01743,CN1C(=O)c2ccccc2OC12C=Cc1c(ccc3ccccc13)O2,0
HIVSUB-01744,Cc1ccccc1N(CC(=O)O)S(=O)(=O)c1ccccc1,0
HIVSUB-01745,COC12CCCC1S(=O)(=O)C2,0
HIVSUB-01746,O=c1oc2c(ccc3nc(-c4ccccc4)sc32)c(N2CCOCC2)c1Cl,0
HIVSUB-01747,CC(NC(=O)Nc1cccc(C(=O)Nc2cc(C(C)(C)C)ccc2C(=O)O)n1)c1ccccc1,0
HIVSUB-01748,COc1ccc2[nH]cc(CCNC(C)=O)c2c1,0
HIVSUB-01749,CCCCC(=O)c1c(O)nc2sccn2c1=O,0
HIVSUB-01750,Nc1c2ccccc2nc2ccccc12,0
HIVSUB-01751,CC(C)N1CC(=O)N2CSCC2C1=O,0
HIVSUB-01752,O=c1[nH]c(=O)n(C2C=CC(CO)O2)cc1C(OCC(F)(F)F)OCC(F)(F)F,0
HIVSUB-01753,CC12CCC3C(CC=C4CC(O)CCC43C)C1Cc1cnn(-c3ccccc3)c1N2,0
HIVSUB-01754,c1ccc2c(Nc3ncco3)cccc2c1,0
HIVSUB-01755,CN(C)CCCSCC(COc1nccc(-c2ccc(-c3ccc(-c4ccnc(OCC(CSCCCN(C)C)SCCCN(C)C)n4)s3)s2)n1)SCCCN(C)C,1
HIVSUB-01756,CCOC(=O)C(=Cc1cccc(F)c1)C(C)=O,0
HIVSUB-01757,Cc1cccc(C)c1NC(=O)CCCC(=O)CC(=O)C=Cc1ccccc1,0
HIVSUB-01758,C=CC1(c2ccc(Br)cc2)OCCCO1,0
HIVSUB-01759,C=CCCCCCCCCC(=O)NC(C)C(C)(C)C,0
HIVSUB-01760,Oc1ccccc1C=Nc1ccc(Oc2ccc(Cl)cc2)c(Cl)c1,0
HIVSUB-01761,CCOC(=O)C(=Cc1cccc(Cl)c1)C(=O)c1ccccc1,0
HIVSUB-01762,C#Cc1cccc(NC(=O)C=CC(=O)O)c1,0
HIVSUB-01763,CCOC(=O)C1=NN(c2ccccc2)C(=O)C1=CNC(=S)Nc1ccc(Cl)cc1Cl,0
HIVSUB-01764,O=C(C=Cc1ccccc1)C=NN1C(=S)N(c2ccccc2)C(=Nc2ccccc2)C1=Nc1ccccc1,0
HIVSUB-01765,CC[n+]1c(C=Cc2ccc(N(CCCl)CCCl)cc2)ccc2cc(NC(=O)C=Cc3ccccc3)ccc21.[I-],0
HIVSUB-01766,Cc1c2ccncc2cc2c1sc1ccncc12,0
HIVSUB-01767,CC(C)(CN1CCCCC1)C(=O)CC(SCCS(=O)(=O)O)c1ccc(Cl)cc1,0
HIVSUB-01768,Cc1cc(=O)n(-c2ccccc2)c(=O)o1,0
HIVSUB-01769,CC(=O)Oc1ccc(C=CC(=O)NCC(NC(=O)C=Cc2ccc(OC(C)=O)c(OC(C)=O)c2)C(=O)O)cc1OC(C)=O,0
HIVSUB-01770,CC(=O)NNc1nc(C)c(C(C=Cc2cccc([N+](=O)[O-])c2)=NNC(=S)NN)s1,0
HIVSUB-01771,Nc1n[n+]([O-])c2cc([N+](=O)[O-])ccc2[n+]1[O-],0
HIVSUB-01772,CCSc1ccc2c3c(cccc13)C(=O)N(CCc1ccccn1)C2=O,0
HIVSUB-01773,N#CNc1nc(C(=O)Nc2ccc(Cl)cc2)cc(-c2ccccc2)n1,0
HIVSUB-01774,COc1ccc(C=CC(=O)OCCc2ccccc2)cc1OC,0
HIVSUB-01775,COc1ccc(-c2cc(-c3cc(C)cc(Br)c3O)no2)cc1,0
HIVSUB-01776,N=C(CSS(=O)(=O)O)NCCCCNC(=N)CSS(=O)(=O)O,0
HIVSUB-01777,CCC(=O)OC1CCn2c1nc1c2C(=O)C(C)=C(NC(C)=O)C1=N,0
HIVSUB-01778,CCOP(=O)(OCC)C(C)(CC)NC(=O)C(C(F)(F)F)C(F)(F)F,0
HIVSUB-01779,CC(C)COC(=O)NC1C(=O)N2C1SC(C)(C)C2C(=O)O.c1ccc(CNCCNCc2ccccc2)cc1,0
HIVSUB-01780,O=c1c(-c2ccc(O)c(O)c2)coc2cc(O)c(O)cc12,0
HIVSUB-01781,CCOP(=O)(OCC)C(C#N)=Cc1cnc(-c2ccccc2)[nH]1,0
HIVSUB-01782,CNC(=N)NN=C1C(=O)Nc2ccccc21,0
HIVSUB-01783,CN1C(=O)C(=C2SC(=O)N(Cc3nc4ccccc4[nH]3)C2=O)c2cc(Br)ccc21,0
HIVSUB-01784,N#CC1=C(N)N2C(=O)C(=Cc3ccccc3O)N=C2S1,0
HIVSUB-01785,O=c1[nH]nc(-c2ccccc2)n1Nc1ccccc1,0
HIVSUB-01786,COc1cc(C=C2C(=O)N(C(=O)c3ccccc3O)N=C2C)ccc1O,0
HIVSUB-01787,CN(C)c1ccc(N=Nc2cccc3ncccc23)cc1,0
HIVSUB-01788,O=C(O)CCCNS(=O)(=O)c1ccccc1,0
HIVSUB-01789,COC(=O)c1ccc2cc(O)ccc2c1,0
HIVSUB-01790,CC(C)(C)CNC(=O)NCn1cc(-c2ccccc2)nn1,0
HIVSUB-01791,CCSSC1(C)C(=O)N2CCCC2C(=O)N1C,0
HIVSUB-01792,Cc1ccc(S(=O)(=O)NC(=O)NN2CCCCCC2)cc1,0
HIVSUB-01793,Cc1ccc2[nH]c3nc(S)nc(O)c3c2c1,1
HIVSUB-01794,CCN(CC)CCN(CC)C(=O)COc1cc2c(O)c3c(O)c(C)c4c(c13)C(=O)C(C)(OC=CC(OC)C(C)C(OC(C)=O)C(C)C(O)C(C)C(O)C(C)C=CC=C(C)C(=O)N2)O4,0
HIVSUB-01795,O=C1CSC(Cc2nc3ccccc3[nH]2)=N1,0
HIVSUB-01796,CC(C)(C)C1CCC2(CC1)CO2,0
HIVSUB-01797,COC(=O)C1(C)C(OC)=CC(=O)C2C3CCCC3C21,0
HIVSUB-01798,Nc1ccc(SCc2ccc(C(=O)O)cc2)cc1,0
HIVSUB-01799,O=C(Nc1ccc2c(O)c(N=Nc3ccc(S(=O)(=O)O)cc3)c(S(=O)(=O)O)cc2c1)Nc1ccc2c(O)c(N=Nc3ccc(S(=O)(=O)O)cc3)c(S(=O)(=O)O)cc2c1.[NaH],1
HIVSUB-01800,Cc1ccc([N+](=O)[O-])cc1C(C#N)=Cc1ccccc1,0
HIVSUB-01801,O=C1C(=Cc2cccc(Oc3ccccc3)c2)SC(c2ccccc2)N1c1ccc(Cl)cc1,0
HIVSUB-01802,O=C(CCc1cc(O)cc(O)c1)NCCc1cc(OCc2ccccc2)cc(OCc2ccccc2)c1,0
HIVSUB-01803,Cl.NC(=O)c1cc2ccc(O)c(O)c2cn1,0
HIVSUB-01804,Cl.NC(CSSCC(N)C(=O)Nc1ccc2ccccc2c1)C(=O)Nc1ccc2ccccc2c1,0
HIVSUB-01805,Cc1ccc(S(=O)(=O)NCCSS(=O)(=O)c2ccc(C)cc2)cc1,0
HIVSUB-01806,COc1ccc(-c2cc(=O)c3c(C)cc(O)cc3o2)cc1OC,0
HIVSUB-01807,CC(C=C(C#N)C#N)=Cc1ccccc1,0
HIVSUB-01808,COC(=O)C(Cc1ccc(O)c(Br)c1)NC(=O)C(Cc1ccc(O)cc1)NC(=O)OC(C)(C)C,0
HIVSUB-01809,O=C1CCCC2=C1CC1=C(CCCC1=O)N2c1ccc(-c2ccccc2)cc1,0
HIVSUB-01810,COC(=O)C(C(=O)C(=O)Nc1c(C)cccc1C(C)(C)C)c1nc2ccc(Cl)cc2nc1O,0
HIVSUB-01811,Cc1cc(Cl)cc2c1NC(=O)C2(O)C(C(=O)c1ccccc1)c1ccccc1,0
HIVSUB-01812,Cc1c(C2(c3cc(C(C)C)c(O)c(Br)c3C)OS(=O)(=O)c3ccccc32)cc(C(C)C)c(O)c1Br,1
HIVSUB-01813,COC1OC2COC(C)(C)OC2C(OC(C)=O)C1NC(=O)N(CCCl)N=O,0
HIVSUB-01814,CC=CC=CC=CC(O)C(C)C(CCC(C)C1OC(=O)C=CC1C)OP(=O)(O)O.[NaH],0
HIVSUB-01815,CC(CC(=O)Nc1ccc(Cl)cc1)=NNC(N)=S,0
HIVSUB-01816,O=S(=O)(O)c1cc(NN=Cc2cc(S(=O)(=O)O)c3cccnc3c2O)ccc1C=Cc1ccc(NN=Cc2cc(S(=O)(=O)O)c3cccnc3c2O)cc1S(=O)(=O)O.[NaH],1
HIVSUB-01817,COc1ccc(-c2c(-c3ccccc3)c(C)c3ccccn23)cc1,0
HIVSUB-01818,NC(=O)[N+](=CC(=S)Nc1ccccc1Cl)C(N)=O,0
HIVSUB-01819,CC(=O)O.O=C(CCN1CCC(CCO)CC1)Nc1ccc2c(c1)C(=O)c1ccc(NC(=O)CCN3CCC(CCO)CC3)cc1C2=O,0
HIVSUB-01820,O=C1CCC2(O)c3ccccc3C2Cc2ccccc21,0
HIVSUB-01821,COC(=O)CNC(=O)C=CC(O[Si](C)(C)C(C)(C)C)C(C=CC(=O)NCC(=O)OC)O[Si](C)(C)C(C)(C)C,0
HIVSUB-01822,O=[N+]([O-])c1cccc(N=Cc2ccc(Cl)cc2)c1,0
HIVSUB-01823,Cc1ccc(C2=Nc3ccccc3NC(=O)C2)cc1,0
HIVSUB-01824,Nc1ccc2c(SCC(=O)Nc3ccccc3-c3ccccc3NC(=O)CSc3c4ccccc4nc4cc(N)ccc34)c3ccccc3nc2c1,0
HIVSUB-01825,CC(C)(C)c1cc(C(c2ccccc2)c2ccccc2)cc(C(C)(C)C)c1O,0
HIVSUB-01826,[O-][n+]1onc2ncccc21,0
HIVSUB-01827,CCN(CC)C(=O)N1CCN(C)CC1,0
HIVSUB-01828,Cc1nc2sc3c(c2c(=O)o1)CCCC3,0
HIVSUB-01829,CCN1CCCC(C#N)(c2ccccc2)CC1,0
HIVSUB-01830,COc1cc2c[n+](C)c3c(c2cc1OC)Cc1cc(OS(C)(=O)=O)c(OC)cc1-3,0
HIVSUB-01831,COc1cc2c3c(c1)ncn3C(=O)C(c1ccccc1)S2,0
HIVSUB-01832,Clc1ccccc1C(SCc1ccccc1)SCc1ccccc1,0
HIVSUB-01833,O=C(NCCCl)N(O)C(=O)Nc1ccccc1,0
HIVSUB-01834,O=C(NCc1ccc(O)cc1O)c1ccccc1O,0
HIVSUB-01835,Cn1c2ccccc2n2c3nc4ccccc4nc3c(C#N)c12,0
HIVSUB-01836,COc1ccc2c(c1)CCc1c(C(C)=O)c3ccccc3n1C2,0
HIVSUB-01837,CCCCOCn1c(=O)[nH]c(=O)c2cc(Br)ccc21,0
HIVSUB-01838,NNC(=S)SSC(=S)NN,0
HIVSUB-01839,CCCNC(=O)Cn1c2c(c3ccccc31)CCCC2,0
HIVSUB-01840,CC(=O)N1CCCCCC1=O,0
HIVSUB-01841,COc1ccc(-c2cc(C)n(C3OC(CO)C(O)C(O)C3O)c(=S)c2C#N)cc1,0
HIVSUB-01842,Cc1cc2c(C)c(-c3ccccc3)c(=O)oc2c(C#N)c1C,0
HIVSUB-01843,CC(=O)OC1C2CCC1C1C2N=NN1c1ccc([N+](=O)[O-])cc1,0
HIVSUB-01844,Cc1cc2c(cc1C)N1C(Cl)=C3CCCCC3=C(C#N)C1N2,0
HIVSUB-01845,Cc1ccc(-c2n[nH]c(=O)n2N=Cc2ccccc2)cc1,0
HIVSUB-01846,COc1cccc(NC(=O)CSc2nnc(-c3ccc(N=Cc4ccc(Cl)cc4)cc3)o2)c1,0
HIVSUB-01847,COc1ccc(C=C2C(=O)N(C(=O)c3ccccc3O)N=C2C)cc1OC,0
HIVSUB-01848,Cc1ccc(NC(=O)c2cc(S(=O)(=O)N3CCNNC3=O)c(S)cc2Cl)cc1,1
HIVSUB-01849,CCCCCCCCCCCCCC1CCC(CC)N1,0
HIVSUB-01850,C[n+]1c2ccccc2n2c3ccccc3c(NCCCn3ccnc3)c(C#N)c21.Cc1ccc(S(=O)(=O)[O-])cc1,0
HIVSUB-01851,Cc1nc(S)c(C#N)c(C)c1C,0
HIVSUB-01852,CN1COc2ccc(Br)cc2C1,0
HIVSUB-01853,Cc1ccc(S(=O)(=O)NN=C(c2nc3ccc([N+](=O)[O-])cc3nc2O)C(O)c2ccccc2Cl)cc1,0
HIVSUB-01854,Cc1ncc([N+](=O)[O-])n1CC[N+](C)(O)CCCCn1ccnc1[N+](=O)[O-].[Cl-],0
HIVSUB-01855,CCN1CCCCC(=NO)C(=NO)CCCC1,0
HIVSUB-01856,CCOP(=O)(OCC)C(C#N)=Cc1cn(C)cn1,0
HIVSUB-01857,O=C1NC2C=CN(Cc3ccccc3)C=C2C(=O)N2CCCC12,0
HIVSUB-01858,OC(c1cc2ccccc2[nH]1)C1(c2cccnc2)SCCCS1,0
HIVSUB-01859,CCCCNCC(=O)OC1(CC)C(=O)OCc2c1cc1n(c2=O)Cc2cc3ccccc3nc2-1.Cl,0
HIVSUB-01860,COc1c(-c2cccs2)oc2c(CC(=O)O)cccc2c1=O,0
HIVSUB-01861,CCOC(=O)C(CCSC)(CCSC)C(=O)OCC,0
HIVSUB-01862,CN1C(=O)Cc2ccccc21,0
HIVSUB-01863,COC(=O)c1cc2c(cc1CC(Cc1ccc3c(c1)CCCC3)C(=O)OC)CCCC2,0
HIVSUB-01864,COP(=N[Si](C)(C)C)(OC)OC,0
HIVSUB-01865,COC(=O)C1(C)C=C(Nc2ccccc2)C(=O)N1c1ccccc1,0
HIVSUB-01866,COCCN(C(C)=O)C1CCC2(SCCS2)c2[nH]c3ccccc3c21,0
HIVSUB-01867,CN(C)C(=O)Oc1ccc(C=NO)[n+](C)c1.[I-],0
HIVSUB-01868,CS(=O)(=O)[O-].C[n+]1cccc2ccc3cccnc3c21,0
HIVSUB-01869,C=C(Br)CN1CCC2(c3ccccc3)C(=O)C([Se]c3ccccc3)CCC12,0
HIVSUB-01870,CSc1n[n+](C)c2cc(C)c3ccccc3n12,0
HIVSUB-01871,CC(=NNC(=O)NN=C(C)c1ccccn1)c1ccccn1,0
HIVSUB-01872,O=C(Nc1ccccc1S)OCc1ccccc1,1
HIVSUB-01873,Cc1cc(=O)oc2cc(O)c([N+](=O)[O-])cc12,0
HIVSUB-01874,O=C1c2cccc3cc([N+](=O)[O-])cc(c23)C(=O)N1Cc1ccccc1,0
HIVSUB-01875,Cc1cn(C2CCC(=O)C2)c(=O)[nH]c1=O,0
HIVSUB-01876,COc1ccc(C2CCC(=O)CC2C(=O)O)cc1,0
HIVSUB-01877,C=CCN(CC=C)C(=O)COc1cc2c(O)c3c(O)c(C)c4c(c13)C(=O)C(C)(OC=CC(OC)C(C)C(OC(C)=O)C(C)C(O)C(C)C(O)C(C)C=CC=C(C)C(=O)N2)O4,0
HIVSUB-01878,CCOC(=O)C1=Nc2ccccc2N=C(C2C(=O)C=C(C)OC2=O)C1,0
HIVSUB-01879,Cc1cc(S(=O)(=O)n2ccnc2Oc2ccccc2)c(SSc2cc(Cl)c(C)cc2S(=O)(=O)n2ccnc2Oc2ccccc2)cc1Cl,0
HIVSUB-01880,CC(=O)OCc1nc2c(N)ncnc2[nH]1,0
HIVSUB-01881,CC(C)NC1CCCCC2c3cc(F)ccc3C12O.Cl,1
HIVSUB-01882,CC(C)C(C=Cc1ccc(Cl)cc1)=NNC(=O)NN=C(C=Cc1ccc(Cl)cc1)C(C)C,0
HIVSUB-01883,CC1C2C1C1C3NN=CC3C2n2c(=O)n(-c3ccccc3)c(=O)n21,0
HIVSUB-01884,Nc1ccc2nc3ccc(O)cc3nc2c1.[Na]S[Na],0
HIVSUB-01885,Br.O=C1C(=Cc2ccc(Cl)cc2)SC2SC=C(c3ccc([N+](=O)[O-])cc3)N12,0
HIVSUB-01886,CCCCCCCN=c1ssc(=O)n1CCCCCCC,0
HIVSUB-01887,CC(=C(C)c1cc[n+](C)cc1)c1cc[n+](C)cc1.[I-],0
HIVSUB-01888,COc1cc2nncc(Cl)c2cc1OC,0
HIVSUB-01889,CSc1ccc(C2OC(=O)c3c2ccc2ccccc32)c(C)c1,0
HIVSUB-01890,O=C(O)CN(CC[N+]12CC[N+]3(CC(=O)O)CC(=O)O[Ca-2]13OC(=O)C2)CC(=O)O,0
HIVSUB-01891,N#CC(C(=O)C(=NNC(=O)c1ccccc1O)C(C#N)c1ccccc1)c1ccccc1,0
HIVSUB-01892,O=C(O)c1ccc(Nc2nc3ccc(C(F)(F)F)cc3nc2C(=O)O)cc1,0
HIVSUB-01893,COC(=O)C(=O)C(=CNC(=S)NN=C1C(=O)Nc2ccccc21)C(=O)c1c(C)[nH]c2ccccc12,0
HIVSUB-01894,O=C1OCc2cc[n+]([O-])cc21,0
HIVSUB-01895,C=C(C)C1CCC2(C)CCC3(C)C(CCC4C5(C)CCC(O)C(C)(C)C5CCC43C)C12,0
HIVSUB-01896,CC(C)(C)C(=O)OCC1OC(N=[N+]=[N-])C(OC(=O)C(C)(C)C)C(OC(=O)C(C)(C)C)C1OC(=O)C(C)(C)C,0
HIVSUB-01897,Oc1cc(O)cc(C=Cc2ccc(O)c(O)c2)c1,0
HIVSUB-01898,CN1C2CCCC1CC(=O)NC2,0
HIVSUB-01899,CCOP(=O)(OCC)C1CC(O)C(=O)N1,0
HIVSUB-01900,Cc1c(Cl)cccc1Nc1ncccc1C(=O)OCC(O)CO,0
HIVSUB-01901,O=C(ON=C1CCCC1=Cc1ccccc1)c1ccc([N+](=O)[O-])cc1,0
HIVSUB-01902,CCCCC1C(OCOc2ccccc2)COC(=O)N1C(C)c1ccccc1,0
HIVSUB-01903,CCC1=CCN(c2cc(C)ccn2)OC1c1ccc(OC)cc1,0
HIVSUB-01904,CC=CCC(C)C(O)C(NC)C(=O)O,0
HIVSUB-01905,CC(C)(C)OC(=O)NCCNC(=O)CN(CC(=O)O)C1CCCCC1N(CC(=O)O)CC(=O)O,0
HIVSUB-01906,CN(c1ccccc1)S(=O)(=O)c1cccc([N+](=O)[O-])c1,1
HIVSUB-01907,CC[Ge](CC)(CC)OC(=O)CCC(=O)O[Ge](CC)(CC)CC,0
HIVSUB-01908,CCC1(CCCC=C(c2cc(Cl)c(OC)c(C=O)c2)c2cc(Cl)c(OC)c(CO)c2)OCCO1,0
HIVSUB-01909,Cl.N=C(c1ccccc1)N1CCCCC1,0
HIVSUB-01910,COC(=O)C(NS(=O)(=O)CC12CCC(CC1)C2(C)C)C(C)(C)C,0
HIVSUB-01911,Cn1cc(NC(=O)Nc2cc(C(=O)Nc3cc(C(=O)Nc4cc(S(=O)(=O)O)c5cc(S(=O)(=O)O)cc(S(=O)(=O)O)c5c4)n(C)c3)n(C)c2)cc1C(=O)Nc1cc(C(=O)Nc2cc(S(=O)(=O)O)c3cc(S(=O)(=O)O)cc(S(=O)(=O)O)c3c2)n(C)c1.[Na+],1
HIVSUB-01912,CC1Cn2c(=O)[nH]c3cccc(c32)NC1=O,0
HIVSUB-01913,Cc1ccc(NC(=O)CC2Sc3ccccc3NC2=O)c(C)c1,0
HIVSUB-01914,COC(=O)C1C=CCN1S(=O)(=O)c1ccc(C)cc1,0
HIVSUB-01915,CC(C)CCCC(C)C1CCC2C3CCC4CC(CCC=C(c5cc(Cl)c(OC(=O)c6ccccc6)c(C(=O)O)c5)c5cc(Cl)c(OC(=O)c6ccccc6)c(C(=O)O)c5)CCC4(C)C3CCC12C,0
HIVSUB-01916,O=C(CCC(=O)CC(O)(C(F)(F)F)C(F)(F)F)CC(O)(C(F)(F)F)C(F)(F)F,0
HIVSUB-01917,CC(C)(C)C1CCC(=O)C(=CCC2CC(=O)N(c3ccccc3)C(=O)C2)C1,0
HIVSUB-01918,Cc1ccc(NC(=O)c2c(N)c(C#N)c3n2CCC3)cc1,0
HIVSUB-01919,CN(C)c1ccc2c(c1)-c1cc(N(C)C)ccc1C2=CC=C1C(=O)NC(=O)NC1=O,0
HIVSUB-01920,CCOCc1ccc(C=C(C#N)P(=O)(OCC)OCC)o1,0
HIVSUB-01921,OC1c2ccccc2C2(O)C1C(c1ccccc1)C(c1ccccc1)C2(O)c1ccccc1,0
HIVSUB-01922,COc1ccc(NC(=S)Nc2c(C)n(C)n(-c3ccccc3)c2=O)cc1,0
HIVSUB-01923,O=C1CC(c2ccccc2)C(c2ccccc2)C1=O,0
HIVSUB-01924,CCSc1nc2sc(C)c(C)c2c(=O)n1-c1ccc(C(=O)O)cc1,0
HIVSUB-01925,C1CCNCC1.CN(C)c1ccc(C=C2NC(=S)NC2=O)cc1,0
HIVSUB-01926,COc1ccccc1NC(=O)C(=CN1C(=O)C(=Cc2cc(OC)c(OC)c(OC)c2)SC1=S)C(C)=O,0
HIVSUB-01927,CCOC(=O)C1=C(C)C2C=C(c3cccs3)CC(c3ccc(Cl)cc3)=C2OC1=O,0
HIVSUB-01928,CC1SC(c2ccccc2)N(Nc2c3ccccc3nc3ccccc23)C1=O,0
HIVSUB-01929,COc1ccc2c(c1)c1c(n2CCN2CCCCC2)-c2ccccc2CC1,0
HIVSUB-01930,Nc1ccnc(N)c1N=O,0
HIVSUB-01931,NC(=O)c1c(Cl)nc2n1CCS2,0
HIVSUB-01932,CC1=[N+]2CCN3C(C)(C)CC(C)=[N+]4CCN(C(C)(C)C1)[Ni-2]324.F[B-](F)(F)F,0
HIVSUB-01933,O=[N+]([O-])c1cc(C(F)(F)F)ccc1SSc1ccc(C(F)(F)F)cc1[N+](=O)[O-],0
HIVSUB-01934,O=C(NN=Cc1ccc(Cl)cc1Cl)c1ccccc1SSc1ccccc1C(=O)NN=Cc1ccc(Cl)cc1Cl,1
HIVSUB-01935,C=C1CCC2C(C)(C)CCCC2(C)C1Cc1cc(O)ccc1O,0
HIVSUB-01936,COC(=O)C(Cc1c[nH]c2ccccc12)NP(=O)(O)OCC1OC(n2cc(Br)c(=O)[nH]c2=O)CC1O,0
HIVSUB-01937,CC(C)(C)OC(=O)C1CCC(=O)N1C1(c2ccccc2)c2ccccc2-c2ccccc21,0
HIVSUB-01938,CC(c1ccccc1)N1CN(C(=O)OCc2ccccc2)C(CO)C1=O,0
HIVSUB-01939,COC(=O)Cc1nn2c(nc1=O)sc1ccc3ccccc3c12,0
HIVSUB-01940,CCC(C)(C(=O)O)C(=O)O,0
HIVSUB-01941,C=C1CC(COc2ccc3ccc(=O)oc3c2)(c2ccccc2)OC1=O,0
HIVSUB-01942,CCOC(=O)C1=C(O)C(=O)c2cc(OC)ccc2C1=O,0
HIVSUB-01943,CCCCNC(=S)Nc1nc(C(=O)NNC(=O)c2ccccc2)cs1,0
HIVSUB-01944,CCOC(=O)C1(C#N)C(=O)c2cc[n+](CC[n+]3ccc4c(c3)C(=O)C(C#N)(C(=O)OCC)C4=O)cc2C1=O.[Br-],0
HIVSUB-01945,Nc1nc(N)c(-c2ccc(Cl)c(Cl)c2)c(C[PH](c2ccccc2)(c2ccccc2)c2ccccc2)n1,0
HIVSUB-01946,CCOC(=O)NP(=O)(N1CC1)N1CC1,0
HIVSUB-01947,CC(C)Sc1nncc(C(=N)NO)n1,0
HIVSUB-01948,C=CCNC(=O)N(CCC)CCCC(NC(C)=O)C(=O)NCc1ccccc1,0
HIVSUB-01949,NC(=O)NN=C(Cc1cc(=O)oc2cc(O)ccc12)C(=O)Nc1ccccc1C(N)=O,0
HIVSUB-01950,Nc1nc(Cl)c(N=Nc2ccc(Cl)cc2)c(NCC2(CO)CC2)n1,0
HIVSUB-01951,Nc1c(N=Nc2ccc(C=Cc3ccc(N=Nc4cc(S(=O)(=O)O)c5cccnc5c4N)cc3S(=O)(=O)O)c(S(=O)(=O)O)c2)cc(S(=O)(=O)O)c2cccnc12.[NaH],0
HIVSUB-01952,COc1cccc2c1[OH+][U]134(=O)(=O)(O)(O)([O+]=C(c5ccncc5)[N-][N+]1=C2)[O+]=C(c1ccncc1)[N-][N+]3=Cc1cccc(OC)c1[OH+]4,0
HIVSUB-01953,CCCCCCCCCCCC(=O)C1=C(O)CCCC1=O,0
HIVSUB-01954,O=C(O)CC[PH](c1ccccc1)(c1ccccc1)c1ccccc1,0
HIVSUB-01955,CCOC(=O)c1c2cccccc2n2c(=O)cc(C)nc12,0
HIVSUB-01956,[BH3-][N+](C)(C)CC[N+]([BH3-])(C)C,0
HIVSUB-01957,CNc1ccc(Cl)cc1S(=O)(=O)c1ccccc1,1
HIVSUB-01958,Cc1cc(O)nc(NN2C(Cl)C(=O)C2c2cccc(Cl)c2)n1,0
HIVSUB-01959,CC1(C)OC2OC(COC(=O)c3ccc(C#N)cc3)C3OC(C)(C)OC3C2O1,0
HIVSUB-01960,Brc1ccc(N=Nc2ccc3ccccc3n2)cc1,0
HIVSUB-01961,CC(=O)NC1C(OCc2ccccc2)OC(CO)C(O)C1OC(C)C(=O)NC(C)C(=O)NC(CCC(=O)OCCCNC1c2ccccc2Nc2cccc([N+](=O)[O-])c21)C(N)=O,0
HIVSUB-01962,COc1ccc(N2C(=O)C3c4[nH]c5ccc([N+](=O)[O-])cc5c4C4CCC(C(C)(C)C)CC4C3C2=O)cc1,0
HIVSUB-01963,CCCCCCNCCc1c[nH]cn1.Cl,0
HIVSUB-01964,CCOC(=O)C1(CC=CCBr)CCCCCCCCCCC1=O,0
HIVSUB-01965,CCCC(Cl)=NOC(=O)Nc1ccc(OC(F)(F)F)cc1,0
HIVSUB-01966,COc1nc(NC2OC(CO)C(O)C(O)C2O)cc(=O)n1C,0
HIVSUB-01967,Cl.Nc1ccccc1Sc1ccccc1,0
HIVSUB-01968,CCN(CCN(CC)C(=O)Nc1ccccc1)C(=O)Nc1ccccc1,0
HIVSUB-01969,ClCCCSSCCCCl,0
HIVSUB-01970,CC1(c2ccccc2)CC(c2cccc([N+](=O)[O-])c2)=NO1,0
HIVSUB-01971,CC1=CC2C(=O)N(c3ccccc3)C(=O)C2CC1n1[nH]c(=O)n(Cc2ccccc2)c1=O,0
HIVSUB-01972,NC(CCCNCc1ccccc1)C(=O)O,0
HIVSUB-01973,CCc1cccc(C(C)C)c1NC(=O)C(=O)Nn1c(=S)[nH]c2ccccc2c1=O,0
HIVSUB-01974,COC(=O)C1CC2C=CC1N(C(=O)OCc1ccccc1)C2,0
HIVSUB-01975,COC(=O)CCC1=CCC2(SC)C(=O)Nc3cccc1c32,0
HIVSUB-01976,O=C1OC(CS(=O)(=O)c2ccccc2)CC1O,0
HIVSUB-01977,CC1(C)OCN(c2ccc(Cl)cc2)Cn2c1nc1ccccc12,0
HIVSUB-01978,CNC(=S)NNc1ncnc2c1c(-c1ccc(Cl)cc1)cn2-c1ccc(C)cc1,0
HIVSUB-01979,C=C(C)C1CCC2(C(=O)OC)CCC3(C)C(CCC4C5(C)CCC(O)C(C)(C)C5CCC43C)C12,0
HIVSUB-01980,O=C(NCCN1CCOCC1)c1ccc(I)cc1,0
HIVSUB-01981,CCOC(=O)C1=CC(C)(C(=O)OCC)Nc2c(O)nc(OC)nc2N1,0
HIVSUB-01982,CC=CC1C=Cc2ccccc2C1(C)C1=NC(C)(C)CO1,0
HIVSUB-01983,O=[N+]([O-])C1C=Nc2ccccc2N=C1,0
HIVSUB-01984,BrCc1ccc2ccc3ccc(CBr)nc3c2n1,0
HIVSUB-01985,C[Hg]NC(=N)NC#N,0
HIVSUB-01986,OCC1(C(F)(F)F)OC(n2cncn2)CC1O,0
HIVSUB-01987,O=c1cc(O)c2ccccc2o1,0
HIVSUB-01988,Fc1cccc(C=[N+]2N=C(c3ccncc3)[OH+][Ni-2]23[OH+]C(c2ccncc2)=N[N+]3=Cc2cccc(F)c2)c1,0
HIVSUB-01989,N#Cc1snc2sc(=O)sc12,0
HIVSUB-01990,COC(=O)c1c2c(cc3c1CC1(C3)Cc3cc4c(c(C(=O)OC)c3C1)CCCC4)CCCC2,0
HIVSUB-01991,N=C(CSP(=O)(O)O)NCC12CC3CC(CC(C3)C1)C2,0
HIVSUB-01992,COc1cccc2c1[OH+][Co-3]1(O)([n+]3ccccc3)[S+]=C(N)[N-][N+]1=C2,0
HIVSUB-01993,COC1=NC2=CC(=O)c3c(c(OC(C)=O)c(C)c4c3C(=O)C(C)(OC=CC(OC)C(C)C(OC(C)=O)C(C)C(O)C(C)C(OC(C)=O)C(C)C=CC=C1C)O4)C2=O,0
HIVSUB-01994,COc1cc2c(cc1O)CN1CCC23C=CC(O)CC13,0
HIVSUB-01995,COc1ccc(C(=NOCCCC(=O)O)c2cccs2)cc1,0
HIVSUB-01996,CC1(C)CN=C(c2ccc3ccccc3c2O)N1,0
HIVSUB-01997,COc1cc2c(cc1OC)C(C1(O)CCCCC1)NCC2,0
HIVSUB-01998,CCCCCN(CCCCC)C(=O)COc1cc2c(O)c3c(O)c(C)c4c(c13)C(=O)C(C)(OC=CC(OC)C(C)C(OC(C)=O)C(C)C(O)C(C)C(O)C(C)C=CC=C(C)C(=O)N2)O4,0
HIVSUB-01999,COC(=O)c1sc2c(Cl)c(Cl)sc2c1Cl,0
HIVSUB-02000,CCCCC1(OC(=O)CCC(=O)O)CCC2(CCC(C)C(CC=C(C)C=CC(O)C(C)C=CC(=O)O)O2)OC1CCC(C)=CC(=O)O,0
HIVSUB-02001,CCN(N=O)C1C2(CCCC2)NC(=O)C12CCCC2,0
HIVSUB-02002,COc1cc(C=CC(=O)OCC23OC2C(OC2OC(C)C(O)C(O)C2O)C2C=COC(OC4OC(CO)C(O)C(O)C4O)C23)ccc1O,0
HIVSUB-02003,CC(=O)OCC(OC(C)=O)C(Cl)CCl,0
HIVSUB-02004,CC1=C(O)C(=O)C2C(=O)C1C1Cc3ccccc3C21,0
HIVSUB-02005,CCC1C(c2ccccc2O)c2cc3c(cc2OC1N1CCOCC1)OCO3,0
HIVSUB-02006,O=C(Cc1nc2c3c(ccc2nc1O)C(=O)c1ccccc1C3=O)C(=O)Nc1ccccc1[N+](=O)[O-],0
HIVSUB-02007,C=CCCCCCCCCCC(C(=O)O)C(=O)O,0
HIVSUB-02008,N=c1[nH]c2c(-c3ccc([N+](=O)[O-])cc3)nnn2c2ccccc12,0
HIVSUB-02009,c1ccc2c(c1)c1c(n2CCOCCN2CCCC2)CCCC1,0
HIVSUB-02010,CNc1c(Br)cc(C=C2C=Cc3ccccc32)cc1Br,0
HIVSUB-02011,N#CC(C(=O)C(=O)Nc1ccc(Cl)c(Cl)c1)c1ccc(Cl)cc1,0
HIVSUB-02012,I.O=C(O)c1ccccc1C=NNC1=NCCN1,0
HIVSUB-02013,COC1C=COC2(C)Oc3c(C)c(O)c4c(O)c(cc(OCC(=O)N(C)C5CCCCC5)c4c3C2=O)NC(=O)C(C)=CC=CC(C)C(O)C(C)C(O)C(C)C(OC(C)=O)C1C,0
HIVSUB-02014,CC(C=C(C#N)C#N)=Cc1ccc(C)cc1,0
HIVSUB-02015,CC=C1CN2C3CC1C1(C(=O)OC)C2CC2(c4cc(OC)ccc4N(C)C32)C1OC(C)=O,0
HIVSUB-02016,CCOc1ccc(NC(=O)C(=O)Nn2c(=N)[nH][nH]c2=N)cc1,0
HIVSUB-02017,COc1ccc(-c2c3ccccc3c(-c3ccc(OCCBr)cc3)c3ccccc23)cc1,0
HIVSUB-02018,C=CCCCC(C(=O)OCC)C(=O)OCC,0
HIVSUB-02019,COC(=O)C(=O)Nc1cc2c3c(c1)Oc1cccc4c1C3(C)c1c(cccc1O2)O4,1
HIVSUB-02020,CCOC=NC1=C(C#N)C(c2ccc(Cl)cc2)c2c(-c3ccccc3)nn(-c3ccccc3)c2O1,0
HIVSUB-02021,O=C1CC(c2ccccc2)=NO1,0
HIVSUB-02022,COC(=O)C1=C(C(=O)OC)C(C(=O)OC)C(C(=O)OC)C(C(=O)OC)(C(=O)OC)C(C(=O)OC)=C1C(=O)OC,0
HIVSUB-02023,O=C(Nc1ccccn1)C(=CC(=O)c1ccc(Cl)cc1)Nc1ccccc1,0
HIVSUB-02024,O=Cc1ccc(-c2cccc([N+](=O)[O-])c2)s1,0
HIVSUB-02025,COc1cc(CC2c3cc(OC)c(OC)cc3CCN2C)c(Oc2cc3c(cc2OC)-c2c(OC)c(OC)cc4c2C(C3)N(C)CC4)cc1OC,0
HIVSUB-02026,CC1(c2ccc(Cl)cc2)OCC(CCl)O1,0
HIVSUB-02027,COc1ccc(CNc2nc3cc(C(F)(F)F)ccc3nc2C(=O)O)cc1OC,0
HIVSUB-02028,CN(N=C(C(=O)O)c1ccccc1)C1=NCCN1.I,0
HIVSUB-02029,CC(C)(C)C1=CC(=Nc2ccc([N+](=O)[O-])cc2[N+](=O)[O-])C=C(C(C)(C)C)C1=O,0
HIVSUB-02030,COc1ccccc1C1=Nc2ccccc2N=C(c2ccccc2O)C1,0
HIVSUB-02031,COc1ccc2cc1Oc1ccc(cc1)CC1=NCCc3cc(OC)c(cc31)Oc1c(OC)c(OC)c(OC)c3c1C(C2)N(C)CC3,0
HIVSUB-02032,N#Cc1c(-c2ccccc2)ssc1=S,0
HIVSUB-02033,Cc1ccc(N2C(=O)N(c3ccc(C)cc3)C3(SC=NN3C)C2=O)cc1,0
HIVSUB-02034,CC(=O)NC(Cc1ccc2ccccc2c1)C(=O)NC(Cc1ccc(Cl)cc1)C(=O)NC(Cc1c[nH]c2ccccc12)C(=O)NC(CO)C(=O)NC(Cc1ccc(O)cc1)C(=O)NC(CCCNC(=N)N)C(=O)NC(CC(C)C)C(=O)NC(CCCNC(=N)N)C(=O)N1CCCC1C(=O)NC(C)C(N)=O,0
HIVSUB-02035,CC(OCc1ccccc1)C1OC2(C)CCC(=O)C1O2,0
HIVSUB-02036,CCOC(=O)NN(C(=O)OCC)c1c(C)cc(C)cc1C,0
HIVSUB-02037,O=c1oc2ccccc2n1P(=O)(N1CCOCC1)N1CCOCC1,0
HIVSUB-02038,CC(=O)SCCCn1c(=O)n(CCCSC(C)=O)c(=O)n(CCCSC(C)=O)c1=O,0
HIVSUB-02039,CC1CC(N)=C(C#N)C1(C#N)C#N,0
HIVSUB-02040,COC(=O)c1c(C#C[Si](C)(C)C)c(C#C[Si](C)(C)C)c(C#C[Si](C)(C)C)c(C#C[Si](C)(C)C)c1C(=O)OC,0
HIVSUB-02041,O=C1NC(=O)C2C(=O)NC(=O)C1C2(c1ccccc1)c1ccc(Cl)cc1,0
HIVSUB-02042,CC1=CCC(=O)C2(C)C1C(O)C1OC3CC(c4ccoc4)C(C)=C3C1(C)C2CC(=O)O,0
HIVSUB-02043,Nc1cnn2cnnc2c1,0
HIVSUB-02044,CCOC(=O)C1=C(Nc2ccc(Cl)cc2Cl)OCC1=NNS(=O)(=O)c1ccc(C)cc1,0
HIVSUB-02045,CS(=O)(=O)OCCN(CCOS(C)(=O)=O)c1ccc(C=Nc2ccc(-c3csc(COc4ccccc4)n3)cc2)cc1,0
HIVSUB-02046,Cc1cccc(N2C(=O)C(=O)C(c3nc4ccccc4s3)C(=O)C2=O)c1C,0
HIVSUB-02047,CC(=O)Nc1cc(N=Nc2ccc(N=Nc3ccc(NC(=O)c4ccc(N)cc4)cc3C)cc2C)c(S(=O)(=O)O)cc1N=Nc1cccc(C(=O)O)c1,1
HIVSUB-02048,CCC1OC(=O)CC(O)C(C)C(OC2OC(C)CC(N(C)C)C2O)C(CC=O)CC(C)C(=O)C=CC2(C)OC2C1C,0
HIVSUB-02049,O=C1c2ccccc2C(=O)N1CC(Cl)=CCl,0
HIVSUB-02050,CCOC(=O)C(C)Sc1nnc(COc2ccccc2OC)n1-c1ccccc1,0
HIVSUB-02051,O=C(NN=CC(F)(F)F)c1ccncc1,0
HIVSUB-02052,O=c1c2cccnc2ncn1CCN1CCOCC1,0
HIVSUB-02053,Cc1cc(OP2(=O)NCc3ccncc3O2)ccc1Cl,0
HIVSUB-02054,CC(C)(C)c1cc(Cc2ccc(S(C)(=O)=O)cc2)c(O)c(C(C)(C)C)c1,0
HIVSUB-02055,Cl.N=C(N)NN=Cc1c(Cl)nc2n1CCS2,0
HIVSUB-02056,O=C(NC12CC3CC(CC(C3)C1)C2)C(=O)c1c[nH]c2ccccc12,0
HIVSUB-02057,COc1cc(OC)c2c(=O)c(O)c(-c3ccc(OC)c(OC)c3)oc2c1,0
HIVSUB-02058,CC=CC1(OC(=O)c2ccccc2)CC2CCCCC21,0
HIVSUB-02059,Cc1nn(-c2ccccc2)c2nc3ccc(Cl)cc3c(-c3ccccc3)c12,0
HIVSUB-02060,O=CC1CCCc2ccccc21,0
HIVSUB-02061,O=C1C(CN2CCOCC2)CCCC1CN1CCOCC1,0
HIVSUB-02062,COC(=O)c1cc2c(c3c1CC(Cc1ccccc1)C3=O)CCC2,0
HIVSUB-02063,CCOC(=O)C=C1Nc2ccccc2C(c2ccccc2)=NC1OC(C)=O,0
HIVSUB-02064,Cc1ccc(N=Nc2c(=N)[nH]n3cc4c(nc23)CCC4)cc1,0
HIVSUB-02065,O=C(CSc1nnc(-c2ccc(N=Cc3ccc(Cl)cc3)cc2)o1)Nc1ccccc1,0
HIVSUB-02066,CC=CC1C2C(=O)C3(Cl)C(C=CC)C3C(=O)C12Cl,0
HIVSUB-02067,Cc1c(N=O)cc(C(C)C)c(O)c1I,0
HIVSUB-02068,COc1ccc(C2C(Cl)C(=O)N2c2ccc(OC)cc2)cc1,0
HIVSUB-02069,Oc1cc(OCCCc2ccc(F)cc2)cc2ccc3ccccc3c12,0
HIVSUB-02070,COc1cc(-c2cc(OC)c(O)c(OC)c2)cc(OC)c1O,0
HIVSUB-02071,O=C(c1ccccc1Cl)c1c(O)c2ccccc2oc1=O,0
HIVSUB-02072,O=C1CNS(=O)(=O)N1,0
HIVSUB-02073,O=C(O)C1=C(C(=O)Nc2ccccc2)C2C=CC1C2,0
HIVSUB-02074,O=C(NC(=Cc1ccc(C=C(NC(=O)c2ccccc2)c2nc3ccccc3[nH]2)cc1)c1nc2ccccc2[nH]1)c1ccccc1,0
HIVSUB-02075,O=C(O)c1ccc(C(=O)O)c(C(=O)c2cc(C(=O)O)ccc2C(=O)O)c1,0
HIVSUB-02076,COC(=O)C12CSCN1C(=O)C(C(C)=O)=NN2C(=O)C(OC)(c1ccccc1)C(F)(F)F,0
HIVSUB-02077,COCC(=O)OC1CCn2c1nc1c2C(=O)C(C)=C(NC(C)=O)C1=N,0
HIVSUB-02078,CC(C)[Si](OCC1CC(C#N)OC(C)(C)O1)(C(C)C)C(C)C,0
HIVSUB-02079,Nc1nc(Cl)cc(NCC2(CO)CC(Cc3ccccc3)C2)n1,0
HIVSUB-02080,CC(=O)C(=CN1CCNC1=S)C(=O)Nc1ccc([N+](=O)[O-])cc1,0
HIVSUB-02081,COc1cccc(C(=O)Oc2ccc(OS(=O)(=O)c3ccc(C)cc3)cc2)c1C#N,0
HIVSUB-02082,Oc1ccc2ccc3c(c2c1)CN(Cc1ccccc1)CO3,0
HIVSUB-02083,CC1(C)OC(=O)C(=Cc2ccccc2Br)C(=O)O1,0
HIVSUB-02084,Cn1ccnc1Cn1cc(-c2cccc(-c3cn[nH]c3)c2)cn1,0
HIVSUB-02085,c1ccc(CSC2(SCc3ccccc3)CCCCC2)cc1,0
HIVSUB-02086,O=C1CCC2=NCc3c(ccc4ccccc34)N12,0
HIVSUB-02087,CC(=O)OC1CC(C)C2(CC(O)c3ccoc3)C(=O)OCC13C2CCC(O)C31CO1,0
HIVSUB-02088,N#CC1=C(N)N(c2ccccc2)C(=S)N2CCCCCCCC12,0
HIVSUB-02089,O=C(CC(C(=O)c1cccs1)c1ccsc1)c1ccccc1,0
HIVSUB-02090,CCOC(=O)C1=C(C)NC(C)=C(C(=O)OCCNC(=O)c2ccc(N=[N+]=[N-])cc2)C1c1ccccc1C(F)(F)F,0
HIVSUB-02091,O=Cc1cc2c(cc1-c1cc3c(cc1C=O)OCO3)OCO2,0
HIVSUB-02092,Cn1c(=N)[nH]c2c3ccc(O)nc3ccc21,0
HIVSUB-02093,CCOC(=O)C(Br)C#N.CCOC(=O)C1(C#N)C(C#N)(C#N)C12CCCCC2,0
HIVSUB-02094,CC(=O)OC1C(C)OC(OC2C3C=COC(OC4OC(CO)C(O)C(O)C4O)C3C3(CO)OC23)C(OC(=O)C=Cc2ccccc2)C1OC(=O)C=Cc1ccccc1,0
HIVSUB-02095,CC(NC(=O)C(N)Cc1ccc(O)cn1)C(=O)O,0
HIVSUB-02096,O=C(C=Cc1ccccc1O)c1cccc2ccccc12,0
HIVSUB-02097,Cl.Clc1ccc(CCN2CCOCC2)c(Cl)c1,0
HIVSUB-02098,Cc1cc(S(=O)(=O)Nc2nc(N)nc(N3N=CCC3C)n2)c(SCC(=O)O)cc1Cl,0
HIVSUB-02099,CCOC(=O)C1Nc2ccccc2C2OCCC12,0
HIVSUB-02100,Nn1c(Cc2ccccc2)nnc1Cc1ccccc1,0
HIVSUB-02101,COC(=O)C=CC(C#N)(C#N)N=Cc1cccs1,0
HIVSUB-02102,O=S(=O)(O)O.O=[N+]([O-])c1ccc(-c2csc(=[N+]3CCCCC3)s2)cc1,0
HIVSUB-02103,COc1c(O)c2c3c(cc(C)cc3c1C(C)C)OC2,0
HIVSUB-02104,CCCCC=CC1Cc2ccccc2CN1S(=O)(=O)c1ccc(C)cc1,0
HIVSUB-02105,Cc1cccc(C)c1NC(=O)C(=O)CC(=O)CO,0
HIVSUB-02106,COC(=O)C1Cc2c([nH]c3ccccc23)-c2[nH]c3ccccc3c2CC(NC(C)=O)C(=O)NCC(=O)N1,0
HIVSUB-02107,Clc1ccc(-n2cnn3c(-c4ccccc4)ncc23)cc1,0
HIVSUB-02108,Cc1cc(-n2c(C=Cc3ccc(Cl)cc3)nc3cc(Cl)ccc3c2=O)on1,0
HIVSUB-02109,CC(=O)CC(O)(C(F)(F)Cl)C(F)(Cl)Cl,0
HIVSUB-02110,Clc1ncc(Cl)c(Cl)n1,0
HIVSUB-02111,BC(=O)NC(CC(C)C)C(=O)NCC(=O)NC1c2ccsc2C(=O)C1O.CN(C)C,0
HIVSUB-02112,CC1=C2C(=O)NN=C2CCN1c1ccc(Br)cc1,0
HIVSUB-02113,CC(=O)OCC1OC(SC2=NC(=O)C(=Cc3ccccc3)S2)C(OC(C)=O)C(OC(C)=O)C1OC(C)=O,0
HIVSUB-02114,CCOCc1cc(=O)c2c(O)cc3c(c2o1)CCC(C)(C)O3,0
HIVSUB-02115,CC(=O)Oc1c2c(c(OC(C)=O)c3c1C(=O)c1ccccc1C3=O)CCC(C(C)O)=C2,0
HIVSUB-02116,Cc1cc(-c2ccc(N=Nc3c(N)c(C)cc(S(=O)(=O)O)c3N)c(C)c2)ccc1N=Nc1ccc(O)c(C(=O)O)c1,1
HIVSUB-02117,COC1(C)C(=O)N(C)C1c1ccccc1,0
HIVSUB-02118,CN(C)CCC(=O)c1ccc(Cl)cc1.Cl,0
HIVSUB-02119,Cn1cnc2[nH]c(=O)n(O)c(=O)c21,0
HIVSUB-02120,Cc1cc(N=O)cc(C)c1O,0
HIVSUB-02121,COc1ccc(C2C3=C(COC3=O)OC(C)(C)Oc3cc4c(cc32)OCO4)cc1OC,0
HIVSUB-02122,O=C1OCC(Cc2ccc3c(c2)OCO3)C1Cc1ccc(O)cc1,0
HIVSUB-02123,O=c1[nH]c(=O)n(C2CC(O)C(CO)O2)cc1N=NNCCCc1ccccc1,0
HIVSUB-02124,CCOCNC(=O)N(COCC)COCC,0
HIVSUB-02125,Nc1nc(N)c2nc(-c3ccco3)cnc2n1,0
HIVSUB-02126,Cc1nc2ccc(Cl)cc2c(Cl)c1CCCl,0
HIVSUB-02127,CCOC(=O)C1=C(c2ccccc2)N(C(C)=O)Cc2ccccc21,0
HIVSUB-02128,Cc1ccc(S(=O)(=O)N2CCC(C(=O)O)(c3ccccc3)CC2)cc1,0
HIVSUB-02129,COC1=CC(=O)c2c(cc3c(c2O)-c2c(OC)cc4cc5c(c(O)c4c2OC(=O)CC(C)(O)C3)C(=O)CC(C)(O)C5)C1=O,0
HIVSUB-02130,CC(CCC(=O)O)C1CCC2C3CCC4CC(O)CCC4(C)C3CCC12C,0
HIVSUB-02131,O=C(C=Cc1ccc2c(c1)OCO2)c1cccc2ccccc12,0
HIVSUB-02132,CCOC(=O)N(C)C(=C(F)F)C(F)(F)F,0
HIVSUB-02133,N#CC(c1ccccc1)N(CCCCCCN(C(=O)c1ccccc1)C(C#N)c1ccccc1)C(=O)c1ccccc1,0
HIVSUB-02134,CCOC(=O)NC(Nc1cccc(F)c1)(C(F)(F)F)C(F)(F)F,0
HIVSUB-02135,O=C1CCCc2ccc3c(c21)CC1(Cc2cc4c(cc2C1)CCCC4)C3,0
HIVSUB-02136,NC(CCC(=O)NCCCC(=O)O)C(=O)O,0
HIVSUB-02137,Cc1nc(C2CCC3C4CCC5=CC(=O)CCC5(C)C4CCC23C)co1,0
HIVSUB-02138,COc1ccc(CN2CC(=O)N3Cc4ccccc4CN3C(=O)C2)cc1,0
HIVSUB-02139,CCCCN(CCCC)C(=O)C(=O)C(C#N)c1ccc(C)cc1,0
HIVSUB-02140,O=C(O)CN(CCN(CC(=O)O)CC(=O)O)CC(=O)O,0
HIVSUB-02141,Nc1nc(N)c2cc(Cl)ccc2n1,0
HIVSUB-02142,CCCCCCCCOCCS(=O)(=O)O,0
HIVSUB-02143,Cc1cc(C)n(-c2c(O)ccc(O)c2-n2nc(C)cc2C)n1,0
HIVSUB-02144,O=C(O)c1c2c(cc3c1CC1(Cc4cc5c(cc4C1=O)CCC5)C3)CCC2,0
HIVSUB-02145,Cn1c(-c2ccccc2)cc(-c2ccc3c(c2)OCO3)c1-c1ccsc1,0
HIVSUB-02146,Cc1nnc2ccc([N+](=O)[O-])cc2c1O,0
HIVSUB-02147,CC(=O)c1ccc(NC(=O)C(CC(=O)C=Cc2ccccc2)=NNC(N)=S)cc1,0
HIVSUB-02148,COC1Nc2c(ccc(C)c2O)C(=O)N2C=C(C=CC(N)=O)CC12,0
HIVSUB-02149,CNC(=O)N1NC(c2ccccc2)C1c1ccccc1.OB(O)O,0
HIVSUB-02150,Cc1ccc(C(=O)C=Cc2ccccc2)s1,0
HIVSUB-02151,CC1(C)CCCOc2ccc(C(=O)O)cc21,0
HIVSUB-02152,CC(CC(=O)N1C2CC3CCC2(CS1(=O)=O)C3(C)C)[Si](C)(C)C,0
HIVSUB-02153,CCC(=O)OC1CCC2C3CCC(=O)OC3C(C)(CCC(=O)O)CC12C,0
HIVSUB-02154,CCOC(=O)CC(NC(=O)C(CC(=O)OC)NC(=O)C(CC(=O)OC)NC(=O)C(CC(=O)OC)NC(=O)C(CC(=O)OC)NC(=O)C(CC(=O)OC)NC(=O)C(CC(=O)OC)NC(=O)C(CC(=O)OC)NC(=O)OCc1ccccc1)C(=O)OCC,0
HIVSUB-02155,COc1ccc2nc(O)c(C(C)=O)c(O)c2c1,0
HIVSUB-02156,CC(C)=CCc1c(O)cc(O)c2c1OC(c1cc3c(cc1O)OC(c1ccc(O)cc1)C3c1cc(O)cc(O)c1)CC2=O,0
HIVSUB-02157,CC(=O)c1sc2c(c1OC(=O)c1ccco1)c(=O)n(-c1ccccc1)c(=S)n2-c1ccccc1,0
HIVSUB-02158,CC(=O)N=C1N(C)C(=Cc2ccc(Cl)cc2Cl)C(=O)N1C=C1C(=O)Oc2ccccc2C1=O,0
HIVSUB-02159,CC1N=NC([S-])=NC1=O.[Pd+2],0
HIVSUB-02160,COc1ccc2nc3cccc([N+](=O)[O-])c3c(NCCN(C)C)c2c1,0
HIVSUB-02161,CC1=CC2=[N+]3C1=Cc1cc(C)c4n1[Ni-2]31n3c(c(C)c(CCC(=O)O)c3=CC3=[N+]1C(=C4)C(C)=C3CCC(=O)O)=C2,0
HIVSUB-02162,Cl.NCCCCCCNS(=O)(=O)c1cccc2c(Cl)cccc12,0
HIVSUB-02163,CCCc1cc(=O)oc2c3c(c4c(c12)OC(C)(C)C(OC(=O)c1ccc(Br)cc1)C4OC(=O)c1ccc(Br)cc1)OC(C)C(C)C3OC(=O)c1ccc(Br)cc1,0
HIVSUB-02164,N#Cc1c(Cl)c2cc([N+](=O)[O-])ccc2n2c1nc1ccccc12,0
HIVSUB-02165,CCCCCCCCCCCCCC(=O)NO,0
HIVSUB-02166,CC(C)(C)OC(=O)C(C#N)C(=O)c1ccc(C(=O)O)[nH]1,0
HIVSUB-02167,CC(=O)OC1(c2ccccc2)OC(=O)C(C)(C)c2ccccc21,0
HIVSUB-02168,CC(=O)c1ccc(C(O)C(CO)NC(=O)C(Cl)Cl)cc1,0
HIVSUB-02169,CCOC(=O)c1sc2c(C(=O)OCC)n3cc(C)cc(C)c3c2c1O,0
HIVSUB-02170,CCC1CC2CN3CCc4c([nH]c5ccccc45)C(C(=O)OC)(C2)C13,0
HIVSUB-02171,Cc1cc(Cl)ccc1NC(=O)C1C(=O)N(c2ccc(Cl)cc2C)C(=O)C1=NNC(N)=S,0
HIVSUB-02172,CC(=O)N1C(C(=O)NC2CCCCC2)CSC1c1ccccc1,0
HIVSUB-02173,Oc1c(OCc2nnc(CCCCCCCCc3nnc(COc4ccc5ccccc5c4O)o3)o2)ccc2ccccc12,0
HIVSUB-02174,CSc1nc(NC2OC(COC(C)=O)C(OC(C)=O)C(OC(C)=O)C2OC(C)=O)c(N=CC=Nc2c(NC3OC(COC(C)=O)C(OC(C)=O)C(OC(C)=O)C3OC(C)=O)nc(SC)n(C)c2=O)c(=O)n1C,0
HIVSUB-02175,O=C(Cc1nc2ccc(C(=O)c3ccccc3)cc2nc1O)C(=O)Nc1ccccc1[N+](=O)[O-],0
HIVSUB-02176,COc1cc(O)c2c(c1)C(O)C(O)CC1OC1C(=O)C=CCC(C)OC2=O,0
HIVSUB-02177,Oc1cc(NNc2ccccc2)nc(O)n1,0
HIVSUB-02178,CC(=O)c1sc(Nc2ccc(S(=O)(=O)Nc3nc(C)cc(C)n3)cc2)nc1C,0
HIVSUB-02179,Cc1cc(C)cc(Nc2cc(O)nc(O)n2)c1,0
HIVSUB-02180,Cc1ccccc1N=Cc1ccc(N(CCC#N)S(=O)(=O)c2ccccc2)cc1,0
HIVSUB-02181,OCCN1C(c2ccccc2)=CN2C=CSC21,0
HIVSUB-02182,COc1ccccc1C1C(Cl)C(=O)N1NC(=O)Cc1ccccc1,0
HIVSUB-02183,C=C(C)C(O)(C(=O)OC1CN2CCC1CC2)c1cccs1,0
HIVSUB-02184,CC(=O)c1c(O)ccc(O)c1-n1nc(C)c([N+](=O)[O-])c1C,0
HIVSUB-02185,O=c1oc2nc3ccc(Cl)cc3c(=O)n2c2ccc(Cl)cc12,0
HIVSUB-02186,CN(C)C1C(O)=C(C(=O)NCNCCCC(=O)O)C(=O)C2(O)C(O)=C3C(=O)c4c(O)cccc4C(C)(O)C3CC12,0
HIVSUB-02187,Nc1c(C(=O)NN=Cc2ccc(Cl)cc2)sc(=S)n1-c1ccccc1,0
HIVSUB-02188,CC(=O)c1c2c(cc3c1CC1(Cc4cc5c(cc4C1=O)CCC5)C3)CCC2,0
HIVSUB-02189,CC1C2Cc3ccc(O)cc3C1(C)CCN2C,0
HIVSUB-02190,C=C(c1ccccc1)C1ON(C)CCc2cc(OC)c(OC)cc21,0
HIVSUB-02191,COc1ccc(C2C(Cl)C(=O)N2NC(=O)c2ccc(N)cc2)cc1,0
HIVSUB-02192,Clc1ccc(C2=NON(c3ncccn3)C3N=CC=CN23)cc1,0
HIVSUB-02193,NS(=O)(=O)c1ccc(NC(=O)c2ccc3nc4ccccc4c(Nc4ccc(S(N)(=O)=O)cc4)c3c2)cc1,1
HIVSUB-02194,c1cc(C2N3CCCN2CC3)ccn1,0
HIVSUB-02195,Cc1cc(Cl)nc(Nc2nc3ccccc3[nH]2)n1,0
HIVSUB-02196,O=C(C=Cc1ccc2c(c1)OCO2)NCCc1ccco1,0
HIVSUB-02197,CC1=NN(C(=O)CC(=O)Nc2cccc(C)c2)C(=O)C1N=Nc1ccc(C(=O)O)cc1,0
HIVSUB-02198,O=C1NC(=O)C(CC2CCCCCCCCCCC2=O)C(=O)N1,0
HIVSUB-02199,CCOP(=O)(Nc1nccs1)c1ccc(N)cc1,0
HIVSUB-02200,COc1ccc(N2C(=O)C(=C(C)c3cc4ccccc4oc3=O)N=C2c2cc([N+](=O)[O-])ccc2Cl)cc1,0
HIVSUB-02201,CC1(Cl)C2c3ccccc3C(c3ccccc32)C1(C)Cl,0
HIVSUB-02202,c1ccc2sc(CN(Cc3nc4ccccc4s3)Cc3nc4ccccc4s3)nc2c1,0
HIVSUB-02203,CC(=O)Nc1cc2c(s1)CCC1CC(=O)NN=C21,0
HIVSUB-02204,COc1cccc(C=C2CCCc3ccccc3C2=O)c1,0
HIVSUB-02205,Cn1cc(S(=O)(=O)NC(=O)Nc2ccc(Cl)cc2)c(=O)c2ccc(F)cc21,0
HIVSUB-02206,Cc1ccc(S(=O)(=O)C2CC3CC2C2COCC32)cc1,0
HIVSUB-02207,COc1cccc(CCNC(=O)Cc2ccccc2CCO)c1,0
HIVSUB-02208,CCOC(=O)C(=Cc1ccc(OC)cc1)[Se]c1ccccc1,0
HIVSUB-02209,CC(C)S(=O)(=O)O,0
HIVSUB-02210,[O-][Cl+3]([O-])([O-])O.c1ccc2c(c1)c[s+]c1c3ccccc3[nH]c21,0
HIVSUB-02211,CCN(CC)CC(=O)N(CC)c1ccc(C)c(Cl)c1,0
HIVSUB-02212,CC(=O)C1(O)Cc2c(O)c3c(c(O)c2C(OC2CC(N)C(O)C(C)O2)C1)C(=O)c1c(OCc2ccccc2)cccc1C3=O,0
HIVSUB-02213,NS(=O)(=O)c1ccc(NCc2cccc3c(=O)c4ccc(Cl)cc4oc23)cc1,0
HIVSUB-02214,Cc1c2n(c3ccccc13)CC1CON(C)C21,0
HIVSUB-02215,CCN1C(=O)C(N=[N+]=[N-])(c2ccccc2)C(=O)c2ccccc21,0
HIVSUB-02216,CC1=NN(C(=O)CC(=O)Nc2ccc(C)cc2)C(=O)C1N=Nc1ccc(C(=O)O)cc1,0
HIVSUB-02217,O=C(c1ccccc1)N1C(=S)N=C(Nc2ccccc2)C1=Nc1ccccc1,0
HIVSUB-02218,C1=NCCNCCNCCN=Cc2ccc(cc2)OCc2cccc(n2)COc2ccc1cc2,0
HIVSUB-02219,CCOC(=O)C(C#N)=C1c2ccccc2C(=O)C1(Cl)C(N)=O,0
HIVSUB-02220,CC1(C)C2CCC1(C)C(O)(c1ccccc1)C2=O,0
HIVSUB-02221,Cc1cccc(N(CCC#N)S(=O)(=O)c2ccccc2)c1,0
HIVSUB-02222,N#Cc1c(N=Cc2ccccc2Cl)sc2c1CCC2,0
HIVSUB-02223,Cc1nc2cnc(Nc3ccccc3)nc2n(-c2ccccc2)c1=O,0
HIVSUB-02224,Cl.NCCSC=CC(=O)OCc1ccc(Br)cc1,0
HIVSUB-02225,CC(C)(C)OC(=O)NC(Cc1ccccc1)C(=O)N1CCCC1C(=O)OCc1ccccc1,0
HIVSUB-02226,CC(C)N(C(=O)C1(C)CC1)C(C)C,0
HIVSUB-02227,CCOC(=O)c1cc(-n2nnc3ccccc32)cn1C,0
HIVSUB-02228,O=CC12CCCN1CCC2,0
HIVSUB-02229,[O-]c1c2cc(-[n+]3c(-c4ccccc4)cc(-c4ccccc4)cc3-c3ccccc3)cc1COC(c1ccccc1)C(c1ccccc1)OCCOCCOC(c1ccccc1)C(c1ccccc1)OC2,0
HIVSUB-02230,CSc1cc(Cl)c(C(=O)Nc2ccccc2)cc1S(=O)(=O)n1cc[nH]c1=O,0
HIVSUB-02231,c1ccc2c(c1)cc1n2CCc2c-1[nH]c1ccccc21,0
HIVSUB-02232,CC(=O)Nc1ccc(S(=O)(=O)NN=Cc2ccco2)cc1,0
HIVSUB-02233,CCOC(=O)c1cnc2[nH]ccn2c1=O,0
HIVSUB-02234,Cc1ccc(C(=O)Nc2ccc(S(=O)(=O)[O-])c3cc(S(=O)(O)=[OH+])cc(S(=O)(O)=[OH+])c23)cc1NC(=O)c1cccc(NC(=O)Nc2cccc(C(=O)Nc3cc(C(=O)Nc4ccc(S(=O)(=O)[O-])c5cc(S(=O)(O)=[OH+])cc(S(=O)(O)=[OH+])c45)ccc3C)c2)c1.[GaH3],0
HIVSUB-02235,O=[N+]([O-])c1ccc(S(=O)(=O)c2ccc([N+](=O)[O-])cc2[N+](=O)[O-])c([N+](=O)[O-])c1,0
HIVSUB-02236,CC(=O)OC=COC1CCCC1(c1ccccc1)c1ccccc1,0
HIVSUB-02237,COCC(O)Cn1ccnc1[N+](=O)[O-],0
HIVSUB-02238,CCOC(=O)C(C)OC(=O)C(C)(NC(=O)c1ccccc1C(=O)OC)C1NC=C(C(=O)OC)CS1,0
HIVSUB-02239,COc1c(-c2ccc3c(c2)OCO3)oc2cc(O)cc(O)c2c1=O,0
HIVSUB-02240,O=[N+]([O-])c1ccc2c(c1)C1=C(CO2)Cc2ccccc2O1,0
HIVSUB-02241,C[n+]1c(COc2ccc(C=NNC(=O)c3ccc(C(=O)NN=Cc4ccc(OCc5cn6ccccc6[n+]5C)cc4)cc3)cc2)cn2ccccc21.Cc1ccc(S(=O)(=O)O)cc1,1
HIVSUB-02242,CCCCc1c2c(nc3c1CCCC3=Cc1ccccc1)C(=Cc1ccccc1)CCC2,0
HIVSUB-02243,Clc1ccccc1C1N2CCCCC2C2c3[nH]c4ccccc4c3CCN21,0
HIVSUB-02244,Cc1cc(=O)oc2cc(OCC(O)COC(C)C)ccc12,0
HIVSUB-02245,O=C1Nc2cc([N+](=O)[O-])ccc2NC1=CC(=O)c1ccc(Cl)cc1,0
HIVSUB-02246,CCn1c(SC(C)C(=O)c2c(C)n(C)n(-c3ccccc3)c2=O)nc2ccccc2c1=O,0
HIVSUB-02247,CC(=O)OCCCCn1cnc2c(Cl)nc(Nc3ccccc3)nc21,0
HIVSUB-02248,COC1OC(CO)C(O)C2NCSC12,0
HIVSUB-02249,CCCCOC(=O)NC(Nc1cccc(C(F)(F)F)c1)(C(F)(F)F)C(F)(F)F,0
HIVSUB-02250,CC(=O)N1N=C(c2ccc3ccccc3c2O)CC1C(=O)c1ccco1,0
HIVSUB-02251,O=C1Oc2ccccc2C(=O)C1=C1C=C(c2ccccc2)SS1,0
HIVSUB-02252,O=C1C(=Cc2ccc(Br)cc2)CCCc2ccccc21,0
HIVSUB-02253,CCN(CC)CC(=O)Nc1cc(C)ccc1Cl,0
HIVSUB-02254,NS(=O)(=O)c1nnc(NS(=O)(=O)c2ccc(F)cc2)s1,0
HIVSUB-02255,CC(C)(C)[Si](C)(C)OCC1OC(n2ccc(=O)[nH]c2=O)C(O[Si](C)(C)C(C)(C)C)C1=CC(=N)NO,0
HIVSUB-02256,O=C(Oc1ccc(Cl)cc1[N+](=O)[O-])c1ccccc1,0
HIVSUB-02257,CCCCC(C=CCOC1CCCCO1)=CC(=O)OCC,0
HIVSUB-02258,COc1ccccc1C=C1Sc2scc(-c3cccc([N+](=O)[O-])c3)[n+]2C1=O.[Cl-],0
HIVSUB-02259,COc1ccc(-c2cc(=O)c3c(O)c(O)c(OC)cc3o2)cc1O,0
HIVSUB-02260,Cc1cc2nc3c4ccccc4n(C)c3nc2cc1C,0
HIVSUB-02261,CC(C)[N+](C)(C)CC(O)COc1cccc2ccccc12,0
HIVSUB-02262,CN(C)CCCNC(=O)c1cc(NC(=O)c2cc(NC(=O)c3cc(NC(=O)c4cccc(C(=O)Nc5cc(C(=O)Nc6cc(C(=O)Nc7cc(C(=O)NCCCN(C)C)n(C)c7)n(C)c6)n(C)c5)n4)cn3C)cn2C)cn1C,0
HIVSUB-02263,CCOC(=O)N1CCN(c2ccc3c(C)cc(C)nc3n2)CC1,0
HIVSUB-02264,CCOC(=O)NC(C(F)(F)F)(C(F)(F)F)P(=O)(OCC(C)C)OCC(C)C,0
HIVSUB-02265,Nc1ncnc2oc(C3OC(COC(=O)c4ccccc4)C(OC(=O)c4ccccc4)C3OC(=O)c3ccccc3)nc12,0
HIVSUB-02266,O=C(CCn1ccnc1[N+](=O)[O-])NCCCn1ccnc1[N+](=O)[O-],0
HIVSUB-02267,O=C1C2C(C(=O)N1c1ccccc1)C1(Br)c3ccccc3C2(Br)C2C(=O)N(c3ccccc3)C(=O)C21,0
HIVSUB-02268,COC(=O)C(=O)C(=CNC(=S)NCCc1ccc(OC)c(OC)c1)C(=O)c1ccc([N+](=O)[O-])cc1,0
HIVSUB-02269,CCOC(=O)C(F)=Cc1ccc(F)cc1,0
HIVSUB-02270,CC1C2CC(CC2=O)C1(C)C,0
HIVSUB-02271,Nc1c(N=Nc2ccc(C=Cc3ccc(N=Nc4cc(S(=O)(=O)O)c5cccc(S(=O)(=O)O)c5c4N)cc3S(=O)(=O)O)c(S(=O)(=O)O)c2)cc(S(=O)(=O)O)c2cccc(S(=O)(=O)O)c12.[NaH],1
HIVSUB-02272,Cc1ccc2c(=O)c3cccc(CC(=O)O)c3[nH]c2c1C.[NaH],0
HIVSUB-02273,Nc1ncnc2c1nnn2C1C=CC(COS(N)(=O)=O)C1,0
HIVSUB-02274,Cl.O=C(C=Cc1ccccc1)c1cc(CN2CCOCC2)c(O)c(CN2CCOCC2)c1,0
HIVSUB-02275,COC(=O)C1(NC(=O)C(CC(=O)OCc2ccccc2)NC(=O)OCc2ccccc2)CCCCCC1,0
HIVSUB-02276,COc1ccc(-c2c[se]c(=S)s2)cc1,0
HIVSUB-02277,O=C1C(=Cc2ccc(Cl)cc2)COc2ccc(Br)cc21,0
HIVSUB-02278,CCCCCC1OC1(c1cc(Br)c(OC)c(C(=O)OC)c1)c1cc(Br)c(OC)c(C(=O)OC)c1,0
HIVSUB-02279,CON=C(C(=O)[N-]n1cn[n+](CC(=O)OC(C)(C)C)c1)c1csc(NC(c2ccccc2)(c2ccccc2)c2ccccc2)n1,0
HIVSUB-02280,CN(C)CC1CCCCCCCCCCC1=O,0
HIVSUB-02281,O=C(OCc1ccccc1)N1CCC(O)C1CO,0
HIVSUB-02282,Cc1cc(=O)n2nc(CSc3n[nH]c(=N)s3)sc2n1,0
HIVSUB-02283,CC(C)(C)OC(=O)c1cc(NC(=S)c2ccccc2)ccc1Cl,1
HIVSUB-02284,O=C1c2ccccc2[N+](=O)[C-]1c1ccc([N+](=O)[O-])cc1,0
HIVSUB-02285,C=CCn1c(N)c(N=O)c(=O)n(C)c1=O,0
HIVSUB-02286,O=C1NC(=S)NNC12c1ccccc1-c1ccccc12,0
HIVSUB-02287,CC(C)(c1ccc(OC#N)cc1)c1ccc(OC#N)cc1,0
HIVSUB-02288,CCCCCC1=CC(=O)C1(Cl)Cl,0
HIVSUB-02289,CC(C)(C)NC(=NO)c1ccccc1,0
HIVSUB-02290,CC1(C)OC2=C(CC1Br)C(=O)C(=O)c1ccccc12,0
HIVSUB-02291,Cn1c(N)c(Cc2ccc(Cl)cc2)c(=O)[nH]c1=O,0
HIVSUB-02292,CN1CCN(Cc2ccccc2)CC1CC#N,0
HIVSUB-02293,O=S(O)CCCCCSSc1ccccc1.[NaH],0
HIVSUB-02294,N=C(N)C1CN(CCc2c[nH]c3ccccc23)C(=O)NC1=O,0
HIVSUB-02295,CCOC(=O)c1ccc(CSc2ccccc2)cc1,0
HIVSUB-02296,CC(C)N1CC2CC(CN(C(=O)c3ccc(Cl)cc3)C2)C1,0
HIVSUB-02297,COc1cccc2c1[OH+][Ni-4]13(O)([O+]=C(N)[N-][N+]1=C2)[n+]1ccccc1-c1cccc[n+]13,0
HIVSUB-02298,C=CC(O)C#Cc1cnc(OC)nc1OC,0
HIVSUB-02299,Cc1cccc(NC(=O)C(=O)C(C2OC(=O)c3ccccc32)[N+](=O)[O-])c1C,0
HIVSUB-02300,O=C(Nc1ccc(C=Cc2ccc([N+](=O)[O-])cc2S(=O)(=O)O)c(S(=O)(=O)O)c1)OCc1ccccc1.[NaH],0
HIVSUB-02301,CCOc1ncn(-c2ccc(NC(=S)Nc3cccc(O)c3)cc2)n1,0
HIVSUB-02302,CCOC(=O)C(=CNc1cccc(NC=C(C(=O)OCC)C(=O)OCC)c1)C(=O)OCC,0
HIVSUB-02303,Cc1ccc(S(=O)(=O)SC(S(=O)(=O)c2ccc(C)cc2)S(=O)(=O)c2ccc(C)cc2)cc1,0
HIVSUB-02304,OCC1CC1n1cnc2c(O)ncnc21,0
HIVSUB-02305,CC1=C2CCC(O)CC2(C)C(O)C1C,0
HIVSUB-02306,CC1C(=O)N(c2ccccc2)NC12CCCc1ccccc12,0
HIVSUB-02307,O=C(O)c1ccc(C=Cc2ccc(N=Nc3cc(S(=O)(=O)O)c4cccnc4c3O)cc2C(=O)O)cc1.[NaH],1
HIVSUB-02308,COc1cc2c(c(OC)c1OC)-c1ccc(SC)c(=O)cc1C(NC=O)CC2,0
HIVSUB-02309,O=C1Nc2cnc(Cl)nc2Nc2ccccc21,0
HIVSUB-02310,CCN1CCN(c2nc3ccccc3c3c2CCOc2ccccc2-3)CC1,0
HIVSUB-02311,C=CCC1(OC(C)=O)C(=O)C(=O)OC1C1COC(C)(C)O1,0
HIVSUB-02312,N#CC1=C(Cl)NC(Cl)=C(C#N)C1c1c(Cl)cccc1Cl,0
HIVSUB-02313,CC(C)CC(=O)[OH+][Co-4](N)(N)(N)(N)N.[O-][Cl+3]([O-])([O-])O,0
HIVSUB-02314,CC(=O)OC1CC2(C)C(C(C)=O)CCC2C2CC=C3CC(O)CCC3(C)C12,0
HIVSUB-02315,CN1C(=O)c2cnc3ccccc3c2C1(O)c1ccccc1,0
HIVSUB-02316,C=C=C(C)[Si](C)(C)C,0
HIVSUB-02317,CC1(C)OC(=O)CC2(C)OC12,0
HIVSUB-02318,COC(=O)NC(Nc1ccc(Cl)cc1Cl)(C(F)(F)F)C(F)(F)F,0
HIVSUB-02319,N#CNC(=Nc1cccnc1)NCC1CCCO1,0
HIVSUB-02320,C=C1c2nc3ccccc3n2C=C(c2ccccc2)N1c1ccccc1,0
HIVSUB-02321,Cc1ccc(N2C(=O)C(=C3Sc4c(nc(C)n(C)c4=O)N3c3ccccc3)SC2=S)cc1,0
HIVSUB-02322,COc1cc(OC)c(C=Cc2nccc3ccccc23)c(OC)c1,0
HIVSUB-02323,O=c1c(CCO)c(C2CC2)n2n1CCCC2,0
HIVSUB-02324,O=C(C=Cc1ccccc1Cl)NC1C=Nc2ccc([N+](=O)[O-])cc2NC1,0
HIVSUB-02325,COc1ccc(C(Nc2ccc([N+](=O)[O-])cc2)P(=O)(c2ccccc2)c2ccccc2)cc1,0
HIVSUB-02326,O=C(Nc1ccccc1)N1N=C(c2ccccc2)C1c1ccccc1,0
HIVSUB-02327,CN(C)N=Nc1nc[nH]c1C(N)=O,0
HIVSUB-02328,N#CCN1CCCCCc2ccccc21,0
HIVSUB-02329,c1ccc(N=C2c3ccccc3C3=NCCCN32)cc1,0
HIVSUB-02330,CN(C)c1ccc(C2NCCc3c2[nH]c2ccccc32)cc1,0
HIVSUB-02331,CC1CC(NN(C)C)C2(C(N)=O)C(=N)NC(=O)C12C#N,0
HIVSUB-02332,O=C1c2ccccc2C(=O)N1CC[PH](c1ccccc1)(c1ccccc1)c1ccccc1,0
HIVSUB-02333,Cc1cc(C)nc(NC(=O)Nc2ccccc2)c1,0
HIVSUB-02334,Cc1cc(NS(=O)(=O)c2ccc(Nc3c4ccccc4nc4c(C(=O)O)cccc34)cc2)no1,0
HIVSUB-02335,CN(C)CC1CCCCCCCCCCC1=O.Cl,0
HIVSUB-02336,CN(C)CCC(=O)N1CC(=Cc2ccccc2)C(=O)C(=Cc2ccccc2)C1.Cl,0
HIVSUB-02337,Cc1ccc2ccccc2c1NC1=NCCO1,0
HIVSUB-02338,OCCNCCN=C1CCC(=NCCNCCO)CC1,0
HIVSUB-02339,Cc1cn(C2CC3C(COC(CC[Se]c4ccccc4)N3O)O2)c(=O)[nH]c1=O,1
HIVSUB-02340,NC(=O)c1nc2ccccc2nc1Nc1ccc(Cl)cc1Cl,0
HIVSUB-02341,CCCC(=O)C(CC)C(CCC(=O)N(Cc1ccccc1)Cc1ccccc1)=NNC(=O)C[N+](C)(C)C.[Cl-],0
HIVSUB-02342,CC1(C)CC(=O)c2c(nc(SSc3nc4c(c(-c5ccccc5)c3C#N)C(=O)CC(C)(C)C4)c(C#N)c2-c2ccccc2)C1,0
HIVSUB-02343,OC1CC(O)OC(c2ccccc2)C1,0
HIVSUB-02344,COC1C=COC2(C)Oc3c(C)c(O)c4c(O)c(c(C=Nn5cnc6c(ncn6C6OC(CO)C(O)C6O)c5=O)c(O)c4c3C2=O)NC(=O)C(C)=CC=CC(C)C(O)C(C)C(O)C(C)C(OC(C)=O)C1C,0
HIVSUB-02345,CCC(=O)NC(Nc1cc(C)on1)(C(F)(F)F)C(F)(F)F,0
HIVSUB-02346,COC(=O)C(=Cc1c[nH]c2ccccc12)NC=O,0
HIVSUB-02347,O=C(NC1C(=O)NC(CCc2ccccc2)NC1=O)OCc1ccccc1,0
HIVSUB-02348,COC1=C(OC)C(=O)c2cc(C)c(=O)c(C)cc2C1=O,0
HIVSUB-02349,COC1C=COC2(C)Oc3c(C)c(O)c4c(O)c(c(C=NN5CCCCCCCC5)c(O)c4c3C2=O)NC(=O)C(C)=CC=CC(C)C(O)C(C)C(O)C(C)C(OC(C)=O)C1C,0
HIVSUB-02350,COC(=O)c1cc2cnc1CSCc1cnc(c(C(=O)OC)c1)CSC2,0
HIVSUB-02351,CCOC(=O)CON=CC1=CC(=O)C2CC1C2(C)C,0
HIVSUB-02352,OCC12CCC(n3cnc4c(O)ncnc43)C1C2,0
HIVSUB-02353,Cc1nnc(NN=C(C(=O)C(C#N)c2ccccc2)C(C#N)c2ccccc2)n1N,0
HIVSUB-02354,C[PH](C)(C)[Ir+3]123([PH](C)(C)C)([PH](C)(C)C)C4=C1CCC2=C3CC4.[Cl-],0
HIVSUB-02355,C=CN(C=C)C(=O)Cn1cc(-c2ccccc2)nn1,0
HIVSUB-02356,CCOP(=O)(OCC)C(C#N)=Cc1cccn1C(C)C,1
HIVSUB-02357,Oc1cc(CC2(O)CCCCC2)c2ccccc2n1,0
HIVSUB-02358,O=S(O)c1cc(Cl)cc(Cl)c1OCc1ccccc1.[NaH],0
HIVSUB-02359,C=CCOc1cc2c(cc1C(C)c1ccc(OC)cc1)OCO2,0
HIVSUB-02360,Cc1cccc(C=NNC(=S)NC(C)(C)C)n1,0
HIVSUB-02361,CC(C)CC(NC(=O)C(Cc1ccc(O)cc1)NC(=O)C(CO)NC(=O)C(N)CCC(=O)O)C(=O)NCC(=O)O,0
HIVSUB-02362,CCC1(Cc2ccc(OC)c(OC)c2)C(OC(C)=O)C(OCc2ccccc2)ON2OC(C(=O)OC)CC21,0
HIVSUB-02363,CC12OC(=O)C(C#N)C1(C)C1C(=O)CCCC12,0
HIVSUB-02364,O=C(O)C1=CNC(C(=O)O)=NN1.[NaH],0
HIVSUB-02365,COC1CC(C)(O)Cc2cc3c(c(O)c21)C(=O)c1c(O)cc2c(c1C3=O)OC1OC2(C)C(O)C(N(C)C)C1O,0
HIVSUB-02366,COc1cc(C=O)c(-c2cc3c(cc2C2(C)OCCS2)OCO3)c(OC)c1OC,0
HIVSUB-02367,COC(=O)C=C(Sc1nc(Cl)c(Cl)nc1N)C(=O)OC.COC(=O)C=C1Sc2nc(Cl)c(Cl)nc2NC1=O,0
HIVSUB-02368,COc1ccc(=O)n(C)n1,0
HIVSUB-02369,COc1ccccc1C=C(C(=O)c1ccccc1)c1ccccc1,0
HIVSUB-02370,COC(=O)C1(C(=O)OC)C2(CCCC2)C1(C(=O)OC)C(=O)OC,0
HIVSUB-02371,Cn1cccc1C=Cc1cc(Br)c(C=Cc2cccn2C)cc1Br,0
HIVSUB-02372,C=C1C(C)C2C(Cc3ccccc3)NC(=O)C23OC(=O)C=CCC(=O)CCC(C)CC=CC3C1O,0
HIVSUB-02373,COc1cc2c(cc1OC)C13CC[N+]4(C)CC5CCOC6CCN2C1C6C5CC34,0
HIVSUB-02374,CCOC(=O)c1c(-c2ccc(OC)cc2)ccn1C,0
HIVSUB-02375,S=C(SSSSC(=S)N1CCCCC1)N1CCCCC1,0
HIVSUB-02376,O=S(=O)(O)C(I)(I)S(=O)(=O)O,0
HIVSUB-02377,Cc1cc(=O)n(-c2cc3cccccc-3n2)[nH]1,0
HIVSUB-02378,N#Cc1c(NCCc2ccc(F)cc2)c2ccccc2n2c1nc1ccccc12,0
HIVSUB-02379,CC(C)=CC(Cc1ccccc1)S(=O)(=O)c1nc2ccccc2s1,0
HIVSUB-02380,CCOC(=O)C(C(=O)c1ccccc1)=[N+]1c2ccccc2N(C)[C-]1C,0
HIVSUB-02381,C1CC(C2OCOC3COCOC32)OO1,0
HIVSUB-02382,O=C1C(=CNc2ccccc2Cl)C(=O)N(c2ccccc2)C(=O)N1c1ccccc1,0
HIVSUB-02383,CC(=O)Nc1ccc(S(=O)(=O)NN=C2CCCC2)cc1,0
HIVSUB-02384,CC1=C[NH+]([Ir-3]([ClH+])([PH](C)(C)C)([PH](C)(C)C)[PH](C)(C)C)c2ccccc21,0
HIVSUB-02385,CCc1cccc(C(C)(C)C)c1NC(=S)NC=C(C#N)C(N)=O,0
HIVSUB-02386,O=[N+]([O-])c1ccccc1SS(=O)(=O)c1ccc(Cl)cc1,0
HIVSUB-02387,O=C1NC(N2CCCC(CO)C2)=NC1=Cc1ccc(Cl)cc1,0
HIVSUB-02388,Nn1c(SSSSc2nnc(-c3ccccc3)n2N)nnc1-c1ccccc1,0
HIVSUB-02389,CCOC(=O)CN1CCC(C2(c3cc4ccccc4[nH]3)OCCO2)CC1,0
HIVSUB-02390,N#CC(C#N)=C1NN=C(Cl)c2ccccc21,0
HIVSUB-02391,O=[N+]([O-])c1cc(S(=O)(=O)c2ccc(Cl)c([N+](=O)[O-])c2)ccc1Cl,0
HIVSUB-02392,COc1cc(O)c2c(c1)C(=O)c1cc3c(c(O)c1C2=O)C(OC1OC(C)C(O)C(O)C1OC)C(OC)C(C)(O)C3=O,0
HIVSUB-02393,COc1cc(-c2ccc(NC(=O)SCCC(=O)O)cc2OC)ccc1NC(=O)SCCC(=O)O,0
HIVSUB-02394,CSSC(SC)SC,0
HIVSUB-02395,CN(C)N=C(CC(O)(C(F)(F)F)C(F)(F)F)c1ccc([N+](=O)[O-])cc1,0
HIVSUB-02396,C=CCc1cc(OC)c(O)c(C(=O)C=Cc2ccc(OC)c(OC)c2)c1,0
HIVSUB-02397,CN(C)c1ccc(C=Nc2ccc(Oc3ccc(Cl)cc3)c(Cl)c2)cc1,0
HIVSUB-02398,CC1=NN(c2ccccc2)C(=O)C1N=Nc1ccc(S(=O)(=O)Nc2occ(C)c2C)cc1,0
HIVSUB-02399,Cc1cc(O)c2c(c1)C(=O)c1cc(O)cc(O)c1C2=O,0
HIVSUB-02400,C=CCNc1nc2c(s1)c(C)c(O)c1ccccc12,0
HIVSUB-02401,NNC(=O)c1ccncc1,0
HIVSUB-02402,COc1ccc(CCC2(C(OC)OC)NC(=O)NC2=O)cc1,0
HIVSUB-02403,CC(=O)Nc1ccc(S(=O)(=O)[N-]C2C(=O)c3ccccc3C(=O)C2[n+]2ccccc2)cc1,0
HIVSUB-02404,CN(C)c1nc(NN)c2c(-c3ccccc3)c(-c3ccccc3)oc2n1,0
HIVSUB-02405,O=c1onc(-c2ccccc2)c2ccccc12,0
HIVSUB-02406,C1CSC(=[N+]2CC[N+](=C3SCCS3)CC2)S1,0
HIVSUB-02407,CCCN1CN(C(C(=O)NC2C(=O)N3C2SC(C)(C)C3C(=O)O)c2ccc(O)cc2)CSC1=S,0
HIVSUB-02408,CC(=O)OC1C(=O)C(O)C(C)OC1OC1CC2(C)C3CC=C4C(CC(O)C(=O)C4(C)C)C3(C)C(=O)CC2(C)C1C(C)(O)C(=O)C=CC(C)(C)O,0
HIVSUB-02409,COc1ccc(CCc2ccccc2CC(=O)O)cc1,0
HIVSUB-02410,Cc1nc(-c2nc(C)c(C(=O)C=Cc3ccc(N(C)C)cc3)s2)sc1C(=O)C=Cc1ccc(N(C)C)cc1,0
HIVSUB-02411,COc1cc(C2=C(c3cc(OC)c4ccccc4c3OC)C(=O)c3ccccc3C2=O)c(OC)c2ccccc12,0
HIVSUB-02412,CNc1ccc(C)cc1S(=O)(=O)c1ccccc1[N+](=O)[O-],1
HIVSUB-02413,CC(=O)CCS(=O)(=O)O,0
HIVSUB-02414,Cc1cc(C#N)c(=S)n(C2OC(CO)C(O)C(O)C2O)c1C,0
HIVSUB-02415,O=c1n(-c2ccccc2)c(=O)n2c(=O)n(-c3ccccc3)c(=O)n12,0
HIVSUB-02416,CC(NC(=O)Cn1c(Cl)nc2ccccc21)c1ccccc1,0
HIVSUB-02417,CC(CC=CC(C)(C)O)C1CCC2(C)C3CCC4C(C)(C)C(O)CCC45CC35CCC12C,0
HIVSUB-02418,COC(=O)C=Cc1ccc(Cl)cc1,0
HIVSUB-02419,COC(=O)N=[N+]([O-])C(c1ccc(OC)cc1)C1CCCCC1,0
HIVSUB-02420,CC(C)=CCN1c2ccc(Cl)cc2NC(=O)CC1C,0
HIVSUB-02421,CCOC(=O)c1c(-c2ccccc2)c(C)cn1C,0
HIVSUB-02422,CCCCCCCCCCCCCCCc1nc(C)c[nH]1,0
HIVSUB-02423,CCCCCC1CC2=C(C(=O)OC2=O)C(O)C(O)(CCCC)CC2=C1C(=O)OC2=O,0
HIVSUB-02424,O=C1N2CCCSC2=NC1(c1ccccc1)c1ccccc1,0
HIVSUB-02425,NNC(=S)NN=C(c1nc2ccc(Cl)cc2nc1O)C(O)c1ccc(Cl)cc1Cl,0
HIVSUB-02426,C1CCC2(CC1)SSC1(CCCCC1)S2,0
HIVSUB-02427,CCOC(=O)C1C2CCC1CC(=NNc1ccc([N+](=O)[O-])cc1[N+](=O)[O-])C2,0
HIVSUB-02428,CCCC(Cl)=NOC(=O)Nc1ccc(Br)cc1,0
HIVSUB-02429,S=C1NC2=C(CSCC2=Cc2ccc(Cl)cc2)C(c2ccc(Cl)cc2)N1,0
HIVSUB-02430,CC1=NNC(=O)C1N=Nc1c(C)n(C)n(-c2ccccc2)c1=O,0
HIVSUB-02431,CCCCCC=C(c1cc(Br)cc(C(=O)OC)c1OC)c1cc(Br)cc(C(=O)OC)c1OC,0
HIVSUB-02432,Nc1ccc2nc(-c3ccccn3)c(-c3ccccn3)nc2c1,0
HIVSUB-02433,O=Nc1c(-c2ccc(Cl)cc2)nc2ncccn12,0
HIVSUB-02434,CC1(C)C2CCC(C2)C1C=C1SC(=S)NC1=O,0
HIVSUB-02435,CCCCCCCNC(=S)NN=Cc1ccccc1O,0
HIVSUB-02436,COc1cc2c(c(OC3OC(CO)C(O)C(O)C3O)c1)C(=O)CC(c1ccc(O)cc1)O2,0
HIVSUB-02437,CSC(Cc1ccc2c(c1)Sc1ccccc1O2)=[N+]1CCOCC1.[I-],0
HIVSUB-02438,N#CC(=Cc1ccccc1)C(=O)Nc1nnc(-c2ccccc2)o1,0
HIVSUB-02439,O=C(NP(=O)(N1CC1)N1CC1)c1cc(I)ccc1I,0
HIVSUB-02440,Cn1c(=O)c2c(nc3n(CC(O)CCl)c(=O)ccn23)n(C)c1=O,0
HIVSUB-02441,O=c1oc2ccccc2c(O)c1C(c1ccc([N+](=O)[O-])cc1)c1c(O)c2ccccc2oc1=O,0
HIVSUB-02442,COc1ccc(C2OC(=O)c3ccnc(O)c32)cc1,0
HIVSUB-02443,COc1ccc(C(c2ccc3cccnc3c2O)c2oc(CO)cc(=O)c2O)cc1,0
HIVSUB-02444,CC(C)CCCC(C)C1CCC2C3=CC(OS(=O)(=O)O)C4(O)CC(O)CCC4(C)C3(O)CCC21C,0
HIVSUB-02445,O=C(CNN1C(=O)CSC1=Nc1cccc2ccccc12)c1cccc2c1Nc1ccccc1S2,0
HIVSUB-02446,c1ccc(-c2nc(-c3ccccc3)n3c(-c4ccccc4)nnc3n2)cc1,0
HIVSUB-02447,CC1(C)C2CCC13CS(=O)(=O)N1OC13C(=O)O2,0
HIVSUB-02448,Cc1ccc(NC(=O)SCCC(=O)O)cc1NC(=O)SCCC(=O)O,0
HIVSUB-02449,O=C1CC2C(C=CC23CC3)N1O,0
HIVSUB-02450,O=C(Oc1ccccc1)C(c1ccccc1)c1ccccc1,0
HIVSUB-02451,CCOC(=O)C(Cc1cccc2ccccc12)S(=O)(=O)c1ccc(C)cc1,0
HIVSUB-02452,CC(=O)Nc1cccc(C[PH](c2ccccc2)(c2ccccc2)c2ccccc2)c1,0
HIVSUB-02453,COc1cc(-c2cc(=O)c3c(O)c(OC)c(OC)cc3o2)ccc1O,0
HIVSUB-02454,CN(C(=O)C12C3C4C1C1C4(C(=O)C45C6C7C4C4C5C6C74C)C3C12C)C(C)(C)C,0
HIVSUB-02455,CCOP1(=O)CC(C)=C(Cl)C(OC)C1,0
HIVSUB-02456,Cc1ncc2c(c1O)COC2=O,0
HIVSUB-02457,COP(=O)(OC)C(=O)N1N(c2ccc([N+](=O)[O-])cc2)C(=O)C(C)NC1(NNc1ccc([N+](=O)[O-])cc1)P(=O)(OC)OC,0
HIVSUB-02458,Cc1ccc(Cc2n[nH]c(=O)n2N2C(=O)c3ccccc3C2=O)cc1,0
HIVSUB-02459,N=C1OC(c2ccc3c(c2)OCO3)C(NNS(=O)(=O)c2ccccc2)=C1O,0
HIVSUB-02460,Cc1c(-c2[nH]c(N)c(C#N)c(=N)c2C#N)c(=O)oc2ccccc12,0
HIVSUB-02461,COc1ccc2c3c1OC1(C)C4(OC)C=CC5(c6c(O)ccc(O)c64)C(C2)N(C)CCC351,0
HIVSUB-02462,COC(=O)C(CC=O)C(=O)C(=O)Nc1cccc(C(F)(F)F)c1,0
HIVSUB-02463,CCOC(=O)C1Cc2ccc3c4c(ccc(c24)C1)CC(C(=O)OCC)C3,0
HIVSUB-02464,CC(C)(C)c1cc(C2NC(=O)NC2=O)cc(C(C)(C)C)c1O,0
HIVSUB-02465,C1=CN2C(c3ccccc3)=NON(c3ncccn3)C2N=C1,0
HIVSUB-02466,CC1(C)OCC(C2OC(N3OC(CI)CC3c3ccccc3)C3OC(C)(C)OC23)O1,0
HIVSUB-02467,COc1cc(C(=O)OC2CCC3CCC2N3C)cc(OC)c1OC,0
HIVSUB-02468,COc1ccc(Cl)cc1NC(=O)Nc1cc(C)ccn1,0
HIVSUB-02469,CC(=NNC(=S)N(C)C)c1ncc[nH]1,0
HIVSUB-02470,O=C(Nc1ccc(Cl)c(C(F)(F)F)c1)C(=O)C(C(=O)C=Cc1ccccc1)C1OC(=O)c2ccccc21,0
HIVSUB-02471,O=C1CC2C(CC3OC(=O)C4C3C23COC4(O)C(O)C3)c2occc21,0
HIVSUB-02472,CCOC(=O)C1=C(O)C(=O)c2ccsc2C1=O,0
HIVSUB-02473,COc1ccc2c(c1)CCCN1CCc3ccccc3C21.Cl,0
HIVSUB-02474,C#CCN1C(=O)CN2C(Cl)(Cl)C2(c2ccccc2)c2cc(Cl)ccc21,0
HIVSUB-02475,C#CCCOC1(OC)N=NC(C)(C)O1,0
HIVSUB-02476,N=c1[nH]n2cc3c(nc2c1N=Nc1ccc(Cl)cc1)CCC3,0
HIVSUB-02477,c1ccc2c(c1)SCCc1nncn1-2,0
HIVSUB-02478,CON=Cc1cc(NC(=S)c2ccoc2C)ccc1Cl,1
HIVSUB-02479,CC(CCC(=O)NCCS(=O)(=O)O)C1CCC2C3C(O)CC4CC(O)CCC4(C)C3CC(O)C12C,0
HIVSUB-02480,CCOC1C2C=CC(C2)C1[N+](=O)[O-],0
HIVSUB-02481,CN(C)CCCNc1c2ccccc2nc2cccc([N+](=O)[O-])c12,0
HIVSUB-02482,C1CSCC2(COC2)CS1,0
HIVSUB-02483,O=c1[nH]c2nc3ccccc3c(=O)n2c1=Cc1ccccc1,0
HIVSUB-02484,O=[N+]([O-])c1ccc(N2N=C(c3c(O)ccc4ccccc34)CC2c2ccc(Cl)cc2)c([N+](=O)[O-])c1,0
HIVSUB-02485,COc1ccc(C=C2N=C(c3ccccc3)OC2=O)c(OCc2ccccc2)c1,0
HIVSUB-02486,CN(C)c1ccc(C=CC(=O)c2ccc(O)cc2)cc1,0
HIVSUB-02487,Cc1c(Cc2ccccc2)n(C(C)OCCO)c(=O)[nH]c1=O,0
HIVSUB-02488,CC(=O)C(=O)N1Cc2cc3ccccc3nc2C1,0
HIVSUB-02489,COC(=O)C1CC2C=CC=CC(=O)C2(C)C1,0
HIVSUB-02490,Cc1c(O)c2ccccc2c2c1sc(NCCO)[n+]2C,0
HIVSUB-02491,CN1c2ccccc2C2=C(C(=O)CCS2)S1(=O)=O,0
HIVSUB-02492,CSc1nc(O)c(C#N)c(-c2ccc(C)cc2)n1,0
HIVSUB-02493,CC1(n2[nH]c(=O)n(-c3ccccc3)c2=O)Cn2c(=O)n(-c3ccccc3)c(=O)n2-c2ccccc21,0
HIVSUB-02494,CC(=O)C(CN1CCCCC1)C(c1ccccc1)c1c(O)c2ccccc2oc1=O.Cl,0
HIVSUB-02495,Cc1ccc(C(=O)C=C2Nc3ccccc3N=C2NC23CC4CC(CC(C4)C2)C3)cc1,0
HIVSUB-02496,Cc1ccc(N2CC(=O)N3CCCC(c4ccccc4)N3C(=O)C2)cc1,0
HIVSUB-02497,O=S(=O)(c1ccccc1)C(Cl)c1cccc(Cl)c1,0
HIVSUB-02498,O=c1c2ccccc2sc2ccccc12,0
HIVSUB-02499,C#CC[N+](C)(CC#C)CC#C.[Br-],0
HIVSUB-02500,N=C(N)n1nc2c(c1O)CCC2,0
HIVSUB-02501,CC(=O)OCC(=O)OCC(OCc1ccccc1)C1C(OC(C)=O)C(=O)N1Cc1ccccc1,0
HIVSUB-02502,Cc1ccc(NC(=S)NNC(=O)c2cc(-c3ccccc3)nc3ccccc23)cc1C,0
HIVSUB-02503,COC(=O)c1cc2c(C(=O)OC)cc1CSCc1cccc(c1)CSC2,0
HIVSUB-02504,Cc1ccc(S(=O)(=O)c2ccccn2)cc1,1
HIVSUB-02505,CN(C)C(=O)OCOP(=O)(OCOC(=O)N(C)C)OCC1CCC(n2ccc(=O)[nH]c2=O)O1,0
HIVSUB-02506,CCCCCSSSCCCCC,0
HIVSUB-02507,C[Si](C)(C=C(Br)CCOC1CCCCO1)c1ccccc1,0
HIVSUB-02508,O=C(Nn1cnn2c(=O)c3ccccc3nc2c1=O)c1ccccc1,0
HIVSUB-02509,CC(=O)Nc1ccc(C2=NC(=Cc3ccc(Cl)c(Cl)c3)C(=O)O2)cc1,0
HIVSUB-02510,Cc1cc(Cl)ccc1C(=O)c1ccc2ccccc2c1C(=O)O,0
HIVSUB-02511,CCCCCCCCCCCC(=O)C1=C(O)CCC(O)C1=O,0
HIVSUB-02512,Nc1c(S(=O)(=O)c2ccc(Cl)cc2)c2nc3ccccc3nc2n2ccnc12,0
HIVSUB-02513,CCc1c(Cc2ccccc2)n(COCC[Se]c2ccccc2)c(=O)[nH]c1=O,1
HIVSUB-02514,Cc1ccc(S(=O)(=O)N2CCCCN(S(=O)(=O)c3ccc(C)cc3)Cc3ccccc3OCCOCCOc3c4cccc3Cc3cccc5c3OCCOCCOc3ccccc3CN(S(=O)(=O)c3ccc(C)cc3)CCCN(S(=O)(=O)c3ccc(C)cc3)Cc3ccccc3OCCOCCOc3c(cccc3C4)Cc3cccc(c3OCCOCCOc3ccccc3C2)C5)cc1,0
HIVSUB-02515,CC(C)N=c1sc(-c2ccccc2)c(C#N)c(=O)n1C(C)C,0
HIVSUB-02516,COc1ccc(C=NNC(=O)c2ccccc2Nc2ccccc2C(=O)NN=Cc2ccc(OC)c(OC)c2)cc1OC,0
HIVSUB-02517,CC(=O)N1C(C(=O)O)CSC1c1ccc(F)cc1,0
HIVSUB-02518,CCNc1ncnc2sc(SCc3ccccc3)nc12,0
HIVSUB-02519,Cc1ccc(N(C)S(=O)(=O)c2ccc([N+](=O)[O-])cc2)cc1,0
HIVSUB-02520,COc1ccc(NC(=O)C2=C(SC)C(=O)NC2=N)cc1,0
HIVSUB-02521,C=C(Cc1ccc2c(c1)OCO2)C(=C)Cc1ccc(O)cc1O,0
HIVSUB-02522,O=[N+]([O-])c1cccc(Nc2nc(Cl)nc(Cl)n2)c1,0
HIVSUB-02523,COc1ccc([N+](=O)[O-])c2c(NCCCN(C)C)c(C)c(C)nc12.Cl,0
HIVSUB-02524,O=C(Nc1nc(C23CC4CC(CC(C4)C2)C3)cs1)c1cc2cc([N+](=O)[O-])ccc2oc1=O,0
HIVSUB-02525,CSCC1CC(c2ccc(Cl)cc2)=NO1,0
HIVSUB-02526,CCN(CCCl)CCCCCNc1c2ccccc2nc2ccc(OC)cc12.Cl,0
HIVSUB-02527,N#CC(=CNC(=S)C(N)=S)c1nc2ccccc2s1,0
HIVSUB-02528,Cn1c2ccccc2c2nnc(NCCCO)nc21,0
HIVSUB-02529,CC1=C2C(c3ccccc3)C3C=CC2(C=C3C(F)(F)F)N(C(=O)NC2CCCCC2)C1=O,0
HIVSUB-02530,CC1=[N+]2[N-]C(N3CC4CCC(CC4)C3)=[S+][Fe-]2[n+]2nc(C)ccc21,0
HIVSUB-02531,C1CN2CN3CN4CCN5CN6CN1[Cu-5]524([SH+]c1nnc6s1)[SH+]c1nnc3s1,0
HIVSUB-02532,CCc1c(C)c(C#N)c(=S)n(C2OC(COC(C)=O)C(OC(C)=O)C(OC(C)=O)C2OC(C)=O)c1C,0
HIVSUB-02533,Oc1on[n+](-c2ccccc2)c1-c1ccccc1,0
HIVSUB-02534,COc1ccc(-c2cc(=O)c3c(O)cc(O)cc3o2)cc1OC,0
HIVSUB-02535,CCOC(=O)C(=CN1C(=O)C(=CC(C)=Cc2ccccc2)SC1=S)C(=O)c1ccccc1,0
HIVSUB-02536,O=C(Nc1cccc2nsnc12)c1ccc(C(=O)Nc2cccc3nsnc23)cc1,0
HIVSUB-02537,Cc1cc(C)c2c(c1N)C(=O)CCO2,0
HIVSUB-02538,CCN(CC)CCCC(C)Nc1ccnc2ccc3nn(C)nc3c12.O=P(O)(O)O,0
HIVSUB-02539,CN(C)c1nc(N)nc(Nc2ccc(Br)cc2)c1N=O,0
HIVSUB-02540,O=C(NC(Nc1ccc(F)c(Cl)c1)(C(F)(F)F)C(F)(F)F)C(C(F)(F)F)C(F)(F)F,0
HIVSUB-02541,CC(=O)c1ccc(NC(=O)CSc2nc(C)nc3c2sc(=S)n3-c2ccccc2)cc1,0
HIVSUB-02542,O=C1NC(=O)C(=CNC(=S)NCc2ccccc2)C(=O)N1,0
HIVSUB-02543,O=S(=O)(O)CO,0
HIVSUB-02544,CC(C)(C)n1c(=O)n(C(=O)C(Cl)(Cl)Cl)n(C(=O)C(Cl)(Cl)Cl)c1=O,0
HIVSUB-02545,COc1cc(-c2cc(=O)c3ccc(O)cc3o2)cc(OC)c1OC,0
HIVSUB-02546,CC1(C)COC(C2(C)C(=O)C=C(c3ccccc3)c3ccccc32)=N1,0
HIVSUB-02547,Cc1ccc(C2CC(c3ccco3)=NN2c2ccccc2)o1,0
HIVSUB-02548,CC(C)Oc1ccc(CNC2=NCCO2)c2ccccc12,0
HIVSUB-02549,CN(N=Cc1ccnc2ccccc12)c1ccc(Cl)cc1[N+](=O)[O-],0
HIVSUB-02550,c1ccc(OCc2nn3c(-c4ccccc4)nnc3s2)cc1,0
HIVSUB-02551,CN=C1CC2c3cc(OC)c(OC)cc3CCN2C2=C1C(=O)CC(C)(C)C2.Cl,0
HIVSUB-02552,COc1cc(OC)cc(Oc2nc3c(N)cc(C(F)(F)F)cc3nc2-c2ccccc2)c1,0
HIVSUB-02553,CC1(C)CC(C2CC(C)(C)CC(C)(C)C2O)C(O)C(C)(C)C1,0
HIVSUB-02554,COC1=CC2C3Cc4c(-c5cc(OC)c(O)c6c5CC5C7C=C(OC)C(=O)CC67CCN5C)cc(OC)c(O)c4C2(CCN3C)CC1=O.O=C(O)C(O)C(O)C(=O)O,0
HIVSUB-02555,CC1OC(OC2C(O)C(O)C(NC(=N)N)C(O)C2NC(=N)N)C(OC2OC(CO)C(O)C(O)C2N(C)C=N)C1(O)CO.O=S(=O)(O)O,0
HIVSUB-02556,COC(=O)CCCC1(CCCC(=O)OC)CCCCCCCCC(CCCC(=O)OC)(CCCC(=O)OC)C(=O)C1=O,0
HIVSUB-02557,CC(=O)COP(=O)(OCC(C)=O)OCC1OC(n2cc(C)c(=O)[nH]c2=O)CC1N=[N+]=[N-],1
HIVSUB-02558,[O-][N+]1=[N+]([O-])C(c2ccccc2)C1c1ccccc1,0
HIVSUB-02559,CC1=C(C(=S)Nc2ccc(Cl)c(C(=O)OC(C)C)c2)SCCO1,1
HIVSUB-02560,O=C(CNc1ccc(Cl)cc1Cl)Nn1c(-c2ccccc2)nc2ccccc2c1=O,0
HIVSUB-02561,COc1ccc(CC2Cc3ccccc3CCN2)cc1OC.Cl,0
HIVSUB-02562,COc1ccc(N2C(=O)C(=O)N(c3ccc(N=Nc4ccccc4)cc3)C2=S)cc1,0
HIVSUB-02563,COc1ccc(NC(=O)c2c(NC(C)=O)c(C#N)c3n2CCC3)cc1,0
HIVSUB-02564,COc1cccc(C2c3cc4c(cc3OC(N3CCOCC3)C2C)OCO4)c1O,0
HIVSUB-02565,COC12OCCN(CCO)C1=CC(=O)C1(C)N=NC(C)C12,0
HIVSUB-02566,CCOC(=O)Cn1c(=O)c2nc(SC)sc2n(-c2ccc(C)cc2)c1=S,0
HIVSUB-02567,O=C(CCC(=O)C1CCCC1=NO)Nc1ccc(Cl)cc1,0
HIVSUB-02568,CN1C(OCc2ccccc2)c2c(ccc3c2OCO3)C2C=Cc3cc4c(cc3C21)OCO4,0
HIVSUB-02569,O=C(C=Cc1ccccc1)c1ccc(Cl)cc1Cl,0
HIVSUB-02570,COc1cc(C)cc2c1C(=O)C(NC(C)=O)=CC2=O,0
HIVSUB-02571,Cc1cc(C)c2c(c1)CC1(Cc3cc(C)c(C)cc3C1=O)C2=O,0
HIVSUB-02572,N#Cc1c(O)cc(=O)n2c1[nH]c1ccccc12,0
HIVSUB-02573,O=S(=O)(c1ccccc1)n1c2ccc(Br)cc2c2nc3ccccc3nc21,0
HIVSUB-02574,O=C1c2cn[nH]c2N=C(Nc2ccccc2)C1N=Cc1ccc([N+](=O)[O-])cc1,0
HIVSUB-02575,O=C1OCCN1N1CCOC1=O,0
HIVSUB-02576,COC1OC(COC(C)=O)C(OC(C)=O)C(OC(C)=O)C1NC(=O)N(CCCl)N=O,0
HIVSUB-02577,COC1(C)CNCC(C)(C)NC(=O)C(C)(OC)CNCC(C)(C)NC1=O,0
HIVSUB-02578,COP(=O)(OC)OC1C(=O)NC(=O)NC1=O,0
HIVSUB-02579,C=CCN1C2Cc3cc(OC)c(OC)cc3C1Cc1cc(OC)c(OC)cc12.Cl,0
HIVSUB-02580,N#CCN1CCOCCOCCN(CC#N)CCOCCOCC1,0
HIVSUB-02581,Cc1nc2c(nc1C)C(=O)C(Cl)=C(N)C2=O,0
HIVSUB-02582,CCCC(=O)OC1C(C2COC(C)(C)O2)OC2OC(C)(C)OC21,0
HIVSUB-02583,CCCCCCCCCCCCCC(=O)OC1C(O)C(CO)OC(OC)C1NC(=O)N(CCCl)N=O,0
HIVSUB-02584,CCCCCCCCCCCCCC(=O)OCC1OC(n2cc(F)c(=O)[nH]c2=O)C(N)C(OC(=O)CCCCCCCCCCCCC)C1O,0
HIVSUB-02585,CCCCCCCc1ccc(OC2OC(COC(C)=O)C(OC(C)=O)C(OC(C)=O)C2OC(C)=O)cc1,0
HIVSUB-02586,COC(=O)NC(Nc1ccc(C)cc1)(C(F)(F)F)C(F)(F)F,0
HIVSUB-02587,N[Co-4](N)(N)(N)(N)[OH+][N+](=O)[O-].[O-][Cl+3]([O-])([O-])O,0
HIVSUB-02588,Cc1ccc(Cl)cc1N=NC(=O)NNc1cc(Cl)ccc1C,0
HIVSUB-02589,Cc1cc(C)nc(NS(=O)(=O)c2ccc(NC(=O)c3ccc4nc5ccccc5c(Nc5ccc(S(=O)(=O)Nc6nc(C)cc(C)n6)cc5)c4c3)cc2)n1,0
HIVSUB-02590,O=C1CCSSCCC(=O)NCCN1,0
HIVSUB-02591,COCN(C)c1nc(N(C)C)nc(N(C)C)n1,0
HIVSUB-02592,CC(C=CC1OC(=O)C=CC1C)=CC(C)CC=CC(C)=CC(C)C(=O)C(C)C(O)C(C)CC(C)=CC(=O)O,0
HIVSUB-02593,Br.N=C(N)SCc1ccc(N=C=S)cc1,0
HIVSUB-02594,O=C(Nc1c(O)nc(O)nc1NCC(O)C(O)C(O)CO)c1ccc(S(=O)(=O)F)cc1,0
HIVSUB-02595,O=C(CCC(=O)Nc1cccc(C(F)(F)F)c1)CC(=O)c1ccc2ccccc2c1,0
HIVSUB-02596,CC1=NC(=Cc2ccc(O)cc2)C(=O)N1n1c(-c2ccccc2)nc2ccccc2c1=O,0
HIVSUB-02597,Cc1cc(S(=O)(=O)Nc2nnc3c4c(C)csc4ncn23)c(S)cc1Cl,0
HIVSUB-02598,CC[Sn]1(CC)OC2C(O)OC(CO)C(O)C2O1,0
HIVSUB-02599,c1cnn(P2(n3cccn3)=NP(n3cccn3)(n3cccn3)=NP(n3cccn3)(n3cccn3)=NP(n3cccn3)(n3cccn3)=NP(n3cccn3)(n3cccn3)=NP(n3cccn3)(n3cccn3)=N2)c1,0
HIVSUB-02600,O=C1C(=Cc2ccccc2Cl)CCCCC1=Cc1ccccc1Cl,0
HIVSUB-02601,CC1=NNC(=N)NC1=CC(Sc1ccc(Cl)cc1)c1ccc([N+](=O)[O-])cc1,0
HIVSUB-02602,COCCCNC(=O)C1C(=O)C(=O)N(CCCOC)C1=O,0
HIVSUB-02603,CC(C)CN1CC(=O)N2CCCC(c3ccccc3)N2C(=O)C1,0
HIVSUB-02604,C=C1SC(=Nc2c(C)cccc2C)N(c2nc(Cl)nc(Cl)n2)C12CCCCC2,0
HIVSUB-02605,O=C1c2scc(-c3ccc(F)cc3)c2-n2cccc21,0
HIVSUB-02606,I.O=C(CCCl)NNC1=NCCCN1,0
HIVSUB-02607,Oc1nnnc2ccccc12,0
HIVSUB-02608,Brc1cnc2nsnc2c1,0
HIVSUB-02609,O=C(Nc1cc2cc([N+](=O)[O-])ccc2oc1=O)c1cccs1,0
HIVSUB-02610,N#CC(N)=C(C#N)NC(=O)C(=O)NC(C#N)=C(N)C#N,1
HIVSUB-02611,c1ccc2c(c1)oc1cc3c(cc12)-n1nnnc1-c1cccn1-3,0
HIVSUB-02612,N=c1ccn2c(n1)OC1C(O)C(CCl)OC12,0
HIVSUB-02613,CC(OC(C)(C)C)C(NC(=O)C(CCCCNC(=O)OC(C)(C)C)NC(=O)C(Cc1c[nH]c2ccccc12)NC(=O)OCc1ccccc1)C(=O)NC(Cc1ccccc1)C(=O)N(C)C1(C(=O)NC(Cc2ccccc2)C(=O)OCc2ccccc2)CCCC1,0
HIVSUB-02614,CC(=O)SC(SC(C)=O)SC(C)=O,0
HIVSUB-02615,Cn1c(=O)c2nc(-c3ccccc3)oc2n(C)c1=O,0
HIVSUB-02616,CC1CCC(=O)C(C(=O)CC2CC(=O)N(C)C(=O)C2)C1,0
HIVSUB-02617,Nc1nc(Cl)c2ncn(C3C=CC(O)CC3)c2n1,0
HIVSUB-02618,CC1CN(S(=O)(=O)c2cccc3cnccc23)CCN1,0
HIVSUB-02619,O=C(Nc1ccccc1)c1cc(S(=O)(=O)N2CCNC2=O)c(S)cc1Cl,1
HIVSUB-02620,COc1cccc(NC(S)=C(C(=O)c2ccc([N+](=O)[O-])cc2)[n+]2ccc(C(C)C)cc2)c1,0
HIVSUB-02621,Oc1ccc(C=Cc2cc(O)cc3c2C(c2cc(O)cc4c2C(c2cc(O)cc(O)c2)C(c2ccc(O)cc2)O4)C(c2ccc(O)cc2)O3)cc1,0
HIVSUB-02622,Cc1nc(C(N)=S)sc1C(=O)C=Cc1cccc(O)c1,0
HIVSUB-02623,CCOC(=O)c1ccc(Nc2nc3ccccc3nc2C(=O)OCC)cc1,0
HIVSUB-02624,O=C1CC2(CCCC2)C(=O)N1c1cccc([N+](=O)[O-])c1,0
HIVSUB-02625,COC(=O)C(=Cc1ccco1)P(=O)(OC)OC,0
HIVSUB-02626,O=C(O)CC1CC2CC(=O)C1C2,0
HIVSUB-02627,CSC1CC2C(CC1(C)SC)C2(C)C,0
HIVSUB-02628,CCN(CC)C1=CC(=O)n2cccc21,0
HIVSUB-02629,[N-]=[N+]=CC(=O)C1CCCN1C(=O)c1ccccc1,0
HIVSUB-02630,OC1CCC2OOC1O2,0
HIVSUB-02631,CCCn1ccc(=O)c(O)c1C,0
HIVSUB-02632,N=C1NCC(CN2CCOCC2)O1,0
HIVSUB-02633,COC=C=CC(C)(C)OC,0
HIVSUB-02634,Cc1ccc(SC(C)C(O)(C(N)=O)c2ccccc2)cc1,0
HIVSUB-02635,CC(C)=CCc1cc2c(cc1O)OCC1c3cc4c(cc3OC21)OCO4,0
HIVSUB-02636,CC1C=C(NCC2(CO)CCC2)NC(=N)N1,0
HIVSUB-02637,CC#CC(O)(C(=O)OC1CCCN(C)C1)C1=CC=CCC1,0
HIVSUB-02638,CCC1(O[N+](=O)[O-])CN([N+](=O)[O-])C1,0
HIVSUB-02639,O=C(C(=O)N1CC2C=CC1CC2)c1c[nH]c2ccccc12,0
HIVSUB-02640,N#CC(C#N)=CSc1ccccc1,0
HIVSUB-02641,Cc1nc2cccc3nc(N)nc(n1)-n-2-3,0
HIVSUB-02642,CCCC[Sn]1(CCCC)OC(=O)c2cc(I)cc(I)c2O1,0
HIVSUB-02643,CC(NC(=O)C(NC(=O)OC(C)(C)C)C(C)C)C(=O)N1CCCC1C(=O)NCC(=O)NC(C(=O)NCC(=O)O)C(C)C,0
HIVSUB-02644,Cc1ccc(S(=O)c2occc2C=O)cc1,0
HIVSUB-02645,Cc1ccn2[n+]1CC(O)C2,0
HIVSUB-02646,NC(Cc1ccc(CP(=O)(O)O)cc1)C(=O)O,0
HIVSUB-02647,Cc1ccc(-c2oc3ccccc3c(=O)c2O)cc1,0
HIVSUB-02648,O=C1CCCC(=O)NNC(=O)Nc2ccc(cc2)Cc2ccc(cc2)NC(=O)NN1,0
HIVSUB-02649,CCOC(=O)C(Cc1c[nH]c2ccc(N)cc12)(NC(C)=O)C(=O)OCC,0
HIVSUB-02650,CCOC(=O)NN(C(=O)OCC)C(C(=O)C1=CCCCC1)N(NC(=O)OCC)C(=O)OCC,0
HIVSUB-02651,Cc1ccc(S(=O)(=O)N(C)CC(=O)c2ccccc2)cc1,0
HIVSUB-02652,Nc1c(C(=O)NN=Cc2ccccc2)sc(=S)n1-c1ccccc1,0
HIVSUB-02653,CC(=O)N(C(C)=O)n1c(Cc2ccc(Cl)cc2)nn(C(C)=O)c1=O,0
HIVSUB-02654,CC1(c2cccc(C3CCC4(C=CC3=O)OCCO4)c2)OCCO1,0
HIVSUB-02655,NCCSSc1ccccc1C(=O)O,0
HIVSUB-02656,COC1(OC)CC(CO)(CNc2cc(Cl)nc(N)n2)C1,0
HIVSUB-02657,CS(=O)(=O)c1nc2ccc(N3C(=O)c4ccccc4C3=O)cc2s1,0
HIVSUB-02658,CCCC1C(=O)N2C(N(C)C)=Nc3ccc(C)cc3N2C1=O,0
HIVSUB-02659,O=C1c2ccccc2C(=O)N1CCCSCC(CO)SCCCN1C(=O)c2ccccc2C1=O,0
HIVSUB-02660,O=C1CN(CCc2ccccc2)CC(=O)N2C(c3ccccc3)CCCN12,0
HIVSUB-02661,CC1C(NC(=O)C(=NOC(C)(C)C(=O)O)c2csc(=N)[nH]2)C(=O)N1S(=O)(=O)O,0
HIVSUB-02662,CCOC(=O)C(Cl)(NC(=O)OCc1ccccc1)C(F)(F)F,0
HIVSUB-02663,CCOP(=O)(OCC)C(=Cc1cccs1)CC(C)=O,0
HIVSUB-02664,COc1cc(CC2c3cc(OC)c(OC)cc3CCN2C)ccc1O,0
HIVSUB-02665,CC(C)(C)OC(=O)NC(Cc1c[nH]cn1)C(=O)N1CCCC1C(N)=O,0
HIVSUB-02666,CCC(C)(O)c1cn(-c2ccc(Cl)cc2)nn1,0
HIVSUB-02667,Clc1ccc(C2=NN(c3ccccc3)C3c4cc(Br)ccc4OCC23)cc1,0
HIVSUB-02668,Cc1cc(C)n(C2OC(CO)C(O)C(O)C2O)c(=S)c1C#N,0
HIVSUB-02669,Oc1ccc2c(c1)nc(O)c1c(O)c3c(cc12)OCO3,0
HIVSUB-02670,Cn1cc2ccccc2c1-c1nc(F)nc(OCC(=O)C2CCC3C4CCC5=CC(=O)CCC5(C)C4C(O)CC23C)n1,0
HIVSUB-02671,Fc1cccc(C=[N+]2N=C(c3ccncc3)[OH+][Cu-3]23[OH+]C(c2ccncc2)=N[N+]3=Cc2cccc(F)c2)c1,0
HIVSUB-02672,CC1(C)COC2(C)ON12,0
HIVSUB-02673,Cc1cc[n+]([Pt-2]([OH+][N+](=O)[O-])([OH+][N+](=O)[O-])[n+]2ccc(C)cc2)cc1,0
HIVSUB-02674,CSSCc1ccccc1,0
HIVSUB-02675,N#Cc1cnn2c1n[n+]([O-])c1ccc(Cl)cc12,0
HIVSUB-02676,CC(OC(C)(C)C)C(NC(=O)OCC1c2ccccc2-c2ccccc21)C(=O)NC(Cc1ccccc1)C(=O)OCc1ccccc1,0
HIVSUB-02677,Cc1cc(C(C)(C)C)cc(Cc2cc(C(C)(C)C)cc(Cc3cc(C(C)(C)C)cc(C)c3O)c2O)c1O,0
HIVSUB-02678,COC(=O)NN=C(C(=O)Nc1cccc([N+](=O)[O-])c1)c1nc2ccc([N+](=O)[O-])cc2nc1O,0
HIVSUB-02679,CCCCSc1cc(Cc2cc(C)ccc2O)c(O)c(Cc2cc(C)ccc2O)c1,0
HIVSUB-02680,CC(=O)C1(O)CCC2C3CC(C)C4=CC(=O)C=CC4(C)C3(F)C(O)CC21C,0
HIVSUB-02681,COC1=CC(=O)C2C(C)C(c3ccc(Cl)cc3)C2C1=O,0
HIVSUB-02682,O=S1(=O)CCc2ccccc2C(Cl)C1,0
HIVSUB-02683,COc1ccc2c(c1)OC(OC)(c1ccccc1)C(O)(OC)C2=O,0
HIVSUB-02684,CCCCCCCCCCCC1CNC(CCCCC2=NC(CCCCCCCCCCC)CN2)=N1,0
HIVSUB-02685,CC(C)NC(=O)OCc1nnn2c1CCC2,0
HIVSUB-02686,COc1ccc(C(=O)Nc2sc(SC)nc2C(N)=O)cc1,0
HIVSUB-02687,O=C(c1ccccc1)N1CCC(Nc2nccs2)O1,0
HIVSUB-02688,COC1=CC(=C(c2ccc(O)c(OC)c2)c2ccc(O)c(OC)c2)C=CC1=O,0
HIVSUB-02689,COc1cccc(C=CC#N)c1,0
HIVSUB-02690,Fc1cccc(C=NC23CC4CC(CC(C4)C2)C3)c1,0
HIVSUB-02691,c1nncn1C12C3C4C5C3C1C5C42,0
HIVSUB-02692,CC(C)(C)CC(C)(C)c1cc2c(O)c(c1)Cc1cc(C(C)(C)CC(C)(C)C)cc(c1O)Cc1cc(C(C)(C)CC(C)(C)C)cc(c1O)Cc1cc(C(C)(C)CC(C)(C)C)cc(c1O)Cc1cc(C(C)(C)CC(C)(C)C)cc(c1O)Cc1cc(C(C)(C)CC(C)(C)C)cc(c1O)C2,0
HIVSUB-02693,O=C(NNC(=O)c1ccccc1O)c1ccco1,0
HIVSUB-02694,CC1(C)CC(=O)c2c(oc3cc(O)c(O)cc23)C1,0
HIVSUB-02695,CC(C)(CO)[N+](=O)[CH-]c1ccccc1,0
HIVSUB-02696,O=C1N=C2NC=NN2C1=O,0
HIVSUB-02697,BrC1(c2ccccc2)C[n+]2c(-c3ccccc3)cc(-c3ccccc3)cc2-c2ccccc21.[Br-],0
HIVSUB-02698,Nc1ncnc2c1ncn2CC(O)CO,0
HIVSUB-02699,NC1=NC(N)=N1,0
HIVSUB-02700,Cc1[nH]ccp1,0
HIVSUB-02701,O=c1cc(-c2ccccc2)oc2cc(O)ccc12,0
HIVSUB-02702,Cc1ccc(C(C)C)c(OP(=S)(S)Oc2cc(C)ccc2C(C)C)c1,0
HIVSUB-02703,CC1CCCN1c1ccnc2cc(Cl)ccc12,0
HIVSUB-02704,C=C(CO[Si](C)(C)C(C)(C)C)C(C)=O,0
HIVSUB-02705,COCOC1CCCCC1(OCCOCCOC1(c2ccccc2)CCCCC1OCOC)c1ccccc1,0
HIVSUB-02706,[O+]#C[Mo+2]12345(C#[O+])(C6=C1[C-]2C3=C64)[PH](c1ccccc1)(c1ccccc1)CC[PH]5(c1ccccc1)c1ccccc1.[O+]#C[Mo]1234(C#[O+])(C#[O+])C5=C1[C-]2C3=C54,0
HIVSUB-02707,COc1cc(NS(=O)(=O)c2ccc(C(C)=O)cc2)nc(OC)n1,0
HIVSUB-02708,N#CC=Cc1cccc(F)c1,0
HIVSUB-02709,O=C1CN(S(=O)(=O)c2ccc([N+](=O)[O-])cc2)CC(=O)CN(S(=O)(=O)c2ccc([N+](=O)[O-])cc2)C1,0
HIVSUB-02710,O=C1OC(Cl)(C(Cl)(Cl)Cl)C(=O)OC1(Cl)C(Cl)(Cl)Cl,0
HIVSUB-02711,CSC12C3C(=O)N(C)C(=O)C3C(C)(C(=O)N1C)C(=O)N2c1ccccc1,0
HIVSUB-02712,C=CCc1cccc(C=NNC(=N)NO)c1O.Cc1ccc(S(=O)(=O)O)cc1,0
HIVSUB-02713,COC(=O)C(=O)C1(CCC(C)=O)c2ccccc2-c2c(C)ccc(C)c21,0
HIVSUB-02714,CN(C(=O)C1=CCC2(CC1)OCCO2)c1ccccc1OS(=O)(=O)C(F)(F)F,0
HIVSUB-02715,CC(C)=C=CCN(C)Cc1ccccc1.O=C(O)C(=O)O,0
HIVSUB-02716,COC(=O)CC1C2CCC1C(=O)C2,0
HIVSUB-02717,C#CC(O)C=CC(O)CCCC(O)CC#CC(O)C#CC(O)CCCC(O)C=CCCCCCC(=O)CCCCCCCCCCCCCC(O)C(O)C#CC(=O)O,0
HIVSUB-02718,CC12CCC3C(CCC4=C(O)C(=O)CCC43C)C1CCC(=O)N2,0
HIVSUB-02719,COc1cc(C2C(C#N)=C(N)OC3=C2CCS(=O)(=O)c2ccc(C)cc23)cc(OC)c1OC,0
HIVSUB-02720,CC1(C)CC(=O)C2=C(C1)NC(SSC1=C(C#N)C(c3ccccc3)C3=C(CC(C)(C)CC3=O)N1)=C(C#N)C2c1ccccc1,0
HIVSUB-02721,OCC12C=CC(C1)c1ccccc12,0
HIVSUB-02722,CCCCCCC1CCC2CCCC(C)N12,0
HIVSUB-02723,CC1C=CN(N(C)C)C2=C1C(=O)c1cnccc1C2=O,0
HIVSUB-02724,Cc1cc(C=O)c(C)c2c1[nH]c1ccccc12,0
HIVSUB-02725,CCCCNC(=O)NNC(=O)c1cc(C=Cc2cccc([N+](=O)[O-])c2)ncn1,0
HIVSUB-02726,CC(=CCCC=C(C)CCC=C(C)CCC1SC1(C)C)CCC=C(C)CCC1OC1(C)C,0
HIVSUB-02727,CC(CCC(=O)O)CCC(=O)O,0
HIVSUB-02728,CC(CC(O)(C(F)(F)Cl)C(F)(F)Cl)=NNc1ccccc1,0
HIVSUB-02729,CC(=O)c1c2c(cc3c1CC1(C3)Cc3cc4c(c(C(=O)O)c3C1)CCC4)CCC2,0
HIVSUB-02730,Clc1cccc(C2N3CCCCC3C3c4[nH]c5ccccc5c4CCN32)c1,0
HIVSUB-02731,CC1C2CC(CC23OCC(CCl)O3)C1(C)C,0
HIVSUB-02732,CC=C(C)C(=O)OC1CCN2CCC(COC(=O)C(=CC)CO)C12,0
HIVSUB-02733,S=C(SSSC(=S)N(C1CCCCC1)C1CCCCC1)N(C1CCCCC1)C1CCCCC1,0
HIVSUB-02734,Cc1cc(N(CCC#N)CCC#N)ccc1C=C(NC(=O)C=Cc1ccccc1)NC(=O)Nc1ccccc1C,0
HIVSUB-02735,COC1CC2(C[Si](C)(C)C)OC(=O)OC2C(C)O1,0
HIVSUB-02736,C=CCn1c(N)c(C#N)c(C#N)c1-c1ccccc1,0
HIVSUB-02737,CC1OC(Oc2c(-c3ccc(O)c(O)c3)oc3cc(O)cc(O)c3c2=O)C(O)C(O)C1O,0
HIVSUB-02738,C=C(C)C1Cc2oc(cc2C(=O)OC)C(C(=C)C)C2OC(=O)C(=CC1O)C2N(C)C,0
HIVSUB-02739,COc1c2c3c4c(c(OC)c(=O)c5c(O)cc(OC)c(c6c(OC)cc(O)c(c1=O)c63)c54)C(OC(C)=O)=C(C)C2,0
HIVSUB-02740,CC(=O)OCC(OC(C)=O)C(OC(C)=O)C1OCC2CC(C1OC(C)=O)N(Cc1ccccc1)O2,0
HIVSUB-02741,CCOc1ccccc1NC(=O)C(=O)C(c1ccccc1)S(=O)(=O)Cc1ccccc1,0
HIVSUB-02742,CC12CCCC(Cl)C1(O)CC(C(=O)O)CC2,0
HIVSUB-02743,O=C(CC(c1ccccc1)C(Sc1ccccc1)(Sc1ccccc1)Sc1ccccc1)c1ccccc1,0
HIVSUB-02744,O=C1Nc2ccc([N+](=O)[O-])c3c([N+](=O)[O-])ccc1c23,0
HIVSUB-02745,O=c1[nH]n(CCc2ccncc2)c(=O)c2ccccc12,0
HIVSUB-02746,COc1cc(C(=O)O)c2c(c1C)OC(=O)c1c(C)cc(O)c(C=O)c1O2,0
HIVSUB-02747,CN(C)c1cc2ccccc2oc1=O,0
HIVSUB-02748,Oc1ccc(O)c(-n2cccn2)c1-n1cccn1,1
HIVSUB-02749,COc1cc(O)c(C(=O)CC(C)=O)c(OC)c1,0
HIVSUB-02750,O=c1oc2ccccc2cc1-c1nc(O)c2ccccc2n1,0
HIVSUB-02751,COc1cc(Br)c(CCC#N)cc1OC,0
HIVSUB-02752,O=C1CCC(c2ccccc2)C(O)(C(=O)O)C1,0
HIVSUB-02753,c1cc2nnsc2s1,0
HIVSUB-02754,CC(C)OP(=O)(OC(C)C)C(C#N)=Cc1c[nH]c2ccccc12,0
HIVSUB-02755,O=C(OCCO)C1CC2CC1C1(C2)OCCO1,0
HIVSUB-02756,O=C(CN(c1ccc(S(=O)(=O)O)cc1)c1ccc(S(=O)(=O)O)cc1)Nn1cnc2ccc(S(=O)(=O)N(c3ccc(S(=O)(=O)O)cc3)c3ccc(S(=O)(=O)O)cc3)cc2c1=O,0
HIVSUB-02757,Cc1ccc(-n2c(N)c(C#N)c3c(c2=S)CCC3)cc1,0
HIVSUB-02758,COC(=Nc1ccccc1)SSC(C)C,0
HIVSUB-02759,CCCNC(=O)N(C(C)C)S(=O)(=O)c1ccc(Cl)cc1,0
HIVSUB-02760,COc1ccc2[nH]c3c(C)c4cc[n+](C)cc4c(C)c3c2c1,0
HIVSUB-02761,COc1ccc(-c2oc3cc(OC)c(OC)c(OC)c3c(=O)c2OC)cc1OC,0
HIVSUB-02762,CCCc1cc(=O)oc2c3c(cc(OC(C)COC)c12)OC(C)C(C)C3=O,1
HIVSUB-02763,COc1ccc(CC2c3c(cc(OC)c(OC)c3OC)CCN2C)cc1OC.Cl,0
HIVSUB-02764,C[n+]1c(-c2ccc(C=NNC(=N)N)cc2)cn2ccccc21.Cc1ccc(S(=O)(=O)O)cc1.Cc1ccc(S(=O)(=O)O)cc1,0
HIVSUB-02765,CNC(=O)CNC(=O)C(NC(=O)CNC(=O)C1CCCN1C(=O)C(C)NC(=O)C(NC(=O)OC(C)(C)C)C(C)C)C(C)C,0
HIVSUB-02766,CCOc1ccc(Nc2nc(C)c(C(=O)C=Cc3ccc(Cl)cc3Cl)s2)cc1,0
HIVSUB-02767,CCCCCCOc1ccc(C(=N)N(CCCC)CCCC)c2ccccc12,0
HIVSUB-02768,N=C(N)NS(=O)(=O)c1ccc(Nc2c3ccccc3nc3c(C(=O)NNCCO)cccc23)cc1,0
HIVSUB-02769,CNC(=O)c1nnn(Cc2ccccc2)c1S,0
HIVSUB-02770,CC(CCC#N)(CCC#N)C(=O)CC(O)(C(F)(F)F)C(F)(F)F,0
HIVSUB-02771,CC1(c2ccc3ccccc3c2)OC(=O)c2ccccc21,0
HIVSUB-02772,CC(C)=CCCC(C)=CCCC(C)=CC(O)c1ccccc1,0
HIVSUB-02773,COc1ccc(OC)c(C=Cc2ccnc3ccccc23)c1,0
HIVSUB-02774,COc1cc(C(c2c(O)c3ccccc3oc2=O)c2c(O)c3ccccc3oc2=O)ccc1O,0
HIVSUB-02775,Cc1cc2c(O)c(c1)CN(CC(=O)O)Cc1cc(C)cc(c1O)CN(CC(=O)O)Cc1cc(C)cc(c1O)CN(CC(=O)O)C2,0
HIVSUB-02776,CC(=O)c1ccc([Se][Se]c2ccc(C(C)=O)cc2)cc1,0
HIVSUB-02777,S=c1[nH]c2ccccc2c(=S)n1CN1CCCCC1,0
HIVSUB-02778,O=c1sc2ncccc2n1-c1ccc([N+](=O)[O-])cn1,0
HIVSUB-02779,CC1=NN(c2ccccc2)C(=O)C1C(=O)C(=O)Nc1ccc(C)cc1C,0
HIVSUB-02780,COc1ccc(-c2cc(=O)c3c(O)cc(O)c(-c4cc(-c5cc(=O)c6c(O)cc(OC)cc6o5)ccc4OC)c3o2)cc1,0
HIVSUB-02781,Cn1c(=O)c2c(nc3n2CCCC(=O)N3CC(O)CCl)n(C)c1=O,0
HIVSUB-02782,COc1cc(C=C2N=C(c3ccccc3)N(n3c(-c4ccccc4)nc4ccccc4c3=O)C2=O)cc(OC)c1OC,0
HIVSUB-02783,COc1ccc(C=C2CCCC(=Cc3ccc(O)c(CN4CCCCC4)c3)C2=O)cc1,0
HIVSUB-02784,Cc1ccc(C=C2CN(C)CC3=C2NC(=S)NC3c2ccc(C)cc2)cc1.Cl,0
HIVSUB-02785,N=C(N)NS(=O)(=O)c1ccc(NC(=O)c2ccc3nc4ccccc4c(Nc4ccc(S(=O)(=O)NC(=N)N)cc4)c3c2)cc1,1
HIVSUB-02786,CC(=O)NC(C=O)C(OC(C)C(=O)NC(C)C(=O)NC(CCC(N)=O)C(=O)OCc1ccccc1)C(O)C(O)COC(=O)CCNc1c2ccccc2nc2cccc([N+](=O)[O-])c12,0
HIVSUB-02787,CN(CCN(C)C(=O)CCn1cc(F)c(=O)[nH]c1=O)C(=O)CCn1cc(F)c(=O)[nH]c1=O,0
HIVSUB-02788,C=CCSC(C)=O,0
HIVSUB-02789,CN(C)CCNC(=O)c1cc([N+](=O)[O-])cc2c1Oc1ccccc1O2,0
HIVSUB-02790,O=C(C=Cc1ccccc1)c1cc(C(=O)C=Cc2ccccc2)c(O)cc1O,0
HIVSUB-02791,COc1cc(C2c3cc4c(cc3C(OC3OC5COC(c6cccs6)OC5C(O)C3O)C3COC(=O)C23)OCO4)cc(OC)c1O,0
HIVSUB-02792,CC(=O)OCC1OC(n2c(-c3ccccc3)c(C(C)=O)c(-c3cccc4ccccc34)c(C#N)c2=S)C(OC(C)=O)C(OC(C)=O)C1OC(C)=O,0
HIVSUB-02793,CCCC(Cl)=NOC(=O)Nc1cc(C(F)(F)F)ccc1OC,0
HIVSUB-02794,O=C(Nc1cccc([N+](=O)[O-])c1)C(=O)C(C(=O)c1ccccc1-c1ccccc1)C1OC(=O)c2ccccc21,0
HIVSUB-02795,O=c1n(-c2ccccc2)c(=O)n(-c2ccccc2)c(=O)n1-c1ccccc1,0
HIVSUB-02796,COc1ccc2c(ccc3c(COC(=O)NC(C)C)c(COC(=O)NC(C)C)n(C)c32)c1,0
HIVSUB-02797,CC1=C(C(=O)NCc2ccccc2)C(c2ccc(C3C(C(=O)NCc4ccccc4)=C(C)NC(C)=C3C(=O)NCc3ccccc3)cc2)C(C(=O)NCc2ccccc2)=C(C)N1,0
HIVSUB-02798,CN(C)C=O.Oc1nc(O)c2nc3c(nc2n1)-c1cccc2cccc-3c12,0
HIVSUB-02799,CC(O)CCNc1nnc2c3ccccc3n(C)c2n1,0
HIVSUB-02800,CCOC(=O)C(=CN1CC(=O)NC1=S)C(=O)OCC,0
HIVSUB-02801,COc1ccc(OC)c(-c2csc(=O)s2)c1,0
HIVSUB-02802,CC1=NN2C=Nc3c(c(-c4ccc(Cl)cc4)cn3-c3ccc(C)cc3)C2N1,0
HIVSUB-02803,COC(=O)c1ccccc1C=C1Cc2c(C)cc(C)cc2C1=O,0
HIVSUB-02804,COc1ccc(N=C2C(=S)N(c3ccc(OC)cc3)C(=NS(=O)(=O)c3ccccc3)N2c2ccccc2)cc1,0
HIVSUB-02805,Cc1ccc(Cl)c2c(=O)c3ccc([N+](=O)[O-])cc3sc12,0
HIVSUB-02806,CC(C)(C)OC(=O)NCC(CNC(=O)OC(C)(C)C)C(N)=O,0
HIVSUB-02807,COc1cc2ccc1OCc1cccc(n1)COc1ccc(cc1OC)C=NCCNCCNCCN=C2,0
HIVSUB-02808,CC1CCCCC1=NNS(=O)(=O)c1ccc(N)cc1,0
HIVSUB-02809,CC(=O)OCCN(C1=NCCN1)[N+](=Cc1ccc(C#N)cc1)[CH-]c1ccc(C#N)cc1.I,0
HIVSUB-02810,CC1(C)OCC(C2OC(OC(=O)c3ccc(C(F)(F)F)cc3)C3OC(C)(C)OC23)O1,0
HIVSUB-02811,CC(=O)OCC1(C)ON=C2CCCCC21,0
HIVSUB-02812,Cc1cccc2c1Oc1cc(Cl)ccc1C2NC(=O)CCN1CCN(CCO)CC1,0
HIVSUB-02813,CC(=O)OC1CCC2(C)CC3C=CC2(OO3)C1(C)C,0
HIVSUB-02814,C=C1C(OO)OC2OC3(C)CCC4C(C)CCC1C24O3,0
HIVSUB-02815,CC(C)N(C(=O)C12C3C4C5C3C1(C(=O)N(C(C)C)C(C)C)C5(C#N)C42)C(C)C,0
HIVSUB-02816,O=C1CCCc2cc3c(cc21)CC1(Cc2ccccc2C1)C3,0
HIVSUB-02817,O=C1C=CC2OC(c3ccccc3)C(O)C2O1,0
HIVSUB-02818,CC(=O)Nc1ccc(C=CC(=O)c2sc(-c3nc(C)c(C(=O)C=Cc4ccc(NC(C)=O)cc4)s3)nc2C)cc1,0
HIVSUB-02819,Fc1ccc(Nc2nc(Cl)c3nc[nH]c3n2)cc1Cl,0
HIVSUB-02820,Clc1ccc(Nc2nn3c(CCCCCCCCc4nnc5sc(Nc6ccc(Cl)cc6)nn45)nnc3s2)cc1,0
HIVSUB-02821,N.O=C(c1cc(Cl)c(O)c(C(=O)O)c1)c1cc(Cl)c(O)c(C(=O)O)c1,0
HIVSUB-02822,CC(C)(C)OC(=O)[N+](=[N-])C(=O)C1CCC(=O)N1C(=O)OCc1ccccc1,0
HIVSUB-02823,CC(=N)C(C#N)C(=S)S,0
HIVSUB-02824,CC1(CO)CCCC1NCCNC1CCCC1(C)CO,1
HIVSUB-02825,O=c1c2c([nH]c3c1ccc1[nH]c4c(c(=O)c13)CCCC4)CCCC2,0
HIVSUB-02826,CN1CC(=O)NC2C(=CN(Cc3ccccc3)c3ccccc32)C1=O,0
HIVSUB-02827,Cn1c(=O)cc(CC#N)c2ccccc21,0
HIVSUB-02828,CC(C)=CC(=O)c1c(C(=O)O)nc2ccccc2[n+]1[O-],0
HIVSUB-02829,CC(=O)C1C(c2ccccc2)C2(C)OC(=O)C(C#N)C12C,0
HIVSUB-02830,CC=C=CCN(C)Cc1ccccc1.O=C(O)C(=O)O,0
HIVSUB-02831,O=C1CCC(=O)N1C(c1ccccc1)(c1ccccc1)N1C(=O)CCC1=O,0
HIVSUB-02832,COc1cc(C(=O)CC(O)(C(F)(F)F)C(F)(F)F)cc(OC)c1OC,0
HIVSUB-02833,CCCC(=O)Nc1cc(C=CC(=O)N2CC(CCl)c3c2cc([N+](=O)[O-])c2ccccc32)n(C)c1,0
HIVSUB-02834,CN(N=Cc1ccccc1Cl)C(c1ccccc1Cl)N(C)N=Cc1ccccc1Cl,0
HIVSUB-02835,CC(CC(=O)Nc1cc(Cl)c(Cl)cc1Cl)=NNC(N)=O,0
HIVSUB-02836,O=C1c2ccccc2C(=O)N1CCn1ccc(NC(c2ccccc2)(c2ccccc2)c2ccccc2)nc1=O,0
HIVSUB-02837,COC(=O)C(C)(Cc1ccccc1)NC(=O)C(C)N1C(c2ccccc2)COC1(C)C,0
HIVSUB-02838,CC1(O)CC23CCC4C(C)(C(=O)O)CCCC4(C)C2CCC1C3,0
HIVSUB-02839,O=C1CC(c2ccccc2)=Nc2ccccc2N1,0
HIVSUB-02840,CC12CCC(O1)C1C(=O)OC(=O)C12,0
HIVSUB-02841,CN1CC2CC3=C(CCC45CC6C(C=C34)C63CCC4(CC67CCC8C9(C)CCCC8%10C(C6CC4CC7%10)N(C)C9)OC53)C(C)(C2)C1,0
HIVSUB-02842,Sc1ncc(-c2cncc(-c3cnc(S)nc3)n2)cn1,0
HIVSUB-02843,C(=CC(SCc1ccccc1)SCc1ccccc1)c1ccccc1,0
HIVSUB-02844,Nc1ncnc2c1ncn2C1CCC(CO)OC1,0
HIVSUB-02845,Oc1ncc2[nH]c(=S)[nH]c2n1,0
HIVSUB-02846,Nc1ncnc2[nH]c(CO)nc12,0
HIVSUB-02847,COc1ccc(C(=C[N+](=O)[O-])c2ccc(OC)cc2)cc1,0
HIVSUB-02848,CNc1nc(N(C)C)nc(N(C)C)n1,0
HIVSUB-02849,CC1=CC(C)=[N+]2C(c3ccccc3)=S3[Pt+2]24N1C(c1ccccc1)=S4[Pt+2]31S2=C(c3ccccc3)N3C(C)=CC(C)=[N+]4C(c5ccccc5)=S1[Pt+2]342.[Cl-],0
HIVSUB-02850,COS(=O)(O)=[OH+].C[n+]1c2ccccc2c(C=NNS(=O)(=O)c2ccc(Cl)cc2)c2ccccc21,0
HIVSUB-02851,COc1cc2cc(C(=O)N3CC(CCl)c4ccc(N5CCN[Cr]567([O+]=C(C)[CH-]C(C)=[O+]6)[O+]=C(C)[CH-]C(C)=[O+]7)cc43)[nH]c2c(OC)c1OC.[O-][Cl+3]([O-])([O-])[O-],0
HIVSUB-02852,CN(C)CCNC(=O)c1nn(-c2ccccc2)c2c1CSc1ccccc1-2,0
HIVSUB-02853,CC(=O)Nc1cc(S(=O)(=O)O)cc2cc(S(=O)(=O)O)c(N=Nc3ccc(C(=O)Nc4ccc(S(=O)(=O)O)cc4)cc3)c(O)c12,0
HIVSUB-02854,CN(N=Cc1ccc(Cl)c(Cl)c1)C1=NCCN1.I,0
HIVSUB-02855,NC(=O)OCc1c(-c2ccccc2)nn(-c2ccccc2)c1COC(N)=O,0
HIVSUB-02856,CC1=C(C(=O)NNC(=O)Cc2ccccc2)CC(C(=O)NNC(=O)Cc2ccccc2)=C(C)N1,0
HIVSUB-02857,CC12CCC(=O)N1c1cccnc1N2,0
HIVSUB-02858,Cc1cc(N(CCC#N)CCC#N)ccc1C(N=Nc1ccccc1)=NNC(=O)c1cc(Cl)ccc1O,0
HIVSUB-02859,O=P1(c2ccccc2)Nc2cc(Cl)c(Cl)cc2N1,0
HIVSUB-02860,C[N+](C)(C)CCOP(=O)([O-])OCCNC(=O)c1ccc2ccccc2c1,0
HIVSUB-02861,NC(C(=O)O)C1=CCCCCCC1,0
HIVSUB-02862,O=S1(=O)CCN2OCC1C2c1cccc2ccccc12,0
HIVSUB-02863,CC1(CO)C(=O)OC12CCCCC2,0
HIVSUB-02864,O=C(O)c1cc2ccc(Cl)cc2c(O)c1C1=CCCCC1,0
HIVSUB-02865,CCN(CC)C(=S)SS(=O)(=O)c1ccc(NC(C)=O)cc1,0
HIVSUB-02866,O=C(CC(CCC(=O)N(Cc1ccccc1)Cc1ccccc1)=NNc1ccc([N+](=O)[O-])cc1[N+](=O)[O-])c1ccccc1,0
HIVSUB-02867,COc1ccc(C(SCC(N)C(=O)O)(c2ccc(OC)cc2)c2ccc(OC)cc2)cc1,0
HIVSUB-02868,c1coc(-c2cc(-c3cc(-c4ccco4)on3)no2)c1,0
HIVSUB-02869,CC(C)(C)OC(=O)NC(Cc1ccc(O)cc1)C(=O)NC(CCCCN)C(=O)NC(Cc1ccc(O)cc1)C(=O)NC(CCCCN)C(=O)ON1C(=O)CCC1=O,0
HIVSUB-02870,N#Cc1c(NC(=O)CN2CCOCC2)c(C(=O)Nc2ccccc2)n2c1CCC2,0
HIVSUB-02871,N#CCCN(CCC#N)c1ccc(C=C2SC(=S)NC2=O)cc1,0
HIVSUB-02872,COC1C=CC=CC=CCC(OC(=O)C(C)NC(=O)C2CCCCC2)C(C)C(O)C(C)=CCCc2c(O)c(cc3c2SCC(=O)N3)NC(=O)C1,0
HIVSUB-02873,CC(=O)OCC1OC(n2c3c(cc(C#N)c2=S)CCCCCC3)C(OC(C)=O)C(OC(C)=O)C1OC(C)=O,0
HIVSUB-02874,COc1ccccc1N=Nc1c(-c2ccccc2)nn(C(=O)CC(=O)Nc2ccccc2Cl)c1-c1ccccc1,0
HIVSUB-02875,Cc1ccc(NC(=S)Nc2c(C)n(C)n(-c3ccccc3)c2=O)cc1,0
HIVSUB-02876,CNN=C(Cc1occc(=O)c1O)C(=O)Nc1ccc(C)c(C)c1,0
HIVSUB-02877,CC1(C)OCC2OC3(C(O)CCO)OC(C)(C)OC3C2O1,0
HIVSUB-02878,CCCCC(O)(Cc1ccccc1)c1ccc(OCCN(CC)CC)cc1.O=C(O)CC(O)(CC(=O)O)C(=O)O,0
HIVSUB-02879,O=c1sccc2ccccc12,0
HIVSUB-02880,Cc1ccc2c(n1)C(N1CCC(C)CC1)=CC(=O)C2=O,0
HIVSUB-02881,CCCCc1c2c(nc3c1CCc1cc4cc5c(nc4nc1-3)-c1nc3c(c(CCCC)c1CC5)CCCC3=O)C(=O)CCC2,0
HIVSUB-02882,CC(C)C1NC(=O)C2N=C(OC2C)C(C(C)C)NC(=O)C2N=C(OC2C)C(C(C)C)NC(=O)C2N=C(OC2C)C(C(C)C)NC(=O)C2N=C1OC2C,0
HIVSUB-02883,CC(Nc1cc(Cl)cc(Cl)c1)c1ccncc1,0
HIVSUB-02884,c1ccc2c(c1)Sc1ccccc1S2,0
HIVSUB-02885,COc1cc2oc3cc(OC)c(OC)c(CC=C(C)C)c3c(=O)c2c(O)c1CC=C(C)C,0
HIVSUB-02886,CCC(C)OC(=O)c1ccccc1C(=O)O.COc1cc2c(cc1OC)C13CCN4CC5=CCOC6CC(=O)N2C1C6C5C4C3,0
HIVSUB-02887,COC(=O)NN=c1cc(C(=O)Nc2ccc(C)c(C)c2)oc2cc(O)ccc12,0
HIVSUB-02888,COC(=O)c1ccc2n1C1CC3CC(CC2C3)C1,0
HIVSUB-02889,CCCCCCC(=O)CC(=NNC(N)=S)C(=O)NC1C2CC3CC(C2)CC1C3,0
HIVSUB-02890,COC(=NN=Cc1ccc(C(F)(F)F)cc1)c1ccncc1,0
HIVSUB-02891,Oc1ccc(C2Oc3cc4c5c(c3C2c2cc(O)cc(O)c2)C2c3cc(c(O)cc3OC2c2ccc(O)cc2)C2c3c(cc(O)cc3C5C(c3ccc(O)cc3)O4)OC2c2ccc(O)cc2)cc1,0
HIVSUB-02892,O=C1C=CC(=O)c2c1ccc1c3ccccc3n(-c3ccccc3)c21,0
HIVSUB-02893,O=c1oc2ccccc2c(O)c1Sc1c(O)c2ccccc2oc1=O,0
HIVSUB-02894,CCCCNc1cc(Nc2ccc(Br)cc2)nc(N)n1,0
HIVSUB-02895,O=C1C(=Cc2ccc(Cl)cc2)CSCC1=Cc1ccc(Cl)cc1,0
HIVSUB-02896,COC(=O)C(=NNc1nnc(C)n1N)C(C#N)c1ccccc1,0
HIVSUB-02897,O=C1Nc2ccccc2NC1=CC(=O)c1ccccc1O,0
HIVSUB-02898,CCOC(=O)CNc1c(OCc2ccccc2)c(=O)c1=O,0
HIVSUB-02899,CC(C)c1ccc(C=C2CSCC(=Cc3ccc(C(C)C)cc3)C2=O)cc1,0
HIVSUB-02900,O=C(CC1(O)C(=O)Nc2c(Cl)cc(Cl)cc21)c1ccc(Br)cc1Br,0
HIVSUB-02901,O=[N+]([O-])c1ccc(Cc2ccccc2)cc1,0
HIVSUB-02902,Cc1ccc(S(=O)(=O)N2CCCSCC2)cc1,0
HIVSUB-02903,N#CCCN(CCC#N)c1ccc(C=C2N=C(c3cc([N+](=O)[O-])ccc3Cl)OC2=O)cc1,0
HIVSUB-02904,COC1=CC(=Nc2c(Cl)cc(Cl)cc2OC(=O)c2ccc([N+](=O)[O-])cc2)C=C(OC)C1=O,0
HIVSUB-02905,Cc1csc2nc(-c3ccccc3)c(C=NNC(=O)CN(C)C)n12,0
HIVSUB-02906,NC(=O)C=Cc1c[nH]c2nccnc12,0
HIVSUB-02907,O=c1cc(O)[n+](C2OC(CO)C(O)C2O)c2sccn12,0
HIVSUB-02908,CC(C)(C)NN=C(C(=O)Nc1cccc(Cl)c1)C1C(=O)Nc2ccccc2S1=O,0
HIVSUB-02909,O=[N+]([O-])c1ccc(NC(=S)Nc2ccccn2)cc1,0
HIVSUB-02910,COc1c(O)cc2c(c1OC)-c1ccc(SC)c(=O)cc1C(NC(C)=O)CC2,0
HIVSUB-02911,O=C1C(=Cc2ccccc2)CCc2ccc([N+](=O)[O-])cc21,0
HIVSUB-02912,O=C(O)CCS(=O)(=O)O,0
HIVSUB-02913,C=C1OC(c2ccccc2NC)=NC12CCCCC2,0
HIVSUB-02914,CCOC(=O)NN=C(Cc1ccc([N+](=O)[O-])cc1)OCC,0
HIVSUB-02915,Cl.Cn1ccnc1CCc1c(Cl)cccc1Cl,0
HIVSUB-02916,O=c1c2ccccc2c(=O)n2n1CC=CC2,0
HIVSUB-02917,c1ccc(C2=C(c3ccccc3)C23SCCS3)cc1,0
HIVSUB-02918,COc1ccc(I)c(CCC(CO)C2=CCC3(CC2)OCCO3)c1,0
HIVSUB-02919,CCOC(=O)OC(=Cc1ccc(OC)cc1)c1c(OC(=O)OCC)n(C(=O)OCC)c2ccccc12,0
HIVSUB-02920,COc1ccc(C2C(C#N)=C(S)N(C3OC(COC(C)=O)C(OC(C)=O)C(OC(C)=O)C3OC(C)=O)C(C)=C2C(C)=O)cc1,0
HIVSUB-02921,ON=C1CCCCC(=NO)CCCC1,0
HIVSUB-02922,COC(=O)C1=C(C(=O)OC)C2(C3C(SC)=CC(C)(C)CC3S1)N(Cc1ccccc1)CCN2Cc1ccccc1,0
HIVSUB-02923,COc1cc(Nc2nc3ccccc3nc2C(=O)O)cc(OC)c1OC,0
HIVSUB-02924,N=C1NN(c2ccccc2)C(=O)C1C(=O)C(=O)NC1C2CC3CC(C2)CC1C3,0
HIVSUB-02925,CCN(CC)CCOC(NC(C)=O)(c1ccccc1)c1ccccc1,0
HIVSUB-02926,CC1=NN(c2nc(N)nc(NS(=O)(=O)c3cc(C)c(Cl)cc3S)n2)C(C)(C)C1,1
HIVSUB-02927,O=C(O)C12C3CCC(O3)C1(C(=O)O)C1CCC2O1,0
HIVSUB-02928,COc1cc(NCCCNCC(C)(C)C)c2ncccc2c1,0
HIVSUB-02929,CSc1c(C(=O)Nc2ccc(Cl)cc2)c(=N)[nH]n1-c1ccccc1,0
HIVSUB-02930,COc1ccccc1N1C(=O)C(=Cc2cc(OC)c(OC)c(OC)c2)SC1c1ccccc1,0
HIVSUB-02931,N=C(N)NN=C1CCCCC1,0
HIVSUB-02932,COc1ccc2c(c1)CCc1[nH]c3ccccc3c1CCCC2,0
HIVSUB-02933,O=C1c2ccccc2C(=O)c2sccc21,0
HIVSUB-02934,CS(C)=[O+][Ru-4]([ClH+])([ClH+])([ClH+])([ClH+])[n+]1cc2ccccc2[n-]1.[Na+],0
HIVSUB-02935,CCCCCn1cnc2c(S)nc(N)nc21,0
HIVSUB-02936,CC1(C)CC(=O)C(=CNC(N)=S)C(=O)C1,0
HIVSUB-02937,N=c1[nH]ncs1,0
HIVSUB-02938,CN1CCN(C2=C(Cl)C3(OCCS3)C(F)(F)C2(F)F)CC1,0
HIVSUB-02939,O=C(CCC(=O)Nc1ccc(Cl)c(Cl)c1)Cc1nc2ccccc2o1,0
HIVSUB-02940,Clc1c[nH]c2cccc3nccc1c32,0
HIVSUB-02941,Cc1cc2oc(-c3ccccc3)c(C)c(=O)c2c2c1OC(C)(C)S2,0
HIVSUB-02942,CC1(c2ccccc2)Oc2ccccc2-n2cccc2C1=O,1
HIVSUB-02943,CCn1c(=O)[nH]c(=O)c2conc21,0
HIVSUB-02944,O=C(Nc1ccc2cc(S(=O)(=O)O)ccc2c1)c1ccc(N=Nc2cc(S(=O)(=O)O)c3ccccc3c2O)cc1,0
HIVSUB-02945,O=NC1C(Cl)C2CC1C1COCC21,0
HIVSUB-02946,Cc1ccc(S(=O)(=O)O[IH2](C#CC(C)(C)C)c2ccccc2)cc1,0
HIVSUB-02947,COC(=O)C1CC2(c3ccccc3)C(=O)c3ccccc3N2O1,0
HIVSUB-02948,Cc1ccc(Nc2nc3c(s2)C(=O)c2ccccc2C3=O)cc1,0
HIVSUB-02949,Cn1c(=O)c2c(=O)c(=O)[nH][nH]c2n(C)c1=O,0
HIVSUB-02950,CCOC(=O)C1SC(=Nc2ccc(Cl)cc2C)N=C1C,0
HIVSUB-02951,CCCCCCCCCCCCCCCCCCN1C(=O)c2ccccc2[Se]1=O,0
HIVSUB-02952,COc1ccc(N2C(=O)C3CSCN3C2=O)cc1,0
HIVSUB-02953,CCCCCCCCCCCC(=O)OCC1OC(n2cc(F)c(=O)[nH]c2=O)C(N)C(OC(=O)CCCCCCCCCCC)C1O,0
HIVSUB-02954,O=C(COc1ccc(OCC(=O)N2C(=O)CSC2=Nc2ccccc2)cc1)N1C(=O)CSC1=Nc1ccccc1,0
HIVSUB-02955,CCOC(=O)c1ccc(-n2[nH]c(=O)ccc2=O)cc1,0
HIVSUB-02956,CC1=C(C(=O)Nc2ccccc2)C(c2ccc([N+](=O)[O-])cc2)C(C(=O)Nc2ccccc2)=C(C)N1,0
HIVSUB-02957,CC1OC(OC2C(Oc3ccc4c(=O)c(-c5ccc(O)c(O)c5O)coc4c3)OC(CO)C(O)C2O)C(O)C(O)C1O,0
HIVSUB-02958,CCP1(=S)OC(C)CCN1C(C)C,0
HIVSUB-02959,CCOC(=O)C1(C)CC12CCCCC2,0
HIVSUB-02960,CC(C=CC=C(C)C=CC1=C(C)CCCC1(C)C)=CC=O,0
HIVSUB-02961,CCCCCCCCCCNC(C)=O,0
HIVSUB-02962,CC(C)(C)OC(=O)NC(Cc1ccc(OCc2ccccc2)cc1)C(=O)NC(CCCCNC(=O)OCc1ccccc1)C(=O)O,0
HIVSUB-02963,COP(=O)(OC)C(=Cc1cn(C(c2ccccc2)(c2ccccc2)c2ccccc2)cn1)NC=O,0
HIVSUB-02964,O=C(Cn1c2ccc(Br)cc2c2nc3ccccc3nc21)NC1CCCCC1,0
HIVSUB-02965,CCOC(=O)C1=C(O)c2ccccc2S(=O)(=O)N1C.COC(=O)C1=C(O)c2ccccc2S(=O)(=O)N1C,0
HIVSUB-02966,COC(=O)C(CCCC1(c2ccccc2)OCCO1)C(C)=O,0
HIVSUB-02967,O=C(c1ccc(Cl)cc1Cl)N(N=CC=Cc1ccccc1)c1nnc(-c2ccccc2)c(-c2ccccc2)n1,0
HIVSUB-02968,COc1ccc2cc(C(C)C(=O)N3C(=O)OCC3(C)C)ccc2c1,0
HIVSUB-02969,CC(CCCN1CCN(C)CC1)C1CCC2C3CCC4CC(O)CCC4(C)C3CCC12C.Cl,0
HIVSUB-02970,Cc1c(NC(=O)CSC(=S)N2CCN(Cc3ccccc3)CC2)c(=O)n(-c2ccccc2)n1C,0
HIVSUB-02971,O=C(c1ccc(OC(=O)c2ccccc2O)cc1)c1ccc(OC(=O)c2ccccc2O)cc1,0
HIVSUB-02972,O=C(COc1ccc2c(=O)cc(-c3ccccc3)oc2c1)N1CCN(c2ccccc2)CC1,0
HIVSUB-02973,CNNC1=NS(=O)(=O)c2cc(C#N)c(Cl)cc2S1,0
HIVSUB-02974,C=C(C)C1CCC(C)C(O)(C2CC(C(COC(=O)c3ccccc3)OC(=O)c3ccccc3)OC2=O)C1,0
HIVSUB-02975,O=C(CC(=O)C1=CNc2ccccc2S1)C(=O)Nc1ccc(Cl)cc1,0
HIVSUB-02976,CCOC(=O)Nn1c(C)nnc1-c1ccccc1,0
HIVSUB-02977,CN(C)Cc1cc(C(=O)C=Cc2ccc([N+](=O)[O-])cc2)cc(CN(C)C)c1O.Cl,0
HIVSUB-02978,O=C(CS)NCCNC(=O)CS,0
HIVSUB-02979,CCc1ccccc1N1CCN(C(=O)c2cc(OC)c(OC)c(OC)c2)CC1,0
HIVSUB-02980,COc1cc2c(C(OC(=O)c3ccccc3)c3ccc4c(c3)OCO4)nccc2c(OC)c1OC,0
HIVSUB-02981,ON=C1C(=Cc2ccc(Br)cc2)CCCC1C(NO)c1ccc(Br)cc1,0
HIVSUB-02982,Oc1cc(NNc2ccccc2)nc(S)n1,0
HIVSUB-02983,Nc1ccccc1-c1cc[nH]n1,0
HIVSUB-02984,COc1cccc(-c2nc(-c3cnccn3)n(Cc3ccccc3)n2)c1,0
HIVSUB-02985,Cc1cc2c(C(C)C)c(O)c(O)c(C=Nc3ccccc3S)c2c(O)c1-c1c(C)cc2c(C(C)C)c(O)c(O)c(C=Nc3ccccc3S)c2c1O,0
HIVSUB-02986,CCOC(=O)c1nc2ccccc2nc1Oc1cc(OC)c(OC)c(OC)c1,0
HIVSUB-02987,CC1(C)CC(=O)C(=CNC(=S)C(N)=S)C(=O)C1,0
HIVSUB-02988,CC(=O)C(=CNC(N)=S)C(N)=O,0
HIVSUB-02989,CCOP(=O)(OCC)C(=Cn1c(=S)[nH]c2ccc([N+](=O)[O-])cc21)C(=O)OC,0
HIVSUB-02990,CN1CCN(c2cc3nsnc3c3nsnc23)CC1,0
HIVSUB-02991,Cc1ccc(NC(=O)CCC(CC(=O)C(C)(C)C)=NNC(=O)C(N)=O)cc1C,0
HIVSUB-02992,O=C1CCC(=O)c2ccccc2N1,0
HIVSUB-02993,CCCCc1ccc(Nc2nc(N)c3nc[nH]c3n2)cc1,0
HIVSUB-02994,Cc1ccccc1-n1c(=O)c2ncn(C3CCCO3)c2n(-c2ccccc2C)c1=S,0
HIVSUB-02995,[O+]#C[Mo+2]1234(C#[O+])(C#[O+])([CH-]c5ccccc5)C5=C1[C-]2C3=C54,0
HIVSUB-02996,CC1CN=C(N(C(=O)Nc2ccc(Cl)c(Cl)c2)c2ccccc2)S1,0
HIVSUB-02997,C=CCCCCCCCCC(=O)NCCN1CCOCC1,0
HIVSUB-02998,NC(=O)C12C3C4C1C1C2C3C41C(N)=O,0
HIVSUB-02999,COc1ccc(C=Nn2c(C)nc3c(sc(=S)n3-c3ccccc3)c2=O)cc1,0
HIVSUB-03000,COc1cc(C)cc2c1C(=O)C(Br)(Br)CC2,0
HIVSUB-03001,CCOC(=O)c1c(NC(=O)c2ccc(Br)cc2)sc2c1CCCC2,0
HIVSUB-03002,Cc1cn(C(C)OCCO)c(=O)[nH]c1=O,0
HIVSUB-03003,CC(C)CCCC(C)C1CCC2C3CCC4CC(O)(C(c5cc(Cl)c(O)c(C(=O)O)c5)c5cc(Cl)c(O)c(C(=O)O)c5)CCC4(C)C3CCC12C.N,0
HIVSUB-03004,Cl.O=C1Oc2ccccc2C(=O)C1=CNc1nc(-c2ccccc2)cs1,0
HIVSUB-03005,CC[N+]1(CC)CCN[Co-4]123([O+]=C1C=CC=CC=C1[OH+]2)[O+]=C1C=CC=CC=C1[OH+]3.[O-][Cl+3]([O-])([O-])O,0
HIVSUB-03006,COc1cc2c(c(OC)c1OC)C1CCCCCC1CCC2=O,0
HIVSUB-03007,O=c1[nH]nc(-c2ccc3ccccc3c2)[nH]1,1
HIVSUB-03008,O=C([OH+][Mn+]1(C#[O+])(C#[O+])(C#[O+])[PH](c2ccccc2)(c2ccccc2)C=C[PH]1(c1ccccc1)c1ccccc1)C(F)(F)F,0
HIVSUB-03009,COC(=O)N(CC1C=CCCC1)c1ccccc1I,0
HIVSUB-03010,CC(=O)OC1CCC2C3CCC(C(C)=O)C(C(=O)O)C3CCC12C,0
HIVSUB-03011,CNC(=O)CCCNC(=O)CCCCC(=O)N(C)C,0
HIVSUB-03012,Cc1cccc(NC(=O)CSc2nnc(-c3ccc(N=Cc4ccc(Cl)cc4)cc3)o2)c1,0
HIVSUB-03013,CC1=CC(=O)N(n2c(-c3ccccc3)n[nH]c2=O)C1=O,0
HIVSUB-03014,Cc1ccc(C2=C(c3ccccc3)C(=O)C(c3ccccc3)=C2c2ccc(C)cc2)cc1,0
HIVSUB-03015,COc1ccc(N2C(=O)C(=Cc3cccc(Oc4ccccc4)c3)S(=O)(=O)C2c2ccccc2)cc1,0
HIVSUB-03016,Nc1nnc2ccc(Cl)cc2[n+]1[O-],0
HIVSUB-03017,CC(=O)Oc1ccc2c(C)cc(=O)oc2c1,0
HIVSUB-03018,CN1CCN(C(=O)c2cccc3cccc(C(=O)O)c23)CC1,0
HIVSUB-03019,COC(=O)c1cc(C(=CCCO)c2cc(Br)c(OC)c(C(=O)OC)c2)cc(Br)c1OC,0
HIVSUB-03020,CCOC(=O)Cc1nnc2n(-c3ccccc3)c(=O)c3ccccc3n12,0
HIVSUB-03021,Cc1cn(COCCCO)c(=O)[nH]c1=O,0
HIVSUB-03022,COc1ccc(N=NC(=O)NC(CC(C)C)C(=O)NC(CC(C)C)C(=O)O)cc1,0
HIVSUB-03023,CCOc1ccccc1N=NC1C(=O)N(C(=O)CC(=O)Nc2ccccc2Cl)N=C1C,0
HIVSUB-03024,COc1cc(-c2oc3c(OC)cc(OC)c(O)c3c(=O)c2OC)cc(OC)c1OC,0
HIVSUB-03025,CC(C)=CC(=O)Cc1nc2cc(C)c(C)cc2nc1O,0
HIVSUB-03026,CNc1nc(O)c2cc(OC)c(OC)cc2n1,0
HIVSUB-03027,CCC(C=Cc1ccccc1)=NNC(=S)NN=C(C=Cc1ccccc1)CC,0
HIVSUB-03028,N#CC(=CC=Cc1ccco1)C(N)=O,0
HIVSUB-03029,Cn1c(CCC2(C)Cc3ccccc3C(=O)O2)cc2ccccc2c1=O,0
HIVSUB-03030,CCOC(=O)C(C#N)=CN(CC)N=Cc1ccccc1,0
HIVSUB-03031,ClC(N=Nc1ccccc1)=NNc1ccccc1,0
HIVSUB-03032,O=C(Cn1ccnc1[N+](=O)[O-])c1ccc(F)cc1,0
HIVSUB-03033,NC(C(F)(F)F)(C(F)(F)F)P(=O)(Cc1ccccc1)Cc1ccccc1,0
HIVSUB-03034,CN(C)CCNc1ncnc2[nH]c(-c3ccc4ccccc4c3)nc12.Cl,0
HIVSUB-03035,CC1(C)C2C3CCC2C2C[S+]1CC23,0
HIVSUB-03036,Cn1c2c(c(=O)n(C)c1=O)CS(=O)c1ccccc1N2,0
HIVSUB-03037,COc1ccccc1C1CC(=O)CC(c2ccccc2OC)C12C(=O)NC(=S)NC2=O,0
HIVSUB-03038,COC1=NS(=O)(=O)C(C)C(C)(C)O1,0
HIVSUB-03039,COc1ccc(S(=O)(=O)O)cc1NS(=O)(=O)c1ccc(C)cc1.[NaH],0
HIVSUB-03040,O=C1C=C(Nc2cc(Cl)ccc2Cl)c2ccccc2C1=O,0
HIVSUB-03041,Cc1cn(C2CC(O[Si](C)(C)C(C)(C)C)C(CN(O)C(N)=O)O2)c(=O)[nH]c1=O,0
HIVSUB-03042,O=C(NCc1ccc2ccc3cccnc3c2n1)c1ccc[n+](Cc2ccccc2)c1.[Br-],0
HIVSUB-03043,Br.CC1(C)CC(=O)C(=CNc2nc(-c3ccccc3)cs2)C(=O)C1,0
HIVSUB-03044,O=[N+]([O-])c1cc(C(F)(F)F)cc2n[se]nc12,0
HIVSUB-03045,CC(C)(CN1CCCCC1)C(=O)CC(SCCS(=O)(=O)O)c1ccccc1,0
HIVSUB-03046,COc1ccc(C2CC(=O)NCCCCN2)cc1,0
HIVSUB-03047,COc1cc2c(c3c1C(O)C(C)C(C)O3)C=CC(C)(C)O2,0
HIVSUB-03048,CCNCC(O)COc1ccc2c(c1)[n+]([O-])nc(N)[n+]2[O-].Cl,0
HIVSUB-03049,O=C(C=Cc1ccc(O)c(O)c1)OC(Cc1ccc(O)c(O)c1)C(=O)O,0
HIVSUB-03050,CC(=O)N1CCSC(C(=O)Nc2ccccc2)=C1C,0
HIVSUB-03051,Oc1nc2c3ccccc3ccc2c2cc3c(cc12)OCO3,0
HIVSUB-03052,COc1ccc(C2SC(=N)Nc3c2c(C)nn3C(=O)c2ccccc2O)cc1OC,0
HIVSUB-03053,Cc1ccc2c(C3Cc4ccccc4N3C(=O)C=CC(=O)O)c(C)[nH]c2c1,0
HIVSUB-03054,CC12CCC(=O)C(O)=C1CCC2=O,0
HIVSUB-03055,COc1cnn(-c2ccccc2)c(=O)c1SCc1ccc(Cl)cc1,0
HIVSUB-03056,C=C1CC2C(=O)N(c3ccccc3)C(=O)C2CC1n1[nH]c(=O)n(Cc2ccccc2)c1=O,0
HIVSUB-03057,O=S1(=O)CCC(Br)c2ccccc2C1,0
HIVSUB-03058,CCN(CC)CC1CCCCCCCCCCC1=O.Cl,0
HIVSUB-03059,O=c1[nH]c(=O)n(C2CC(O)C(CO)O2)c2ncncc12,0
HIVSUB-03060,O=CNC=Cc1ccccc1O,0
HIVSUB-03061,COc1ccc2c(c1)nc1n2C(c2c(F)cccc2Cl)SC1,0
HIVSUB-03062,Cl.O=c1oc2ccccc2c(O)c1C(CC(CCN1CCCC1)=NO)c1ccccc1,0
HIVSUB-03063,Cc1ccn2c(=O)cc(CN3CCOCC3)nc2c1,0
HIVSUB-03064,COc1c(Sc2c(SCSc3cnc4ccccc4c3Sc3cnc4ccccc4c3OC)cnc3ccccc23)cnc2ccccc12,0
HIVSUB-03065,O=C(COc1ccc(Cl)cc1)OC1CN2CCC1CC2,0
HIVSUB-03066,COc1cc2c(cc1O)CCC1C2CCC2(C)C(O)CCC12,0
HIVSUB-03067,Cc1ccc2c(c1)[nH]c(=S)n2C=C1C(=O)Oc2ccccc2C1=O,0
HIVSUB-03068,NCCCNCCSP(=O)(O)O,0
HIVSUB-03069,Cc1ccsc1C=NNc1ccccn1,0
HIVSUB-03070,COC(=O)CSSCc1ccccc1,0
HIVSUB-03071,C#CC1(O)CCC2C3CCC4=CCCCC4C3CCC21C,0
HIVSUB-03072,CC(=O)c1cn(-c2ccc(Cl)cc2)c(=O)c2c(=N)[nH][nH]c12,1
HIVSUB-03073,O=CNc1ccccc1OCCOc1ccccc1NC=O,0
HIVSUB-03074,Clc1ccccc1CSc1ccc2nncc(SCc3ccccc3Cl)c2c1,0
HIVSUB-03075,CC(=O)Oc1cc(S(=O)(=O)Nc2nc(=N)[nH][nH]2)c(S)cc1Cl,0
HIVSUB-03076,CCOC(=O)C=C1C(CCCOCc2ccccc2)C2CCCC23CC2(CCN13)OCCO2,0
HIVSUB-03077,c1ccc(-c2nnc(-c3nsc4ccccc34)o2)cc1,0
HIVSUB-03078,Cl.NC1CC(N)c2c(Cl)sc(Cl)c21,0
HIVSUB-03079,CC(=O)Nc1ccc(C=CC(=O)c2sc(-c3cccnc3)nc2C)cc1,0
HIVSUB-03080,CCNc1nnc(-c2ccccc2Nc2ccccc2-c2nnc(NCC)s2)s1,0
HIVSUB-03081,S=C(NN=Cc1cccc2ccccc12)Nc1c(Cl)cccc1Cl,0
HIVSUB-03082,COc1cc2c(cc1OC)C1c3ccccc3CCCN1CC2,0
HIVSUB-03083,O=c1[nH]c2ncsc2c(=O)n1OS(=O)(=O)c1ccccc1,0
HIVSUB-03084,CC(C)S(=O)(=O)c1s[nH]c(=O)c1-c1ccccc1,0
HIVSUB-03085,CC(C)OCNC(=N)NC#N,0
HIVSUB-03086,CN(C)c1ccc2nc3c(C(=O)O)cc(O)c(O)c3[o+]c2c1,0
HIVSUB-03087,Nc1ccc(C(=O)NN2C(=O)C(Cl)C2c2ccc(Cl)cc2)cc1,0
HIVSUB-03088,CC1(C)OC(=O)C(C#N)=C1C[n+]1ccccc1.[I-],0
HIVSUB-03089,CCN(CC)Cc1c(C=Cc2cc(OC)c(OC)c(OC)c2)ccc(OC)c1O.Cl,0
HIVSUB-03090,C=C1C(=O)OC2C1CC1OC2C(C)CCCC(C)=CCCC1(C)O,0
HIVSUB-03091,NC(=S)C(=S)NC=C(c1ccc(Cl)cc1)S(=O)(=O)Cc1ccc(Cl)cc1,0
HIVSUB-03092,O=C(c1ccccc1)N1N=C(C(F)(F)F)CC1(O)C(F)(F)F,0
HIVSUB-03093,O=C1CCC(N2C(=O)C3C4c5ccccc5C(c5ccccc54)C3C2=O)C(=O)N1,0
HIVSUB-03094,CC1OC(OC2C=C3CCC4C(CCC5(C)C(c6ccc(=O)oc6)CCC45O)C3(C)CC2)C(O)C(OC2OC(CO)C(O)C(O)C2O)C1O,0
HIVSUB-03095,COc1cc2ccc1OCc1cccc(n1)COc1ccc(cc1OC)C=NCCNCCN=C2,1
HIVSUB-03096,O=C1CCC(=O)N1N1C(=O)CCC1=O,0
HIVSUB-03097,Br.CCN(CC)CCN(C)CCc1ccc(Br)cc1,0
HIVSUB-03098,COC(=O)C1(C)CCC2(C)CCC3(C)C4CCC5(COC(C)=O)C(C)C(=O)CCC5C4(C)CCC3(C)C2C1,0
HIVSUB-03099,COC(C)(C)CC=CC(C)=CC=CC(C)=CC=CC(C)=CC=CC=C(C)C=CC=C(C)C=CC=C(C)C=CCC(C)(C)OC,0
HIVSUB-03100,O=c1c2cc([N+](=O)[O-])ccc2oc2ccc([N+](=O)[O-])cc12,0
HIVSUB-03101,O=[N+]([O-])c1ccc(N=Cc2ccc(O)cc2)cc1,0
HIVSUB-03102,C=C1CCC2C(C)(CO)C(O)CCC2(C)C1CC=C1CCOC1=O,0
HIVSUB-03103,Cn1cc(S(=O)(=O)NC(=O)Nc2ccc(Cl)cc2)c2ccccc21,0
HIVSUB-03104,CCOC(=O)N1CCC2(CC1)CC(C)(C(C)=O)C(C)O2,0
HIVSUB-03105,CCOc1c2c(nn(C)c1=O)Oc1ccccc1N2CCCN1CCOCC1,0
HIVSUB-03106,COc1ccc2c(c1)c1c(n2CCN(C)C)-c2ccccc2CC1,0
HIVSUB-03107,O=C1CSC(=Nc2ccc(F)cc2F)N1Cc1cccs1,0
HIVSUB-03108,O=C1OCC2(CO1)CC1C=CC2C1,0
HIVSUB-03109,OCC(O)C(O)C(O)C(O)c1nc2ccccc2s1,0
HIVSUB-03110,O=C1C=C(Nc2ccccc2C(=O)CC(=O)C(=O)Nc2ccc(Cl)cc2)c2ccccc2C1=O,0
HIVSUB-03111,CC1=NC(=O)C(C)(c2ccccc2)N1CCc1ccccc1,0
HIVSUB-03112,COc1ccc(C=C2N=C(NN=CC(O)C(O)C(O)CO)NC2=O)cc1,0
HIVSUB-03113,Cc1c(C#N)c(=N)oc2ccccc12,0
HIVSUB-03114,CC(=O)OC1CCC2(C)C3CCC4(C)C(C(C)CCCC(C)C)CCC4C3(C=NO)n3c(=O)n(-c4ccccc4)c(=O)n3C2(C=NO)C1,0
HIVSUB-03115,S=C=NCC(Cl)=CCl,0
HIVSUB-03116,CCOC(=O)C(=Cc1ccc(Oc2ccccc2)cc1)C(=O)OCC,0
HIVSUB-03117,[Pt].c1ccc(P(CCP(CCP(c2ccccc2)c2ccccc2)CCP(c2ccccc2)c2ccccc2)c2ccccc2)cc1,0
HIVSUB-03118,COc1ccc(N2C(=O)C3c4[nH]c5ccccc5c4C4c5ccccc5CC4C3C2=O)cc1,0
HIVSUB-03119,Cc1noc(NS(=O)(=O)c2ccc(N=c3c4ccccc4n(C)c4ccccc34)cc2)c1C,0
HIVSUB-03120,CC1CCC2(NC1)OC1CC3C4CC=C5CC(OC6OC(CO)C(OC7OC(C)C(O)C(O)C7O)C(O)C6O)CCC5(C)C4CCC3(C)C1C2C,0
HIVSUB-03121,COc1cc(C2C(C(=O)NCc3ccccc3)=C(C)NC(C)=C2C(=O)NCc2ccccc2)ccc1O,0
HIVSUB-03122,C=CCOCC1C2CCC3(OCCO3)C21,0
HIVSUB-03123,Cc1ccc2c(c1)P(=O)(O)c1cc(C)ccc1S2,0
HIVSUB-03124,CC(CCc1nc2ccccc2[nH]1)C1CCC2C3C(O)CC4CC(O)CCC4(C)C3CC(O)C12C,0
HIVSUB-03125,CCOC(=O)C(C(C)=O)=C(OC(C)=O)c1ccncc1C(=O)O,0
HIVSUB-03126,O=S(=O)(O)c1c(Cl)cc(O)c2ncccc12,0
HIVSUB-03127,CC(C)COCSCC(NC(=O)CNC(=O)C(Cc1ccccc1)NC(=O)CNC(=O)C(N)CSC(c1ccccc1)(c1ccccc1)c1ccccc1)C(=O)NC(Cc1ccccc1)C(=O)NCC(=O)OC(C)(C)C,0
HIVSUB-03128,O=C(NO)NCCCl,0
HIVSUB-03129,CC(C)(C)C(O)=Cc1nc2cc(C(F)(F)F)ccc2nc1O,0
HIVSUB-03130,CC1(C)CC(=O)C(CCC(=O)C=Cc2ccccc2)C(=O)C1,0
HIVSUB-03131,CCC(C)C(NC(=O)N(CCC#N)CCN(CCN(C(=O)NC(Cc1ccccc1)C(=O)OC)c1ccccc1)C(=O)NC(C(=O)OC)C(C)C)C(=O)OC,0
HIVSUB-03132,O=C(CSc1nnc(-c2ccc(N=Cc3ccc(Cl)cc3)cc2)o1)Nc1ccc(Cl)cc1,0
HIVSUB-03133,CCN1C(=O)C(=CNc2ccccc2)SC1=NNc1nc(-c2ccccc2)cs1,0
HIVSUB-03134,COC1OC(CS)C(N)C1OS(C)(=O)=O,0
HIVSUB-03135,CN1C(=O)NC(=Cc2ccc(S(=O)(=O)NN)cc2)C1=O,0
HIVSUB-03136,COc1ccc(-c2c3c(nc4nc(SCCc5ccccc5)nc(N)c24)CCCC3)cc1OC,0
HIVSUB-03137,COC1=CC2OC3OC(=O)CC3C2C(OCc2ccccc2)=C1,0
HIVSUB-03138,CC1CN(c2ccc(Cl)cc2)CC(C)OC(=O)O1,0
HIVSUB-03139,CC(=O)CCNc1ccc(-c2cc(-c3ccc(N(C)C)cc3)nc3ccc4ccccc4c23)cc1,0
HIVSUB-03140,CCCNc1c(Cl)cc(Cl)c2[nH]c3ccccc3c(=O)c12,0
HIVSUB-03141,COC(=O)C1=CCC2c3[nH]c4ccccc4c3CCN2C1,0
HIVSUB-03142,ON=CC(=NO)Nc1ccc(Cc2ccc(NC(C=NO)=NO)cc2)cc1,0
HIVSUB-03143,CC(=O)c1c(-c2ccco2)c(C#N)c(=S)n(C2OC(CO)C(O)C(O)C2O)c1-c1ccccc1,0
HIVSUB-03144,OCC1OCC(n2cnc3c(O)ncnc32)C1O,0
HIVSUB-03145,C#CCCOC(=O)c1ccccc1OC(C)=O,0
HIVSUB-03146,C1CCN2CC34CC(CC5CCCN(C6CCCC3N6)C54)C2C1,0
HIVSUB-03147,COc1cc(C(O)C(=O)c2nc3ccc([N+](=O)[O-])cc3nc2O)ccc1O,0
HIVSUB-03148,O=C1C(=Cc2ccc([N+](=O)[O-])cc2)CNCC1=Cc1ccc([N+](=O)[O-])cc1,0
HIVSUB-03149,OC1CSCCCSCCSCCCSC1,0
HIVSUB-03150,CC1(OCc2ccccc2)C(=O)N2C1N(C(=O)OCc1ccccc1)CC2(C)C,0
HIVSUB-03151,COc1cc2cc(C(=O)N3CC(CCl)c4c3cc([N+](C)(C)Cc3ccc([N+](=O)[O-])n3C)c3ccccc43)[nH]c2c(OC)c1OC.O=S(=O)([O-])C(F)(F)F,0
HIVSUB-03152,CC1CC2C3CCC4=CC(=O)C=CC4(C)C3(F)C(O)CC2(C)C1=O,0
HIVSUB-03153,Nc1cccc2c1C1=NNC(=O)CC1C2,0
HIVSUB-03154,CN(C)CCN(C)CC1COC(C)(C)O1,0
HIVSUB-03155,C=O.NNCCc1n[nH]c(=O)n1N,0
HIVSUB-03156,Nc1nc2c3c(ncn3CC(O)CO2)n1,0
HIVSUB-03157,CN(C)NC(=O)C(=Cc1ccc(Cl)cc1)NC(=O)c1ccccc1,0
HIVSUB-03158,N#CC(=CNC(N)=S)C(N)=O,0
HIVSUB-03159,CC12c3c4cc(Br)cc3Oc3cc(Br)cc(c31)Oc1cc(Br)cc(c12)O4,0
HIVSUB-03160,O=CCC12CC(=O)OC(C1)C(I)CC21OCCO1,0
HIVSUB-03161,C=C(C(=C)N1N=NC2C3CCC(C3)C21)N1N=NC2C3CCC(C3)C21,0
HIVSUB-03162,CC=CC=Nc1c(C#N)c2n(c1C(=O)Nc1ccc(Cl)cc1)CCC2,0
HIVSUB-03163,Cc1cc(=O)oc2cc(OCc3nc4ccccc4c(=O)n3-c3ccccc3)ccc12,0
HIVSUB-03164,CC1c2c(cc(O)nc2O)C(=O)N1Cc1ccccc1,0
HIVSUB-03165,Cc1ccc(S(=O)(=O)NCCCSCCN)cc1,0
HIVSUB-03166,N#CC(=NNc1[nH]cnc1C(N)=O)C(=O)Nc1ccccc1,0
HIVSUB-03167,CN(C)CCC=C1c2ccccc2C(C)(C)c2ccccc21,0
HIVSUB-03168,COc1cccc(C2C(C(=O)O)=C(CO)Oc3cc4c(cc32)OCO4)c1OC,0
HIVSUB-03169,O=[N+]([O-])c1ccc(NN=C2CC3=C2CCCCCCCCCC3)c([N+](=O)[O-])c1,0
HIVSUB-03170,CC[N+]1(CC)CCN[Pd-2]12[n+]1ccccc1-c1cccc[n+]12.[O-][Cl+3]([O-])([O-])O,0
HIVSUB-03171,O=C(NCCCl)c1ccc(Cl)c(Cl)c1,0
HIVSUB-03172,COc1ccc2c(c1)-c1c(c3cc(OC)ccc3n1CCN1CCOCC1)CC2,0
HIVSUB-03173,COc1cc2c(c([N+](=O)[O-])c1)NC(=O)CS2,0
HIVSUB-03174,CCSc1c2ccccc2c(-c2nc(F)nc(F)n2)n1CCc1ccccc1,0
HIVSUB-03175,CC1=C(C(=O)Nc2ccccc2)C(c2ccc3c(c2)OCO3)C(C(=O)Nc2ccccc2)=C(C)N1,0
HIVSUB-03176,CC1=CCC(O)C=CC(C)C(O)C(C)C=C(C)C(=O)c2c(O)c(C)cc3c2C(=O)C(N)=C(NC(=O)C=CC=CC=CC(C)C(O)CC1=O)C3=O,0
HIVSUB-03177,Cc1cn(C2CC(F)C(COC(=O)CCCCCCCCCCCN=[N+]=[N-])O2)c(=O)[nH]c1=O,1
HIVSUB-03178,CCCCCCN(CCCCCC)C1=CC(=O)C(=O)c2ccccc21.Cl,0
HIVSUB-03179,Cc1ccccc1C(=O)NC(O)(C(F)(F)F)C(F)(F)F,0
HIVSUB-03180,C[Si](C)(C)CCOCN(C(=O)C1=CCC2(CC1)OCCO2)c1ccccc1I,0
HIVSUB-03181,N#CC(=Cc1c(Cl)cccc1Cl)c1ccc([N+](=O)[O-])cc1,0
HIVSUB-03182,CC(=O)Oc1ccc2c(c1)OC(=Cc1ccc(O)cc1)C2=O,0
HIVSUB-03183,CC(=O)NC1c2ccccc2C(C)(C)C12CCC1(CC2)OCCO1,0
HIVSUB-03184,CCN(CC)[N+](=O)[N-]OCOC(C)=O,0
HIVSUB-03185,CC1=NN(C(=O)CC(=O)Nc2ccccc2Cl)C(=O)C1N=Nc1ccc(C(=O)O)cc1,0
HIVSUB-03186,O=C(O)c1ccccc1CC(Cc1ccc2c(c1)CCC2)C(=O)O,0
HIVSUB-03187,COP(C)(=O)C(N)Cc1ccccc1.O=[N+]([O-])c1cc([N+](=O)[O-])c(O)c([N+](=O)[O-])c1,1
HIVSUB-03188,O=C1c2c(O)cc(O)c(OC3OC(CO)C(O)C(O)C3O)c2OC(c2ccc(O)c(O)c2)C1O,0
HIVSUB-03189,CCOC(=O)CC1c2ccc(O)cc2OC(=O)C1c1ccc([N+](=O)[O-])cc1,0
HIVSUB-03190,COc1cccc(C=CC(=O)c2sc(C(N)=S)nc2C)c1O,0
HIVSUB-03191,Cc1ccc(C(=O)OCC2CCC(n3cc(N(C)C4CCCCC4)c(=O)[nH]c3=O)O2)cc1,0
HIVSUB-03192,NC1(C(=O)O)C2CC3CC(C2)CC1C3,0
HIVSUB-03193,NC(=O)c1ncn(Cc2ccccc2)c1CNC(N)=S,0
HIVSUB-03194,Nc1c(C(=O)O)nnc2ccc(Cl)cc12,0
HIVSUB-03195,O=C1OC(=C2OCc3ccccc32)c2ccccc21,0
HIVSUB-03196,COc1ccc(C=NNc2nc3ccccc3c(=O)n2-c2ccccc2)cc1,0
HIVSUB-03197,NC1=C(N2CCOCC2)C(=O)NC2=NC(=Cc3ccccc3)C(=O)N21,0
HIVSUB-03198,O=C(CO)CC(=O)C(=O)Nc1ccccc1,0
HIVSUB-03199,CN1CNc2[nH]c(=N)n(C)c(=O)c2C1,0
HIVSUB-03200,Cc1ccc(S(=O)(=O)C(C#N)=CN2CCNC2=S)cc1,0
HIVSUB-03201,CC(=O)OCC1OC(OCCCCCCO)C(OC(C)=O)C(OC(C)=O)C1OC(C)=O,0
HIVSUB-03202,CCOC(OC1=C(C#N)CCC1)C(CC)[Se]c1ccccc1,0
HIVSUB-03203,O=C1C2CN(Cc3ccccc3)CC1CN(Cc1ccccc1)C2,0
HIVSUB-03204,N#Cc1c(-c2ccccc2)cc(-c2ccccc2)nc1O,0
HIVSUB-03205,CCN=C(C#N)NCC,0
HIVSUB-03206,CC1=C(C2=C(C)C(=O)C(=O)c3cc(C)ccc32)c2ccc(C)cc2C(=O)C1=O,0
HIVSUB-03207,CC1(C)OC(=O)C(C#N)=C1C=Cc1ccco1,0
HIVSUB-03208,O=C(O)c1cc(S(=O)(=O)O)c2cccnc2c1O.[NaH],0
HIVSUB-03209,O=P(O)(O)c1ccccc1Oc1ccccc1,0
HIVSUB-03210,CC1=C(O)C(=O)C=C2C1=CC=C1C2(C)CCC2(C)C3CC(C)C(=O)C(O)C3(C)CCC12C,0
HIVSUB-03211,CCCCN(CCCC)N=Cc1c2c(O)c3c(O)c(C)c4c(c3c1O)C(=O)C(C)(OC=CC(OC)C(C)C(OC(C)=O)C(C)C(O)C(C)C(O)C(C)C=CC=C(C)C(=O)N2)O4,0
HIVSUB-03212,O=C(CN1CCN(c2ccccc2)CC1)N1CCc2c([nH]c3ccccc23)C1c1cccnc1,0
HIVSUB-03213,Cl.O=C(C=Cc1ccccc1)CCN1CCCC1,0
HIVSUB-03214,CCOC(=O)Nn1c(C)cc(C(=O)OC)c1C,0
HIVSUB-03215,O=C1CC2c3c(OCc4ccccc4)cccc3OC2O1,0
HIVSUB-03216,Clc1ccc(C=NN2CCCCCC2)c(Cl)c1,0
HIVSUB-03217,CC(=O)N1C(C(=O)NNc2ccccc2)CSC1c1ccccc1,0
HIVSUB-03218,CCCCCCP(=O)(OC)OC,0
HIVSUB-03219,COc1ccccc1NC(=O)C(=CN1CCNC1=S)C(C)=O,0
HIVSUB-03220,N=c1[nH]onc1-c1no[n+]([O-])c1-c1no[nH]c1=N,0
HIVSUB-03221,COc1cccc2c1OC(c1ccc(C#N)cc1)C([N+](=O)[O-])=C2,0
HIVSUB-03222,COC(=O)Cc1c(C2(C)CCCC(C)(C)C2)ccc2c1C(=O)OC2,0
HIVSUB-03223,COc1ccccc1S(=O)Nc1ccccc1,0
HIVSUB-03224,O=C1NCc2c(O)nc(O)nc21,0
HIVSUB-03225,Nc1ccc(C=Cc2ccc(N)cc2S(=O)(=O)O)c(S(=O)(=O)O)c1.[NaH],0
HIVSUB-03226,CC(C)(C)OC(=O)NCC(=O)NC1CC=CCC1NC(=O)CNC(=O)OC(C)(C)C,0
HIVSUB-03227,O=[N+]([O-])c1ccc(Sc2ccc([N+](=O)[O-])cc2)cc1,0
HIVSUB-03228,CCN(CC)CCCC(C)Nc1ccnc2cc(F)ccc12.CCN(CC)CCCC(C)Nc1ccnc2cccc(F)c12,0
HIVSUB-03229,CCN(CC)CCN(C)c1ccc(C=Cc2ccnc3ccccc23)cc1.O=C(O)C=CC(=O)O,0
HIVSUB-03230,CCCC1C(=O)NC(=N)N1C(=O)OCc1ccccc1,0
HIVSUB-03231,CN1CN(c2ccccc2)C2(CCN(C3Nc4ccccc4O3)CC2)C1=O,0
HIVSUB-03232,CCCNC(=O)N(C)C(=O)N1N=C(c2ccccc2)C1c1ccccc1,0
HIVSUB-03233,COC(=O)C1=CCC2C(C(=O)OC)CCC2(C)CC(O)=C1C(=O)OC,0
HIVSUB-03234,O=C1C2C3C=CC(O3)C2C(=O)N1N=CC(O)C(O)C(O)C(O)CO,0
HIVSUB-03235,O=C(Nc1ccc2c(O)cc(S(=O)(=O)O)cc2c1)Nc1ccc2c(O)c(N=Nc3ccc4cc(S(=O)(=O)O)ccc4c3)c(S(=O)(=O)O)cc2c1,1
HIVSUB-03236,CCCCCC(=O)C(C)C1=Nc2nnc(CCCCCCCc3nnc4n3C(=O)C(C(C)C(=O)CCCCC)=N4)n2C1=O,0
HIVSUB-03237,CCOC(=O)c1c(SCc2cc(O)nc(O)n2)n(-c2ccccc2)c(=S)n(-c2ccccc2)c1=O,1
HIVSUB-03238,CC(=O)OC12CCCCCC1C1(O)C(O)CCCCC21,0
HIVSUB-03239,OC(c1cc2ccccc2[nH]1)C(O)(c1cc2ccccc2[nH]1)c1cc2ccccc2[nH]1,0
HIVSUB-03240,CC(=O)OCC1OC(n2c(-c3ccccc3)c(C)c(C)c(C#N)c2=S)C(OC(C)=O)C(OC(C)=O)C1OC(C)=O,0
HIVSUB-03241,CC1=CC(C)=Nc2ccccc2N1,0
HIVSUB-03242,COC(CC1(C=CO[Si](C(C)C)(C(C)C)C(C)C)C(=O)N(COCC[Si](C)(C)C)c2ccccc21)OC,0
HIVSUB-03243,CC1NC(=O)C2Cc3ccc(O)c(c3)Oc3cccc(c3)C(O)C(C(=O)N2C)N(C)C(=O)C(C)NC(=O)C(Cc2ccc(O)c(O)c2)N(C)C(=O)C(C)NC1=O,0
HIVSUB-03244,COC(=O)C1CC2(CC=C(C)C)c3ccccc3N(S(=O)(=O)c3ccccc3)C2N1C(=O)OC,0
HIVSUB-03245,Cc1cc(-c2ccc(Cl)cc2)c(C#N)c(=S)n1C1OC(CO)C(O)C(O)C1O,0
HIVSUB-03246,C=CC(C)C(O[Si](C)(C)C(C)(C)C)c1c(O)c2c(c3c(CCC)cc(=O)oc13)OC(C)(C)C=C2,0
HIVSUB-03247,CCOC(=O)c1nc2cc(F)c(N3CCOCC3)cc2nc1O,0
HIVSUB-03248,COc1cc2c(cc1OC)C(c1ccc(N=Cc3ccc(N(C)C)cc3)cc1)N(C(=S)Nc1cc(Cl)ccc1Cl)CC2,0
HIVSUB-03249,CC=CC(=O)Oc1cccc2cccnc12.Cl,0
HIVSUB-03250,Br.Cc1ccc(-c2csc(=Nc3ccccc3)n2NC(=O)c2ccncc2)cc1,0
HIVSUB-03251,CC(C)n1nnnc1-c1ccccc1,0
HIVSUB-03252,C=CC(C)(C)n1cc(C2=C(O)C(=O)C(c3cn(C(C)(C)C=C)c4ccccc34)=C(OC(C)=O)C2=O)c2ccccc21,0
HIVSUB-03253,COC(=O)C1(NC(=O)C(Cc2ccccc2)N(C(=O)OC(C)(C)C)C(=O)OC(C)(C)C)CCCC1,0
HIVSUB-03254,O=C1NC(=O)C(=Cc2ccc(F)cc2)N1,0
HIVSUB-03255,O=C1NC(=O)C2(CCCCC2)N1,0
HIVSUB-03256,O=C(O)COc1ccc(S(=O)(=O)c2ccc(OCC(=O)O)c([N+](=O)[O-])c2)cc1[N+](=O)[O-],0
HIVSUB-03257,CCCCNC(=O)OCCN=C1c2ccccc2C(Br)C(Br)c2ccccc21,0
HIVSUB-03258,CCOC(=O)C(C)(c1cn(C)c2ccccc12)c1cn(C)c2ccccc12,0
HIVSUB-03259,CCOC(=O)C(=[N+]=[N-])C(=O)CN1C(=O)c2ccccc2C1=O,0
HIVSUB-03260,O=C1C(=Cc2ccc([N+](=O)[O-])cc2)Oc2cc(O)ccc21,0
HIVSUB-03261,O=C(Nc1cc2c(oc1=O)CCCCC2)c1ccccc1,0
HIVSUB-03262,CCOCNC=O,0
HIVSUB-03263,O=C(CCc1ccccc1)On1c(-c2ccccc2)nc2ccccc2c1=S,0
HIVSUB-03264,CCCC(C)(COC(N)=O)COC(=O)NC1CC1,0
HIVSUB-03265,O=C(c1ccccc1)n1c2ccc(Br)cc2c2nc3ccccc3nc21,0
HIVSUB-03266,O=C1c2c(O)ccc(O)c2C(=O)c2c(NCCNCCO)ccc(NCCNCCO)c21,0
HIVSUB-03267,CC=C(C)C(=O)c1c(OCC)cc(OCC)c2c(CCC)cc(=O)oc12,0
HIVSUB-03268,COc1cc(C2(C)OC(=O)c3ccccc32)c(OC)c2ccccc12,0
HIVSUB-03269,CCN(C=C1C(=O)C(c2ccccc2)N(c2ccccc2)C1=O)CC,0
HIVSUB-03270,COC1C2OC(c3ccccc3)OC2C(OC)C2C3c4ccccc4C(c4ccccc43)C12,0
HIVSUB-03271,CCCCC1(c2sccc2C(O)(C(F)F)C(F)(F)F)NC(C)(C)CO1,0
HIVSUB-03272,Clc1cc(Br)c2c3c(c(Br)cc(Cl)c13)C(Br)=C2Br,0
HIVSUB-03273,CC1(C)NC(=N)NC(=N)N1c1ccc(Cl)c(Cl)c1,0
HIVSUB-03274,N[Co-4](N)(N)(N)(N)[NH+]1N=NC(C(=O)[O-])=N1.[Cl-],0
HIVSUB-03275,Oc1ccc(C=Cc2cc(O)cc3c2C(c2cc(O)cc4c2C(c2cc(O)cc5c2C(c2cc(O)cc(O)c2)C(c2ccc(O)cc2)O5)C(c2ccc(O)cc2)O4)C(c2ccc(O)cc2)O3)cc1,1
HIVSUB-03276,O=C(CC(C(=O)c1ccco1)c1cccs1)c1cccs1,0
HIVSUB-03277,C[N+](C)(CCNc1ccc(NCC[N+](C)(C)Cc2ccc([N+](=O)[O-])cc2)c2c1C(=O)c1ccccc1C2=O)Cc1ccc([N+](=O)[O-])cc1.[Cl-],0
HIVSUB-03278,CCNC(=O)c1ccccc1S(C)=O,0
HIVSUB-03279,COc1ccc(N2C(=O)C3c4[nH]c5ccccc5c4C4CCCCC4C3C2=O)cc1,0
HIVSUB-03280,CC(=O)NNC(=S)NC=Cc1c(C)ccc([N+](=O)[O-])c1[N+](=O)[O-],0
HIVSUB-03281,COC(=O)C(=O)C(C(=O)C(=O)Nc1cc(Cl)c(Cl)cc1Cl)c1nc2ccc([N+](=O)[O-])cc2nc1O,0
HIVSUB-03282,CC=CC=Nc1c(C#N)c2n(c1C(=O)Nc1ccccc1)CCC2,0
HIVSUB-03283,CC(=O)C1(N=Nc2ccc(S(=O)(=O)Nc3ccccn3)cc2)CCOC1=O,0
HIVSUB-03284,Nc1cc(Cl)cc(Cl)c1O,0
HIVSUB-03285,Oc1ccc(C2Oc3c(ccc(O)c3O)C(O)C2O)cc1O,0
HIVSUB-03286,[N-]=[N+]=Nc1c([N+](=O)[O-])c(=O)n(-c2ccccc2)c2ccccc12,0
HIVSUB-03287,CN1CCCC1=C1C(=O)N(c2ccccc2)N=C1c1ccc[nH]1,0
HIVSUB-03288,Nc1nc(O)cc(Nc2cc(F)c(Cl)c(F)c2)n1,0
HIVSUB-03289,COC1C=COC2(C)Oc3c(C)c(O)c4c(O)c(c(C=NN5CCCN(Cc6ccccc6)CC5)c(O)c4c3C2=O)NC(=O)C(C)=CC=CC(C)C(O)C(C)C(O)C(C)C(OC(C)=O)C1C,0
HIVSUB-03290,CC1(C)C2Cc3cc4nc5ccccn5c4cc3C1C2,0
HIVSUB-03291,[O+]#C[W](C#[O+])(C#[O+])([PH](C#Cc1ccccc1)(c1ccccc1)c1ccccc1)([PH](C#Cc1ccccc1)(c1ccccc1)c1ccccc1)[PH](C#Cc1ccccc1)(c1ccccc1)c1ccccc1,0
HIVSUB-03292,CCCC[Sn](CCCC)(OC(=O)c1cc(OC)c(OC)c(OC)c1)OC(=O)c1cc(OC)c(OC)c(OC)c1,0
HIVSUB-03293,CC(C)CC(=O)NC(Nc1ccc(S(=O)(=O)Nc2ncccn2)cc1)(C(F)(F)F)C(F)(F)F,0
HIVSUB-03294,O=C(NC(=S)NC(=O)c1cc(O)c(O)c(O)c1)c1cc(O)c(O)c(O)c1,0
HIVSUB-03295,CCC(C)C(NC(=O)C(N)CCCCN)C(=O)NC(CCC(=O)O)C(=O)NC(CO)C(=O)NC(C(=O)O)C(C)O,0
HIVSUB-03296,CCN=C(NC(=O)c1ccc(Cl)cc1)SCSC(=NC(=O)c1ccc(Cl)cc1)NCC,0
HIVSUB-03297,Cc1nc2c(ccc3c2ccc2c(O)c(Cl)c(C)nc23)c(O)c1Cl,0
HIVSUB-03298,O=C(C=Cc1cccs1)c1cccc(C(=O)C=Cc2cccs2)n1,0
HIVSUB-03299,CCOC(=O)C(C#N)=C1SC(C(=O)NN=Cc2ccc(OC)cc2)=C(N)N1c1ccccc1,0
HIVSUB-03300,NC(=O)CCCCC1CCSS1,0
HIVSUB-03301,COC(=O)C1OC12C(CO[Si](C)(C)C(C)(C)C)OC(n1ccc(=O)[nH]c1=O)C2O[Si](C)(C)C(C)(C)C,0
HIVSUB-03302,COC(=N)NP(=O)(Oc1ccccc1)Oc1ccccc1,0
HIVSUB-03303,Cc1ccc(S(=O)(=O)NNCNC(=O)c2ccccc2)cc1,0
HIVSUB-03304,O=C1C2=C(C(c3ccccc3)=C1c1ccccc1)c1ccccc1C1(c3ccccc3)C2=C(O)C(c2ccccc2)=C1c1ccccc1,0
HIVSUB-03305,CC1(CCCC2(C)CCNC2=O)OCCO1,0
HIVSUB-03306,CNC(=O)C(C)Oc1ccc(OCC2CCCCC2)cc1,0
HIVSUB-03307,NCCc1nc2ccccc2[nH]1,0
HIVSUB-03308,O=[N+]([O-])c1ccc(N=Nc2ccc3c(c2)-c2ccccc2C3=P(c2ccccc2)(c2ccccc2)c2ccccc2)cc1,0
HIVSUB-03309,CC(C)(N=NC(C)(C)C(=N)N)C(=N)N.Cl,0
HIVSUB-03310,CCOC(=O)C1(CC=CCBr)CCCC1=O,0
HIVSUB-03311,O=c1[nH]c2ccc(O)cc2o1,0
HIVSUB-03312,CSCCC(NC(=O)OCc1ccccc1)NC(=O)OCc1ccccc1,0
HIVSUB-03313,O=C1CN(N2C(=O)CSC2C23CC4CC(CC(C4)C2)C3)C(=O)CN1c1ccccc1,0
HIVSUB-03314,C#CCN(CCC)C(=O)COc1cc2c(O)c3c(O)c(C)c4c(c13)C(=O)C(C)(OC=CC(OC)C(C)C(OC(C)=O)C(C)C(O)C(C)C(O)C(C)C=CC=C(C)C(=O)N2)O4,0
HIVSUB-03315,CC(C)C(NC(=O)CNC(=O)OC(C)(C)C)C(=O)OCc1ccccc1,0
HIVSUB-03316,CC(=O)NC(Cc1c[nH]cn1)C(=O)N1CCCC1C(N)=O,0
HIVSUB-03317,Cc1cc(=O)cc2sc3c(C)cccc3nc1-2,0
HIVSUB-03318,CCOc1ccc(NC(=O)C(Cc2nc3ccccc3nc2O)=NO)cc1,0
HIVSUB-03319,O=C1C(=Cc2cccc(Oc3ccccc3)c2)SC(c2ccccc2)N1c1ccccc1Cl,0
HIVSUB-03320,NN.O=S(=O)(O)O,0
HIVSUB-03321,COC1CC(OC)C2OC(c3ccccc3)OCC2O1,0
HIVSUB-03322,COc1ccc(-c2coc3c4c(c(CC=C(C)C)c(O)c3c2=O)OC(C)(C)C=C4)cc1OC,0
HIVSUB-03323,C=C1C(=O)OC2C=C(C)C3OC3C=C(C(=O)OC)C(O)C(OC(=O)C3(C)OC3C)C12,0
HIVSUB-03324,O=C(CSSCC(=O)OCCS(=O)(=O)Nc1ccc(Br)cc1)OCCS(=O)(=O)Nc1ccc(Br)cc1,0
HIVSUB-03325,O=C1C=Cc2ncccc2C1=O,0
HIVSUB-03326,CC(C)CC(NC(=O)OC(C)(C)C)C(=O)NC(CCOCc1ccccc1)C(N)=O,0
HIVSUB-03327,O=C1NC2CSC(CCCCC(=O)ON3C(=O)CCC3=O)C2N1,0
HIVSUB-03328,CC12CCC3c4cc(Br)c(O)c(Br)c4CCC3C1CCC2O,0
HIVSUB-03329,O=c1c2nn3c(=O)n(-c4ccccc4)c(=O)c3nn2c(=O)n1-c1ccccc1,0
HIVSUB-03330,Nc1cc(O)nc(SC2=NC(N)CC(O)C2)n1,0
HIVSUB-03331,CCN(CC)c1ccc2cc(C(=O)Nc3cccc4ccccc34)c(=N)oc2c1,0
HIVSUB-03332,O=C(NN=Cc1ccccc1O)c1ccccc1O,0
HIVSUB-03333,COc1ccc(-c2cc(=O)c3ccc(O)cc3o2)cc1OC,0
HIVSUB-03334,N#Cc1c(-c2ccco2)cc(-c2ccc(N)cc2)nc1O,0
HIVSUB-03335,N#Cc1c(O)n(-c2ccccc2)c(=O)c2c(=N)[nH][nH]c12,0
HIVSUB-03336,O=C1c2ccccc2C(=O)C1(O)c1c[nH]c2ccccc12,0
HIVSUB-03337,CCc1cc(-c2cccc3ccccc23)c(C#N)c(=S)n1C1OC(CO)C(O)C(O)C1O,0
HIVSUB-03338,CN(CC1(CO)CCC1)c1cc(Cl)nc(N)n1,0
HIVSUB-03339,CCN(CC)CCCN1CCc2c([nH]c3ccccc23)C1c1cccnc1,0
HIVSUB-03340,CC(=O)c1cccc(NC2C(N)C(NC(=O)N(C)C)(C(C)O)C(C)(O)C2(O)COC(=O)c2c(C)cccc2O)c1,0
HIVSUB-03341,COC1(C2c3ccccc3CCN2C(=O)OC(C)(C)C)C(=O)C(c2ccccc2)=C1N(C)C,0
HIVSUB-03342,CCOC(=O)CNC1=Nc2ccccc2C(=O)N2CSCC12.Cl,0
HIVSUB-03343,COc1cc(C=C2CCC(C)C3=C2NC(=S)NC3c2cc(OC)c(OC)c(OC)c2)cc(OC)c1OC,0
HIVSUB-03344,OC1COC(n2c3ccc(Br)cc3c3ccc4c5ccccc5[nH]c4c32)C(O)C1O,0
HIVSUB-03345,CCC(C)(O)c1cn(-c2ccc(S(=O)(=O)O)cc2)nn1,0
HIVSUB-03346,CCOC(=O)c1ccc(CSc2ccc(N)cc2)c([N+](=O)[O-])c1,0
HIVSUB-03347,Cl.NCCCCC(NC(=O)C(N)Cc1ccc(O)cc1)C(=O)NC(Cc1ccc(O)cc1)C(=O)NC(CCCCN)C(=O)ON1C(=O)CCC1=O,0
HIVSUB-03348,COc1ccc2c(c1)C(N)=C(c1ccccc1OC)C2=O,0
HIVSUB-03349,Cc1c(C(C)C2NCC(C)CC2O)ccc2c1CC1C2CC=C2CC(O)CCC21C,0
HIVSUB-03350,C=Cc1c(-c2ccccc2)cnc2[nH]c3ccccc3c12,0
HIVSUB-03351,CCOC(=O)c1[nH]c2c(OCC)nc(OCC)nc2c1Br,0
HIVSUB-03352,Cc1cc(C)c2c(c1)CC1(Cc3c(C)cc(C)cc3C1=O)C2=O,0
HIVSUB-03353,COC(=O)C(=NNc1nc(=S)[nH]n1N)C(C#N)c1ccccc1,0
HIVSUB-03354,COc1cc2ccn3c4cc(OC)c(OC)cc4cc3c2cc1OC,0
HIVSUB-03355,O=S(=O)(O)c1cc2onnc2c2ccccc12,0
HIVSUB-03356,CCCCCC=C(c1cc(Cl)c(OC)c(C(=O)OCC)c1)c1cc(Cl)c(OC)c(C(=O)OCC)c1,0
HIVSUB-03357,CC1CC(NN(C)C)=C(C#N)C1(C#N)C#N,0
HIVSUB-03358,CC(=O)Nc1cc2cc(NC=C(C#N)C#N)ccc2oc1=O,0
HIVSUB-03359,O=C(C[PH](c1ccccc1)(c1ccccc1)c1ccccc1)c1ccc([N+](=O)[O-])cc1,0
HIVSUB-03360,Cn1c(=S)[nH]c(N)c(Cc2ccccc2)c1=O,0
HIVSUB-03361,COc1c(O)cc2oc3cc(O)c(CC=C(C)C)c(O)c3c(=O)c2c1CC=C(C)C,0
HIVSUB-03362,COCn1c(C)c(C)c2c(=O)oc(N(C)C)nc21,0
HIVSUB-03363,C[PH](C)(C)[Ir+]12([PH](C)(C)C)([PH](C)(C)C)C3=C1CCC(Cc1ccccc1)[C-]2CC3,0
HIVSUB-03364,CN(C)C(=O)OC(Cn1cncn1)c1ccc(Cl)cc1Cl,0
HIVSUB-03365,CC1(C(=O)O)CCCC2(C)C3CCC4(C=C3CCC12)SCCS4,0
HIVSUB-03366,CCCC(=NNC(=O)C(N)=O)C(CC)C(=O)CCC(=O)N(Cc1ccccc1)Cc1ccccc1,0
HIVSUB-03367,O=C1NC(O)c2cc(Cl)ccc2O1,0
HIVSUB-03368,CCOC(=O)C(=Cc1cccnc1C)C(=O)OCC,0
HIVSUB-03369,CCOP(=O)(OCC)C(N)c1ccc(OC)cc1,0
HIVSUB-03370,O=C(Nc1ccn(C2CC(O)C(COC(c3ccccc3)(c3ccccc3)c3ccccc3)O2)c(=O)n1)c1ccccc1,0
HIVSUB-03371,Cc1cccc(C)c1NC(=S)NC=C(C(N)=O)C(N)=O,0
HIVSUB-03372,Cl.NC1c2c(Br)sc(Br)c2C(=O)C1O,0
HIVSUB-03373,Cc1oc(N)c(S(=O)(=O)c2cc3ccccc3[n+]([O-])c2N)c1C,0
HIVSUB-03374,O=c1cnn(C2OC(C(O)CO)C(O)C2O)c(=O)[nH]1,0
HIVSUB-03375,CC1CCC2CC1NC(=O)CCOCCC(=O)NC2(C)C,0
HIVSUB-03376,[N-]=[N+]=NC1OC(=O)C(Cl)=C1N=P(c1ccccc1)(c1ccccc1)c1ccccc1,0
HIVSUB-03377,N#CC(c1nc2ccccc2[nH]1)c1nc2ccccc2nc1Cl,0
HIVSUB-03378,O=C1OCC2C(=O)OCC12,0
HIVSUB-03379,Cc1c(C(=O)CC(=O)C(=O)Nc2c(C(C)C)cccc2C(C)C)[n+]([O-])c2ccccc2[n+]1[O-],0
HIVSUB-03380,O=C(C1C(c2ccccc2)N1C(c1ccccc1)c1ccccc1)C1C(c2ccccc2)N1C(c1ccccc1)c1ccccc1,0
HIVSUB-03381,[C-]#[N+]C1C2C(CCC1(C)O)C(C)([N+]#[C-])CCC2C1(C)CCC(C(C)(C)[N+]#[C-])O1,0
HIVSUB-03382,CNC(=NCCCOC)c1ccc(NC(=O)c2ccc(C(=O)Nc3ccc(C(=NCCCOC)NC)cc3)c([N+](=O)[O-])c2)cc1,0
HIVSUB-03383,COc1ccc(NC(=O)CSc2nnc(-c3ccc(N=Cc4ccc(Cl)cc4)cc3)o2)cc1,0
HIVSUB-03384,COC1=CC(=O)C(Br)=CC1=O,0
HIVSUB-03385,O=[N+]([O-])c1ccc(NN=CCC(O)(C(F)(F)F)C(F)(F)F)c([N+](=O)[O-])c1,0
HIVSUB-03386,S=C(NNc1ccccc1Oc1ccccc1)NNc1ccccc1Oc1ccccc1,0
HIVSUB-03387,Cc1oc2cc(O)ccc2c(=O)c1-c1ccccc1Br,0
HIVSUB-03388,O=C(O)C1CSC(c2ccc(Cl)cc2)N1,0
HIVSUB-03389,COc1cccc(CC2C(=O)N=C(NC(C)=O)N2C)c1OC(C)=O,0
HIVSUB-03390,Cc1csc2nc(-c3ccco3)nn12,0
HIVSUB-03391,CC=CC=Nc1c(C#N)c2n(c1C(=O)Nc1ccc(OC)cc1)CCC2,0
HIVSUB-03392,Nc1nc2c(c(O)[nH+]1)[n+](CCO)cn2C1OC(CO)C(O)C1O,0
HIVSUB-03393,Cc1ccc(C)n1-n1c(-c2ccccc2)n[nH]c1=O,0
HIVSUB-03394,Cc1ccc(S(=NS(=O)(=O)c2ccc(C)cc2)c2ccc(C)cc2)cc1,0
HIVSUB-03395,CCOC(=O)Cn1c(=O)cc(C=O)c2ccccc21,0
HIVSUB-03396,CC1CCC2(NC1)OC1CC3C4CC=C5C=CCCC5(C)C4CCC3(C)C1C2C,0
HIVSUB-03397,Clc1ccc(CSc2cnnc3ccccc23)cc1,0
HIVSUB-03398,CCOC(=O)C(C(=S)SC)c1nn2c(=O)cc(C)nc2s1,0
HIVSUB-03399,CN1CCCC(CC2c3ccccc3Sc3ccccc32)C1,0
HIVSUB-03400,[CH2-][Tl-]1([CH2-])[O+]=C2C=CC=CC=C2[OH+]1,0
HIVSUB-03401,OCCN(CCO)c1ccc2ccc(N(CCO)CCO)nc2n1,0
HIVSUB-03402,CCOC(=O)C(=CNC(=S)Nc1c(CC)cccc1C(C)(C)C)C(=O)OCC,0
HIVSUB-03403,Cc1ccc(S(=O)(=O)Nn2c(S)c(C#N)c(-c3ccc([N+](=O)[O-])cc3)c(C#N)c2=O)cc1,0
HIVSUB-03404,COc1ccc(C=C2CCC(C)c3c2nc(N)c(C#N)c3-c2ccc(OC)c(OC)c2)cc1OC,0
HIVSUB-03405,CC(C)=CCCC(C)=CCc1cc(O)c(Br)cc1O,0
HIVSUB-03406,C[N+](C)(CCCCCC[N+](C)(C)C1c2ccccc2-c2ccccc21)C1c2ccccc2-c2ccccc21,0
HIVSUB-03407,COc1ccc(NC(=O)CC(=O)N2N=C(C)C(N=Nc3ccc(S(=O)(=O)c4ccc(N=NC5C(=O)N(C(=O)CC(=O)Nc6ccc(OC)cc6)N=C5C)cc4)cc3)C2=O)cc1,0
HIVSUB-03408,COc1ccc(-c2c3c(n(C4OC(CO)C(O)C(O)C4O)c(=S)c2C#N)CCCC3)cc1,0
HIVSUB-03409,COc1c(OC)c(C2(O)C(=O)N(C)c3ccccc32)c2c(c1C1(O)C(=O)N(C)c3ccccc31)OCO2,0
HIVSUB-03410,CCOC(CCn1[nH]c(=O)c(Cl)c(Cl)c1=O)=NNC(=O)C(=O)NN,0
HIVSUB-03411,CC1=NNC(=O)C1C1CC(c2c[nH]c3ccccc23)=NN(c2ccccc2)C1=O,0
HIVSUB-03412,O=C1CCC2(c3ccc(Cl)cc3)Nc3ncncc3N12,0
HIVSUB-03413,O=c1[nH]nc(-c2ccccc2)n1N=CCCC=Nn1c(-c2ccccc2)n[nH]c1=O,0
HIVSUB-03414,c1ccc2c(c1)N=C(c1cccc3ccccc13)CC(c1cccc3ccccc13)S2,0
HIVSUB-03415,CC=C1C2CC3C4=Nc5ccccc5C4(C2C(=O)OC)C2C(O)ON3C12,0
HIVSUB-03416,Cc1ccc(C)c(NC(=O)CCC(=O)CC(=O)C(C)(C)C)c1,0
HIVSUB-03417,CCC(C#N)NCc1ccc(CNC(C#N)CC)cc1,0
HIVSUB-03418,CC1(CC(=O)O)C(=O)CCCC1=O,0
HIVSUB-03419,CC(=O)OCC12CC(CC1OC(C)=O)c1ccccc12,0
HIVSUB-03420,O=C1CS(=O)(=O)C2(CCCCC2)C(=O)N1,0
HIVSUB-03421,Cn1nc2[nH]c(=S)sc(=S)c2c1O,0
HIVSUB-03422,N#Cc1ccc(C2NN=CC23C(=O)c2ccccc2OC3c2ccccc2)cc1,0
HIVSUB-03423,Nn1c(Sc2nc3ccccc3c(=O)n2N)nc2ccccc2c1=O,0
HIVSUB-03424,Cc1ccc(-n2cnc3c(NN=C4SCC(=O)N4c4ccccc4)ncnc32)cc1,0
HIVSUB-03425,OCCNC(=S)SSC(=S)NCCO,0
HIVSUB-03426,Cc1ccccc1C(O)(c1nccn1C)c1nccn1C,0
HIVSUB-03427,CC(=O)NC(CCCCNC(=O)OCc1ccccc1)C(=O)NCc1ccccc1,0
HIVSUB-03428,Cc1cccc([B-]23OCC[N+]2(CNC(=O)C2=C(O)C(N(C)C)C4CC5C(=C(O)C4(O)C2=O)C(=O)c2c(O)cccc2C5(C)O)CCO3)c1,0
HIVSUB-03429,CCC[PH](c1ccccc1)(c1ccccc1)c1ccccc1,0
HIVSUB-03430,O=[N+]([O-])c1ccc(NC(c2ccccc2)P(=O)(Oc2ccccc2)Oc2ccccc2)cc1,0
HIVSUB-03431,CC(=NNC(=[Se])N1CC2CCC(CC2)C1)c1ccccn1,0
HIVSUB-03432,COc1cccc(N2C(=O)C3c4[nH]c5ccccc5c4C4c5ccccc5CCC4C3C2=O)c1,0
HIVSUB-03433,N=C1NN(c2ccccc2)C2(O)c3ccncc3C3=NN(c4ccccc4)C(=O)C132,0
HIVSUB-03434,CCOC(=O)NC1=C(N2CC2)C(=O)C(NC(=O)OCC)=C(N2CC2)C1=O,0
HIVSUB-03435,O=C(Cn1nc(Br)c(Br)c1Br)c1ccccc1,0
HIVSUB-03436,COc1ccc(C2c3c(-c4ccccc4)nn(-c4ccccc4)c3Oc3ncn(N)c(=N)c32)cc1OC,0
HIVSUB-03437,CC(c1ccccc1O)C1CCCCC1N=O,0
HIVSUB-03438,c1ccc2c(c1)ccc1c2nc2c3ccccc3[nH]n12,0
HIVSUB-03439,NNC(=O)C(=O)NN=C(C(Cl)(Cl)CO)C(Cl)(Cl)CO,0
HIVSUB-03440,COc1ccc2nc3cc(Cl)ccc3c(NCCCN(Cc3cc(OC)c(OC)c(OC)c3)Cc3cc(OC)c(OC)c(OC)c3)c2c1,0
HIVSUB-03441,CC(C)NC(=O)OCCN=C1c2ccccc2CCc2ccccc21,0
HIVSUB-03442,CC(C)=Cc1cc(C(=O)NCCNC(=O)c2cc(C=C(C)C)nc(NC#N)n2)nc(NC#N)n1,0
HIVSUB-03443,CC(=NOCC(O)CNC(C)C)c1ccc2c(c1)NC(=O)CS2,0
HIVSUB-03444,N.Nc1ncnc2c1ncn2C(CO)OC(CO)CCP(=O)(O)O,0
HIVSUB-03445,O=c1c2c(nc3n1CCC3)sc1c(O)c(Br)ccc12,0
HIVSUB-03446,O=C1N=C(NN=Cc2ccccc2)C(c2ccccc2)O1,0
HIVSUB-03447,c1ccc(Nc2nnc(CCCCCCCCc3nnc(Nc4ccccc4)o3)o2)cc1,0
HIVSUB-03448,COc1ccc(C2OC(c3ccncc3)=NN2C)cc1OC,0
HIVSUB-03449,CCOC(=O)N1Cc2ccoc2C1,0
HIVSUB-03450,[Cl-].c1ccc([P+](CCSCCSCC[P+](c2ccccc2)(c2ccccc2)c2ccccc2)(c2ccccc2)c2ccccc2)cc1,0
HIVSUB-03451,CCC=C(C)C(CCC)(CN=O)C(=O)OCC,0
HIVSUB-03452,CN1CN(c2ccccc2)C2(CCN(Cc3csc4ccccc34)CC2)C1=O,0
HIVSUB-03453,O=C(O)c1ccc2c(c1)CC1(C2)Cc2ccccc2C1=O,0
HIVSUB-03454,CC1(C)OC(=S)N(c2ccccc2)C12C=Cc1ccccc1O2,0
HIVSUB-03455,C=C(C)C12CC(C)C34OC(C=CC=CCCCCCCCCC)(OC1C3C1OC1(CO)C(O)C1(O)C(=O)C(C)=CC14)O2,1
HIVSUB-03456,COP(=O)(OC)C(C)(C)NC(=O)NC(F)(F)F,0
HIVSUB-03457,Cc1ccc(C(=O)C2C=C(c3ccc(C)cc3)SC3C=CCC32)cc1,0
HIVSUB-03458,Cc1c2c(C#N)nccc2c(C)c2c1c1ccccc1n2Cc1ccccc1,0
HIVSUB-03459,O=c1oc2ccccc2c(O)c1C(CC(=NO)c1ccccc1)c1ccccc1,0
HIVSUB-03460,OCCCCOC(c1ccccc1)(c1ccccc1)c1ccccc1,0
HIVSUB-03461,COc1ccc(N2C(N)=C(C#N)C(C#N)(C#N)C2c2cccc([N+](=O)[O-])c2)cc1,0
HIVSUB-03462,CC(=O)NN=C1CC(C)(C)C2CCC1C2,0
HIVSUB-03463,CCOP(=O)(OCC)C(C#N)=Cc1ccc(N(C)C)cc1,0
HIVSUB-03464,Cc1nn2c(nnn2CCO)c1-c1ccccc1,0
HIVSUB-03465,S=C1c2ccccc2N=C(NC2CCCC2)C2CSCN12,0
HIVSUB-03466,CC(C)(C)COc1ccc2c3nc4nc(nc5nc(nc6nc(nc(n3)c2c1)c1ccc(OCC(C)(C)C)cc61)c1ccc(OCC(C)(C)C)cc51)c1cc(OCC(C)(C)C)ccc41,0
HIVSUB-03467,COc1cc(N=Nc2ccc(C(=O)N(C)C)cc2)c(C)cc1N=Nc1c(O)nc2ccccc2c1O,0
HIVSUB-03468,CC(CC(=O)Nc1ccc(NC(=O)C(C)=NNS(=O)(=O)c2ccc(C)cc2)cc1)=NNS(=O)(=O)c1ccc(C)cc1,0
HIVSUB-03469,CN1CC(=Cc2ccccc2[N+](=O)[O-])C(=O)C(=Cc2ccccc2[N+](=O)[O-])C1,0
HIVSUB-03470,CC(C)c1ccc(C2C3=C(N=C4SCC(=O)N42)C(=O)c2ccccc23)cc1,0
HIVSUB-03471,CCOC(=O)C(=O)Nc1ccc([N+](=O)[O-])cc1C#N,0
HIVSUB-03472,NS(=O)(=O)c1ccc(NNc2c3ccccc3nc3c(C(=O)Nc4ccc(S(=O)(=O)Nc5ncccn5)cc4)cccc23)cc1,0
HIVSUB-03473,COc1cccc(-n2c3nc(=O)n(C)c(=O)c-3nc3ccccc32)c1,0
HIVSUB-03474,C=CCNc1nc2c(s1)CCc1cc(OC)c(OC)cc1-2,0
HIVSUB-03475,Cn1c2ccccc2c(=O)c2c(O)cc3c(c21)CC(C1(C)CO1)O3,0
HIVSUB-03476,CCC1OC(=O)C(C)C(OC2CC(C)(OC)C(O)C(C)O2)C(C)C(OC2OC(C)CC(N(C)C)C2O)C(C)(O)CC(C)CN(C)C(C)C(O)C1(C)O,0
HIVSUB-03477,CN(Cc1cnc2nc(N)nc(N)c2n1)c1ccc(C(=O)NC(CCC(=O)O)C(=O)O)c2ccccc12,0
HIVSUB-03478,O=c1ccn(CC=Cc2ccccc2)c(=S)n1CC=Cc1ccccc1,0
HIVSUB-03479,Cc1nnc2n1N=C(c1ccc(-c3ccc([N+](=O)[O-])cc3)o1)CS2,0
HIVSUB-03480,COC(=O)C12C34C=CC5(CCC6(C=CC1(CC3)O6)C52C(=O)OC)O4,0
HIVSUB-03481,CN(C)c1ccc(C=C(C#N)c2ccc(F)cc2)cc1,0
HIVSUB-03482,CC(c1ccccc1)N1C(=O)C(OCc2ccccc2)C1C(COC(=O)COCc1ccccc1)OCc1ccccc1,0
HIVSUB-03483,Brc1c(OCc2ccccc2)ccc2ccccc12,0
HIVSUB-03484,COc1ccc(C)c2c1NC(C)(C1(C)Nc3c(OC)ccc(C)c3C1=O)C2=O,0
HIVSUB-03485,COCN1C(=O)C2CCCN2C(=O)c2cc(OC)c(Cc3ccccc3)cc21,0
HIVSUB-03486,CCOc1ccccc1NC(=NC(=O)CC)SC.I,0
HIVSUB-03487,Cc1cc(=O)oc2c3c(ccc12)OC(c1ccc(Br)cc1)CC3=O,0
HIVSUB-03488,CCN(CC)CCNc1ccc2ncn3c4cc(OC)c(OC)c(O)c4c(=O)c1c23,0
HIVSUB-03489,COc1ccc(C2=NOP(c3ccccc3)(c3ccccc3)(c3ccccc3)C2)cc1,0
HIVSUB-03490,Nc1nc2c(c(-c3cccc(Cl)c3)n1)COCC2=Cc1cccc(Cl)c1,0
HIVSUB-03491,CCOc1nc(-c2ccccc2)cc(-c2ccc(N3CCOCC3)cc2)c1C#N,0
HIVSUB-03492,Cc1ccc(N=Nc2c(C)nn(-c3ccccc3)c2C)c(Br)c1,0
HIVSUB-03493,OCC(O)C(OC1OC(CO)C(O)C(O)C1O)c1nn(-c2ccc(Cl)cc2)c2nc3cc(Cl)c(Cl)cc3nc12,0
HIVSUB-03494,CCc1ccccc1C(C(=O)NC1CN2CCC1CC2)c1ccsc1,0
HIVSUB-03495,CCCOCN1COCN=C1NC#N,0
HIVSUB-03496,CCCCCCCCNC(=O)C(=Cc1ccc(C=C(NC(=O)c2ccccc2)C(=O)NCCCCCCCC)cc1)NC(=O)c1ccccc1,0
HIVSUB-03497,COc1cc(C2c3cc4c(cc3C(O)C3COC(=O)C23)OCO4)cc(OC)c1O,0
HIVSUB-03498,COc1cc(C=NNc2nnc3c4ccccc4c4ncccc4c3n2)cc(OC)c1OC,0
HIVSUB-03499,O=c1n(Cc2ccccc2)c2ccccc2n1CC1CS1,0
HIVSUB-03500,O=C(C=Cc1ccc(-c2ccccc2)cc1)c1cccs1,0
HIVSUB-03501,CN(C)c1ccc2cc3ccc(N(C)C)cc3nc2c1,0
HIVSUB-03502,CCSC1=NC(=Cc2ccccc2O)C(Nc2ccc(C)cc2)=N1,0
HIVSUB-03503,CN(C(=O)Cc1ccccc1)n1cnn(CC(=O)OC(C)(C)C)c1=S,0
HIVSUB-03504,CCOC(=O)C(=O)C1CCCCC1=O,0
HIVSUB-03505,CCOC(=O)C(=CNC(=S)Nc1c(CC)cccc1C(C)(C)C)C(=O)c1ccccc1,0
HIVSUB-03506,CC(=O)Nc1ccc(N)c2cc(S(=O)(=O)O)ccc12,0
HIVSUB-03507,C[n+]1c(-c2ccc(C=NNC(=O)c3ccc(C(=O)NN=Cc4ccc(-c5cn6ccccc6[n+]5C)cc4)c(O)c3O)cc2)cn2ccccc21.[Br-],1
HIVSUB-03508,O=C1C(=Cc2ccc(F)cc2)CCc2ccccc21,0
HIVSUB-03509,Oc1nc2ccccc2nc1C=Cn1c(=S)[nH]c2ccccc21,0
HIVSUB-03510,O=CC(O)C(O)C(O)C1CNC(=S)O1,0
HIVSUB-03511,C=COC(=O)N1C2CCCC(Cl)(C(C)=O)C1CC2,0
HIVSUB-03512,O=C(O)c1[nH]c2c(O)nc(O)nc2c1Br,0
HIVSUB-03513,O=C1N=C(SC2OC(CO)C(O)C(O)C2O)SC1=Cc1ccccc1,0
HIVSUB-03514,O=[N+]([O-])c1ccc2nc(Nc3ccccc3)c(Nc3ccccc3)nc2c1,0
HIVSUB-03515,C[Si]12OCCCN(CCO1)CCO2,0
HIVSUB-03516,CN1C(C(=O)Nc2nccs2)=C(O)c2ccccc2S1(=O)=O,0
HIVSUB-03517,Oc1cccc2c1nc(O)c1c(O)c3c(cc12)OCO3,0
HIVSUB-03518,C=CCc1ccccc1OP(=O)(Oc1ccc(C(C)(C)C)cc1)Oc1ccc(C(C)(C)C)cc1,0
HIVSUB-03519,CC(=NNC(=S)Nc1ccc(C)cc1)c1cccc(C(C)=NNC(=S)Nc2ccc(C)cc2)n1,0
HIVSUB-03520,O=c1c(Cl)cc2nc3ccccc3sc-2c1Cl,0
HIVSUB-03521,N#Cc1c([N+](=O)[O-])cc(C(F)(F)F)cc1[N+](=O)[O-],0
HIVSUB-03522,CN(O)C(=O)C=Cc1ccc(OCc2cccc(Cl)c2)cc1,0
HIVSUB-03523,N=C(N)c1ccc(OCCCOc2ccc(C(=N)N)cc2)cc1,0
HIVSUB-03524,Cc1cc2c(cc1C)NC(C)CC(=O)N2,0
HIVSUB-03525,O=C(C[n+]1ccccc1Br)c1ccc2ccccc2c1,0
HIVSUB-03526,C#CC(C)(C)Oc1ccc2c(=O)c(-c3ccccc3)coc2c1,0
HIVSUB-03527,COc1cc([N+](=O)[O-])c(S(=O)(=O)O)cc1NS(=O)(=O)c1ccc(C)cc1.[NaH],0
HIVSUB-03528,O=C1c2cccc3c([N+](=O)[O-])ccc(c23)C(=O)N1CCc1ccccn1,0
HIVSUB-03529,Cn1c2c(c(=O)[nH]c1=O)OCN(Cc1ccccc1)C2,0
HIVSUB-03530,CC#COP(=O)(OCC)OCC,0
HIVSUB-03531,Cc1c2ccccc2n[c-](CN2CCCCC2)[n+]1=O,0
HIVSUB-03532,CCC1OC2C(CC=C(C)C)=C3OC(C)(O)C(C)(CC)C(OC(=O)c4ccccc4)C3=C3OC(=O)C=C1C32,0
HIVSUB-03533,CC(C)(C)c1ccc(-c2nc3ccc(Cl)cc3c(=O)o2)cc1,0
HIVSUB-03534,N#Cc1c2c(cn3c1nc1ccccc13)CCCC2,0
HIVSUB-03535,CC1CN(c2cc3c(cc2F)c(=O)c(C(=O)O)cn3-c2ccc(N3CCN(C)CC3)cn2)CC(C)N1,0
HIVSUB-03536,COc1cc(O)c(C(C)=O)c(O)c1,0
HIVSUB-03537,C=C1C(=O)OC2C=C(C)CC(O)C=C(CO)CC(OC(=O)C(C)=CC)C12,0
HIVSUB-03538,COc1ccc(C=NNc2nnc3c4ccccc4n(C)c3n2)cc1,0
HIVSUB-03539,COC(=O)C12CCC(C(=O)OC)(CC1)n1c(=O)n(-c3ccccc3)c(=O)n12,0
HIVSUB-03540,CC1(OC(=O)c2cc([N+](=O)[O-])cc([N+](=O)[O-])c2)CC2CCCCC21,0
HIVSUB-03541,Cn1c(=O)c(N=Nc2c(=O)n(C)c(=O)n3c2[nH]c2ccccc23)c2[nH]c3ccccc3n2c1=O,0
HIVSUB-03542,CC(=O)OCC1OC(Sc2nc(-c3ccccc3)c(C#N)c(=O)n2C2OC(COC(C)=O)C(OC(C)=O)C(OC(C)=O)C2OC(C)=O)C(OC(C)=O)C(OC(C)=O)C1OC(C)=O,0
HIVSUB-03543,Cc1c2cc[n+]([O-])cc2c(C)c2c1[nH]c1ccccc12,0
HIVSUB-03544,C[S+]1CC2C3CC(C#N)C(C3)C2C1,0
HIVSUB-03545,Cc1cc(C)c2c(=N)c3ccccc3n(CCCCCCn3c4ccccc4c(=N)c4c(C)cc(C)nc43)c2n1.Cl,0
HIVSUB-03546,CCC(C)C1(C2CCCC2)NC(=O)NC1=O,0
HIVSUB-03547,CCC1CC2CN3CCc4c([nH]c5ccc(OC)cc45)C(CO)(C2)C13,0
HIVSUB-03548,COc1ccc(N2C(=O)C(=Cc3ccc(N(CCC#N)CCC#N)cc3)N=C2COc2ccccc2)cc1,0
HIVSUB-03549,Cc1ccc(S(=O)(=O)n2cc(C=CC#N)c(C=CC#N)c2)cc1,0
HIVSUB-03550,Cc1cc(Sc2cc(C)c(O)c(C(C)(C)C)c2)cc(C(C)(C)C)c1O,0
HIVSUB-03551,O=S(=O)(O)c1cc(N=Nc2cc(S(=O)(=O)O)c3ccccc3c2O)ccc1C=Cc1ccc(N=Nc2cc(S(=O)(=O)O)c3ccccc3c2O)cc1S(=O)(=O)O,1
HIVSUB-03552,CCOC1OC(CO[Si](C)(C)C(C)(C)C)C(O)CC1n1ccc(=O)[nH]c1=O,0
HIVSUB-03553,CCOC(=O)C1=C(OC(OCC)C(CC)[Se]c2ccccc2)CCCC1,0
HIVSUB-03554,Cc1ccccc1N(CCC#N)C1=NN(C(=O)CC(=O)Nc2ccc(Cl)cc2)C(c2ccccc2)C1,0
HIVSUB-03555,COC(=O)C(Cl)=C1CC1,0
HIVSUB-03556,CC(C)(CO)CNc1nc(N)nc(Cl)c1C=NO,0
HIVSUB-03557,Cc1ccc(S(=O)(=O)SSSSS(=O)(=O)c2ccc(C)cc2)cc1,0
HIVSUB-03558,Nc1ccc(C=Cc2ccnc3ccccc23)c(N)c1,0
HIVSUB-03559,CCNCCNC(=O)c1ccc(I)cc1.Cl,0
HIVSUB-03560,O=C1CCCC2=C1CC1=C(CCCC1=O)N2c1cccc2ccccc12,1
HIVSUB-03561,CC1(C)NC(=N)NC(=N)N1c1cccc(C=C(C#N)c2ccccc2)c1,0
HIVSUB-03562,O=S(=O)(O)c1cc(N=Nc2cc(S(=O)(=O)O)c3ccccc3c2O)ccc1C=Cc1ccc(N=Nc2cc(S(=O)(=O)O)c3ccccc3c2O)cc1S(=O)(=O)O.[NaH],1
HIVSUB-03563,CC(=O)Nc1ccc(S(=O)(=O)Nc2ccc(S(=O)(=O)c3ccc(-n4sc5ccccc5c4=O)cc3)cc2)cc1,1
HIVSUB-03564,Cc1c2nc3ccccc3sc-2cc(=O)c1C,0
HIVSUB-03565,CC1(C)SCCCCCCCSC(C)(C)SCCCCCCCS1,0
HIVSUB-03566,CC(CCC(=O)O)C1CCC2C3C(O)CC4CC(O)CCC4(C)C3CC(O)C12C.NCCCN1CCN(CCCN)CC1,0
HIVSUB-03567,CC1NCCc2c1[nH]c1cc(O)ccc21.Cl,0
HIVSUB-03568,CN(Cc1cnc2nc(N)nc(N)c2n1)c1ccc(C(=O)NC(CCC(=O)NC(P(=O)(O)O)P(=O)(O)O)C(=O)O)cc1.[NaH],0
HIVSUB-03569,CCOC(=O)C(=NOC)C(O)C(F)(F)F,0
HIVSUB-03570,COc1cccc2c(=O)oc(-c3ccc(C(C)(C)C)cc3)nc12,0
HIVSUB-03571,Brc1ccc(OCc2ccccc2)c2ccccc12,0
HIVSUB-03572,NC(CSSc1ccccc1C(=O)O)C(=O)O,0
HIVSUB-03573,CN(C(=O)C12C3(C(=O)O)C4C5(C(=O)O)C3C1(C(=O)O)C5C42C(=O)O)C(C)(C)C,0
HIVSUB-03574,Nc1scc2[nH]c3ccccc3[n+]12,0
HIVSUB-03575,CCC1CC2CC3c4c(c5cc(OC)ccc5n4C)CCN(C2)C13,0
HIVSUB-03576,CCOC(=O)C1C(c2ccc(F)cc2)C(C(=O)OCC)C(O)(C(F)(F)F)OC1(O)C(F)(F)F,0
HIVSUB-03577,CC(CN(C)C)Sc1nnc(SC(C)CN(C)C)s1,0
HIVSUB-03578,CCC1CCc2c(c(=O)oc3c2cc(OC)c2cccc(OC)c23)C1,1
HIVSUB-03579,CC(=O)c1cccc(C(C)=O)c1N=Cc1ccccc1,0
HIVSUB-03580,COC(=N)CCSSCCC(=N)OC,0
HIVSUB-03581,O=C(O)c1cc(OS(=O)(=O)O)c(OS(=O)(=O)O)c(OS(=O)(=O)O)c1.[KH],0
HIVSUB-03582,O=c1[nH]c2nc3ccccc3c(=O)n2nc1Cc1ccccc1,0
HIVSUB-03583,CCOC(=O)CCC(NC(=O)c1nc[nH]c1N=NN(C)C)C(=O)OCC,0
HIVSUB-03584,S=P(Oc1cc(Cl)c(Cl)cc1Cl)(N1CCN(c2cccc(Cl)c2)CC1)N1CCN(c2cccc(Cl)c2)CC1,0
HIVSUB-03585,CN(C)c1cc(CNCCc2c[nH]cn2)nc(CNCCc2c[nH]cn2)c1,0
HIVSUB-03586,CC[N+]1(CC)CC[N+]2(CCCC(C)CC2)CC1,0
HIVSUB-03587,CC(=O)N1c2ccccc2Sc2cc(C(O)(C(F)(F)F)C(F)(F)F)ccc21,0
HIVSUB-03588,O=C(CC1NCCS1)OCc1ccc(Br)cc1,0
HIVSUB-03589,CC1(C)OC2C(O)CN3CCSC3C2O1,0
HIVSUB-03590,O=C1NC(=O)C(C(=O)Nc2ccc(Cl)cc2)c2ccccc21,0
HIVSUB-03591,COc1nc2cc3c(cc2n2cccc12)oc1ccccc13,1
HIVSUB-03592,Nc1nc(N)c(N)c(Nc2ccccc2)n1.O=S(=O)(O)O,0
HIVSUB-03593,Cc1csc(=Nc2ccccc2)n1CCC(O)(P(=O)(O)O)P(=O)(O)O,0
HIVSUB-03594,CCOC(=O)C(=CN1CCNC1=S)C(=O)OCC,0
HIVSUB-03595,[Br-].c1ccc([P+](CCC[P+](c2ccccc2)(c2ccccc2)c2ccccc2)(c2ccccc2)c2ccccc2)cc1,0
HIVSUB-03596,N#Cc1nc(CCCCCN2C(=O)c3ccccc3C2=O)oc1N,0
HIVSUB-03597,COc1cc(OC)cc(C(=O)CC(=O)c2cc(OC)cc(OC)c2)c1,0
HIVSUB-03598,C=CC1(CCC(=C[N+](=O)[O-])c2ccc(OC)c(OC)c2)OCC(C)(C)CO1,0
HIVSUB-03599,Cn1c(=O)sc2cc(C(=S)N3CCN(c4ccccc4)CC3)ccc21,1
HIVSUB-03600,CCN(CC)CCOc1ccc(C(C#N)=Cc2ccc(OCCO)cc2)cc1,0
HIVSUB-03601,COC1(c2ccccc2C)OC(=O)c2c(C)cccc21,1
HIVSUB-03602,CSc1nc2[nH]c(=O)n(OS(=O)(=O)c3ccccc3)c(=O)c2n1Cc1ccccc1,0
HIVSUB-03603,N=C(NNC(=N)C(F)(F)F)C(F)(F)F,0
HIVSUB-03604,COC(=O)C(C)(C)C(OP(=S)(N(C)C)N(C)C)=C(C)C,0
HIVSUB-03605,COc1cc(SSc2cc(OC)cc([N+](=O)[O-])c2N)c(N)c([N+](=O)[O-])c1,1
HIVSUB-03606,Nc1c(Cl)cc(C=C2C=Cc3ccccc32)cc1Cl,0
HIVSUB-03607,COc1cc2c[n+](C)c3c(c2cc1OC)Cc1cc2c(cc1-3)OCO2,0
HIVSUB-03608,CCOC(=O)C(=Cc1ccc(N(C)C)cc1)N(CC)CC,0
HIVSUB-03609,CCOC(=O)c1c2c(n3ccc(C)cc13)C(=O)C(c1ccc([N+](=O)[O-])cc1)S2,0
HIVSUB-03610,COC(=O)CC(C(=O)OC)=C1CCC2=C1N1CCCC1C2(CC(=O)OC)C(=O)OC,0
HIVSUB-03611,CCCCCCCCCCCCCCCC(=O)OCCOCCOCCOCc1ccccc1,0
HIVSUB-03612,Cc1ccc(-c2c(C#N)c(O)n(NS(=O)(=O)c3ccccc3)c(=O)c2C#N)cc1,0
HIVSUB-03613,O=C(CC(c1ccccc1)c1ccccc1)NCCCCN1CCCCCCC1.O=C(O)C(=O)O,0
HIVSUB-03614,C=C(C)C1CC(=O)C2(C)CC3OC3(C)CCC=C(C)CCC12,0
HIVSUB-03615,Cc1cc(C#N)c(Nc2ccccc2[N+](=O)[O-])s1,0
HIVSUB-03616,O=C(O)CCCO,0
HIVSUB-03617,CN(C)N=C(c1nc2ccc(Cl)cc2nc1O)C(O)c1ccc(C(O)C(=NN(C)C)c2nc3ccc(Cl)cc3nc2O)cc1,0
HIVSUB-03618,COC(=O)c1ccccc1C1CN=NC12Cc1c(ccc3c1CCC3)C2=O,0
HIVSUB-03619,CC(C)C12C=CC(C)(CC1)n1c(=O)c3cc4ccccc4cc3c(=O)n12,0
HIVSUB-03620,CNC(=N)c1ncn(C2OC(CO)C(O)C2O)n1.Cl,0
HIVSUB-03621,Cc1cc(S(=O)(=O)Nc2nc(N)nc(N3CCOCC3)n2)c(S)cc1Cl,1
HIVSUB-03622,Cc1cc(C23OC4COC(C)(C)OC4C2OC(C)(C)O3)nc2ccccc12,0
HIVSUB-03623,COc1cccc2c1[OH+][Co-2]1(O)[O+]=C(N)[N-][N+]1=C2,0
HIVSUB-03624,N#Cc1ccc(C2ON=C(c3ccccc3)N2C23CC4CC(CC(C4)C2)C3)cc1,0
HIVSUB-03625,O=C(OCCN1CCCC12CCCCC2)C(c1ccccc1)C1C=CCC1,0
HIVSUB-03626,O=C1C2CC(O)C3C(=O)C4CC(O)C1C4C23,0
HIVSUB-03627,CN=S(=O)(c1ccccc1)C1(C)CC(C)=C(C)CS1=O,0
HIVSUB-03628,CCOC(=O)C(C#N)=C(O)C(=Cc1ccc(Br)cc1)NC(=O)c1ccccc1,0
HIVSUB-03629,CC(C)=CCCC(C)=CCC12OC(C)(C)C(Cl)CC1(Cl)C(=O)c1c(O)cc(O)cc1C2=O.[NaH],0
HIVSUB-03630,CCCC[Sn]1(CCCC)OCc2nc(C)ccc2O1,0
HIVSUB-03631,CCCNC(=S)NC=C1C(=O)Oc2ccccc2C1=O,0
HIVSUB-03632,CCN(CC)CCC(=O)NC1c2ccccc2Oc2c(C)cccc21,0
HIVSUB-03633,CC(=O)N(CC(=O)C(=O)NNc1ccoc1)c1ccc(Cl)cc1,0
HIVSUB-03634,O=C1NC(=S)NC1C(Cc1ccccc1)c1ccccc1,0
HIVSUB-03635,c1ccc2oc(-c3ccc(-c4nc5ccccc5o4)c4c3CC4)nc2c1,0
HIVSUB-03636,CC1=[N+]2[N-]C(N3CC4CCC(CC4)C3)=[S+][Fe-]2[n+]2ncccc21,0
HIVSUB-03637,O=C1C2CCCC3CCCC(C(=O)N1O)C32,0
HIVSUB-03638,CC1(C)NC(=O)C2(CC(O)C=C2CO)O1,0
HIVSUB-03639,CC(C)(C)C1CCC2c3c([nH]c4ccccc34)C3C(=O)N(c4ccc(C#N)cc4)C(=O)C3C2C1,0
HIVSUB-03640,O=c1[nH]c2cnn(-c3ccccc3)c2c(=O)n1OS(=O)(=O)c1ccccc1,0
HIVSUB-03641,N=c1[nH]n2c(C(Br)Br)cc(C(Br)Br)nc2c1[N+](=O)[O-],0
HIVSUB-03642,Cc1cc(NS(=O)(=O)c2ccc(Nc3c4ccccc4nc4c(C(=O)Nc5ccccc5)cccc34)cc2)no1,0
HIVSUB-03643,c1ccc2c(c1)nnn2CNc1ccc(N2CCOCC2)cc1,0
HIVSUB-03644,C=CCNC(=S)NC=C1C(=O)N(c2ccccc2)N=C1C(=O)OCC,0
HIVSUB-03645,CC(=O)SC1CC(=O)OC1=O,0
HIVSUB-03646,Clc1nc(Cl)nc(Nc2cccc3ccccc23)n1,0
HIVSUB-03647,O=C(NNC(=S)NCc1ccccc1)C12CC3CC(CC(C3)C1)C2,0
HIVSUB-03648,CNc1c2cccc(C)c2nc2c(C(=O)NCCN(C)C)cccc12.Cl,0
HIVSUB-03649,COC(=O)C1CC2(CC=O)c3ccccc3N(S(=O)(=O)c3ccccc3)C2N1C(=O)OC,0
HIVSUB-03650,COC(=O)c1cc(C(c2cc(C(=O)OC)c(O)cc2C)C(Cl)Cl)c(C)cc1O,0
HIVSUB-03651,S=P(N1CC1)(N1CC1)N1CC1,0
HIVSUB-03652,Cl.NC1CC2C3CCC2C1C3=O,0
HIVSUB-03653,Cc1nnc(CC#N)n1NC(=O)CC#N,0
HIVSUB-03654,O=C1C(=O)N(c2cccc(C(F)(F)F)c2)C(=O)C(=O)C1c1nc2ccccc2s1,0
HIVSUB-03655,COc1cc(OC)c(OC)cc1C=C1C=Cc2ccccc21,0
HIVSUB-03656,CCOC(=O)c1c(N)sc2c1C(C(=O)OCC)CC2,0
HIVSUB-03657,O=C1NC(O)n2c(=O)[nH]c(=O)n21,0
HIVSUB-03658,COC1C=COC2(C)Oc3c(C)c(O)c4c(O)c(c(C=NN5C(C)CN(Cc6ccccc6)CC5C)c(O)c4c3C2=O)NC(=O)C(C)=CC=CC(C)C(O)C(C)C(O)C(C)C(OC(C)=O)C1C,0
HIVSUB-03659,c1ncn(C23C4C5C6C4C2C6C53)n1,0
HIVSUB-03660,O=c1c2ccccc2n2c(=S)[nH]nc2n1-c1ccccc1,0
HIVSUB-03661,COc1ccc(OC)c(CCc2ccccc2CC(=O)O)c1,0
HIVSUB-03662,COc1ccccc1NC(=O)CC(=O)n1nc(C)c(N=Nc2ccccc2F)c1C,0
HIVSUB-03663,CCCCC(C(=O)C(=O)Nc1ccc(C)cc1C)C(=O)C(C)C,0
HIVSUB-03664,CC1Nc2ccccc2NC1C=C(C#N)C#N,0
HIVSUB-03665,N=c1[nH]c2c3nc(Nc4ccccc4)sc3nc(=S)n2c2sc(Nc3ccccc3)nc12,0
HIVSUB-03666,Cl.OCC1OC(n2cnc(C3=NCCCN3)n2)C(O)C1O,0
HIVSUB-03667,COC(=O)c1ccc(Cc2cc(Cc3ccc(C(=O)OC)cc3)cc(Cc3ccc(C(=O)OC)cc3)c2)cc1,0
HIVSUB-03668,CSc1nc(Nc2ccccc2Cl)c2c(=N)[nH]n(C)c2n1,0
HIVSUB-03669,CN(C)S(=O)(=O)c1c(N)ncn1C,0
HIVSUB-03670,O=C1Nc2ccccc2C1=NNC(=S)NCc1ccccn1,0
HIVSUB-03671,O=C1CC2(CCC(O)(c3ccc(Cl)cc3)C(C(=O)c3ccc(Cl)cc3)C2)C(=O)c2ccccc2N1,0
HIVSUB-03672,COc1c(C(=O)C(=NNc2cccc(Cl)c2)C(C)=O)c(O)c(OC)c2occc12,0
HIVSUB-03673,C=CCCC1(CC(Sc2ccccc2)P(=O)(c2ccccc2)c2ccccc2)OCCO1,0
HIVSUB-03674,CCC(C(=O)c1ccccc1)C(CCCC(=O)Nc1c(C)cccc1C)N=O,0
HIVSUB-03675,CC(O)CSP(=S)(Oc1ccccc1)Oc1ccccc1,0
HIVSUB-03676,C[N+]12C=CC=C1C(N1CCCC1)c1scc(-c3ccc(Br)cc3)c12.[I-],0
HIVSUB-03677,CCN(CC)c1ccc2c(c1)Oc1cc(N(CC)CC)ccc1C21c2ccccc2C(=O)N1c1ccccc1,0
HIVSUB-03678,N#CC(=CN1CC(=O)NC1=S)c1nc2ccccc2s1,0
HIVSUB-03679,N#CC(=Cc1cc(Br)cc(Br)c1O)c1ccc([N+](=O)[O-])cc1,0
HIVSUB-03680,Cc1nc2sccn2c1C(=O)NC(=O)Nc1ccc(Cl)cc1,0
HIVSUB-03681,O=C(CC1(O)C(=O)Nc2c(Cl)cc(Cl)cc21)c1ccc(Br)cc1,0
HIVSUB-03682,C(=Cc1ccccc1)C=Nc1ccccc1,0
HIVSUB-03683,Cc1ccc(S(=O)(=O)O)cc1.N=C(NO)NN=Cc1nccc2ccccc12,0
HIVSUB-03684,Cc1c(Cc2ccccc2)n(C(C)OCCN2C(=O)c3ccccc3C2=O)c(=O)[nH]c1=O,0
HIVSUB-03685,CSC1=NC(=O)C2(CCCCC2)N(C)N1,0
HIVSUB-03686,Cc1ccc(Nc2nnc(CSc3ccc(Cl)cc3)s2)c(S(=O)(=O)O)c1,0
HIVSUB-03687,S=C1SCC2CCCN12,0
HIVSUB-03688,C=CCC(C=C=CCN(C)C)CO,0
HIVSUB-03689,Cc1ccccc1NC(=O)CC1C(=O)Nc2ccccc2S1=O,0
HIVSUB-03690,S=C1OC2C3C4CC5C3C(O1)C1C5C4C21,0
HIVSUB-03691,CC(=O)OCCOCn1cnc2c(Cl)nc(Cl)nc21,0
HIVSUB-03692,COc1ccc(-c2sc(N=Cc3ccc(-c4ccccc4)cc3)c(C#N)c2C)cc1OC,0
HIVSUB-03693,COCNC(=N)NC#N,0
HIVSUB-03694,CC1(C)CC(=O)C(CC2C(=O)c3ccccc3C2=O)C(=O)C1C(=O)C(=O)Nc1cccc2ccc(O)cc12,0
HIVSUB-03695,COC(=O)C(=O)C(C(=O)C=C(C)C)C(=O)C(=O)Nc1cc(C(F)(F)F)ccc1Cl,0
HIVSUB-03696,CCC1CCN=C(NS(=O)(=O)c2cc(C)c(Cl)cc2S)N1,0
HIVSUB-03697,C#CC1(O)CCC2C3CCc4cc(Oc5nc(F)nc(-c6c(C)c(C(=O)OCC)n7ccccc67)n5)ccc4C3CCC21C,0
HIVSUB-03698,c1cc2ccc1C1NCCCN1CCN1CCCNC1c1ccc(cc1)C1NCCCN1CCN1CCCNC21,0
HIVSUB-03699,CCCCCCCCCCCCCCCCCCCCCCCCCCCCCC=C(c1cc(Cl)c(O)c(C(=O)O)c1)c1cc(Cl)c(O)c(C(=O)O)c1.N,1
HIVSUB-03700,N=C(CN1CCCCC1)N1CCCCC1,0
HIVSUB-03701,N#CCN1c2ccccc2CCC1Cl,0
HIVSUB-03702,CC1(C)C(=O)C(C)(C)C12SSC1(S2)C(C)(C)C(=O)C1(C)C,0
HIVSUB-03703,COc1ccc(-c2c(C#N)c(N)nc3c2CCS(=O)(=O)c2ccccc2-3)cc1,0
HIVSUB-03704,CC(C)Cc1nc(-c2cc3ccccc3[nH]2)c(CC(C)C)nc1-c1cc2ccccc2[nH]1,0
HIVSUB-03705,Cc1ccccc1N=Nc1c(S(=O)(=O)O)cc2cc(NC(=O)Nc3ccc4c(O)c(N=Nc5ccc6cc(S(=O)(=O)O)ccc6c5)c(S(=O)(=O)O)cc4c3)ccc2c1O,1
HIVSUB-03706,CCOc1ncn(-c2ccc(NC(=S)NC34CC5CC(CC(C5)C3)C4)cc2)n1,1
HIVSUB-03707,CCCCNc1nc(N)nc(Nc2ccc(Br)cc2)c1N=O,0
HIVSUB-03708,Cc1cc(N=Nc2ccc([N+](=O)[O-])cc2)c(NCC(O)C(O)C(O)CO)cc1C,0
HIVSUB-03709,C=CCN1C(=C(C#N)c2nc3ccccc3[nH]2)Sc2c(O)ncnc21,0
HIVSUB-03710,COc1ccc(C2(c3ccc(OC)cc3)N=NC3(C)CC32)cc1,0
HIVSUB-03711,CN1CCCOC(c2ccc([N+](=O)[O-])cc2)O1,0
HIVSUB-03712,O=c1oc2ccccc2c(O)c1C(c1cccc(C(c2c(O)c3ccccc3oc2=O)c2c(O)c3ccccc3oc2=O)c1)c1c(O)c2ccccc2oc1=O,1
HIVSUB-03713,N#CC(C#N)=C1SCC(=O)CS1,0
HIVSUB-03714,COc1c(O)cc2c(c1OC)-c1ccc(SC)c(=O)cc1C(NC=O)CC2,0
HIVSUB-03715,Cc1ccc(S(=O)(=O)N2CCN(S(=O)(=O)c3ccc(C)cc3)Cc3ccccc3C2)cc1,0
HIVSUB-03716,CCOC(=O)c1cccc([N+](=O)[O-])c1N,0
HIVSUB-03717,CC(=O)c1c2c(cc3c1CC1(C3)Cc3ccc4c(c3C1=O)CCC4)CCC2,0
HIVSUB-03718,CC(=O)Oc1cc(C=C(C#N)C(=O)NCCCCCNC(=O)C(C#N)=Cc2cc(OC(C)=O)c(OC(C)=O)c(OC(C)=O)c2)cc(OC(C)=O)c1OC(C)=O,0
HIVSUB-03719,O=C(CC(=O)N1N=C(c2ccccc2)C(N=Nc2ccccc2Cl)C1=O)Nc1ccccc1Cl,0
HIVSUB-03720,Cc1cc(C)nc(NS(=O)(=O)c2ccc(Nc3c4ccccc4nc4c(C(=O)Nc5ccc(S(=O)(=O)Nc6cc(C)on6)cc5)ccc(Cl)c34)cc2)n1,0
HIVSUB-03721,CCOc1cc2c(cc1O)C=CC1C2CCC2(C)C(O)CCC12,0
HIVSUB-03722,CCc1cc(=O)oc2c3c(cc(OC(C)C)c12)OC(C)C(C)C3=O,0
HIVSUB-03723,N#Cc1ccc(NC(=O)C(CC(=O)OCc2ccccc2)NC(=O)OCc2ccccc2)cc1,0
HIVSUB-03724,CCOC(=O)C(C#N)C1=CC(=O)C(=O)c2ccc(O)cc21,0
HIVSUB-03725,CCOP(=O)(CC=CCN(C(=O)OC(C)(C)C)C(=O)OC(C)(C)C)OCC,0
HIVSUB-03726,O=C1c2ccccc2C2(c3ccc(Cl)cc3)NC3CCCCC3N12,0
HIVSUB-03727,COc1cc2c(c(Cl)c1OC)CCN(C)CC2c1ccccc1,0
HIVSUB-03728,C=C(C)C#CC(O)(C(=O)OC1CN2CCC1CC2)C1CCCCC1,0
HIVSUB-03729,O=C1Oc2ccccc2C(=O)C1=CN1C(=O)CNC1=S,0
HIVSUB-03730,Cc1nc(NS(=O)(=O)c2ccc(N)cc2)oc1C,0
HIVSUB-03731,CC(C)C1SCc2nc3ccccc3n21,0
HIVSUB-03732,CCCNC(=N)NC#N,0
HIVSUB-03733,COc1c(C(=O)O)cccc1-c1cccc(C(=O)NCCN(CCNC(=O)c2cccc(-c3cccc(C(=O)O)c3OC)c2OC)CCNC(=O)c2cccc(-c3cccc(C(=O)O)c3OC)c2OC)c1OC,0
HIVSUB-03734,CC(=O)C(=Cc1ccc(-c2ccccc2)cc1)C(C)=O,0
HIVSUB-03735,COc1cc2c(c(OC)c1OC)-c1ccc(=O)c(OC)cc1C(NC(C)=O)CC2,0
HIVSUB-03736,CCCCN(CC)C(=O)C(=O)C1C(=O)Nc2ccccc2S1=O,0
HIVSUB-03737,O=C(OCc1ccccc1)N1CCC(O)C(CNC23CC4CC(CC(C4)C2)C3)C1,0
HIVSUB-03738,O=C1CCCC2=C1CC1=C(CCCC1=O)N2c1ccccc1C(=O)O,0
HIVSUB-03739,O=C(O)C(O[N+](=O)[O-])c1ccccc1,0
HIVSUB-03740,CCOc1ccc(N2C(=O)C(=Cc3ccc(N(CCC#N)CCC#N)cc3)N=C2c2cc([N+](=O)[O-])ccc2Cl)cc1,0
HIVSUB-03741,NNC(=O)Cn1c2ccc(Br)cc2c2nc3ccccc3nc21,0
HIVSUB-03742,Clc1ccc(CNc2nc(Cl)c3nc[nH]c3n2)cc1Cl,0
HIVSUB-03743,O=C(NCC(F)([N+](=O)[O-])[N+](=O)[O-])N(CC(F)([N+](=O)[O-])[N+](=O)[O-])CC(F)([N+](=O)[O-])[N+](=O)[O-],0
HIVSUB-03744,COc1ccc(OC2(c3cc(OC)ccc3OC)OC(=O)c3ccccc32)cc1,0
HIVSUB-03745,O=c1c2c(-c3ccccc3)onc2n(-c2ccccc2)c(=O)n1-c1ccccc1,0
HIVSUB-03746,COC(=O)c1nc[nH]c1O,0
HIVSUB-03747,O=C1CN(CC2=CC3(CC2)CCC2=C3CCCC2=O)C(=O)N1,0
HIVSUB-03748,c1c2c(cc(-n3nnc4c3CCCCCC4)c1-n1nnc3c1CCCCCC3)CCCCCC2,0
HIVSUB-03749,CC(C)(C)OC(=O)NCCC(N)=S,0
HIVSUB-03750,CCCN.CCOP1(=O)N=C(NC#N)N(C)C1(C)C,0
HIVSUB-03751,O=C1c2cc3ccccc3cc2C2(c3ccc(Cl)cc3)NCCN12,0
HIVSUB-03752,COc1ccc2nc3ccccc3c(NCCCN(CCCl)CCCl)c2c1.Cl,0
HIVSUB-03753,COc1ccccc1NC(=O)C1=C(C)NC(C)=C(C(=O)Nc2ccccc2OC)C1c1ccccc1Cl,0
HIVSUB-03754,Cl.NC1C2CN3CCC(O2)C13,0
HIVSUB-03755,O=C(C=Cc1ccc(O)cc1)CC(=O)C=Cc1ccc(O)cc1,0
HIVSUB-03756,CCc1c(Cc2ccccc2)n(COCCO)c(=O)[nH]c1=O,1
HIVSUB-03757,Cc1ccnc(NS(=O)(=O)c2ccc(N=Cc3ccccc3O)cc2)n1,0
HIVSUB-03758,CCOC(=O)C1CN(C2CC2)CCC1=O,0
HIVSUB-03759,COC(=O)C1=C(C(=O)OC)C2(OC(C)=O)c3ccccc3-c3ccccc3C12,0
HIVSUB-03760,CN1C(=O)CC2C(=O)N(Cc3ccccc3)C(=O)C2C1=O,0
HIVSUB-03761,C=CCC(SC)C1=C(C)C(=O)c2ccccc21,0
HIVSUB-03762,CC(C)(C)OC(=O)NCCCCC(N)NC(=O)c1ccccc1.O=C(O)C(F)(F)F,0
HIVSUB-03763,COc1cccc(C(Cl)=C(C=O)c2cccc(OC)c2)c1,0
HIVSUB-03764,CCc1cccc(C(C)(C)C)c1NC(=S)NC=C(C#N)C(=O)c1ccc2ccccc2c1,0
HIVSUB-03765,COC(=O)C1C(NCc2ccccc2)=CC(C)(C)C(C(=O)OC)C1c1ccccc1,0
HIVSUB-03766,C=C(C=NN(C)C)CC1c2c(O)ccc3cccc(c23)N1S(=O)(=O)c1ccc(C)cc1,0
HIVSUB-03767,Cc1cc2c(=O)c3ccccc3[nH]c2c(C(N)=O)c1C,0
HIVSUB-03768,NCCN1C(=O)c2ccccc2C1(O)c1ccccc1,0
HIVSUB-03769,O=S(=O)(c1ccccc1)n1cnc(CCc2ccccc2)n1,0
HIVSUB-03770,N#CNC(=N)NC#N,0
HIVSUB-03771,Nc1ccc([N+](=O)[O-])cc1CN1C(=O)c2ccccc2C1=O,0
HIVSUB-03772,O=C1NC2(CCCCC2)C(=O)N1CCN(CCCl)CCCl,0
HIVSUB-03773,CC1C(c2ccccc2)[OH+][B-]([FH+])(c2ccccc2)N1C,0
HIVSUB-03774,CCCCOCc1cc(CN2CCN(C)CC2)c(O)c2ncccc12,0
HIVSUB-03775,CC(c1ccc2c(c1)CCC1C2CC2OC23CC=CC(=O)C13C)C1CC2(C)OC2(C)C(O)O1,0
HIVSUB-03776,O=C1C=CC2(CCC23C=CC(=O)O3)O1,0
HIVSUB-03777,CC1=NNC(=O)C1C1(C(=O)O)CC(c2c[nH]c3ccccc23)=NC(=S)N1,0
HIVSUB-03778,CCOC(=O)c1cc(-c2ccc(Cl)cc2)c([N+](=O)[O-])n1C,0
HIVSUB-03779,O=C(Nc1ccccc1)N(C1=NCC(CI)S1)c1ccc(F)c(F)c1,0
HIVSUB-03780,COc1c2c(c(OC)c3c(=O)cc(CC(=NNC(=O)C[n+]4ccccc4)C(=O)Nc4cc(C)ccc4C)oc13)OCO2.[Cl-],0
HIVSUB-03781,CC1(CO)COC(C)(C)OC1,0
HIVSUB-03782,CCC12C=CCN3CCC4(C(=C(C(=O)OC)C1Nc1ccn(C5OC(COC(C)=O)C(OC(C)=O)C5OC(C)=O)c(=O)n1)Nc1ccccc14)C32,0
HIVSUB-03783,CCOc1ccccc1NC(=O)C(=O)C(C(=NN)C(=O)OC)c1nc2ccc([N+](=O)[O-])cc2nc1O,0
HIVSUB-03784,O=C(Nc1cccc(O)c1)C(=O)C(C(=O)c1ccc(Cl)c(Cl)c1)C1OC(=O)c2ccccc21,0
HIVSUB-03785,CCOC(=O)C1C2CCC(C2=C(c2ccccc2)c2ccccc2)C1C(=O)O,0
HIVSUB-03786,CC(C)CC(NC(=O)C(Cc1ccc(O)cc1)NC(=O)C(C)N)C(=O)NCC(=O)NC(CCCCN)C(=O)NC(CCCCN)C(=O)NC(C(=O)NC(C)C(=O)NC(C(=O)NC(CC(N)=O)C(=O)O)C(C)O)C(C)C,0
HIVSUB-03787,COc1ccc(C=C2CN(C)Cc3c2nc(O)c(C#N)c3-c2ccc(OC)cc2)cc1,0
HIVSUB-03788,C=C1CC(C)(Cn2cnc3c(N)ncnc32)OC1=O,0
HIVSUB-03789,CC(=O)Nc1ccc(C(C2=C(O)C(=O)c3ccccc3C2=O)C2=C(O)C(=O)c3ccccc3C2=O)cc1,0
HIVSUB-03790,O=C(C=Cc1ccccc1)NC1C=Nc2ccccc2NC1=O,1
HIVSUB-03791,O=[N+]([O-])C(=C1NCCO1)C(Cl)=C(Cl)Cl,0
HIVSUB-03792,CC(=O)c1ccccc1NS(=O)(=O)c1ccc2nc(C)n(NS(=O)(=O)c3ccccc3C(C)=O)c(=O)c2c1,0
HIVSUB-03793,COc1ccc(C=CC(=O)c2cc(C)ccc2OC(C)=O)cc1,0
HIVSUB-03794,C=C(Cc1ccc(O)cc1)C(=C)Cc1ccc(O)cc1,0
HIVSUB-03795,Cn1nc(-c2ccccc2)c(C(=O)C=Cc2ccc(Cl)cc2)c(N2CCCC2)c1=O,1
HIVSUB-03796,Cc1nc(C(=O)O)c(C(=O)O)[nH]1,0
HIVSUB-03797,COc1cc(C=C(OC(C)=O)c2ccc3c(c2)OCO3)cc(OC)c1OC,0
HIVSUB-03798,CCCCCCC(=O)CC(CCC(=O)N(Cc1ccccc1)Cc1ccccc1)=NNc1ccc([N+](=O)[O-])cc1[N+](=O)[O-],0
HIVSUB-03799,CCOC(=O)C(C#N)=C1C(O)=C(C(=O)OC)C(C(=O)OC)=C1C(=O)OC.c1ccncc1,0
HIVSUB-03800,NC(=O)SCC(=O)Nc1ccc2cccc3c2c1CC3,0
HIVSUB-03801,O=C(NNC(=O)c1ccncc1)C(=O)Nc1cc(Cl)c(Cl)cc1Cl,0
HIVSUB-03802,Br.CC1(C)CC(=O)C(=CNc2nc(-c3ccc(Br)cc3)cs2)C(=O)C1,0
HIVSUB-03803,Cc1ccc(S(=O)(=O)NN=C2CCC(C(C)(C)C)CC2Br)cc1,0
HIVSUB-03804,Cc1ccccc1S(=O)(=O)N1CCN(S(=O)(=O)c2ccccc2C)CC1,0
HIVSUB-03805,NS(=O)(=O)c1ccc(-c2c3ccc(n3)c(-c3ccc(S(N)(=O)=O)cc3)c3ccc([nH]3)c(-c3ccc(S(N)(=O)=O)cc3)c3ccc(n3)c(-c3ccc(S(N)(=O)=O)cc3)c3ccc2[nH]3)cc1,0
HIVSUB-03806,COC(=O)Nc1nc2cc(C(=O)C3CC3)ccc2[nH]1,0
HIVSUB-03807,C=CCNC(=O)CN(CC(=O)O)C1CCCCC1N(CC(=O)O)CC(=O)O,0
HIVSUB-03808,C#CCn1c2c(c3ccccc3c1=O)C(=O)c1ccccc1-2,0
HIVSUB-03809,CC1(C)SCc2nc3ccccc3n21,0
HIVSUB-03810,COc1cc2nncc(Sc3cnnc4ccccc34)c2cc1OC,0
HIVSUB-03811,COc1ccc(C2=CC(=Cc3ccc(N(CCC#N)CCC#N)cc3)C(=O)O2)cc1,0
HIVSUB-03812,CC(C)C1CC(CO)(CNc2cc(Cl)nc(N)n2)C1,0
HIVSUB-03813,Cc1nc2[nH]ccn2c(=O)c1CCCl,0
HIVSUB-03814,N#CC(=CN1CCNC1=S)c1nc2ccccc2s1,0
HIVSUB-03815,CC(=O)c1sc2c(c1OC(=O)c1ccc(Cl)cc1)c(=O)n(-c1ccccc1)c(=S)n2-c1ccccc1,0
HIVSUB-03816,O=C(Nc1cc(S(=O)(=O)O)cc2cc(S(=O)(=O)O)c(N=Nc3cc(Nc4nc(Cl)nc(Nc5ccc(S(=O)(=O)O)cc5)n4)ccc3S(=O)(=O)O)c(O)c12)c1ccccc1.[NaH],0
HIVSUB-03817,CSc1nnc(COc2ccc(Cl)cc2)o1,0
HIVSUB-03818,CCOC(=O)C(NCc1ccccc1)(NC(=O)c1ccccc1)C(F)(F)F,0
HIVSUB-03819,CC(=O)c1c(O)cc(O)c(-c2c(C)cc(O)c3c2C(=O)c2cccc(O)c2C3=O)c1O,0
HIVSUB-03820,COc1cccc2c1[OH+][Ni-2]1([O+]=C2)[O+]=Cc2cccc(OC)c2[OH+]1,0
HIVSUB-03821,O=C(NCCCN(CCCCN(CCCNC(=O)c1cc(S(=O)(=O)O)cc(O)c1O)C(=O)c1cc(S(=O)(=O)O)cc(O)c1O)C(=O)c1cc(S(=O)(=O)O)cc(O)c1O)c1cc(S(=O)(=O)O)cc(O)c1O,0
HIVSUB-03822,COc1ccc2[nH]c3c([N+](=O)[O-])ccc(NCCCN(C)C)c3c(=NCCCN(C)C)c2c1,0
HIVSUB-03823,O=C(O)CCC(NC(=O)c1ccc(Oc2nc3ccccc3nc2C(=O)O)cc1)C(=O)O,0
HIVSUB-03824,CC(O)C(NC(=O)C(CCCN)NC(=O)C(CC(O)CNC(=N)N)NC(=O)C(N)CCCNC(=N)N)C(=O)NC(CCCN)C(=O)NC(CC(O)CNC(=N)N)C(=O)NC(Cc1ccc(O)cc1)C(=O)O.CC(O)C(NC(=O)C(CCCN)NC(=O)C(CC(O)CNC(=N)N)NC(=O)C(N)CCCNC(=N)N)C(=O)NC(CCCN)C(=O)NC(CCCCN)C(=O)NC(Cc1ccc(O)cc1)C(=O)O,0
HIVSUB-03825,COc1cc(-c2cc(OC)c(OC)c3ccc(Br)cc23)c2cc(Br)ccc2c1OC,0
HIVSUB-03826,CC1(C)C2CCC1(C)C(OC(=O)NNC(=O)OC1CC3CCC1(C)C3(C)C)C2,0
HIVSUB-03827,CCN(C(=O)NC(C(=O)NC(C)C(=O)OC)C(C)C)c1ccccc1,0
HIVSUB-03828,Cl.N=C(N)SCc1ccc2c(c1)S(=O)(=O)c1ccccc1O2,0
HIVSUB-03829,N#CC(C#N)=Cc1cccc(Br)c1,0
HIVSUB-03830,O=C(Nc1cccc(O)c1)C(=O)C1C(=O)NC(=S)NC1=O,0
HIVSUB-03831,CC(=O)NC1C(=O)N(c2ccccc2)C1c1ccccc1,0
HIVSUB-03832,CC1(C)OC2C(=O)OC(CO)C2O1,0
HIVSUB-03833,O=[N+]([O-])c1c(Br)cc(Br)c2c1Nc1c(ccc(Cl)c1Cl)S2,0
HIVSUB-03834,Cc1ccc(OCC2OC(n3cnc4nc(Cl)nc(Cl)c43)CC2Oc2ccc(C)cc2)cc1,0
HIVSUB-03835,COc1ccc(C(=O)C=Cc2ccc(OCCCCCCCCCCOc3ccc(C=CC(=O)c4ccc(OC)c(OC)c4)cc3)cc2)c(OC)c1,0
HIVSUB-03836,Cc1c2c(c(C)c3c1[OH+][Re+](C#[O+])(C#[O+])(C#[O+])([PH](c1ccccc1)(c1ccccc1)c1ccccc1)[OH+]3)OCO2,0
HIVSUB-03837,Cc1ccc(S(=O)(=O)C(CC(=O)N2CCCC2)C(=O)c2ccccc2)cc1,0
HIVSUB-03838,O=C(NNc1cnnc(O)c1Cl)C(=Cc1ccc2c(c1)OCO2)NC(=O)c1ccccc1,0
HIVSUB-03839,CCOC(=O)C1=NN(c2ccccc2)C(=O)C1=Cn1ccc(=O)[nH]c1=S,0
HIVSUB-03840,CC(CN(C)C)OC(=O)c1cc2ccccc2n1-c1ccccc1.Cl,0
HIVSUB-03841,N#CC(C#N)=Cc1ccc(F)cc1,0
HIVSUB-03842,O=C1C2C(C(=O)N1c1ccccc1)C1c3ccccc3C2C2C(=O)N(c3ccccc3)C(=O)C21,0
HIVSUB-03843,O=S(=O)([O-])[OH+][Fe-2]12Oc3c(Cl)cc(Cl)cc3C=[N+]1[N-]c1cccc[n+]12,0
HIVSUB-03844,Cl.OCC1OC(n2cnc(C3=NCC(O)CN3)n2)C(O)C1O,0
HIVSUB-03845,C=CCNC(=S)NC=C1C(=O)Oc2ccccc2C1=O,0
HIVSUB-03846,COc1ccc(NC(=O)C(=O)C(C(=O)c2ccccc2)C2OC(=O)c3ccccc32)c([N+](=O)[O-])c1,0
HIVSUB-03847,CN1CN(c2ccccc2)C2(CCN(CCc3csc4ccccc34)CC2)C1=O,0
HIVSUB-03848,Nc1nc(Cl)cc(NCC2(CO)CCCCC2)n1,0
HIVSUB-03849,CC(C)(SSC(C)(C)C(N)C(=O)O)C(N)C(=O)O,0
HIVSUB-03850,COc1ccc(-c2nnc(CCCCCCCCc3nnc(-c4ccc(OC)cc4)n3N)n2N)cc1,0
HIVSUB-03851,CCCCC1C(=O)N2C=C(c3ccccc3)c3ccccc3N2C1=O,0
HIVSUB-03852,CC1OC(=O)N2CCCC(=C3SCCCS3)C12,0
HIVSUB-03853,O=C(Nc1cccnc1)c1ccccc1[Se][Se]c1ccccc1C(=O)Nc1cccnc1,1
HIVSUB-03854,Cc1cccc(C2ON=C(c3ccccc3)N2C23CC4CC(CC(C4)C2)C3)c1,0
HIVSUB-03855,CCCCCCCCCCCCCCCCOCC(COC1OC(CS(=O)(=O)O)C(O)C(O)C1O)OCCCCCCCCCCCCCCCC.[NaH],0
HIVSUB-03856,N[Co-4](N)(N)(N)(N)N.[Br-],0
HIVSUB-03857,N#CC(=N)c1ncn(-c2ccc(N)cc2)c1N,0
HIVSUB-03858,CCCC(=O)NC(Cc1cc(I)c(O)c(I)c1)C(=O)NCCCNCCCCNCCCNC(=O)C(N)CCCNC(=N)N.O=C(O)C(F)(F)F,0
HIVSUB-03859,COc1cc2oc(-c3ccc(O)cc3)cc(=O)c2c(OC)c1O,0
HIVSUB-03860,O=c1cc(CO)oc(C(O)c2ccccc2)c1O,0
HIVSUB-03861,CCOC(=O)c1sc2c(sc(=O)n2-c2ccccc2)c1O,0
HIVSUB-03862,Oc1cccc2nc3cc(CN4CCOCC4)c(CN4CCOCC4)cc3nc12,0
HIVSUB-03863,CN(N=Cc1ccnc2ccccc12)c1ccc([N+](=O)[O-])cc1,0
HIVSUB-03864,CC1(C)OCC(C2OC3OC(C)(C)OC3C2=O)O1,0
HIVSUB-03865,O=S(=O)(F)c1cc(C[PH](c2ccccc2)(c2ccccc2)c2ccccc2)ccc1Cl,0
HIVSUB-03866,O=c1cc(-c2ccccc2)oc2c(-c3cc(Cl)cc4c(=O)cc(-c5ccccc5)oc34)cc(Cl)cc12,0
HIVSUB-03867,O=C1CCC2(CCC(=O)NC2=O)C(=O)N1,0
HIVSUB-03868,O=C1c2ccccc2C(=O)N1CCC[PH](c1ccccc1)(c1ccccc1)c1ccccc1,0
HIVSUB-03869,OC1C(Br)CC2(OC(COCc3ccccc3)C(COCc3ccccc3)O2)C1O,0
HIVSUB-03870,Cc1c(C(=O)CC(=O)C(=O)Nc2ccc(Cl)cc2)[n+]([O-])c2ccccc2[n+]1[O-],0
HIVSUB-03871,CCOC(=O)C1CCC(=O)N1C(=O)c1ccccc1,0
HIVSUB-03872,O=C(CN1CCCC1=O)CS(=O)(=O)c1ccccc1,0
HIVSUB-03873,c1ccc(C(NC2CCCCC2NCCNC2CCCCC2NC(c2ccccc2)(c2ccccc2)c2ccccc2)(c2ccccc2)c2ccccc2)cc1,0
HIVSUB-03874,COc1ccc2c(c1)[nH]c1c3ccc(OC)cc3oc(=O)c21,0
HIVSUB-03875,Nc1c(N=Nc2ccc(-c3ccc(N=Nc4c(S(=O)(=O)O)cc5cc(S(=O)(=O)O)c(N=Nc6ccccc6)c(O)c5c4N)cc3)cc2)ccc2c(S(=O)(=O)O)cccc12,0
HIVSUB-03876,CC(C)CN(CC(C)C)C(=O)C(Br)C(Br)C(=O)O,0
HIVSUB-03877,Clc1ccc(-c2c(C3=NCCCN3)nnn2-c2ccc(Cl)cc2)cc1,0
HIVSUB-03878,O=C1CN(c2cccc(Cl)c2)C(=O)CN1CCN1CC(=O)N(c2cccc(Cl)c2)CC1=O,0
HIVSUB-03879,CN(C)c1ccc(C=C2CCc3ccccc3C2=O)cc1Br,0
HIVSUB-03880,CCN(CC)C(C)C(=O)Nc1cccc(Cl)c1C,0
HIVSUB-03881,CCN(CC)CCn1c(C)nc2c1C(=O)c1nc(C)n(CCN(CC)CC)c1C2=O,0
HIVSUB-03882,CC1SC2=NC3=C(c4ccccc4C3=O)C(c3ccc(F)cc3)N2C1=O,0
HIVSUB-03883,CCCCCCCCCCCCCC=CC(OC(=O)c1ccccc1)C(CO)N=[N+]=[N-],0
HIVSUB-03884,C[Si](C)(C)C1(Sc2ccccc2)SCCCS1,0
HIVSUB-03885,CC1CCCc2c(-c3ccc(Cl)cc3)nc(N)c(C#N)c21,0
HIVSUB-03886,COc1ccc2ccccc2c1Br,0
HIVSUB-03887,Cc1nc2c(=S)n(C)ncc2[nH]1,0
HIVSUB-03888,Cc1cc2c(O)nnc(N)c2c(N)n1,0
HIVSUB-03889,Cc1ccc2nc(-c3ccc(N=Nc4cc(S(=O)(=O)O)c5ccccc5c4O)cc3)sc2c1S(=O)(=O)O,0
HIVSUB-03890,COc1ccc2c(c1)C(=O)CC=C(C(=O)O)N2,0
HIVSUB-03891,COc1ccc(C2(O)CCCCC2)cc1,0
HIVSUB-03892,CCOC(=O)C(Cc1c(-c2[nH]c3ccccc3c2CC(NC(=O)CNC(C)=O)C(=O)OCC)[nH]c2ccccc12)NC(=O)CNC(C)=O,0
HIVSUB-03893,CC=C(CCCCOC1CCCCO1)[Si](C)(C)C,0
HIVSUB-03894,O=Cc1c2c(cc3c1CC1(C3)Cc3cc4c(c(C=O)c3C1)CCC4)CCC2,0
HIVSUB-03895,COc1cc2c3c(c1)[nH]c(=S)n3C(=O)CS2,0
HIVSUB-03896,O=C1CCC2COC(c3ccccc3)N12,0
HIVSUB-03897,CN(CCSCC(N)C(=O)O)CCSCC(N)C(=O)O,0
HIVSUB-03898,NS(=O)(=O)c1nnc(NS(=O)(=O)c2ccc(Cl)cc2)s1,0
HIVSUB-03899,CC(C)(C)OC(=O)NC1CCCC1O,0
HIVSUB-03900,COc1nc(N2CCNCC2)nc2c1CCCC2.O=C(O)C=CC(=O)O,0
HIVSUB-03901,CC1OC(OC2C(O)COC(OC3C(C)OC(OC4C(OC(=O)C56CCC(C)(C)CC5C5=CCC7C8(C)CC(O)C(OC9OC(CO)C(O)C(O)C9O)C(C)(CO)C8CCC7(C)C5(C)CC6)OCC(O)C4O)C(O)C3O)C2O)C(O)C(O)C1O,0
HIVSUB-03902,Cc1cc(S(=O)(=O)Nc2nc(Nc3ccccc3)n[nH]2)c(SCC(=O)O)cc1Cl,0
HIVSUB-03903,CC=C(C(=O)OC)C1CC2OC(=O)C1(C=O)C13CCNC21N(C)c1ccccc13,0
HIVSUB-03904,CC(C)(C)c1cc2c(O)c(c1)C(c1ccccc1)c1cc(C(C)(C)C)cc(c1O)Cc1cc(C(C)(C)C)cc(c1O)C(c1ccccc1)c1cc(C(C)(C)C)cc(c1O)C2,0
HIVSUB-03905,COP(=O)(NN=CC(=O)O)OC,0
HIVSUB-03906,CC1(C)CC(=O)C(=CNC(=S)NCCc2ccccc2)C(=O)C1,0
HIVSUB-03907,COc1cccc(C2=NC(C(C)C)CO2)c1OC,0
HIVSUB-03908,COc1ccc2nc(CC(C)C)c3c(c2c1)-c1ccccc1C3=O,0
HIVSUB-03909,CCCCCCCCCCCc1c(O)c(=O)c2c(oc3c(=O)c(CCCCCCCCCCC)c(O)c(=O)c3n2-c2ccc(N(C)C)cc2)c1=O,0
HIVSUB-03910,CCCCCCCCCCCCCCCCCCNc1nc(=O)n(C2CC(OC(C)=O)C(COP(=O)(O)OCC3CCC(n4ccc(NC(=O)CCCCCCCCCCCCCCC)nc4=O)O3)O2)cc1F,1
HIVSUB-03911,Cc1c(C(=O)O)c(O)cc2c1C(=O)c1c(O)c(OC3OC(CO)C(O)C(O)C3O)c(O)c(O)c1C2=O,1
HIVSUB-03912,CN(C)C(=S)SSC(=S)SSC(=S)N(C)C,0
HIVSUB-03913,CCC(=O)NS(=NS(=O)(=O)c1ccccc1)C(Cl)(Cl)Cl,0
HIVSUB-03914,Cc1ccc2c3c(c(=O)oc2c1)C(C)CC(C)(CO)O3,0
HIVSUB-03915,CC1OC(OC2C3C=COC(OC4OC(CO)C(O)C(O)C4O)C3C3(COC(=O)C=Cc4ccc(O)cc4)OC23)C(O)C(O)C1O,0
HIVSUB-03916,CCOC(=O)C1SC(=Nc2ccc(OC)c(OC)c2)N=C1C,0
HIVSUB-03917,C=C(C)CCCC(C)C1CCC2(C)C3CCC4C(C)(C)C(O)CCC45CC35CCC12C,0
HIVSUB-03918,CCOS(=O)(=O)c1ccc(-c2c3ccc(n3)c(-c3ccc(S(=O)(=O)OCC)cc3)c3ccc([nH]3)c(-c3ccc(S(=O)(=O)OCC)cc3)c3ccc(n3)c(-c3ccc(S(=O)(=O)OCC)cc3)c3ccc2[nH]3)cc1,0
HIVSUB-03919,CON=Cc1c2c(O)c3c(O)c(C)c4c(c3c1O)C(=O)C(C)(OC=CC(OC)C(C)C(OC(C)=O)C(C)C(O)C(C)C(O)C(C)C=CC=C(C)C(=O)N2)O4,0
HIVSUB-03920,Cc1ccc(S(=O)CC(CF)OCn2cc(C)c(=O)[nH]c2=O)cc1,0
HIVSUB-03921,CCCCCCCCCCOCC(COCCOCC(COCCCCCCCCCC)OS(=O)(=O)O)OS(=O)(=O)O.[NaH],0
HIVSUB-03922,C=CCC12CC(C=CC13OCCO3)OC(=O)C2C,0
HIVSUB-03923,COc1ccc(N2C(=O)C3c4[nH]c5ccc(C)cc5c4C4CCC(c5ccccc5)CC4C3C2=O)cc1,0
HIVSUB-03924,CCN(CC)C(=O)COc1cc2c(O)c3c(O)c(C)c4c(c13)C(=O)C(C)(OC=CC(OC)C(C)C(OC(C)=O)C(C)C(O)C(C)C(O)C(C)C=CC=C(C)C(=O)N2)O4,0
HIVSUB-03925,COC(=O)CN1C(=O)C2(C(=O)OC)OC1(c1ccc([N+](=O)[O-])cc1)C1C(=O)N(c3ccccc3)C(=O)C12,0
HIVSUB-03926,CCN(CCCc1ccccc1)CCCc1ccccc1.O=C(O)CC(O)(CC(=O)O)C(=O)O,0
HIVSUB-03927,COc1cc(CNC2c3cc4c(cc3C(c3cc(OC)c(OC)c(OC)c3)C3C(=O)OCC23)OCO4)cc(OC)c1OC,0
HIVSUB-03928,CC(=O)c1ccc(Cc2ccc(C(C)=O)s2)s1,0
HIVSUB-03929,O=C1CC(O)c2c(Cl)sc(Cl)c21,0
HIVSUB-03930,O=[N+]([O-])c1ccc(OCc2nnc(CCCCCCCCc3nnc(COc4ccc([N+](=O)[O-])cc4)o3)o2)cc1,0
HIVSUB-03931,CCOC(=O)C(=CC=CNCCc1c[nH]c2ccccc12)C(=O)OCC,0
HIVSUB-03932,CC(C)=CCC12Cc3ccc(O)cc3C(C(C)CN1)C2C,0
HIVSUB-03933,CCCCCC1OC(=O)C(=C2CCC(CCCC)O2)C(=O)C1O,0
HIVSUB-03934,COC(=O)C(C)(NC(=O)C(CC(=O)OC(C)(C)C)NC(=O)OC(C)(C)C)c1ccccc1,0
HIVSUB-03935,O=C(C=Cc1ccccc1)CC1OC(=O)c2ccccc21,0
HIVSUB-03936,CCN(CC)CCn1c2cc3c(cc2c(=O)c2cccnc21)OCO3.Cl,0
HIVSUB-03937,COC(=N)C(C#N)=NC1OCC(O)C(O)C1O,0
HIVSUB-03938,COc1cc(C)c2c(=O)c3c(oc2c1)C(=O)c1c(OC)c(OC)cc(OC)c1C3=O,0
HIVSUB-03939,CC1CNC(NS(=O)(=O)c2cc(C(=O)Nc3ccccc3)c(Cl)cc2S)=NN1,0
HIVSUB-03940,CC(C)=CCCC(C)C1=C(N)C(=O)C(C)=C(O)C1=O,0
HIVSUB-03941,BrCCC[PH](c1ccccc1)(c1ccccc1)c1ccccc1,0
HIVSUB-03942,O=c1[nH]c2ncsc2c(=O)n1O,0
HIVSUB-03943,CCOC(=O)C1=C(Nc2cccc3ccccc23)OCC1=O,0
HIVSUB-03944,Cn1c2ccccc2c2ccc3c(c21)C(=O)C(c1ccccc1)=CC3=O,0
HIVSUB-03945,Cc1c(-c2cc3n(n2)C(c2cccs2)C(C#N)=C(c2ccccc2)N3)c(=O)n(-c2ccccc2)n1C,0
HIVSUB-03946,CN(C)C1C(O)=C(C(=O)NCNc2nc(O)c3[nH]nnc3n2)C(=O)C2(O)C(O)=C3C(=O)c4c(O)cccc4C(C)(O)C3CC12,0
HIVSUB-03947,COc1ccc(C2=Nc3ccccc3SC(C)C2)cc1,0
HIVSUB-03948,CC(C)(C)CC(C)(C)c1ccc(OCCOCC[N+](C)(C)Cc2ccccc2)cc1,0
HIVSUB-03949,S=C(SSC(=S)N1CCOCC1)N1CCOCC1,0
HIVSUB-03950,CC(=NNC(=S)N1CC2CCC(CC2)C1)c1cccc(C)n1,0
HIVSUB-03951,COc1ccccc1NC(=O)CC(=O)N1N=C(C)C(N=Nc2ccc(C(=O)O)cc2)C1=O,0
HIVSUB-03952,Cc1ccc(S(=O)(=O)N(C)C)cc1NC1=NCCO1,0
HIVSUB-03953,NNC(=O)C(=Cc1cccc([N+](=O)[O-])c1)NC(=O)c1ccccc1,0
HIVSUB-03954,O=c1oc2ccccc2cc1F,0
HIVSUB-03955,N#CCc1nc(O)c2ccccc2n1,1
HIVSUB-03956,[N-]=[N+]=CC(=O)OCC1SCCCS1,0
HIVSUB-03957,CCOC(=O)C=C1CCC(C)n2c1nccc2=O,0
HIVSUB-03958,Cn1nc(-c2ccccc2)c2c(C=Cc3ccccc3)onc2c1=O,0
HIVSUB-03959,CC(=O)O.COc1cc(C)cc2c(-c3c(O)cc(O)c4c3CC(C)NC4C)cc(-c3cc(-c4c(O)cc(O)c5c4CC(C)NC5C)c4cc(C)cc(OC)c4c3O)c(O)c12,1
HIVSUB-03960,Cc1c(C)c2c(c(N)c1C#N)C(=O)N(CCc1ccccc1)C2=O,0
HIVSUB-03961,CCOC(=O)C(C(=O)OCC)C(C(=O)OCC)C(=O)OCC,0
HIVSUB-03962,O=C1CCCC1(CCSc1ccccc1)C(CCCl)Sc1ccccc1,0
HIVSUB-03963,CCC(C(=O)c1ccc(OC)c(OC)c1)N(C(=O)C(F)(F)F)C(C)c1ccccc1,0
HIVSUB-03964,CC12CCC3C(CCC4=CC(=O)C=CC43C)C1CCC(=O)O2,0
HIVSUB-03965,[N-]=[N+]=Nc1c(-c2ccccc2)c(Cl)nc2ccccc12,0
HIVSUB-03966,ClCc1ccc2ccc3ccc(CCl)nc3c2n1,0
HIVSUB-03967,COc1cc2c(cc1OC)C(Cc1cc(Br)c(OC)c(OC)c1)=[N+](C)CC2.[I-],0
HIVSUB-03968,Cc1ccc(SCC2(C(F)F)NC(=O)NC2=O)cc1,0
HIVSUB-03969,O=c1cc(-c2ccccc2)oc2cc(OCC(O)COc3ccc4c(=O)cc(-c5ccccc5)oc4c3)ccc12,0
HIVSUB-03970,O=C(Cc1csc2[n+]1C(=O)C(=Cc1cccc([N+](=O)[O-])c1)S2)Nc1ccccc1.[Br-],0
HIVSUB-03971,O=Nc1c(-c2ccccc2)nc2cnccn12,0
HIVSUB-03972,C=CC1(C)CC2(C=C(CO)C(O)O2)Oc2c1c(=O)oc1cccc(C)c21,0
HIVSUB-03973,COC(=O)C(C(=O)Cc1ccccc1[N+](=O)[O-])C(=O)OC,0
HIVSUB-03974,O=C1C2CC(O)CN2C(=O)c2ccccc2N1CCCO,0
HIVSUB-03975,N#CC1(C#N)C2C=CC(c3coc4cccc2c34)C1(C#N)C#N,0
HIVSUB-03976,O=C(NCCCCCCO)c1cccc2cc3ccccc3nc12,0
HIVSUB-03977,COC(=O)C12C3C4C1C1C2C3C41I,0
HIVSUB-03978,CCOC(=O)C1OC1C1CCCc2ccccc21,0
HIVSUB-03979,O=C1CCC2(c3ccc(F)cc3)Nc3ncncc3N12,0
HIVSUB-03980,CC1CN1SSN1CC1C,0
HIVSUB-03981,C=CC=CNC(=O)OCc1ccccc1,0
HIVSUB-03982,Cn1cnc([N+](=O)[O-])c1Sc1nnnn1-c1ccccc1,0
HIVSUB-03983,CSC(=NC(=O)c1ccccc1Cl)SCCSC(=NC(=O)c1ccccc1Cl)SC,0
HIVSUB-03984,CC1=CC(=O)C(=CNC(=S)Nc2ccc(S(N)(=O)=O)cc2)C(=O)O1,0
HIVSUB-03985,COC(=O)C1C=CC(C)n2c(=O)c3cc4ccccc4cc3c(=O)n21,0
HIVSUB-03986,Cl[Pd-4]12([S+]=c3nc[nH]c4[nH]cnc34)([S+]=C3N=CNc4[nH]c[n+]1c43)[S+]=C1N=CNc3[nH]c[n+]2c31,0
HIVSUB-03987,CN(C)c1nc(N(C)C)nc(N(C)CN(C)c2ccccc2)n1,0
HIVSUB-03988,CC1(C)OC2CC3CC(OC3=O)C2O1,0
HIVSUB-03989,Oc1nc(NCc2ccncc2)nc2[nH]cnc12,0
HIVSUB-03990,C=CCCNCCC=C[Si](C)(C)C,0
HIVSUB-03991,COc1cc(N=Nc2ccc(S(=O)(=O)O)cc2)c(C)cc1N=Nc1cc(S(=O)(=O)O)c(NC(=O)c2ccc(N)cc2)cc1NC(C)=O,1
HIVSUB-03992,N#Cc1ccccc1NC(=O)C(=O)C(C(=O)c1ccncc1)C1OC(=O)c2ccccc21,0
HIVSUB-03993,Cn1c(=O)cc(CC(=O)O)c2ccccc21,0
HIVSUB-03994,O=C(NC(=Cc1ccc(Cl)cc1)c1nc2ccccc2[nH]1)c1ccccc1,0
HIVSUB-03995,CC1CN=C(N(C(=O)Nc2ccccc2)C2CCCCC2)S1,0
HIVSUB-03996,Cn1cc(NC(=O)Nc2cc(C(=O)Nc3cc(C(=O)Nc4cc(C(=O)Nc5ccc(P(=O)(O)O)c6cc(P(=O)(O)O)ccc56)n(C)c4)n(C)c3)n(C)c2)cc1C(=O)Nc1cc(C(=O)Nc2cc(C(=O)Nc3ccc(P(=O)(O)O)c4cc(P(=O)(O)O)ccc34)n(C)c2)n(C)c1.[NaH],1
HIVSUB-03997,CN1CCCC1CCNc1nc(Nc2ccc(Cl)c(Cl)c2)nc2ccc(Cl)cc12,0
HIVSUB-03998,COc1ccc2nc3cccc([N+](=O)[O-])c3c(NCCCO)c2c1,0
HIVSUB-03999,N=C1NC2=c3ccccc3=C(c3cnccn3)C2(c2cnccn2)c2ccccc21,0
HIVSUB-04000,O=P(O)(CN1CCN(CP(=O)(O)c2ccccc2)CCN(CP(=O)(O)c2ccccc2)CC1)c1ccccc1,0
HIVSUB-04001,CC(=NNS(=O)(=O)c1ccc(C)cc1)C(CN1CCCCC1)C(c1ccccc1)c1c(O)c2ccccc2oc1=O.Cl,0
HIVSUB-04002,CC(C)(C)c1ccc(Br)c(CCC(=O)NO)c1,0
HIVSUB-04003,CN(CCO)c1nc(N)cc(O)n1,0
HIVSUB-04004,Cc1ccsc1C=NNc1ncccn1,0
HIVSUB-04005,CC(C)c1cccc(C(C)C)c1NC(=O)C(=O)C(C(=O)c1ccc2ccccc2c1)C1OC(=O)c2ccccc21,0
HIVSUB-04006,N#CC1(C#N)C2CCC=C(Sc3ccccc3)C21,0
HIVSUB-04007,CS(=O)(=O)OCCN(CCOS(C)(=O)=O)c1ccc(C=Nc2ccc3oc(=O)ccc3c2)cc1,0
HIVSUB-04008,CC12C(=CC(=O)CC1SCCS(=O)(=O)O)C(C#N)=C(N)N2c1ccc(Cl)c(Cl)c1.[NaH],1
HIVSUB-04009,Cc1nc2ccc(S(=O)(=O)Nc3ccc(Cl)cc3)cc2c(=O)n1NC(=O)CNc1ccc(Cl)cc1,0
HIVSUB-04010,C=CC(C#CC#CCCCCCCC)O[Si](C)(C)C(C)(C)C,0
HIVSUB-04011,CCCCCCCCOC1C(O)C(O)C(O)C(O)C12CO2,0
HIVSUB-04012,CC(SC(=S)Nc1cccc(F)c1)C(=O)O,0
HIVSUB-04013,CC1(C)CC(=NO)c2c(nc3ccc4ccccc4c3c2-c2ccc(Cl)cc2)C1,0
HIVSUB-04014,O=C1OCN(c2ccccc2)C12CCN(Cc1ccccc1)CC2,0
HIVSUB-04015,CC(C)NCC(O)COC(=O)c1cccs1.Cl,0
HIVSUB-04016,CCc1oc2ccc(OC)c3ccccc1c23,0
HIVSUB-04017,CNC(=O)OCc1cnc([N+](=O)[O-])n1C,0
HIVSUB-04018,Cc1c(C)c2cc3c(cc2oc1=O)OCC3,0
HIVSUB-04019,Nc1nc(Cl)cc(NCC2(CO)CC(O)C2)n1,0
HIVSUB-04020,O=C1OC(c2ccccc2)=NC1=Cc1ccco1,0
HIVSUB-04021,O=C(O)c1nc2cc(C(F)(F)F)ccc2nc1Nc1ccc(F)cc1,0
HIVSUB-04022,O=c1oc2ccccc2c(O)c1C(c1ccc(C=Cc2ccccc2)cc1)c1c(O)c2ccccc2oc1=O,0
HIVSUB-04023,Cc1c([N+](=O)[O-])c(=O)oc2ccc3c(=O)ccoc3c12,0
HIVSUB-04024,CNC(=O)CNC(=O)CCC(=O)N(C)C,0
HIVSUB-04025,CC1(C)C=C(N2CCN(C3=CC(C)(C)NC(C)(C)C3)CC2)CC(C)(C)N1,0
HIVSUB-04026,C=C1C(=O)OC2CC3(C)OC3CCC(C)=CC(OC(C)=O)C12,0
HIVSUB-04027,Cn1c(=O)c2sc3cc4c(cc3c2c2ccccc21)sc1c(=O)n(C)c2ccccc2c14,0
HIVSUB-04028,COc1ccc(C(c2c(O)c3ccccc3oc2=O)c2c(O)c3ccccc3oc2=O)cc1,0
HIVSUB-04029,Cc1c(CN2CCN(C)CC2)c(CN2CCN(C)CC2)c(C)n1-c1ccc(Cl)cc1,0
HIVSUB-04030,COc1ccc(-n2nc(C)cc(N)c2=O)cc1,0
HIVSUB-04031,Nc1nc(O)cc(NNc2ccc(Cl)c(Cl)c2)n1,0
HIVSUB-04032,CC(C)CCCC(C)C1CCC2C3CCC4CC(CCC=C(c5cc(F)c(O)c(C(=O)O)c5)c5cc(F)c(O)c(C(=O)O)c5)CCC4(C)C3CCC12C.N,1
HIVSUB-04033,Oc1nnc(Nc2ccccc2)c2nnn(C3CCCCC3)c12,0
HIVSUB-04034,CCOC(=O)C(=[N+]=[N-])C(=O)CN1C(=O)C2CC(C)=C(C)CC2C1O,0
HIVSUB-04035,O=[N+]([O-])c1cc(C(F)(F)F)cc([N+](=O)[O-])c1CCl,0
HIVSUB-04036,COc1ccc(C2CC(C)=Nc3c(O)nc(S)nc3N2)cc1,0
HIVSUB-04037,CC1=NC(=Cc2ccc(Br)cc2)C(=O)O1,0
HIVSUB-04038,CC(O)C1NC(=O)C(CCCCN)NC(=O)C(Cc2c[nH]c3ccccc23)NC(=O)C(Cc2ccccc2)NC(=O)C2CCCC2NC(=O)C(Cc2ccccc2)NC1=O.O=C(O)C(F)(F)F,0
HIVSUB-04039,Cc1ccc(C)c(N2C(=O)C(=O)C(c3nc4ccccc4s3)C(=NN)C2=O)c1,0
HIVSUB-04040,CC(C)C(Cl)=NOC(=O)Nc1ccc(F)c(Cl)c1,0
HIVSUB-04041,N#Cc1c(N)oc(-c2cccc([N+](=O)[O-])c2)c1C#N,0
HIVSUB-04042,Oc1cc(N=Nc2ccc(Cl)cc2)nc(O)n1,0
HIVSUB-04043,CCc1nc(N)nc(N)c1-c1ccc(Cl)c(N=NN(C)C)c1,0
HIVSUB-04044,O=C(NC1C=CCC2C(=O)N(c3ccccc3)C(=O)C12)OCc1ccccc1,0
HIVSUB-04045,COc1cc2ccnc(-c3c4ccccc4c(N)c4c(OC)c(OC)ccc34)c2cc1OC,0
HIVSUB-04046,O=C1C(S(=O)(=O)c2ccccc2)=C(CS(=O)(=O)c2ccccc2)C(OCc2ccccc2)C1OCc1ccccc1,0
HIVSUB-04047,Cn1nc2c(c1N)Cc1c(nn(C)c1N)-c1ccccc1-2,0
HIVSUB-04048,c1cncc(C2c3[nH]c4ccccc4c3CCN2CCN2CCCCC2)c1,0
HIVSUB-04049,CC1(CCC#N)CCC(=N)C=C1O,0
HIVSUB-04050,CCCc1cc(-c2ccc(-c3cc(CCC)c(C=O)[nH]3)s2)[nH]c1C=O,0
HIVSUB-04051,CCOC(=O)c1c(NC(=O)c2cccs2)sc2c1CCC2,0
HIVSUB-04052,[N-]=[N+]=CC(=O)OC(CCl)CCl,0
HIVSUB-04053,CC(C)(C)C1CCC2c3c([nH]c4ccccc34)C3C(=O)N(c4ccc(C(=O)O)cc4)C(=O)C3C2C1,0
HIVSUB-04054,CCOC(=O)c1cc(Br)c(-c2onc(C)c2Br)[nH]1,0
HIVSUB-04055,Brc1ccccc1C1SCc2nc3ncccc3n21,0
HIVSUB-04056,CC1=NNC(=O)C1,0
HIVSUB-04057,CC1CC(=Cc2ccc(O)c(O)c2)C(=O)C(=Cc2ccc(O)c(O)c2)C1,0
HIVSUB-04058,Cc1ccccc1NC(=O)C(=O)CC(=O)c1c(C)[n+]([O-])c2ccccc2[n+]1[O-],0
HIVSUB-04059,O=C1CSC(c2ccccc2[N+](=O)[O-])N1c1ccc(-c2ccc(-n3c(-c4ccccc4)nc4ccccc4c3=O)cc2)cc1,0
HIVSUB-04060,O=C(CCN1CCCC(O)C1COC(=O)C(O)(c1ccccc1)c1ccccc1)NCc1ccccc1,0
HIVSUB-04061,Cc1cc(O)c2c(=O)c3ccccc3[nH]c2c1,0
HIVSUB-04062,COC(=O)C1SCC2C(=O)N(c3ccccc3)C(=O)N21,0
HIVSUB-04063,CCCCNC(=O)Nc1c(C(N)=O)c2n(c1C(=O)OCC)CCCCC2,0
HIVSUB-04064,Cc1ccc(NC(=S)NN=C(c2ccccc2)c2ccccn2)cc1,0
HIVSUB-04065,Nc1ccc(S(=O)(=O)Nc2nccs2)cc1,0
HIVSUB-04066,c1ccc(COCC2OC3c4ccccc4COC3C2OCc2ccccc2)cc1,0
HIVSUB-04067,O=C1OC2CSCC2O1,0
HIVSUB-04068,Oc1c(Br)ccc2cccnc12,0
HIVSUB-04069,CC(C)N(C(=O)C12C3C4C5(C#N)C3C1(C#N)C5C42I)C(C)C,0
HIVSUB-04070,CC(C(=O)O)c1ccc(C(=O)c2cccs2)cc1,0
HIVSUB-04071,Cc1cn(C2CC(Br)C(COC(c3ccccc3)(c3ccccc3)c3ccccc3)O2)c(=O)[nH]c1=O,0
HIVSUB-04072,Cc1cc(N(CCC#N)CCC#N)ccc1C=C1N=C(C=Cc2ccccc2)N(c2ccc(C(=O)O)cc2)C1=O,0
HIVSUB-04073,Cc1cc(CSc2ssc(=S)c2-c2ccccc2)c(CSc2ssc(=S)c2-c2ccccc2)cc1C,0
HIVSUB-04074,O=Nc1ccc(O)c(N=O)c1O,1
HIVSUB-04075,Oc1ncnc2c1sc(=S)n2-c1ccccc1,0
HIVSUB-04076,C=C(C)COC(=O)COCC(=O)OCC(=C)C,0
HIVSUB-04077,c1ccc(C2=C(c3ccccc3)P(c3ccccc3)C2)cc1,0
HIVSUB-04078,COc1ccc2oc(=N)c(C(N)=S)cc2c1,0
HIVSUB-04079,O=C(O)CCCCCCCc1cc(O)ccc1[N+](=O)[O-],0
HIVSUB-04080,Cc1ccc(C=C2CN(C)CC3C(c4ccc(C)cc4)=C(C#N)C(=O)NC23)cc1,0
HIVSUB-04081,CCC(=S)N(C)O,0
HIVSUB-04082,CC(=O)NC(=CC=CCC=O)SC12CC3CC(CC(C3)C1)C2,0
HIVSUB-04083,C=CCOCn1cnc2c(O)nc(N)nc21,0
HIVSUB-04084,COc1cccc(CN2CC(C)N(N=Cc3c4c(O)c5c(O)c(C)c6c(c5c3O)C(=O)C(C)(OC=CC(OC)C(C)C(OC(C)=O)C(C)C(O)C(C)C(O)C(C)C=CC=C(C)C(=O)N4)O6)C(C)C2)c1,0
HIVSUB-04085,CN(N=Cc1cccc2cccnc12)c1ccc(Cl)cc1[N+](=O)[O-],0
HIVSUB-04086,CC(C)(C)C(=O)C=Cc1cccc(C#N)c1,0
HIVSUB-04087,C=C(C)C(O)(C(=O)OC1C2CCN(CC2)C1C)c1ccccc1,0
HIVSUB-04088,COC(C(O)c1ccc2c(c1)OCO2)P(=O)(c1ccccc1)c1ccccc1,0
HIVSUB-04089,O=C(NCc1ccccc1)c1nn[nH]c1O.[NaH],0
HIVSUB-04090,CC(=NN)C(C)=NN=C(C)C(C)=NN=C(C)C(C)=NN,0
HIVSUB-04091,COc1ccc(C(=O)N2CCc3c([nH]c4ccccc34)C2C(=O)O)o1,0
HIVSUB-04092,O=C(NC(=Cc1ccc([N+](=O)[O-])cc1)c1nc2c(O)nc(S)nc2[nH]1)c1ccccc1,0
HIVSUB-04093,CCCC1OP(N)(=O)OCC1CC,0
HIVSUB-04094,CCc1cccc2c3c([nH]c12)C(CC)(CC(=O)O)OCC3,0
HIVSUB-04095,CC(=NNC(=S)NC1CCCC1)c1ccccn1,0
HIVSUB-04096,CC(=O)Nc1ccc(S(=O)(=O)n2oc(=O)c(-c3ccccc3)c2N)cc1,0
HIVSUB-04097,CN1CCC(CNC(=O)CCCCCCCCC(=O)NCC2(c3ccccc3)CCN(C)CC2)(c2ccccc2)CC1,1
HIVSUB-04098,O=c1cc(-c2ccccc2)oc2cc(OCCCOc3ccc4c(=O)cc(-c5ccccc5)oc4c3)ccc12,0
HIVSUB-04099,COc1cc2c(cc1OC)C(C(CO)CO)N(CC(O)CCl)CC2,0
HIVSUB-04100,O=C1OC(c2ccccc2)=NC1=Cc1ccc2c(c1)OCO2,0
HIVSUB-04101,O=C1c2ccccc2C(=O)c2sc(Nc3cc(Cl)ccc3Cl)nc21,0
HIVSUB-04102,CCOC(=O)c1cc(C2CCN(Cc3ccccc3)C2=O)c(C(=O)C(=[N+]=[N-])C(C)=O)[nH]1,0
HIVSUB-04103,N#CC(=Cc1cc(O)c(O)c(O)c1)C(=O)NCCCNC(=O)C(C#N)=Cc1cc(O)c(O)c(O)c1,0
HIVSUB-04104,Cc1c(COC(=O)NC(C)C)c(COC(=O)NC(C)C)c2n1CS(=O)(=O)C2,0
HIVSUB-04105,S=C(NN=Cc1ccccn1)N(Cc1ccccn1)Cc1ccccn1,0
HIVSUB-04106,FC1(F)ON2CCc3ccccc3C2C1c1ccccc1,0
HIVSUB-04107,O=C(O)C(=Cc1ccc(-c2ccccc2)cc1)C(=O)O,0
HIVSUB-04108,N#CCCC1(CCC#N)CCCCCCCCC(CCC#N)(CCC#N)C(=O)C1=O,0
HIVSUB-04109,Cn1c(-c2ccccc2)cc(-c2ccc3c(c2)OCO3)c1-c1cccs1,0
HIVSUB-04110,CCOC(=O)C1(C(=O)OCC)CC=C(C)CC12C(=O)Nc1ccccc12,0
HIVSUB-04111,O=C(Nc1nc2ccc([N+](=O)[O-])cc2s1)C(=O)C(C1OC(=O)c2ccccc21)[N+](=O)[O-],0
HIVSUB-04112,COc1ccc2c3c(c(C(=O)O)oc13)CCC2,0
HIVSUB-04113,CCOC(=O)C(C)(C)Oc1ccc2c(C)c(-c3ccc(Cl)cc3)c(=O)oc2c1,0
HIVSUB-04114,NC(=O)C(=CNC(=S)Nc1ccc(S(=O)(=O)Nc2ccccn2)cc1)C(N)=O,0
HIVSUB-04115,CCOC(=O)c1c(NS(=O)(=O)c2ccc(C)cc2)sc(C)c1C,0
HIVSUB-04116,O=C(O)c1ccc([N+](=O)[O-])c2cc3cnccc3nc12,0
HIVSUB-04117,N=C1NCCC1(c1ccccc1)c1ccccn1,0
HIVSUB-04118,Cc1cc(=O)n2nc(CN3CCCCC3)sc2n1,0
HIVSUB-04119,Cc1ccc(N=NC(=NNC(=O)c2cc(Cl)ccc2O)c2ccc(N(CCC#N)CCC#N)cc2C)cc1,0
HIVSUB-04120,O=c1cnn(C2OC(CO)C(F)C2F)c(=O)[nH]1,0
HIVSUB-04121,O=C(O)C(Cc1ccccc1)NC(=O)C1CCCN1C(=O)OCc1ccccc1,0
HIVSUB-04122,C[n+]1c2ccccc2n2c3ccccc3c(NCCc3ccccn3)c(C#N)c21.Cc1ccc(S(=O)(=O)[O-])cc1,0
HIVSUB-04123,C=CCCCCCCCC(O)C1CC(O)C(CCCCC)O1,0
HIVSUB-04124,COC(=O)C1CCC(=O)NCCCCC(NC(=O)OCc2ccccc2)C(=O)N1,0
HIVSUB-04125,O=C(CCC(=O)C(C(=O)c1ccccc1)c1ccccc1)Nc1cccc(C(F)(F)F)c1,0
HIVSUB-04126,Cl.N#CC(=C1CCN(Cc2ccccc2)CC1)c1ccccc1,0
HIVSUB-04127,C=CCC1C(O[Si](C)(C)C(C)(C)C)C(CO[Si](C)(C)C(C)(C)C)OC1n1ccc(=O)[nH]c1=O,0
HIVSUB-04128,Cc1ccc(NCCCN2CCN(CCCNc3ccc(C)c4sc5ccccc5c(=O)c34)CC2)c2c(=O)c3ccccc3sc12,0
HIVSUB-04129,N#CC1=C(N)OC(c2ccc([N+](=O)[O-])cc2)C1(C#N)C#N,0
HIVSUB-04130,C#Cc1cc(CN(CC(=O)OC(C)(C)C)CC(=O)OC(C)(C)C)nc(CN(CC(=O)OC(C)(C)C)CC(=O)OC(C)(C)C)c1,0
HIVSUB-04131,CC1OC(n2cc(F)c(=O)[nH]c2=O)C=CC1=O,0
HIVSUB-04132,CCCCOC(=S)SSC(=S)OCCCC,0
HIVSUB-04133,O=C(C=Cc1ccc(Cl)cc1)C=C1SCCS1,0
HIVSUB-04134,N#CC(=Cc1ccc(F)cc1)c1nc(-c2cc3ccccc3oc2=O)cs1,0
HIVSUB-04135,Cc1cc(C(F)(F)F)cc(-n2[nH]c(NS(=O)(=O)c3cc(C)c(Cl)cc3S)nc2=N)n1,0
HIVSUB-04136,Cc1cn(CC2=NCC(C)(C)CN2)c(=O)[nH]c1=O.Cl,0
HIVSUB-04137,C=CCc1cc2c(cc1COCOCCOCCOCCCC)OCO2,0
HIVSUB-04138,COc1cccc(C2c3cc4c(cc3OC(N3CCCC3)C2C)OCO4)c1,0
HIVSUB-04139,O=C1NC(=O)C(CCSSCCC2NC(=O)NC2=O)N1,0
HIVSUB-04140,[Cl-].[O+]#C[Ru-4]12(C#[O+])(C#[O+])[PH](c3ccccc3)(CC[PH]1(c1ccccc1)c1ccccc1)CC[PH]2(c1ccccc1)c1ccccc1,0
HIVSUB-04141,Cc1ccc2[nH]c(-c3ccccc3Cl)nc2c1,0
HIVSUB-04142,CCOC(=O)C(=O)CC1=NC2CCCCC2N(C)C1=O,0
HIVSUB-04143,O=C1CSC(c2ccccc2O)N1c1ccc(-c2ccc(-n3c(-c4ccccc4)nc4ccccc4c3=O)cc2)cc1,0
HIVSUB-04144,COc1cc(C(=O)c2cocc2C(=O)c2ccc3c(c2)OCO3)cc(OC)c1OC,0
HIVSUB-04145,CC1CCCC(C)N1Cc1cccnc1,0
HIVSUB-04146,CCCOC(=O)c1cc(OC(C)=O)c2c(OC)ccc(OC)c2c1,1
HIVSUB-04147,Cc1ccc([B-]23OCC[N+]2(CNC(=O)C2=C(O)C(N(C)C)C4CC5C(=C(O)C4(O)C2=O)C(=O)c2c(O)cccc2C5(C)O)CCO3)cc1,0
HIVSUB-04148,CCOC(=O)CSc1c(C(=O)OCC)c(=O)n(-c2ccccc2)c(=S)n1-c1ccccc1,0
HIVSUB-04149,O=C1c2cc(Cc3ccccc3)c(=O)c(Cc3ccccc3)cc2C(=O)c2cc(Cc3ccccc3)c(=O)c(Cc3ccccc3)cc21,0
HIVSUB-04150,CC(=O)N(CN1C(=O)CCC1C(=O)O)c1ccccc1Cl,0
HIVSUB-04151,CN(C)c1ccc(C(Cc2ccccc2)C2NC(=S)NC2=O)cc1,0
HIVSUB-04152,Cc1ccc(C=CCO)cc1,0
HIVSUB-04153,CCOC(=O)c1sc(=N)[nH]c1N1CCCC1,0
HIVSUB-04154,Cc1ccnc(NC(=S)Nc2ccccc2Cl)c1,0
HIVSUB-04155,CCN1OC(C)(C)C2CCC(C)CC21,0
HIVSUB-04156,Cc1c2c(n(CCc3ccccc3)c1C)N(C)N=C(C#N)S2(=O)=O,0
HIVSUB-04157,N#Cc1[nH]c(=O)n(-c2cccc3ccccc23)c1N,0
HIVSUB-04158,COc1cc2c3c(c1OC)C(=NOS(=O)(=O)c1ccc(C)cc1)CC3N(S(=O)(=O)c1ccc(C)cc1)CC2,0
HIVSUB-04159,CNC(=S)NN=C(C)c1cc(OC)ccc1O,0
HIVSUB-04160,S=C(NCCc1ccccn1)NN=C(c1ccccc1)c1ccccn1,0
HIVSUB-04161,COCn1c(=O)n(C)c(=O)c2c1nc1c(c(=O)n(C)c(=O)n1COC)[n+]2[O-],0
HIVSUB-04162,CCOC(=O)C(C#N)=Cc1cccc(F)c1,0
HIVSUB-04163,O=C1C(=Cc2ccc(OCc3ccccc3)cc2)CCCC1=Cc1ccc(OCc2ccccc2)cc1,0
HIVSUB-04164,Oc1nc2ccccc2c2oc3ccccc3c12,0
HIVSUB-04165,O=C(O)CCCc1ccc2c(c1)CC1(C2)Cc2cc3c(cc2C1)CCCC3,0
HIVSUB-04166,CC(C)OP(=O)(OC(C)C)C(C)(C)O,0
HIVSUB-04167,NC1CCCCC1.O=C(CP(=O)(O)O)NC(CC(=O)OCc1ccccc1)C(=O)OCc1ccccc1,0
HIVSUB-04168,CC(C)=CC1CCc2ccccc2N1S(=O)(=O)c1ccc(C)cc1,0
HIVSUB-04169,O=C(c1c(F)c(F)c(F)c(F)c1F)n1c(=S)n(C(=O)c2c(F)c(F)c(F)c(F)c2F)c2ccccc21,0
HIVSUB-04170,CCOP(OCC)SSCn1nc2ccc3ccccc3n2c1=O,0
HIVSUB-04171,O=C(CCCN1CCC2(CC1)C(NC1CCCCC1)=NC(=O)N2c1ccccc1)c1ccc(F)cc1,0
HIVSUB-04172,O=C(Nn1c(-c2ccccc2)nc2ccccc2c1=O)c1ccccn1,0
HIVSUB-04173,c1ccc2c(c1)[nH]c1cnc3c4ncccc4[nH]c3c12,0
HIVSUB-04174,OCC(CO)CC1COc2ccccc2O1,0
HIVSUB-04175,COc1ccc(-c2nc(N)c(C#N)c3c2CCS(=O)(=O)c2ccc(C)cc2-3)cc1OC,0
HIVSUB-04176,N=c1c2c(-c3ccccc3)c[nH]c2ncn1N,0
HIVSUB-04177,COC(=O)C(=O)C(C(=O)C(=O)Nc1ccc(F)cc1)c1nc2ccc([N+](=O)[O-])cc2nc1O,0
HIVSUB-04178,O=C(O)C1=C(Cl)c2ccccc2S1(=O)=O,0
HIVSUB-04179,O=S1c2ccccc2SCSc2ccccc21,0
HIVSUB-04180,CCCc1cc(=O)oc2c3c(cc(OS(=O)(=O)c4ccc(C)cc4)c12)OC(C)C(C)C3=O,0
HIVSUB-04181,COc1cc2cc(c1Cl)N(C)C(=O)CC(OC(=O)C(C)N(C)C(C)=O)C1(C)OC1C(C)C1CC(O)(NC(=O)O1)C(OC)C=CC=C(C)C2,0
HIVSUB-04182,CNC1C(OC2C(OC3C(O)C(O)C(NC(=N)N)C(O)C3NC(=N)N)OC(C)C2(O)CO)OC(CO)C(O)C1O.O=S(=O)(O)O,0
HIVSUB-04183,CC(=O)O.Nc1nc(O)nc2nc3c(nc12)-c1cccc2cccc-3c12.O=S(=O)(O)O,0
HIVSUB-04184,CCCCCCCCCCCCSCC12c3ccccc3C(c3ccccc31)C(C(=O)O)C2C(=O)O,0
HIVSUB-04185,CCOC(=O)C1C(=O)CC(O)(OCC)C(C(=O)OCC)C1c1ccc(OC)cc1,0
HIVSUB-04186,O=C(Oc1ccc(OC(Oc2ccccc2)c2ccccc2)cc1)c1ccccc1,0
HIVSUB-04187,C[n+]1c(COc2ccc(C=NNC(=O)c3cccc(C(=O)NN=Cc4ccc(OCc5cn6ccccc6[n+]5C)cc4)c3)cc2)cn2ccccc21.Cc1ccc(S(=O)(=O)O)cc1,0
HIVSUB-04188,Cc1cc(-c2ccc(N=Nc3c(S(=O)(=O)O)cc4cc(S(=O)(=O)O)cc(N)c4c3O)c(C)c2)ccc1N=Nc1c(S(=O)(=O)O)cc2cc(S(=O)(=O)O)cc(N)c2c1O,1
HIVSUB-04189,Cc1ccc([PH](Cc2ccccc2)(c2ccccc2)c2ccccc2)cc1,0
HIVSUB-04190,N#Cc1cc2cccn2c2c1cnn2-c1ccccc1,0
HIVSUB-04191,CCOc1cnn(-c2ccccc2)c(=O)c1SCc1ccc(Cl)c(Cl)c1,0
HIVSUB-04192,C=CCNc1nc2c(N)ncnc2s1,0
HIVSUB-04193,Cc1cc(NS(=O)(=O)c2ccc(Nc3c4ccccc4nc4ccc(C(=O)Nc5ccc(S(=O)(=O)NC(=N)N)cc5)cc34)cc2)no1,0
HIVSUB-04194,O=S1c2ccccc2N=C(c2ccc(Cl)cc2)CC1c1cccs1,0
HIVSUB-04195,COc1c(Cl)cc(C(=CCC(=O)NC2CCC3(C)C(CCC4C3CCC3(C)C(C(C)CCCC(C)C)CCC43)C2)c2cc(Cl)c(OC)c(C(=O)O)c2)cc1C(=O)O.N,0
HIVSUB-04196,CN(C)C1C(O)=C(C(=O)NCNC(CCS(C)=O)C(=O)O)C(=O)C2(O)C(O)=C3C(=O)c4c(O)cccc4C(C)(O)C3CC12,0
HIVSUB-04197,COC(=O)C1=CC2OC13CC1CCC3(C2=O)C1(C)C,0
HIVSUB-04198,COc1ccc(C(=O)CCC2(C)OCCO2)cc1OC,0
HIVSUB-04199,O=c1c2cc(Br)ccc2[nH]c(=S)n1-c1ccccc1,0
HIVSUB-04200,O=C1Nc2ccccc2Oc2ccccc21,1
HIVSUB-04201,O=C(O)CCCc1ccc(N(CCCl)CCCl)cc1,0
HIVSUB-04202,Cc1ccc(S(=O)(=O)c2c(N)n(CCN(C)C)c3nc4ccccc4nc23)cc1,0
HIVSUB-04203,Oc1ccc(C=Nc2nccs2)c(O)c1,0
HIVSUB-04204,N#Cc1cc2c(n(NS(=O)(=O)c3ccccc3)c1=O)CCCCC2,0
HIVSUB-04205,Oc1ccc([Te]CCNCC[Te]c2ccc(O)cc2)cc1,0
HIVSUB-04206,CC(=O)OC1CCC2(C)C(=CCC3C2CCC2(C)C(c4ncc(C)s4)CCC32)C1,0
HIVSUB-04207,COc1ccc(NC(=O)C(=O)C(CC2C(=O)NC(=S)NC2=O)C(=O)c2ccc3ccccc3c2)c([N+](=O)[O-])c1,0
HIVSUB-04208,COc1ccc(-c2cc(-c3ccco3)c(C#N)c(=O)n2C2OC(COC(C)=O)C(OC(C)=O)C(OC(C)=O)C2OC(C)=O)cc1,0
HIVSUB-04209,Cc1ccc(C(C#N)=Cc2cccc([N+](=O)[O-])c2)cc1,0
HIVSUB-04210,CC(C)=CCNc1ncnc2c1ncn2CCC(=O)O,0
HIVSUB-04211,CN(c1ccc(C=Cc2ccccc2)cc1)P1(=O)NCCCO1,0
HIVSUB-04212,CC(=O)C(=Cc1cccc(Br)c1)C(C)=O,0
HIVSUB-04213,O=C(CC(C(=O)c1ccsc1)c1ccccc1)c1ccccc1,0
HIVSUB-04214,CC12CC3C(CC1SCC(=O)O2)C3(C)C,0
HIVSUB-04215,O=C1[OH+][Pt-2]2(NC3CCCCC3N2)[OH+]C1=O,0
HIVSUB-04216,COc1cc2c(cc1OC)C1CC3(CC4c5cc(OC)c(OC)cc5CCN4CC3CO)C(CO)CN1CC2,0
HIVSUB-04217,O=C1c2ccccc2C(=O)c2c(NCCOCCO)ccc(NCCOCCO)c21,0
HIVSUB-04218,Cc1cccc2c1CC(C1OC(=O)c3ccccc31)C2=O,0
HIVSUB-04219,Oc1ccccc1C=Nc1ccccc1N=Cc1ccccc1O,0
HIVSUB-04220,Cn1c(-c2ccccc2)cc(-c2cccs2)c1-c1ccsc1,0
HIVSUB-04221,O=C1NC(=O)C2C1C1C=C3c4ccccc4N(c4ccccc4)C32C2C(=O)NC(=O)C12,0
HIVSUB-04222,COP(=O)(OC)C(=Cc1c[nH]cn1)NC=O,0
HIVSUB-04223,CN(C)c1ccc(C=C2CCCCCC2=O)cc1,0
HIVSUB-04224,FC(F)(F)c1ccccc1C=NC12CC3CC(CC(C3)C1)C2,0
HIVSUB-04225,O=C(CC1C(=O)Nc2ccccc2S1=O)Nc1cccc(Cl)c1,0
HIVSUB-04226,O=C(c1ccccc1)c1c(-c2ccccc2)sc2nc3ccccc3nc12,0
HIVSUB-04227,c1cnc2nc3c4ccccc4c4ccccc4c3nc2c1,0
HIVSUB-04228,CCN(CC)CCS(=O)c1c2cc(OC)ccc2nc2ccc(OC)cc12,0
HIVSUB-04229,COc1cc(C2c3cccc4cccc(c34)C3CCC(=O)N32)cc(O)c1O,1
HIVSUB-04230,CCOC(=O)C(=Cc1ccc(N(C)C)cc1)C(C)=O,0
HIVSUB-04231,CCN1CC2(COC)CCC(O)C34C5CC6C(OC)CC(O)(C5C6O)C(O)(C(OC)C23)C14,0
HIVSUB-04232,O=C(Nc1cc2c(oc1=O)CCCCCC2)c1ccccc1,0
HIVSUB-04233,C=C(C)C1CC=C2C(O)CC(O)C(C)C2(C)C1,0
HIVSUB-04234,CC(C)(Oc1ccc2c(=O)cc(-c3ccc(Cl)cc3)oc2c1)C(=O)Nc1c(Cl)cccc1Cl,0
HIVSUB-04235,CC1(C)OC(=O)C(=Cc2ccc(F)cc2)C(=O)O1,0
HIVSUB-04236,CC(=O)Nc1ccc(-c2nnc(SCC(=O)Nc3cccc([N+](=O)[O-])c3)o2)cc1,0
HIVSUB-04237,O=S(=O)(O)c1cc(N=Nc2ccc(O)cc2O)ccc1C=Cc1ccc(N=Nc2ccc(O)cc2O)cc1S(=O)(=O)O.[NaH],1
HIVSUB-04238,CC(=NNC(=O)C(N)=O)C(CC(C(=O)Nc1ccccc1C)C(C)=NNC(=O)C(N)=O)C(=O)Nc1ccccc1C,0
HIVSUB-04239,Cc1ccc2c(c1CCCC(C)(C)O)C(=O)C(O)=C(C(C)C)C2=O,0
HIVSUB-04240,CN(C)NP(=O)(NN(C)C)NN(C)C,0
HIVSUB-04241,C=C1c2nc3ccccc3n2C=C(c2ccccc2)N1c1ccc(C)cc1,0
HIVSUB-04242,CSc1nc(C)cc(Nc2ccc(O)c(CN3CCCCC3)c2)n1,0
HIVSUB-04243,Cc1nnc(NN=C(C(=O)C(C#N)c2ccc(Cl)cc2)C(C#N)c2ccc(Cl)cc2)n1N,0
HIVSUB-04244,Cc1nnc(N)nc1C=Cc1cccs1,0
HIVSUB-04245,C=CCNC(=S)NC=C(C#N)C(=O)OC,0
HIVSUB-04246,CC(NNC(=O)c1ccncc1)c1ccc(F)cc1,0
HIVSUB-04247,CC1=C(C(=O)Nc2cc(F)c(F)cc2F)C(c2ccc([N+](=O)[O-])cc2)C(C(=O)Nc2cc(F)c(F)cc2F)=C(C)N1,0
HIVSUB-04248,CCCCn1c(C)c2c(c1C)C(=O)N(CCN1CCN(c3ccccc3Cl)CC1)C2=O,0
HIVSUB-04249,CC1=NN(C(=O)CC(=O)Nc2cccc(Cl)c2)C(=O)C1N=Nc1ccc(S(=O)(=O)c2ccc(N=NC3C(=O)N(C(=O)CC(=O)Nc4cccc(Cl)c4)N=C3C)cc2)cc1,0
HIVSUB-04250,CC1(Br)C2c3ccccc3C(c3ccccc32)C1(C)C(Cl)(Cl)Cl,0
HIVSUB-04251,C=C1CC2OC(=O)C(=C)C2C(O)C2C(=C)CCC12,0
HIVSUB-04252,COc1ccc2c(c1)C(=O)CC(c1ccccc1OC)O2,0
HIVSUB-04253,O=C1C=C(N2CCOCC2)c2cnccc2C1=O,0
HIVSUB-04254,[I-][Pd-2]([I-])([PH](N1CC1)(N1CC1)N1CC1)[PH](N1CC1)(N1CC1)N1CC1,0
HIVSUB-04255,C=CC(C)C1(C(=O)OC)CCCC12OCCO2,0
HIVSUB-04256,C1CN(c2nnc(N3CCC3)nn2)C1,0
HIVSUB-04257,COc1cc2c(c(OC)c1OC)-c1oncc1CC2,1
HIVSUB-04258,C=CC(C)(C)n1cc(C2=C(O)C(=O)C(c3c(CC=C(C)C)[nH]c4ccccc34)=C(O)C2=O)c2ccccc21,0
HIVSUB-04259,O=C1OCC=C1COC1OC(CO)C(O)C(O)C1O,0
HIVSUB-04260,OC1C2CCN(CC2)C1CNC12CC3CC(CC(C3)C1)C2,1
HIVSUB-04261,COc1ccc2[nH]c3c(c2c1)C(c1ccccc1)CC1C(=O)N(c2ccccc2)C(=O)C31,0
HIVSUB-04262,CC(=O)C(=[N+]=[N-])C(=O)N(C)CCC#N,0
HIVSUB-04263,CC=C(N=C=S)C(=O)OC1C(COC(C)=O)OC(C2(O)CC(=O)C(N)=C(C(=O)O)C2=O)C(O)C1OC1CC(OC)C(O)(C(C)OC(=O)C(C)CC)C(C)O1,0
HIVSUB-04264,CCOC(=O)CC(NC(=O)c1nc[nH]c1[N+](=O)[O-])C(=O)OCC,0
HIVSUB-04265,CSc1nnc([C-](C#N)C#N)nn1.[Na+],0
HIVSUB-04266,NC(Cc1c[nH]cn1)C(=O)NC(Cc1ccc(O)c(O)c1)C(=O)NCC(=O)NC=Cc1c[nH]c2cc(Br)ccc12,0
HIVSUB-04267,N#CC(NNC(=O)Cc1ccccc1)c1c(O)ccc2ccccc12,0
HIVSUB-04268,CCC(C)C(NC(=O)CNC(=O)CN)C(=O)NCC(=O)NCC(=O)O,0
HIVSUB-04269,O=[N+]([O-])c1ccc(C2=NOC(c3ccccc3)N2C23CC4CC(CC(C4)C2)C3)cc1,0
HIVSUB-04270,CCCCN1C(=O)C2c3[nH]c4ccccc4c3C3CCCCC3C2C1=O.CCCCN1C(=O)C2c3[nH]c4ccccc4c3C3CCCCC3C2C1=O,0
HIVSUB-04271,Cc1ccc(N=Nc2c(O)c(S(=O)(=O)O)cc3cc(S(=O)(=O)O)ccc23)c(C)c1,0
HIVSUB-04272,O=[N+]([O-])c1ccc(C2=NOC3COC4C=CC=CC4OCC23)cc1,0
HIVSUB-04273,COC(=O)C(Cc1c(C2Nc3ccccc3C2CC(NC(C)=O)C(=O)OC)[nH]c2ccccc12)NC(C)=O,0
HIVSUB-04274,COc1c2occc2c(N=Cc2ccncc2)c2ccc(=O)oc12,0
HIVSUB-04275,Cc1cc(N(CCC#N)S(=O)(=O)c2ccccc2)ccc1C=C1N=C(c2ccc(Cl)cc2)OC1=O,0
HIVSUB-04276,Cc1occc1C(=S)Nc1ccc(Cl)c(C(=O)OCC(C)C)c1,1
HIVSUB-04277,Nc1nc(Cl)cc(NCC2(CO)CC(=O)C2)n1,0
HIVSUB-04278,O=C1C=CC(=O)c2nc(-c3ccccc3)c(-c3ccccc3)nc21,0
HIVSUB-04279,COc1ccccc1NC(=O)C(=CN1C(=O)CC(=O)NC1=S)C(C)=O,0
HIVSUB-04280,COC(=O)C(CC(=O)Nc1ccc(Cl)c(Cl)c1)C(=O)C(=O)NC1C2CC3CC(C2)CC1C3,0
HIVSUB-04281,NC12c3c4cccc3Oc3cccc(c31)Oc1cccc(c12)O4,0
HIVSUB-04282,CCOC(=O)C(NC(=O)CC)(Nc1ccc(S(=O)(=O)Nc2ccc(OC)nn2)cc1)C(F)(F)F,0
HIVSUB-04283,N=C(NNS(=O)(=O)c1ccccc1)C(F)(F)F,0
HIVSUB-04284,Cl.NC1CCCCC1NCCNC1CCCCC1N,0
HIVSUB-04285,O=C(C=Cc1ccccc1Cl)c1ccc(Cl)cc1Cl,0
HIVSUB-04286,NC1(CSS(=O)(=O)O)CCN1,0
HIVSUB-04287,COc1ccccc1NC(=S)Nc1cc(C)cc(C)n1,0
HIVSUB-04288,O=C1C(c2ccccc2)=[N+]([O-])c2ccccc21,0
HIVSUB-04289,COC1=CC(=O)C2C=C3C(CO)=CCC(O)C3(C)CC2C1=O,0
HIVSUB-04290,Sc1nc(Nc2ccc(Cl)cc2)c2c3c(sc2n1)CCCC3,1
HIVSUB-04291,Cc1cccc(N=Nc2c(C)nn(C(=O)CC(=O)Nc3ccccc3)c2C)c1,0
HIVSUB-04292,COc1c(Cl)nc2ccccc2c1N=[N+]=[N-],0
HIVSUB-04293,O=c1nc2sc3ccc4ccccc4c3n2nc1-c1ccccc1,0
HIVSUB-04294,CC(=O)OC1C(OC(=O)CC(C)(O)CC(=O)O)CC2(C)C3=C(CCC2C1(C)C)C1(C)CCC(C2CCC(C(C)(C)O)OC2O)C1(C)C(O)C3,0
HIVSUB-04295,O=C(O)C(Cc1ccc2c(c1)CCC2)(Cc1ccc2c(c1)CCC2)C(=O)O,0
HIVSUB-04296,CC(OC(C)(C)C)C(NC(=O)OCC(Cl)(Cl)Cl)C(=O)O,0
HIVSUB-04297,CC(C)N(CCCNc1c2ccccc2nc2cccc([N+](=O)[O-])c12)C(C)C.CS(=O)(=O)O,0
HIVSUB-04298,O=C1NCC2(CCNCC2)N1c1ccccc1,0
HIVSUB-04299,Clc1ccc(C2ON=C(c3ccccc3)N2C23CC4CC(CC(C4)C2)C3)cc1,0
HIVSUB-04300,CS(=O)(=O)CS(=O)(=O)OCCCl,0
HIVSUB-04301,CCC1(C)N(C)C(NC#N)=NP1(=O)O.N,0
HIVSUB-04302,CN1CN(c2ccccc2)C2(CCN(CCCSc3ccccc3NC(=O)C=Cc3ccccc3)CC2)C1=O.Cl,0
HIVSUB-04303,NNc1ncnc(NN)c1Br,0
HIVSUB-04304,Cc1c(NC(=O)Nc2ccc(F)cc2)c(=O)n(-c2ccccc2)n1C,0
HIVSUB-04305,N=C(NO)c1nsnc1C(=N)NO,0
HIVSUB-04306,Cc1ccc(S(=O)(=O)NC(=O)n2ccnc2C)cc1,0
HIVSUB-04307,COc1cccc(C=CC(=O)c2ccccc2)c1O,1
HIVSUB-04308,Br.C=CCn1c(-c2ccc(Cl)cc2)csc1=Nc1ccccc1OC,0
HIVSUB-04309,O=C(NN=Cc1ccc[nH]1)c1ccncc1,0
HIVSUB-04310,NS(=O)(=O)c1nnc(NC(=O)C23CC4CC(CC(C4)C2)C3)s1,0
HIVSUB-04311,CCN(CC)CCC(=O)c1ccc(OC)cc1.Cl,0
HIVSUB-04312,COc1ccc2nc3cccc([N+](=O)[O-])c3c(NCCNCCN(C)C)c2c1,0
HIVSUB-04313,CC(=O)OCC1OC(n2c3c(c(-c4ccc(Cl)cc4)c(C#N)c2=S)C(=O)CC(C)(C)C3)C(OC(C)=O)C(OC(C)=O)C1OC(C)=O,0
HIVSUB-04314,O=C(COc1ccc(OCC(=O)N2C(=O)CC(=O)N(c3ccc(Cl)cc3)C2=S)cc1)N1C(=O)CC(=O)N(c2ccc(Cl)cc2)C1=S,0
HIVSUB-04315,CC(C)N1C(C)C(c2ccccc2)OP1(=O)CC1=CCCCC1,0
HIVSUB-04316,O=C(Cc1nc2ccccc2c(=O)n1-c1ccccc1Cl)c1ccncc1,0
HIVSUB-04317,Cc1ncc([N+](=O)[O-])n1CCNC(=O)CCCn1cnc([N+](=O)[O-])n1,0
HIVSUB-04318,O=[N+]([O-])c1cccc(C2N3CCCCC3C3c4[nH]c5ccccc5c4CCN32)c1,0
HIVSUB-04319,O=C1CN2C(=O)Nc3ccccc3C2=N1,0
HIVSUB-04320,S=C(NCCSSCCNC(=S)Nc1ccccc1)Nc1ccccc1,0
HIVSUB-04321,Nc1ncnc2c1ncn2C1C(=O)C(CO)C1CO,0
HIVSUB-04322,COc1cccc(OC)c1NC(=O)C(=O)Nn1c(NNC(=O)c2ccncc2)nc2ccccc2c1=O,0
HIVSUB-04323,O=C1C=C(Nc2ccc([N+](=O)[O-])cc2)c2ccccc2C1=O,0
HIVSUB-04324,CC(=O)Nc1ccccc1S(=O)c1ccccc1,0
HIVSUB-04325,Cc1nnc2sc3ccccc3n12,0
HIVSUB-04326,O=c1c2c([nH]c3ccccc13)CSC2,0
HIVSUB-04327,CC(=NNC(N)=S)c1sc(-n2nc(-c3ccccc3)cc2-c2ccccc2)nc1C,0
HIVSUB-04328,CS(=O)CC1=NOC(c2ccccc2)C1c1ccccc1,0
HIVSUB-04329,CC(=O)c1c2c(cc3c1CCC3)CCC2,0
HIVSUB-04330,N#CNC1=NCOCN1,0
HIVSUB-04331,C=C(C)C12CC(C)C34OC(CCCCCCCCCCC)(OC1C3C1OC1(CO)C(O)C1(O)C(=O)C(C)=CC14C)O2,1
HIVSUB-04332,c1ccc([PH]2(c3ccccc3)CC[SH+][Ni-2]23[SH+]CC[PH]3(c2ccccc2)c2ccccc2)cc1,0
HIVSUB-04333,O=C(O)c1cnc2cc(O)ccc2c1O,0
HIVSUB-04334,O=[N+]([O-])C(=C(Sc1ccccc1)Sc1ccccc1)C(Cl)=C(Cl)Cl,0
HIVSUB-04335,C=C1CC2(CCS(=O)(=O)c3ccccc32)OC1=O,0
HIVSUB-04336,NC1=NS(=O)(O)=NC(N)=C1N=Nc1ccccc1,0
HIVSUB-04337,O=C(CCCN1CCC(n2c(=O)[nH]c3ccccc32)CC1)c1ccc(F)cc1,0
HIVSUB-04338,O=[N+]([O-])c1ccc2c(c1)c(OCc1ccccc1)nn2Cc1ccccc1,0
HIVSUB-04339,CC(C)OP(=O)(OC(C)C)C(=NNc1ccc([N+](=O)[O-])cc1)Nc1ccncc1,0
HIVSUB-04340,C[N+]1(C)CC[PH](c2ccccc2)(c2ccccc2)[Pd-2]12[N+](C)(C)CC[PH]2(c1ccccc1)c1ccccc1.[Cl-],0
HIVSUB-04341,CC1CC2(C)ON=C(c3ccccc3)N2c2ccccc2S1,0
HIVSUB-04342,Cl.O=C(CCCc1cccc2[nH]c3c(c12)CN(Cc1ccccc1)CC3)c1ccc(F)cc1,0
HIVSUB-04343,Cc1c(C(=O)O)c2cc3ccccc3cc2c(=O)n1C,0
HIVSUB-04344,C=C(C)C(C(=O)OC)N1C(=O)c2ccccc2C1=O,0
HIVSUB-04345,O=[N+]([O-])C(C=Nc1ccccc1)C=Nc1ccccc1,0
HIVSUB-04346,Cn1c(=O)n(C2(C)C[Se]C2)c2ccccc21,0
HIVSUB-04347,C=C(C)CNC1=C(C)C(=O)C2=C(C1=O)C(COC(N)=O)C1(OC)C3NC3CN21,0
HIVSUB-04348,CC1OC(OC2C(O)C(O)C(NC(=N)N)C(O)C2NC(=N)N)C(OC2OC(CO)C(O)C(O)C2N(C)N=O)C1(O)C=O,0
HIVSUB-04349,COc1ccc(N(C)Sc2ccccc2)cc1,0
HIVSUB-04350,C=C1CC(Cn2ccc(=O)[nH]c2=O)(c2ccc(OC)cc2)OC1=O,0
HIVSUB-04351,c1ccc([PH](CCC[PH](c2ccccc2)(c2ccccc2)c2ccccc2)(c2ccccc2)c2ccccc2)cc1,0
HIVSUB-04352,COC(=O)c1ccc(CCC2=CC(=O)C=CC2=O)cc1,0
HIVSUB-04353,Cc1ccc2cc(N)c3ccc(C)[n+]4c3c2[n+]1[Cu-3]41[n+]2c(C)ccc3cc(N)c4ccc(C)[n+]1c4c32.O=C1OC(C(O)C[O-])C(O)=C1O,0
HIVSUB-04354,CCN(CC)c1ccc2cc(S(=O)(=O)c3ccccc3)c(=O)oc2c1,0
HIVSUB-04355,NC(CCC(=O)NC(Cc1ccccc1)C(=O)NCP(=O)(O)O)C(=O)O,0
HIVSUB-04356,CC1(C)CC2C(O)C(CO)=C3CC(O)C3(C)C2C1,0
HIVSUB-04357,COC(=O)c1cc(=O)n(Cc2ccco2)c(=Nc2ccccc2)s1,0
HIVSUB-04358,O=C1c2ccccc2C(=O)c2c1ccc1c2[nH]c2ccccc21,0
HIVSUB-04359,CCCN(CCC)C(=S)S.[NaH],0
HIVSUB-04360,N#CC12CC=C(c3ccccc3)N=C1NC(c1ccccc1)=CC2,0
HIVSUB-04361,CC(C)(C)OC(=O)NC(Cc1ccc(OCc2ccccc2)cc1)C(=O)NC(COCc1ccccc1)C(=O)Oc1c(Cl)c(Cl)c(Cl)c(Cl)c1Cl,0
HIVSUB-04362,COC1C(O)CCC2(CO2)C1C1(C)OC1CC=C(C)C,0
HIVSUB-04363,CC1=CC2c3c([nH]c4ccccc34)C(c3c[nH]c4ccccc34)C2CC1,0
HIVSUB-04364,Nc1nc(N)c(-c2ccccc2)c(C(=O)Nc2nccs2)n1,0
HIVSUB-04365,Cc1ccc(S(=O)(=O)c2ccc([N+](=O)[O-])o2)cc1,0
HIVSUB-04366,CC(C)(Oc1ccc2c(=O)cc(-c3ccccc3)oc2c1)C(=O)N1CCN(c2ccccc2)CC1,0
HIVSUB-04367,Cc1nc(-n2nc(-c3ccccc3)cc2-c2ccccc2)sc1C(=O)C=Cc1cccc([N+](=O)[O-])c1,0
HIVSUB-04368,COc1cccc(N(CN2CC=CC2=O)C(C)=O)c1,0
HIVSUB-04369,CN(C)C(F)=PC(F)(F)F,0
HIVSUB-04370,CC(=O)Nc1ccc(C(=O)NN2C(=O)C(Cl)C2c2cc(Br)ccc2O)cc1,0
HIVSUB-04371,c1ccc(CC[PH](c2ccccc2)(c2ccccc2)c2ccccc2)cc1,0
HIVSUB-04372,COc1ccc(CCNCc2cccc(OC)c2OC)cc1OC,0
HIVSUB-04373,O=C1C2=C(c3ccccc31)C(c1ccc([N+](=O)[O-])cc1)NC(=S)N2,0
HIVSUB-04374,N#C[S-].N#C[SH+][Co-4]12([SH+]C#N)(NCCN1)NCCN2,0
HIVSUB-04375,COC1=CC(=O)C(O)=C(CC2(C)C(C)CCC3(C)C2CCCC3(C)C)C1=O,0
HIVSUB-04376,O=[N+]([O-])c1ccc(S(=O)(=O)NN=CC=Cc2ccccc2)cc1,0
HIVSUB-04377,CC(NC(=O)C1CCC(=O)N1)C(=O)N1CCCC1C(N)=O,0
HIVSUB-04378,O=c1[nH]c2ccccc2c(=O)n1N=Cc1ccc([N+](=O)[O-])cc1,0
HIVSUB-04379,Cc1cnc(C2CCC3C4CC=C5CC(O)CCC5(C)C4CCC23C)s1,0
HIVSUB-04380,COc1cc(C=C(C#N)C(N)=C(C#N)C#N)cc(O)c1O,0
HIVSUB-04381,CCOC(=O)CCCc1cc(O)c2c(C)c3[nH]c4ccc(Cl)cc4c3c(C)c2n1.CS(=O)(=O)O,0
HIVSUB-04382,C=CC(C)(C)C1Oc2cc(O)ccc2C(=O)C1c1ccc(OC)c(OC)c1O,0
HIVSUB-04383,COC(=O)C(CC(=O)c1c[nH]c2ccccc12)c1c[nH]c2ccccc12,0
HIVSUB-04384,CN(C)CCCNC(=O)CNC(=O)c1cc(NC(=O)c2cc(NC(=O)c3cc(NC(=O)CCNC(=O)c4cc(NC(=O)c5cc(NC(=O)c6nccn6C)cn5C)cn4C)cn3C)cn2C)cn1C.O=C(O)C(F)(F)F,0
HIVSUB-04385,CN(N)P(=O)(c1ccccc1)N(C)N,0
HIVSUB-04386,Cc1cc(C)c(C#N)c(SCC(=O)c2sc3c(C#N)c(C)cc(C)[n+]3c2O)n1,0
HIVSUB-04387,c1ccc2c(c1)c1ccccc1n2-n1c2ccccc2c2ccccc21,0
HIVSUB-04388,Cc1cn(C2CC(N=[N+]=[N-])C(CO)O2)c(=O)[nH]c1=O,1
HIVSUB-04389,CC(=CC1CC(C2CCC34CC23C=CC2C3(C)CC=C5CC(c6ccccc6)OCC5(C)C3CC(O)C24C)C(=O)O1)CO,0
HIVSUB-04390,COc1ccc(C=Cc2n[nH]c(=S)[nH]2)cc1,0
HIVSUB-04391,CCOc1ccc(NC(=S)NC=C(C#N)C#N)cc1,0
HIVSUB-04392,Cc1ccc(S(=O)(=O)NC(CCC(=O)NN)C(=O)NN)cc1,0
HIVSUB-04393,Cc1cc(O)ccc1C1(c2ccc(O)cc2C)OS(=O)(=O)c2ccccc21,0
HIVSUB-04394,CN1C(=O)c2ccccc2Cc2c(Cl)ncnc21,0
HIVSUB-04395,Cc1cccc2c1Oc1ncccc1C2NC(=O)CN(C)C,0
HIVSUB-04396,CCOC(=O)C(C(=S)NCc1ccccc1)=C(N)N1CCCC1,0
HIVSUB-04397,C1=CNc2ccccc2N=C1,0
HIVSUB-04398,Cc1cn2cc(-c3ccncc3)nc2s1,0
HIVSUB-04399,COc1ccc2c(=O)c(C)c(C=Cc3ccco3)oc2c1,0
HIVSUB-04400,CC1C(c2ccccc2)[OH+][B-](c2ccccc2)(c2ccccc2)[N+]1(C)C,0
HIVSUB-04401,O=C(O)c1ccccc1CC1Cc2ccccc2C1,0
HIVSUB-04402,O=C1CCC2(O1)c1ccc(O)cc1Oc1cc(O)ccc12,0
HIVSUB-04403,COC(O)C(=O)c1ccc2c(c1)CC1(C2)Cc2cc3c(cc2C1=O)CCC3,0
HIVSUB-04404,Sc1ccccc1N=Cc1ccc(C=Nc2ccccc2S)cc1,0
HIVSUB-04405,COC1=C(CC(C)=O)C(=O)c2c(O)c(CO)cc(O)c2C1=O,0
HIVSUB-04406,COC1=CC(C)=CC(C)C(O)C(C)CC(C)=CC=CC(OC)C(C(C)C(O)C(C)C2(O)CC(O)C(C)C(C(C)C)O2)OC1=O,0
HIVSUB-04407,Cn1ccc2nc(O)nc(S)c21,0
HIVSUB-04408,[O+]#C[Fe+]12(C#[O+])(C#[O+])[P-]3(c4ccccc4)c4ccccc4[P-]1(c1ccccc1)[Fe+]32(C#[O+])(C#[O+])C#[O+],0
HIVSUB-04409,CC(=O)Nc1ccc(N2C(=O)C(=Cc3cccc(Oc4ccccc4)c3)SC2c2ccccc2)cc1,0
HIVSUB-04410,Cc1cccnc1NC(=S)Nc1ccccc1Cl,0
HIVSUB-04411,O=c1c2cc([N+](=O)[O-])ccc2n2n1CCCC2,0
HIVSUB-04412,O=C(O)CCCCSCCCCC(=O)O,0
HIVSUB-04413,O=Nn1cc(-c2cc3ccccc3n2N=O)c2ccccc21,0
HIVSUB-04414,OC1(c2ccccc2)CSC2=Nc3ccccc3C3CCN1N23,0
HIVSUB-04415,CC(C)(C)c1cc(-c2c3ccc(n3)c(-c3cc(C(C)(C)C)cc(C(C)(C)C)c3)c3ccc([nH]3)c(-c3cc(C(C)(C)C)cc(C(C)(C)C)c3)c3ccc(n3)c(-c3cc(C(C)(C)C)cc(C(C)(C)C)c3)c3ccc2[nH]3)cc(C(C)(C)C)c1,0
HIVSUB-04416,Cc1cc(Cc2c(F)c(F)c(Cc3cc(C)no3)c(F)c2F)on1,0
HIVSUB-04417,CCN(CC)CCn1c(Cc2ccc(OC)cc2)nc2ccc(Cl)cc21.Cl,0
HIVSUB-04418,CCC[Sn](CCC)(OC(=O)c1cccnc1SC)O[Sn](CCC)(CCC)OC(=O)c1cccnc1SC,0
HIVSUB-04419,O=C(C=Cc1cccc2ccccc12)c1cccs1,0
HIVSUB-04420,COc1ccc2c(c1OC)Oc1c(OC)ccc3c1C(C2)N(C)CC3O,0
HIVSUB-04421,O=[N+]([O-])c1ccc(Cc2ccc([N+](=O)[O-])cc2)cc1,0
HIVSUB-04422,O=C(OC1=C(OC(=O)c2ccc(N=Nc3ccccc3)cc2)c2ccccc21)c1ccc(N=Nc2ccccc2)cc1,0
HIVSUB-04423,COc1ccccc1C=C(C#N)c1ccccc1,0
HIVSUB-04424,COc1cccc(C=C2C(=O)N(C(=O)Cc3ccccc3)N=C2C)c1,0
HIVSUB-04425,CCC(C#N)N(Cc1cccc(CN(C(C)=O)C(C#N)CC)c1)C(C)=O,0
HIVSUB-04426,O=C1C2ON=C(c3ccccc3[N+](=O)[O-])C2C(=O)N1c1ccc(Cc2ccc(N3C(=O)C4ON=C(c5ccccc5[N+](=O)[O-])C4C3=O)cc2)cc1,0
HIVSUB-04427,O=S(=O)(c1ccccc1)C1CC(c2ccccc2)N(c2ccccc2)O1,0
HIVSUB-04428,COC(=O)C(N)CSSCC(N)C(=O)OC.Cl,0
HIVSUB-04429,O=C1C2C(C(=O)N1c1ccc(Br)cc1)C1([N+](=O)[O-])C=C3c4ccccc4N(c4ccccc4)C32C2C(=O)N(c3ccc(Br)cc3)C(=O)C21,0
HIVSUB-04430,CCOC(=O)C1CSSCC(N)C(=O)N1,0
HIVSUB-04431,CC(C)N(C(=O)C12C3C4C1(I)C1C2C3(I)C41C(=O)N(C(C)C)C(C)C)C(C)C,0
HIVSUB-04432,Cc1c(CCCl)c(N=P(c2ccccc2)(c2ccccc2)c2ccccc2)n2c(nc3ccccc32)c1C#N,0
HIVSUB-04433,N#Cc1cnc(N)nc1NCC1(CO)CC(CCc2ccccc2)C1,0
HIVSUB-04434,Cc1ccc2c(c1)C(=O)C1(C2)Cc2ccc(C)cc2C1=O,0
HIVSUB-04435,O=C(SC1=NCCS1)SC1=NCCS1,0
HIVSUB-04436,CC(=O)c1c(O)cc2c(c1O)C1CC(C)(CCC1=C(C)C)O2,0
HIVSUB-04437,Cc1cc(S(=O)(=O)Nc2nc(N)nc(N(C)C)n2)c(SC(C(=O)O)c2ccccc2)cc1Cl,0
HIVSUB-04438,O=C(O)C(Cc1ccccc1)N1C(=O)NC(=Cc2ccc(F)cc2)C1=O,0
HIVSUB-04439,O=C1C2c3[nH]c4ccccc4c3C3CCCC3C2C(=O)N1c1ccccc1,0
HIVSUB-04440,Nc1c(-c2nc3ccccc3[nH]2)sc(=S)n1-c1ccc(Cl)cc1,0
HIVSUB-04441,N#CC1(C#N)C2C=CC(C3CCC=C32)C1(C#N)C#N,0
HIVSUB-04442,CCCOP(=S)(NC(=N)N)OCCC,0
HIVSUB-04443,CN(C)CCC=C1c2ccccc2Sc2ccc(Cl)cc21,0
HIVSUB-04444,Cc1ccccc1NC(=O)C1C(=O)N(c2ccccc2C)C(=O)C1=NN,0
HIVSUB-04445,CCCCN(CC)C(=O)C1=C(C)NC(C)=C(C(=O)N(CC)CCCC)C1,0
HIVSUB-04446,CCOC(=O)c1[nH]c2c(cc(C=O)c3ccccc32)c1C,0
HIVSUB-04447,CC(=O)Nc1ccc(C=C2NC(=S)N(C=C3C(=O)Oc4ccccc4C3=O)C2=O)cc1,0
HIVSUB-04448,CC(CCCOC(c1ccccc1)(c1ccccc1)c1ccccc1)OC(=O)Nc1cc([N+](=O)[O-])cc([N+](=O)[O-])c1,0
HIVSUB-04449,CCOP(=O)(OCC)C(C)(CC)NC(=N)NC#N,0
HIVSUB-04450,Cl.O=C(NCCc1ccccn1)c1ccc2cc(C(=O)N3CC(CCl)c4ccc([N+](=O)[O-])cc43)[nH]c2c1,0
HIVSUB-04451,CCCCCC[N+]1(C)CC2C3C=CC(C3)C2C1,0
HIVSUB-04452,OC1(c2ccccc2)CCCCCCCCC(O)(c2ccccc2)CCCCCCCC1,0
HIVSUB-04453,[O+]#C[Fe-3](C#[O+])(C#[O+])([PH]1(c2ccccc2)C2C=CC=CC1C=C2)[PH]1(c2ccccc2)C2C=CC=CC1C=C2,0
HIVSUB-04454,CCOc1ccc2nc3nc(O)nc(C)c3c(NCCCN(CC)CC)c2c1,0
HIVSUB-04455,Cc1ccc(NC(=O)C(CC(=O)c2sc(Nc3ccc(Cl)c(Cl)c3)nc2C)=NNc2ccc([N+](=O)[O-])cc2[N+](=O)[O-])c(C)c1,0
HIVSUB-04456,Nc1on[n+](-c2ccccc2)c1-c1ccccc1,0
HIVSUB-04457,O=C(Nc1nc2ccc([N+](=O)[O-])cc2s1)C(=O)C(C(=O)c1ccccc1F)C1OC(=O)c2ccccc21,0
HIVSUB-04458,CN1CCC2(CC1)SSC1(CCN(C)CC1)S2,0
HIVSUB-04459,N#CC(C(=O)C(=O)Nc1ccc(Cl)cc1)c1ccccc1,0
HIVSUB-04460,c1ccc2c(c1)[nH]c1nc3cc(-c4ccc5nc6c(nc5c4)[nH]c4ccccc46)ccc3nc12,0
HIVSUB-04461,CC(=O)OC12c3ccccc3C(c3ccccc31)C1C(=O)N(N=C(C)C)C(=O)C12,0
HIVSUB-04462,Cc1ccc(C)c(NC(=O)c2cc(-c3ccc([N+](=O)[O-])cc3)nc(N)n2)c1,0
HIVSUB-04463,Cc1cccc(C(O)c2ccccn2)c1O,0
HIVSUB-04464,CC(=O)OC1COC(OC2CC3(C)C4CC=C5C(C=C(O)CC5(C)C)C4(C)CCC3(C)C2C(C)(O)C(=O)C=CC(C)(C)O)C(OC(C)=O)C1O,0
HIVSUB-04465,O=Cc1cn(CCCCCCCCCCCCn2cc(C=O)c3ccccc32)c2ccccc12,0
HIVSUB-04466,CC(NC(=O)c1ccccc1)NC(=O)C(C)C(=O)Nc1ccccc1,0
HIVSUB-04467,CCOC(=O)C1=C(Nc2cccc3ccccc23)OCC1=NNC(=O)c1ccccc1O,0
HIVSUB-04468,Cc1cc(Nc2ccc(N=Nc3ccc(O)c4ncccc34)cc2)nc(C)n1,0
HIVSUB-04469,CC12N=NNC1C(=O)NC2=O,0
HIVSUB-04470,COc1cccc2c1[OH+][Pd-2]1(O)[O+]=C(c3ccccc3O)[N-][N+]1=C2,0
HIVSUB-04471,CN(C)N=C(SSC(=NN(C)C)C(F)(F)F)C(F)(F)F,0
HIVSUB-04472,Nc1ccc(S(=O)(=O)Nc2nc3ccccc3nc2N2CCCCCC2)cc1,0
HIVSUB-04473,CCOC(=O)c1c(N)ssc1=S,1
HIVSUB-04474,CCCCCCCCCCOCC(COCCOCC(COCCCCCCCCCC)OCCCS(=O)(=O)O)OCCCS(=O)(=O)O.[NaH],0
HIVSUB-04475,CC1(C)CSC(=S)N1,0
HIVSUB-04476,COc1ccccc1NC(=O)C(Cc1nc2ccc([N+](=O)[O-])cc2nc1O)=NNC(=O)C[N+](C)(C)C.[Cl-],0
HIVSUB-04477,CCC(C)C(NC(=O)C(N)CCC(=O)O)C(=O)NC(CCCCN)C(=O)NCC(=O)NC(C(=O)NC(C(=O)NC(CC(N)=O)C(=O)NC(CC(C)C)C(=O)NCC(=O)NC(CCCCN)C(=O)O)C(C)O)C(C)O,0
HIVSUB-04478,COC(=O)C1COC(=S)N1C(=O)C(C)C(O)C(C)C,0
HIVSUB-04479,COc1cc(=O)oc2c3c(ccc12)OC(C)(C)C(OC(=O)C12CCC(C)(C(=O)O1)C2(C)C)C3OC(=O)C12CCC(C)(C(=O)O1)C2(C)C,1
HIVSUB-04480,CC1(C)CC(Br)(Cc2ccccc2)C(=O)c2ccccc21,0
HIVSUB-04481,COC(=O)c1cc(=O)nc2n1C1OC(CO)C(O)C1O2,0
HIVSUB-04482,CCOC(=O)C(NC(C)=O)C(c1ccccc1)[Sn](Cl)(c1ccccc1)c1ccccc1,0
HIVSUB-04483,NS(=O)(=O)c1c(O)c2ccccc2oc1=O,0
HIVSUB-04484,Cc1nn(C(=O)c2ccc(Cl)cc2)c2c1C(c1ccccc1[N+](=O)[O-])SC(=N)N2,0
HIVSUB-04485,Cc1nc(O)nc(O)c1N(CCF)CCCl,0
HIVSUB-04486,COC1=C(C)C(=O)C(=O)c2ccc(C)nc21,0
HIVSUB-04487,O=C1C(=Cc2ccccc2)c2ccccc2N1N=Cc1ccccc1,0
HIVSUB-04488,COc1ccc(C(=O)C=Cc2ccc(OCCCOc3ccc(C=CC(=O)c4ccc(OC)cc4)cc3)cc2)cc1,0
HIVSUB-04489,O=C(N=c1nc2ccccn2s1)c1ccccc1,0
HIVSUB-04490,O=C1CN(N2CCOCC2)CC(=O)N2CCCCN12,0
HIVSUB-04491,COc1ccc(C2CC(=O)c3ccccc3O2)cc1,0
HIVSUB-04492,Cn1cnc([N+](=O)[O-])c1Sc1ncc[nH]1,0
HIVSUB-04493,COC(=O)CCC1CCc2c(OC)ccc(OC)c2C1=O,0
HIVSUB-04494,Cc1cc(C)nc(NS(=O)(=O)c2ccc(NNc3c4ccccc4nc4c(C(=O)Nc5ccc(S(=O)(=O)Nc6cc(C)on6)cc5)cccc34)cc2)n1,0
HIVSUB-04495,O=C(OC1CCC(=C2SCCCS2)C1C1SCCCS1)c1ccccc1,0
HIVSUB-04496,C(CCCCc1nnc(N2CCOCC2)o1)CCCc1nnc(N2CCOCC2)o1,0
HIVSUB-04497,COc1ccc(C(c2ccccc2)C(C)C(=O)c2c(C)cc(C)cc2C)cc1,0
HIVSUB-04498,Sc1ncnc2cc3[nH]ncc3cc12,0
HIVSUB-04499,CN(C)CCCOc1ccc(C=C2CCCC(=Cc3ccc(OCCCN(C)C)cc3)C2=O)cc1,0
HIVSUB-04500,CN1C(=O)C(O)(c2c3c(c(C4(O)C(=O)N(C)c5ccccc54)c4c2OCO4)OCO3)c2ccccc21,0
HIVSUB-04501,CCNC(=O)CNC(=O)C(Cc1ccc([N+](=O)[O-])cc1)NC(=O)OC(C)(C)C,1
HIVSUB-04502,CC(C)Oc1c(O)c2c3c(oc(=O)n3C=CC2c2ccccc2)c1OC(C)C,0
HIVSUB-04503,CC(C=CC=C(C)C(=O)O)=CC=CC=C(C)C=CC=C(C)C(=O)O.c1ccncc1,0
HIVSUB-04504,Cl.O=C(CSc1ncn[nH]1)C[P+](c1ccccc1)(c1ccccc1)c1ccccc1.[Cl-],0
HIVSUB-04505,c1ccc(N2N=[O+][Cu-3]3(O2)ON(c2ccccc2)N=[O+]3)cc1,0
HIVSUB-04506,CN(C)c1cc2c3c(c1)CCCN3CCC2,0
HIVSUB-04507,COc1ccc(CNc2cnc3cc(N)ccc3n2)cc1OC,0
HIVSUB-04508,C1COCCO1.CC(C)NC(=N)NC#N,0
HIVSUB-04509,Cl.O=[N+]([O-])c1nccn1CCCNc1c2ccccc2nc2ccccc12,0
HIVSUB-04510,CC12CCNC(=O)C=C1CCC1C2CCC2(C)C(OC(=O)COc3ccc(N(CCCl)CCCl)cc3)CCC12,0
HIVSUB-04511,Cl.O=C1C(CN2CCCCC2)CCC1CN1CCCCC1,0
HIVSUB-04512,COC(=O)C1(C)CCC2(C)CCC3(C)C4CCC56COC(O)(CCC5C4(C)CCC3(C)C2C1)C6C,0
HIVSUB-04513,CCN(CC)CCn1c2ccccc2c(=O)c2c(O)ccc(O)c21,0
HIVSUB-04514,FC1=C2CCCCCC2SC1(F)F,0
HIVSUB-04515,CC(CCC(C)OS(=O)(=O)c1ccc(F)cc1)OS(=O)(=O)c1ccc(F)cc1,0
HIVSUB-04516,COc1ccc(C(=O)C=Cc2ccncc2)cc1OC,0
HIVSUB-04517,CC=C(C)C(=O)OC1CCN2CC=C(COC(=O)C3(O)C(C)OC(=O)C3C)C12,0
HIVSUB-04518,Oc1ccccc1C(Nc1nc2ccccc2s1)c1ccc2cccnc2c1O,0
HIVSUB-04519,NC(Cc1c[nH]c2ccccc12)P(=O)(O)O,0
HIVSUB-04520,CN(C)CC1CCCCC1=NOC(=O)c1ccc(Cl)c(Cl)c1.Cl,0
HIVSUB-04521,Cc1ccccc1NC(=O)NC(Oc1ccccc1)(C(F)(F)F)C(F)(F)F,0
HIVSUB-04522,N#CC(=CNC(=S)Nc1ccccc1Cl)C(=O)c1ccc2ccccc2c1,0
HIVSUB-04523,CCOC(=O)NC(Nc1ccc(C(=O)O)cc1)(C(F)(F)F)C(F)(F)F,0
HIVSUB-04524,CC(=O)SC(C[N+](=O)[O-])c1ccc2c(c1)OCO2,0
HIVSUB-04525,COc1ccc(-c2cn3ccsc3n2)cc1,0
HIVSUB-04526,CC(NC(=O)C(N)CSSCC(N)C(=O)NC(C)C(=O)O)C(=O)O,0
HIVSUB-04527,CN1CCN(CCCN2CC(=O)N3Cc4ccccc4CN3C(=O)C2)CC1,0
HIVSUB-04528,Cc1ccc(NC(=O)CC(=O)N2N=C(N(c3ccccc3)c3ccccc3)CC2c2ccccc2)cc1,0
HIVSUB-04529,CCC(=O)c1c(NOC2OC(COC(C)=O)C(OC(C)=O)C(OC(C)=O)C2OC(C)=O)nc(OC)n(C)c1=O,0
HIVSUB-04530,c1ccc(CSP234N5CCN2CCN3CCN4CC5)c(CSP234N5CCN2CCN3CCN4CC5)c1,0
HIVSUB-04531,CCCCCc1nnc2n1N=C(c1ccc(Cl)cc1)CS2,0
HIVSUB-04532,c1ccc(CSC2(SCc3ccccc3)CCCC2)cc1,0
HIVSUB-04533,CCOC(=O)c1sc(SC)nc1NC(=O)c1ccccc1,0
HIVSUB-04534,CC=Cc1cc2c(c(=O)o1)C(=O)C(O)C(C)O2,0
HIVSUB-04535,O=C(O)C=CC(=O)Nc1ccc(SSc2ccc(NC(=O)C=CC(=O)O)cc2)cc1,1
HIVSUB-04536,CCOP(=O)(CC(=O)c1cc2ccccc2[nH]1)OCC,0
HIVSUB-04537,COc1ccc2c(c1)c1c(n2CCN2CCOCC2)-c2cccc(OC)c2CC1,0
HIVSUB-04538,FC(F)(F)c1ccccc1C1SCc2nc3ccccc3n21,0
HIVSUB-04539,CCOC(=O)c1cnc(SCc2ccc(Cl)c(Cl)c2)nc1N1CC1C,0
HIVSUB-04540,COc1ccc(C2CC3(c4ccccc4)ON=C(c4ccccc4)N3c3ccccc3S2)cc1,0
HIVSUB-04541,O=c1c2ccc3cccc4c(=O)cc(c5ccccc15)-c2c34,0
HIVSUB-04542,CC(=O)Nc1ccc(C=C2SC(=S)N(C=C3C(=O)N(c4ccccc4)N=C3C)C2=O)cc1,0
HIVSUB-04543,O=Nc1c(O)ccc2ccccc12,0
HIVSUB-04544,CCCCCCCNC(=N)CSSCC(=N)NCCCCCCC,0
HIVSUB-04545,CSC(=NS(=O)(=O)c1ccc(Cl)cc1)NCCCCNC(=NS(=O)(=O)c1ccc(Cl)cc1)SC,0
HIVSUB-04546,O=c1cc(N2CCOCC2)n2ccccc2n1,0
HIVSUB-04547,Cc1ccc(C(=O)C2CC3(CCC2(O)c2ccc(C)cc2)CC(=O)Nc2ccccc2C3=O)cc1,0
HIVSUB-04548,O=c1cc(CO)[nH]cc1O,0
HIVSUB-04549,CC(C)c1cc2c3c(c1O)OC(=O)CC3(C)C1C(OC(=O)C1(C)C)C2=O,0
HIVSUB-04550,CCC(O)(COC(N)=O)c1ccccc1,0
HIVSUB-04551,Cc1cc2c(c(C#N)c1C)NC(=O)CN=C2c1ccccc1F,1
HIVSUB-04552,O=C1NC(=O)C2C3C=CC(C12)C1C2C(=O)NC(=O)C2C31,0
HIVSUB-04553,CN(C)C(=N)NC(N)=S,0
HIVSUB-04554,O=C(O)CCSCc1cc(C(=O)Nc2ccc(C=Cc3ccc(NC(=O)c4cc(CSCCC(=O)O)c5ccccc5c4O)cc3S(=O)(=O)O)c(S(=O)(=O)O)c2)c(O)c2ccccc12.[NaH],1
HIVSUB-04555,O=C1c2ccccc2C(=O)N1CC=NNS(=O)(=O)c1ccc(Br)cc1,0
HIVSUB-04556,CCCC(N)S(=O)(=O)O,0
HIVSUB-04557,COc1cc2c3c(c1OC)-c1ccccc1C(C(OC(C)=O)c1ccccc1)C3N(C)CC2,0
HIVSUB-04558,Cc1cc(O)c(C(=O)CC2(O)C(=O)Nc3c(Cl)cc(Cl)cc32)c(=O)o1,0
HIVSUB-04559,NC(Cc1ccc(S(=O)(=O)O)cc1)C(=O)NC(Cc1ccc(S(=O)(=O)O)cc1)C(=O)O.[NaH],0
HIVSUB-04560,COc1ccc2cc1Oc1ccc(cc1)CC1c3cc(c(OC)cc3CCN1C)Oc1c(O)c(OC)cc3c1C(C2)N(C)CC3,0
HIVSUB-04561,Cc1cccc(NC(=S)NC(=O)c2ccccc2)n1,0
HIVSUB-04562,O=C1CC2(CC3CCCCCCCCCC(C3)C2)N1,0
HIVSUB-04563,CC1=C(c2cc(C(=O)Nc3cc(C)ccc3C)nc(N)n2)Sc2ccccc2N1,0
HIVSUB-04564,COC1(C)CC2N(C(=O)c3ccccc3)N=C(c3ccccc3)CC2(C)O1,0
HIVSUB-04565,COc1ccccc1NC(=O)C1=C(C)NC(C)=C(C(=O)Nc2ccccc2OC)C1c1cccc2c1OCO2,0
HIVSUB-04566,Cc1cc(C)c2cnnn2n1,0
HIVSUB-04567,CCC=CC(=O)CC(O)(C(F)(F)F)C(F)(F)F,0
HIVSUB-04568,Cc1cccc(NC(=O)ON=C(Cl)C(C)C)c1,0
HIVSUB-04569,CCOC(=O)C(=O)Cc1nc2ccccc2n(C)c1=O,0
HIVSUB-04570,Oc1ccc(O)c2c1N=NC21c2ccccc2Oc2ccccc21,0
HIVSUB-04571,COc1cc2c(c(OC)c1OC)-c1ccc(OC)c(=O)cc1C(N)CC2.O=C(O)C(O)C(O)C(=O)O,0
HIVSUB-04572,CCCCCCCCCCC(O)C1CCC(C(O)CCC(O)C2CCC(CCCCCCCC(O)CC3=CC(C)OC3=O)O2)O1,0
HIVSUB-04573,Clc1ccc(C2=Nc3ccccc3SC(c3cccs3)C2)cc1,0
HIVSUB-04574,COc1ccc(C(c2ccccc2)N2C(=O)CCC2C(=O)O)cc1OC,0
HIVSUB-04575,Cc1nc(C(N)=S)sc1C(=O)C=Cc1c(O)ccc2ccccc12,0
HIVSUB-04576,O=C1CCC(O)Cc2ccc(O)c(c2)-c2cc(ccc2O)CC1O,0
HIVSUB-04577,CCOC(=O)NC(=O)c1cn(CC(=O)NCC(=O)NCC(=O)N2CCN(CCn3c(C)nc(C(N)=O)c3N)CC2)c(=O)[nH]c1=O,0
HIVSUB-04578,CC(C)(O)C=CP(=O)(O)O.[KH],0
HIVSUB-04579,CN1CCN(CCSC2Cc3cc(Cl)ccc3Sc3ccccc32)CC1,0
HIVSUB-04580,O=C1CC2CCC(C1)S2=O,0
HIVSUB-04581,CC(C)C(C=O)C(O)(C(F)(F)F)C(F)(F)F,0
HIVSUB-04582,O=C1C(=Cc2cccc(F)c2)C(=O)c2ccccc21,0
HIVSUB-04583,N#CC(=Cc1cc(O)c(O)c(Br)c1)C(N)=C(C#N)C#N,0
HIVSUB-04584,c1ccc2[nH]c(-c3nc4ccccc4s3)nc2c1,0
HIVSUB-04585,COC1OC2COc3ccccc3OC2C2C1N2C(N)=O,0
HIVSUB-04586,CCOC(=O)C1=NC(c2ccccc2)(c2ccccc2)OC1=C(Cl)Cl,0
HIVSUB-04587,CCOC(=O)c1sc2c(c1OC(=O)c1ccc(Cl)cc1Cl)c(=O)n(-c1ccccc1)c(=S)n2-c1ccccc1,0
HIVSUB-04588,COC1CC(n2cc(C)c(=O)[nH]c2=O)OC1CO,0
HIVSUB-04589,O=C1CCC2CCc3cccc4oc1c2c34,0
HIVSUB-04590,N=C(CS)NCCc1nc2ccccc2[nH]1,0
HIVSUB-04591,Clc1ccc(OC2CCO2)cc1Cl,0
HIVSUB-04592,COC(=O)C(C(=O)C(=O)Nc1nc2ccc(OC)cc2s1)c1cnc2ccccc2n1,0
HIVSUB-04593,Cc1ccc(C2=Nn3c(nc4sc(C)c(C)c4c3=O)SC2)cc1,0
HIVSUB-04594,CN(C)c1ccc(C=Cc2cc[n+](C)c3ccccc23)cc1,0
HIVSUB-04595,O=c1oc2ccccc2cc1Cl,0
HIVSUB-04596,CCC=CC(O)(C(=O)OC1CCN(C)CC1)C1CCCC1,0
HIVSUB-04597,CCOC(=O)C1SCCC1(C)O,0
HIVSUB-04598,CC(=O)OCC1OC(n2c(C)c(C(C)=O)c(-c3cccc4ccccc34)c(C#N)c2=S)C(OC(C)=O)C(OC(C)=O)C1OC(C)=O,0
HIVSUB-04599,CN(C)CCCCN1CCc2c(n(C)c3ccccc23)C1=O,0
HIVSUB-04600,COc1ccccc1NC(=O)C(=CNC(=S)NCCNc1ccc(OC)c(OC)c1)C(C)=O,0
HIVSUB-04601,CCCC1CC(=O)NC(=O)C1C(=O)OC(C)(C)C,0
HIVSUB-04602,CC(=O)OCC(OC(C)=O)C(OC(C)=O)C(OC(C)=O)C(OC(C)=O)C(OC(C)=O)c1nc2ccccc2[nH]1,0
HIVSUB-04603,O=C(Nc1ccc(S(=O)(=O)Nc2ccc(N=Nc3ccc(S(=O)(=O)Nc4nccs4)cc3)cc2)cc1)C(N1CC1)(N1CC1)N1CC1,0
HIVSUB-04604,CCCCCCCCCCCCCCCC[N+](C)(C)CCN(Cc1ccc(OC)cc1)c1ncccn1,0
HIVSUB-04605,O=c1n(-c2ccccc2)c(=O)n2n1C1C=CC2C2C(C1)C2(Cl)Cl,0
HIVSUB-04606,CCOC(=O)CC1CN(Cc2ccccc2)CCC1=O,0
HIVSUB-04607,COc1ccc(C=CC(=O)c2ccc(Br)cc2)cc1,0
HIVSUB-04608,CC1(C)CCCCCCCCCC(C)(CCCCCCCCCCCCO)C1=O,0
HIVSUB-04609,COc1ccccc1C=Cc1ccnc2ccccc12,0
HIVSUB-04610,Cc1nnc(SCC2=C(C(=O)O)N3C(=O)C(NC(=O)Cn4cc(Cl)c(=O)c(Cl)c4)C3SC2)s1,0
HIVSUB-04611,Cc1cc(C)nc(NS(=O)(=O)c2ccc(NCN3C(=O)c4ccccc4C3=O)cc2)n1,0
HIVSUB-04612,Cn1nc(-c2ccc(Cl)c(Cl)c2)[n+]([O-])c2c(=O)n(C)c(=O)nc1-2,0
HIVSUB-04613,O=C(O)CCC(=NNc1nsc2ccccc12)c1ccccc1,0
HIVSUB-04614,O=C(Nc1ccccc1)c1cc(C(=O)Nc2ccccc2)[nH]n1,0
HIVSUB-04615,Cc1nc(C)c(C(=O)NNC(=O)C[N+](C)(C)C)cc1C(=O)NNC(=O)C[N+](C)(C)C.[Cl-],0
HIVSUB-04616,COc1ccc(-c2cc(-c3ccccc3)n(C3OCC(OC(C)=O)C(OC(C)=O)C3OC(C)=O)c(=S)c2C#N)cc1,0
HIVSUB-04617,Cc1ccc(S(=O)(=O)NN=C(c2nc3ccc(Cl)cc3nc2O)C(O)c2cccc([N+](=O)[O-])c2)cc1,0
HIVSUB-04618,CN(C)CC1CCCCC1=NOC(=O)c1ccccc1.Cl,0
HIVSUB-04619,O=C1C(=C2Sc3c(ccc(Cl)c3Cl)C2=O)Sc2c1ccc(Cl)c2Cl,0
HIVSUB-04620,NC(=S)Nc1ccc2c(c1)oc1ccccc12,0
HIVSUB-04621,CCCCCCCCSC(SCCCCCCCC)=C1C(=O)N(c2ccccc2)N=C1C,0
HIVSUB-04622,NC(CC1=CS(=O)(=O)c2ccc(Cl)cc21)C(=O)O,0
HIVSUB-04623,CCC(C)CC(C)CC(C)C=C(C)C1=C(C)CC(C)(O)O1,0
HIVSUB-04624,CC1(C)CCc2ccc(OCCC#N)cc2O1,0
HIVSUB-04625,CCOc1ccccc1Nc1nc(C)c(C(=O)CC(=O)C(=O)Nc2ccccc2)s1,0
HIVSUB-04626,O=C1NC(=O)C(C(=O)C(=O)Nc2cc(Cl)ccc2Cl)C(=O)N1,0
HIVSUB-04627,CCC1CN(C(=O)c2ccccc2)C(Cc2c[nH]c3ccccc23)C(=O)C1CC(=O)OC,0
HIVSUB-04628,CC(O)(C=Cc1ccccc1)P(=O)(O)c1ccccc1,0
HIVSUB-04629,OCC1SC(c2ccccc2)CC1O,0
HIVSUB-04630,O=C(COc1ccccc1Cl)N1N=C(c2ccccc2)CC1(O)c1ccccc1,0
HIVSUB-04631,CCOC(=O)CCC(NC(=O)c1ccc(Nc2nc3ccccc3nc2C(=O)OCC)s1)C(=O)OCC,0
HIVSUB-04632,O=C(Nc1cccc(C(=O)Nc2ccc(C3=NCCN3)cc2)c1)c1ccc(C2=NCCN2)cc1,1
HIVSUB-04633,C1CSCC2(COC2)CSCCSCC2(COC2)CS1,0
HIVSUB-04634,Cc1nc2c(sc3nc4c(cc32)CCC4)c(=O)o1,0
HIVSUB-04635,Oc1ccc2ccccc2c1Br,0
HIVSUB-04636,COc1ccccc1N=NC1=C2Nc3ccccc3N=C1N(c1ccccn1)C(=S)N2c1ccccc1C,0
HIVSUB-04637,COc1cccc(C(=O)C2C(=O)N(C)CCc3ccccc32)c1OC,0
HIVSUB-04638,COc1cc(C(c2ccccc2)N2C(=O)CCC2C(=O)O)cc(OC)c1OC,0
HIVSUB-04639,O=[N+]([O-])c1ccc(O)c(C=NNC(=S)N2CCCCC2)c1,0
HIVSUB-04640,COC(=O)C1=CCCCCCC(N2CCOCC2)=C1C(=O)OC,0
HIVSUB-04641,CC1CCOS(=O)O1,0
HIVSUB-04642,CC(C)CNC(=O)Cn1c2c(c3ccccc31)CCCC2,0
HIVSUB-04643,COc1ccc(C2CC(c3ccccc3)=Nc3ccccc3S2)cc1OC,0
HIVSUB-04644,CCOC(=O)c1[nH]c2cccc3c2c1CCC(NC(=O)C(F)(F)F)C3=O,0
HIVSUB-04645,COC1(c2cccs2)OC(=O)c2c([N+](=O)[O-])cccc21,0
HIVSUB-04646,O=C1CN(c2ccccc2)CC(=O)N2C(c3ccccc3)CCCN12,0
HIVSUB-04647,CC#[N+][Rh+2]1234[O+]=C5OCC(C(=O)OC)[NH+]5[Rh+2]1([N+]#CC)([O+]=C1OCC(C(=O)OC)[NH+]12)([O+]=C1OCC(C(=O)OC)[NH+]13)[NH+]1C(=[O+]4)OCC1C(=O)OC,0
HIVSUB-04648,Cc1cn(C2CC(O[Si](C)(C)C(C)(C)C)C(CNC(=O)N(O)C3CC(n4cc(C)c(=O)[nH]c4=O)OC3CO[Si](C)(C)C(C)(C)C)O2)c(=O)[nH]c1=O,0
HIVSUB-04649,O=C1CN(Cc2ccccc2)CC(=O)N2C(c3ccccc3)CCCN12,0
HIVSUB-04650,CCN1CC2(CO)CCC(O)C34C5CC6C(OC)CC(OC(C)=O)(C5C6OC(C)=O)C(C(OC)C23)C14,0
HIVSUB-04651,CSc1c2c(C)nnc-2[nH]n1-c1ccccc1,0
HIVSUB-04652,CC(=O)C(=Cc1ccc(C#N)cc1)C(=O)c1ccccc1,0
HIVSUB-04653,CN1N=C(c2ccncc2)OC1c1cccc(C(F)(F)F)c1,0
HIVSUB-04654,N#Cc1c(O)nc2ccccc2c1O,0
HIVSUB-04655,O=C(O)Cn1ccc(=O)c2cc([N+](=O)[O-])ccc21.[NaH],0
HIVSUB-04656,COc1cc(OC)c2c(c1)OC(c1ccccc1)CC2=O,0
HIVSUB-04657,NC(=O)NC1C(C(=O)O)N(Cc2ccccc2)C(=O)N1Cc1ccccc1,0
HIVSUB-04658,CC(=CCNc1ncnc2c1ncn2CCC(=O)OC(C)(C)C)CO,0
HIVSUB-04659,O=C(O)c1cccc(Nc2ccccc2C(=O)O)c1,0
HIVSUB-04660,C=CCC12C=C(OC)C(O)C(OC)(C(c3cc(OC)c4c(c3)OCO4)C1C)C2OC(C)=O,0
HIVSUB-04661,CC(=O)N1C(OCc2ccccc2)CCN1c1ccccc1,0
HIVSUB-04662,COc1cccc2c1[OH+][Ni-2]1([n+]3ccccc3)[S+]=C(Nc3ccccc3)[N-][N+]1=C2,0
HIVSUB-04663,COC1C=CC23c4cc5c(cc4C(=O)OC2CN(C)C3C1)OCO5,0
HIVSUB-04664,CC1=C(C(=O)OC23CC4CC(CC(C4)C2)C3)C(c2ccccc2OC(F)F)C(C(=O)OC23CC4CC(CC(C4)C2)C3)=C(C)N1,0
HIVSUB-04665,ON=Cc1cc(I)cc(I)c1O,0
HIVSUB-04666,Cc1c(NC(=S)Nc2ccc(Cl)cc2)c(=O)n(-c2ccccc2)n1C,0
HIVSUB-04667,CCCCCCCCCCCCCCCCOCC(Cl)COP(=O)(O)OP(=O)(O)OCC1OC(n2cc(C)c(=O)[nH]c2=O)CC1O.[NaH],0
HIVSUB-04668,COC(=O)C12CC3CC(CC(NC(=O)C(Cc4ccccc4)NC(=O)CN)(C3)C1)C2,0
HIVSUB-04669,CCCCN1C(CO)C(O)C(O)C(O)C1CO,0
HIVSUB-04670,CCCCOCOc1ccccc1P1(=O)COc2ccccc2OC1,0
HIVSUB-04671,CCCC(C(=O)OCCN(CC)CC)(c1ccccc1)c1ccccc1,0
HIVSUB-04672,O=C(CC(=O)n1nc(-c2ccccc2)c(N=Nc2ccccc2C(=O)O)c1-c1ccccc1)Nc1ccc(Cl)cc1,0
HIVSUB-04673,CCOP(=O)(OCC)OC(C)=CC(=O)OC,0
HIVSUB-04674,COc1ccc(C2c3cc4c(cc3OC(N3CCCCC3)C2C)OCO4)cc1,0
HIVSUB-04675,COc1cc(OC)cc(Oc2nc3cc(F)c(F)cc3nc2-c2ccccc2)c1,0
HIVSUB-04676,O=C1c2c(C=Cc3ccc(Cl)c(Cl)c3)nc3ccccc3c2C(=O)N1CCN1CCCCC1,0
HIVSUB-04677,COc1ccc(C(=O)NN=Cc2c(C)n(C)n(-c3ccccc3)c2=O)cc1,0
HIVSUB-04678,CCOC(=O)C(=Cc1cccc([N+](=O)[O-])c1)C(C)=O,0
HIVSUB-04679,COc1ccc2c(c1)OCC1c3cc(NS(=O)(=O)c4ccccc4)cc(OC)c3OC21,0
HIVSUB-04680,O=c1[nH]c(=Cc2ccc3c(c2)OCO3)c(=O)[nH]c1=Cc1ccc2c(c1)OCO2,0
HIVSUB-04681,Cl.Nc1ccccc1OCCCOc1ccccc1N,0
HIVSUB-04682,Cn1cc(C(=O)c2ccccc2)cc(C(=O)c2ccccc2)c1=O,0
HIVSUB-04683,C=C1c2c(C)coc2C(=O)c2c(O)cc(OC)c(C)c21,0
HIVSUB-04684,O=C(C=Cc1cc(O)c(O)cc1O)OCCc1ccccc1,0
HIVSUB-04685,CC(=O)c1cc(N=Nc2ccc(C=Cc3ccc(N=Nc4cc(O)c5ncccc5c4C(C)=O)cc3S(=O)(=O)O)c(S(=O)(=O)O)c2)c(O)c2ncccc12.[NaH],0
HIVSUB-04686,CC(=O)c1c(P(=O)(OC(C)C)OC(C)C)nn(-c2ccc([N+](=O)[O-])cc2)c1C,0
HIVSUB-04687,COc1ccc(Nc2n[nH]c(NS(=O)(=O)c3cc(C)c(Cl)cc3S)n2)cc1,1
HIVSUB-04688,O=C1NN=C(c2ccc([N+](=O)[O-])cc2)C1n1nc(-c2ccccc2)c2ccccc2c1=O,0
HIVSUB-04689,O=C(O)CCC(NC(=O)c1ccc(OCc2nc3cc(C(F)(F)F)ccc3nc2-c2ccccc2)cc1)C(=O)O,0
HIVSUB-04690,Cc1cc(NS(=O)(=O)c2ccc(NC(=O)c3cccc4c(NNc5ccc(S(=O)(=O)NC(=N)N)cc5)c5ccccc5nc34)cc2)no1,0
HIVSUB-04691,O=S(=O)(C=Cc1ccc(F)cc1)Cc1ccc(CS(=O)(=O)C=Cc2ccc(F)cc2)cc1,0
HIVSUB-04692,CC(C)c1nc(Nc2ccccc2)n(P(=O)(N(C)C)N(C)C)n1,0
HIVSUB-04693,Cn1c(=O)oc2ccc(S(=O)(=O)Nc3ccc(Cl)cc3[N+](=O)[O-])cc21,0
HIVSUB-04694,CC(=O)C(=Cc1ccccc1[N+](=O)[O-])C(=O)c1ccccc1,0
HIVSUB-04695,CC=CC=CC(=O)C1c2cccc(O)c2C(=O)c2c(O)cc(C)cc21,0
HIVSUB-04696,O=C(O)C1(O)CC(O)C(O)C(O)C1,0
HIVSUB-04697,Cc1nc2nc(S)nc(O)c2nc1O,0
HIVSUB-04698,CCOC=CC(C)C1(C(=O)OCC)CCCCC1=O,0
HIVSUB-04699,O=C1c2ccccc2C(=O)c2c1oc1cc(O)c(Cl)cc21,0
HIVSUB-04700,C=CC(C)(C)c1cccc2[nH]c3c(c12)CC1CCC2(O)C4=CC(=O)C5OC4(CCC2(C)C31C)OC5(C)C,0
HIVSUB-04701,CCC(C)N1CN(c2ccccc2)C2(CCN(CCCSc3ccc(F)cc3)CC2)C1=O.Cl,0
HIVSUB-04702,Clc1ccccc1C1SCc2nc3ccccc3n21,0
HIVSUB-04703,O=C1C2=C(c3ccccc31)C(c1cccc(Cl)c1)NC(=S)N2,0
HIVSUB-04704,COc1ccc(N2C(=Nc3ccccc3)SC(=NS(=O)(=O)c3ccccc3)C2=NS(=O)(=O)c2ccccc2)cc1,0
HIVSUB-04705,C[N+]1(C)N=C(c2ccccc2)C=C1O,0
HIVSUB-04706,N#CC(C#N)=CN1CCOCC1,0
HIVSUB-04707,CCN(CC)C(=O)c1c(Cl)cc(N(CC)CC)oc1=O,0
HIVSUB-04708,CCN(CC)CCNC(=O)C(O)(c1ccccc1)c1ccccc1,0
HIVSUB-04709,Oc1nc(-c2ccccc2)nc2cc(Cl)ccc12,0
HIVSUB-04710,COc1ccc(N=NC(C(=O)c2ccccc2)C(=O)c2ccccc2)cc1,0
HIVSUB-04711,CCN(CC)C(=O)N1CCN(C)CC1.O=C(O)CC(O)(CC(=O)O)C(=O)O,0
HIVSUB-04712,Cc1ccc2c(c1)CC1(Cc3cccc(C)c3C1=O)C2=O,0
HIVSUB-04713,CCCC[N+](CCCC)(CCCC)CCCC.O=S(=O)([O-])ON=C1c2ccccc2-c2ccccc21,0
HIVSUB-04714,O=C1C(Cl)=C(O)C2(Cl)C(Cl)=C(Cl)C12Cl,0
HIVSUB-04715,CC(C)=CCCC(C)=CCCC(C)=CCc1c[nH]c2ccccc12,0
HIVSUB-04716,CC(C)COC(=O)N1N=NC2C3OC(CC3=O)C21,0
HIVSUB-04717,Cc1ccc([S+](c2ccc(C)cc2)c2ccc(C)cc2)cc1,0
HIVSUB-04718,CCCCN(CCCC)C(=O)C(=O)C(C(=O)c1ccc(OC)cc1)c1ccc(OC)cc1,0
HIVSUB-04719,COc1ccc(C=C2CN(C)CC3=C2OC(N)=C(C#N)C3c2ccc(OC)cc2)cc1,0
HIVSUB-04720,BrC1CN2CC(Br)CN2C1,0
HIVSUB-04721,CC(=O)c1c(O)cc(C)oc1=O,0
HIVSUB-04722,Cc1nc2c(=O)n(C)c(=O)n(C)c2o1,0
HIVSUB-04723,Cc1c(C2Cc3ccccc3N2C(=O)C=CC(=O)O)c2ccccc2n1C,0
HIVSUB-04724,Nc1ccc(Cl)cc1C(=O)N1CCN(c2ccc([N+](=O)[O-])cn2)CC1,0
HIVSUB-04725,Cc1cccnc1NC(=O)NCCCl,0
HIVSUB-04726,COc1ccc(CCN2COc3ccc4ccc(=O)oc4c3C2)cc1OC,0
HIVSUB-04727,Cc1c(-c2coc(-c3ccccc3)n2)c(=O)n(-c2ccccc2)n1C,0
HIVSUB-04728,COC(=O)C(O[Ge](C)(C)C)c1ccccc1,0
HIVSUB-04729,Cn1c(=O)oc2cc(Br)ccc21,0
HIVSUB-04730,Oc1cc(Cl)cc2cccnc12,0
HIVSUB-04731,COc1cc(O)c2c(=O)c3cccc(C)c3[nH]c2c1,0
HIVSUB-04732,COC1C(OC(C)=O)CC(=O)OC(C)CC2OC2C=CC(=O)C(C)CC(CC=O)C1OC1OC(C)C(OC2CC(C)(O)C(OC(=O)CC(C)C)C(C)O2)C(N(C)C)C1O,0
HIVSUB-04733,NC(=O)Cc1nc2c(O)ncnc2n1C1OC(CO)C(O)C1O,0
HIVSUB-04734,O=C(O)c1ccc(P(=O)(O)c2ccc(C(=O)O)cc2Br)c(Br)c1,0
HIVSUB-04735,N=C1N=C(c2cc(Cl)ccc2O)CC(c2ccccc2)N1,0
HIVSUB-04736,O=[N+]([O-])c1cc(F)ccc1Sc1ccccc1,0
HIVSUB-04737,Clc1cc(-c2ccccc2)nc(Nc2nc3ccccc3[nH]2)n1,0
HIVSUB-04738,Nc1ncnc2c1ncn2CC(=O)NCCO,0
HIVSUB-04739,COc1c(-c2ccccc2)oc2c(CP(=O)(OC)OC)cccc2c1=O,0
HIVSUB-04740,COc1ccc2c(c1)CSC(c1ccccc1)C2=O,0
HIVSUB-04741,COc1cc2c3c(c1)nc(C)n3C(=O)C(C)S2,0
HIVSUB-04742,Cc1cc(Cl)ccc1NC(=O)CCCC(=O)C1CC(=NO)CCC1=NO,0
HIVSUB-04743,Cc1cccc(NC(=S)NN=C(c2ccccc2)c2ccccn2)c1,0
HIVSUB-04744,COC(=O)C1=C(O)c2cc(OC)c(OC)c(OC)c2C(c2ccc3c(c2)OCO3)C1C(=O)OC,0
HIVSUB-04745,O=CC12c3ccccc3C(c3ccccc31)C1C(=O)NC(=O)C12,0
HIVSUB-04746,Cc1cc(C)nc(NS(=O)(=O)c2ccc(Nc3nc(-c4cccc([N+](=O)[O-])c4)cs3)cc2)n1,0
HIVSUB-04747,CCCCCCCCCCCCc1ccsc1-c1ccc(-c2ccc(-c3sc(-c4cc(CCCCCCCCCCCC)c(-c5ccc(-c6ccc(-c7sccc7CCCCCCCCCCCC)s6)s5)s4)cc3CCCCCCCCCCCC)s2)s1,0
HIVSUB-04748,C[n+]1c(-c2ccc(C=NNC(=O)NN=Cc3ccc(-c4cn5ccccc5[n+]4C)cc3)cc2)cn2ccccc21.Cc1ccc(S(=O)(=O)O)cc1,1
HIVSUB-04749,Cc1cc2c(O)c(c1)COCc1cc(C)cc(c1O)COCc1cc(C)cc(c1O)COC2,0
HIVSUB-04750,CN1C(=O)N(C)C(O)C(Cl)(Cl)C1=O,0
HIVSUB-04751,CCNc1cnc2c(n1)c(=O)n(C)c(=O)n2C,0
HIVSUB-04752,CN1C(=O)c2cccc3c([N+](=O)[O-])ccc(c23)C1=O,0
HIVSUB-04753,O=[N+]([O-])C(Cl)C(Cl)C(Cl)=C(Cl)Cl,0
HIVSUB-04754,O=C(Nc1ccc(Cl)c(Cl)c1)Nc1ccc([N+](=O)[O-])cn1,0
HIVSUB-04755,COc1ccc(C2SC(=Cc3cc(OC)c(OC)c(OC)c3)C(=O)N2NC(=O)Cc2ccccc2)cc1,0
HIVSUB-04756,COc1ccc(C2SC(C)C(=O)N2c2nc(-c3nc(-c4ccc(Cl)cc4)cs3)cs2)cc1,0
HIVSUB-04757,O=S(=O)(O)c1cc(O)c2c(N=Nc3ccc(Nc4ccccc4)c4c(S(=O)(=O)O)cccc34)cc(S(=O)(=O)O)cc2c1,1
HIVSUB-04758,O=C(O)CN(CC(=O)O)C1CCCCC1N1CC(=O)OC(=O)C1,0
HIVSUB-04759,C#CC1(O)CCC2C3CCc4cc(Oc5nc(F)nc(-c6c7cc8ccccc8cc7c(SCC)n6CCC)n5)ccc4C3CCC21C,0
HIVSUB-04760,O=C(c1nc2ccccc2nc1O)C(O)c1ccccc1,0
HIVSUB-04761,COc1ccccc1N1CCN(CCCNC(=O)c2cc(Cl)c(N)c(Cl)c2)CC1,0
HIVSUB-04762,C=CCn1c(=O)c(-c2ccccc2)c(O)c2ccccc21,0
HIVSUB-04763,O=[N+]([O-])c1ccc(COc2cccc3cccnc23)cc1,0
HIVSUB-04764,Cc1c2c(n(CC(c3ccccc3)c3ccccc3)c1C)NN=C(C#N)S2(=O)=O,0
HIVSUB-04765,CCCCCCCCCCCCCCCC=C(c1cc(Br)c(O)c(C(=O)O)c1)c1cc(Br)c(O)c(C(=O)O)c1.N,0
HIVSUB-04766,COC1OC(OC)C2C(c3c(C)cc(C)cc3C)=NOC12,0
HIVSUB-04767,O=c1ccc2nc3ccc(O)cc3oc-2c1,0
HIVSUB-04768,CC(C)c1c(P(=O)(c2ccccc2)c2ccccc2)n(C)c2ccccc12,0
HIVSUB-04769,CCCc1noc(C(F)(F)Sc2ncccn2)n1,0
HIVSUB-04770,ON=C1CC2(N3CCOCC3)CCC1(Cc1ccccc1)CC2,0
HIVSUB-04771,O=C1NC2CS(=O)(=O)CC2N1,0
HIVSUB-04772,COC12C=CC(CC1)C(C)(C)C2=O,0
HIVSUB-04773,CC(=O)OC1c2ccccc2CCCCCCC12OCCO2,0
HIVSUB-04774,COC(=O)C(=NNC(N)=O)C(C(=O)C=C(C)C)C(=O)C(=O)Nc1ccc(Cl)c(Cl)c1,0
HIVSUB-04775,CCN(CC)CCCn1c(=O)c2ccccc2n2c3c(=O)n(C)c(=O)n(C)c3nc12,0
HIVSUB-04776,CC(=O)OC1(C(C)=O)CCC2C3C=C(Cl)C4=CC(=O)CCC4(C)C3CCC21C,0
HIVSUB-04777,O=C1CN(CCCO)CC(=O)N2Cc3ccccc3CN12,0
HIVSUB-04778,COc1ccc2c(=O)c3ccccc3oc2c1,0
HIVSUB-04779,Cc1nn2c(=O)c([N+](=O)[O-])c(C=Cc3ccc(F)cc3)nc2s1,0
HIVSUB-04780,Cc1[nH]c2ccccc2c1CCC(=NNc1ccccc1)c1ccccc1,0
HIVSUB-04781,Nc1ccc(S2(c3ccc(N)cc3)C=C(c3ccccc3)C(c3ccccc3)=C2)cc1,0
HIVSUB-04782,CN1CCN(C(=S)N(C(=O)c2ccc(Cl)cc2)c2ccccc2)CC1,0
HIVSUB-04783,CCOC(=O)C(C(=O)c1ccccc1)=C1NC(C(=O)OCC)CS1,0
HIVSUB-04784,COc1cc2c(cc1O)C(=O)OC1CC=C3CC[N+](C)([O-])C3C21,0
HIVSUB-04785,O=C(Cn1c2ccc(Br)cc2c2nc3ccccc3nc21)N1CCOCC1,0
HIVSUB-04786,COC(=O)CCCC(=O)C(=NNc1ccc(Cl)cc1)Nc1c(Cl)cccc1Cl,0
HIVSUB-04787,OC1(c2ccccc2)c2ccccc2CCC1Br,0
HIVSUB-04788,CCCCCCCCCCCCCCCCCCSCC12c3ccccc3C(c3ccccc31)C(COS(=O)(=O)O)C2COS(=O)(=O)O.[NaH],0
HIVSUB-04789,Cc1ccc(C)c(C[PH](c2ccccc2)(c2ccccc2)c2ccccc2)c1,0
HIVSUB-04790,COc1cccc2c1C(=O)c1c(O)c3c(c(O)c1C2=O)CC(O)(C(C)=O)CC3OC1CC(N(Cc2ccccc2)Cc2ccccc2)C(O)C(C)O1,0
HIVSUB-04791,CC1c2c(cc(O)n(C)c2=O)C(=O)N1C,0
HIVSUB-04792,CCOC(=O)C=CSCCC(=O)O,0
HIVSUB-04793,Clc1ccccc1-c1nc2cc(C34CC5CC(CC(C5)C3)C4)ccc2[nH]1,0
HIVSUB-04794,CC(N)S(=O)(=O)O,0
HIVSUB-04795,CCOC(=O)c1nc2ccccc2nc1NCc1cc(OC)c(OC)c(OC)c1,0
HIVSUB-04796,CCN(CC)CC(=O)Nc1ccc(Cl)cc1C(O)c1ccccc1,0
HIVSUB-04797,OC1C=CCC2C(F)(F)C(F)(Cl)C12Cl,0
HIVSUB-04798,O=C(N=C1N(c2ccccc2)C(=O)C(=O)N1c1ccccc1)c1ccccc1,0
HIVSUB-04799,Cc1oc2cc(O)ccc2c(=O)c1-c1ccccc1,0
HIVSUB-04800,COc1ccc(-c2cc(C(=O)Nc3cc(C(F)(F)F)cc(C(F)(F)F)c3)c3ccccc3n2)cc1,0
HIVSUB-04801,N#CC1(C#N)C(C#N)(C#N)C12CCCCC2Cl,0
HIVSUB-04802,CC(C)CCCC(C)C1CCC2C3CCC4CC(CCCC(c5cc(Cl)c(O)c(C(=O)O)c5)c5cc(Cl)c(O)c(C(=O)O)c5)CCC4(C)C3CCC12C.N,1
HIVSUB-04803,Fc1cccc(F)c1C1SCc2nc3ncccc3n21,0
HIVSUB-04804,O=c1[nH]c(=O)n(C2CC(O)C(CO)O2)cc1Oc1ccccc1,0
HIVSUB-04805,CN1CC(=Cc2ccc(N(C)C)cc2)C(=O)C(=Cc2ccc(N(C)C)cc2)C1,0
HIVSUB-04806,CCC(Cl)=NOC(=O)Nc1ccc(F)c([N+](=O)[O-])c1,0
HIVSUB-04807,O=[N+]([O-])c1ccc(C=Cc2ccc(N=Nc3ccc(C=Cc4ccc([N+](=O)[O-])cc4S(=O)(=O)O)c(S(=O)(=O)O)c3)cc2S(=O)(=O)O)c(S(=O)(=O)O)c1,1
HIVSUB-04808,O=c1c(SCc2ccccc2F)c(SCc2ccccc2F)cnn1-c1ccccc1,0
HIVSUB-04809,CCN(CC)C(C(=O)Nc1c(C)cccc1C)N(CC)CC,0
HIVSUB-04810,CCOc1ccc2nc3nc(O)nc(C)c3c(NC(C)(CO)CO)c2c1,0
HIVSUB-04811,CCOC(=O)CSc1ccnc(O)n1,0
HIVSUB-04812,CCOCc1c(C(=O)NCCO)[n+]([O-])c2ccccc2[n+]1[O-],0
HIVSUB-04813,Cl[Ni-2]1(Cl)NCC[N+]12CC2,0
HIVSUB-04814,N#Cc1ncoc1N,0
HIVSUB-04815,O=S(=O)(O)CCCCCO,0
HIVSUB-04816,CCOC=C(C#N)C(=O)OC,0
HIVSUB-04817,C#CCNC(Cc1c[nH]cn1)C(=O)O,0
HIVSUB-04818,COC(=O)C12CCC(C(F)(F)C1=O)C2(C)C,0
HIVSUB-04819,CC(C=CC1=C(C)CCCC1(C)C)=CC=CC(C)=CC(=O)O,0
HIVSUB-04820,O=C1c2cc3c(cc2NC(c2ccccc2F)C1O)OCO3,0
HIVSUB-04821,O=C(Nc1ccc(Cl)cc1)c1cc2cc(N=Nc3ccccc3Cl)ccc2oc1=O,0
HIVSUB-04822,Cc1ccc(C)c(NC(=O)CCc2nc(=S)[nH][nH]2)c1,0
HIVSUB-04823,CN1CCN2c3ccccc3CC(C#N)(C#N)C2C1,0
HIVSUB-04824,CC(C)NS(=O)(=O)c1ncnc2[nH]cnc12,0
HIVSUB-04825,O=C1C=C(Nc2ccc(S(=O)(=O)Nc3nccs3)cc2)c2ccccc2C1=O,0
HIVSUB-04826,C[Si](C)(C)C(Br)=CCCN1C(=O)CCC1=O,0
HIVSUB-04827,CC(NC(=O)C(=Cc1ccccc1)NC(=O)c1ccccc1)C(=O)O,0
HIVSUB-04828,CCOC(=O)Nn1c(C)nnc1CC#N,0
HIVSUB-04829,O=c1[nH]nc(Cc2ccccc2)n1N=Cc1ccccc1,0
HIVSUB-04830,CC(=O)OCC1=C(CCC#N)N2C(=O)C(NC(=O)Cc3cccs3)C2S(=O)C1,0
HIVSUB-04831,NN1C(=O)C(CCO)SC1=NN=C1SC(CCO)C(=O)N1N,0
HIVSUB-04832,CN1C(=O)OC2CCC=CCCC2C1c1ccccc1,0
HIVSUB-04833,Cc1ccc(-n2cnc(C(=N)C#N)c2N)cc1,0
HIVSUB-04834,NS(=O)(=O)c1ccc(SSc2ccc(S(N)(=O)=O)cc2[N+](=O)[O-])c([N+](=O)[O-])c1,1
HIVSUB-04835,O=C(Nc1ccccc1C(=O)Nc1nccs1)c1ccccc1,0
HIVSUB-04836,Cl.O=c1ccn2n1CCCCC2,0
HIVSUB-04837,Cc1cc(C)c2c(c1)NP(=S)(c1ccccc1)N2,0
HIVSUB-04838,Cc1ccc2c(c1C)C(=O)C1(Cc3cc4c(cc3C1=O)CCC4)C2,0
HIVSUB-04839,N[Pt-2](N)([n+]1ccsc1)[n+]1ccsc1.O=[N+]([O-])[O-],0
HIVSUB-04840,COc1ccc(OC)c(N=Nc2cc(OC)c(N=Nc3c(O)nc4ccccc4c3O)cc2Cc2ccccc2C(=O)O)c1,0
HIVSUB-04841,CC(=O)Oc1cc2oc(=O)cc(C)c2cc1OC(C)=O,0
HIVSUB-04842,N=C(c1ccccc1)N(c1ccccc1)c1ccccc1,0
HIVSUB-04843,CCCCC1C=Cn2c(=O)oc3c(OC(C)C)c(OC(C)C)c(O)c1c32,0
HIVSUB-04844,CC1CN1c1c(C(=O)C=Cc2ccccc2)c(-c2ccccc2)nn(C)c1=O,0
HIVSUB-04845,CCOC(=O)Nc1sc2c(c1C#N)CCCC2,1
HIVSUB-04846,CCCC(=O)Oc1cc(OC(=O)CCC)c2c(C)cc(=O)oc2c1,0
HIVSUB-04847,C1NNCN2CNNCN12,0
HIVSUB-04848,CCOC(=O)COC(=O)c1cc(C(=CCCC2CCC3(C)C(CCC4C3CCC3(C)C(C(C)CCCC(C)C)CCC43)C2)c2cc(Cl)c(OCC(=O)OCC)c(C(=O)OCC(=O)OCC)c2)cc(Cl)c1OCC(=O)OCC,0
HIVSUB-04849,CC(NC(=O)CNC(=O)C(N)CO)C(=O)NC(CCC(=O)O)C(=O)NC(CCCCN)C(=O)NC(C(=O)NC(CCC(N)=O)C(=O)NC(CCC(=O)O)C(=O)NC(CCC(N)=O)C(=O)NC(CCCNC(=N)N)C(=O)NC(C)C(=O)NC(CC(N)=O)C(=O)NC(C)C(=O)NC(Cc1cnc[nH]1)C(=O)NC(CO)C(=O)O)C(C)O,0
HIVSUB-04850,CC(=O)Nc1ccc(N2C(=O)C(=Cc3cccc(Oc4ccccc4)c3)S(=O)(=O)C2c2ccccc2)cc1,0
HIVSUB-04851,CCOc1cccc2ccc[n+](CC)c12.[I-],0
HIVSUB-04852,CC(=O)NC(CCCN(Cc1ccccc1)C(=O)N(C)N=O)C(=O)NCc1ccccc1,0
HIVSUB-04853,Cc1c(CCC(=NNc2ccc([N+](=O)[O-])cc2[N+](=O)[O-])c2ccccc2)c2ccccc2n1C,0
HIVSUB-04854,Clc1nc2cc3nc(Cl)c(Cl)nc3cc2nc1Cl,0
HIVSUB-04855,N#CC(=CN1CC(=O)NC1=S)C(=O)c1ccc2ccccc2c1,0
HIVSUB-04856,CC(CCn1[nH]c(=O)ccc1=O)=NNC(=O)C(N)=O,0
HIVSUB-04857,COc1ccc(C=CC(=O)c2cc(CN(C)C)c(O)c(CN(C)C)c2)cc1.Cl,0
HIVSUB-04858,Cc1ccc(NC(=O)CC2SC(Nc3cccc(Cl)c3C)=NC2=O)cc1,0
HIVSUB-04859,OCC1(CO)CCC1(CO)CO,0
HIVSUB-04860,CC(O)(P(=O)(O)O)P(=O)(O)OCC(O)CN1CCOCC1,0
HIVSUB-04861,O=C1C(Cl)N(c2ccc([N+](=O)[O-])cc2)C1c1c[nH]c2ccccc12,0
HIVSUB-04862,Cc1c(C(=O)O)n2c(=S)[nH]nc2c2ccccc12,0
HIVSUB-04863,COc1ccc(OC)c(NC2=NCCO2)c1,0
HIVSUB-04864,[BrH+][Ni-2]1([BrH+])[PH](c2ccccc2)(c2ccccc2)c2ccccc2[PH]1(c1ccccc1)c1ccccc1,0
HIVSUB-04865,N=C(N)NC(CSSCC(NC(=N)N)C(=O)O)C(=O)O,0
HIVSUB-04866,Nc1nc(SCc2ccccc2)c2ncn(CCO)c2n1,0
HIVSUB-04867,[O+]#C[Mo+]1234(C#[O+])([PH](Oc5ccccc5)(Oc5ccccc5)Oc5ccccc5)C5=C1[C-]2C3=C54,0
HIVSUB-04868,Nc1ccc(S2(=O)=[O+][Ag-][n+]3cccnc3[NH2+]2)cc1,0
HIVSUB-04869,Cc1ccc(O)c(N=O)c1,0
HIVSUB-04870,CCC1(O)CCCC2C3CCC4CC(=O)CCC4(C)C3C(=O)CC21C,0
HIVSUB-04871,Cc1ccc2nc(NN=Cc3ccc(C)s3)cc(C)c2c1,0
HIVSUB-04872,COc1ccc(-c2c(C#N)c(S)nc3c2C(=O)CC(C)(C)C3)cc1,0
HIVSUB-04873,Cn1c(N=[N+]=[N-])cc(=O)n(C)c1=O,0
HIVSUB-04874,COc1ccc(N=Cc2ccc(N(CCC#N)S(=O)(=O)c3ccccc3)cc2C)cc1,0
HIVSUB-04875,CC1(C)OC2COC(=O)C2O1,0
HIVSUB-04876,O=S(=O)(c1ccccc1)C1(Sc2ccccc2)CC=CC1,0
HIVSUB-04877,CCC1=CC2CC(C(=O)OC)C1(N(C)C)C2=O,0
HIVSUB-04878,BrC1=CC=C2NC=CC3=CC=NC1C32,0
HIVSUB-04879,COCN1C(=O)C2CC(O)CN2C(=O)c2ccccc21,0
HIVSUB-04880,CNC(=O)c1ncn(C2OC(CO)C(O)C2O)n1,0
HIVSUB-04881,CCOC(=O)n1c(=O)nc2c3c(ncn21)Oc1c(c(-c2ccccc2)nn1-c1ccccc1)C3c1ccc(Cl)cc1,0
HIVSUB-04882,c1ccc2c(c1)Nc1ccccc1O2,0
HIVSUB-04883,CC1C(=O)C(C)C(c2cccs2)N(N=O)C1c1cccs1,0
HIVSUB-04884,CCN(C(=O)c1ccccc1C)C(c1ccccc1)P(=O)(c1ccccc1)c1ccccc1,0
HIVSUB-04885,CC(=O)OC(C)(C)c1ccc2c(c1)C(=O)CC1C(C)(C#N)CCCC21C,0
HIVSUB-04886,CC1CC(O)C2(O)C13CC(OC(=O)C3O)C(C)(O)C21COC1=O,0
HIVSUB-04887,CC(CC1(O)C(=O)Nc2ccccc21)=NO,0
HIVSUB-04888,CCn1c2ccccc2n2c(=O)c3c(c(C#N)c12)CCCC3,0
HIVSUB-04889,CN(C)CCCOC(=O)C(c1ccccc1)C1(O)CCSCC1,0
HIVSUB-04890,Cc1ccc(C2NC(=O)N3C(c4ccc(C)cc4)NC(=O)N23)cc1,0
HIVSUB-04891,CNC=C(C(=O)c1ccc(OC)c(OC)c1)c1ccc(OC)cc1,0
HIVSUB-04892,Cn1ccnc1Sc1c([N+](=O)[O-])ncn1C,0
HIVSUB-04893,O=C(OC1C#CCSCC#CC=C1)c1cnc2ccccc2n1,0
HIVSUB-04894,N#Cc1c(C#N)c(-c2ccccc2)n(Cc2ccccc2)c1N,0
HIVSUB-04895,COC(=O)c1ccc2cc(O)c(O)cc2c1,0
HIVSUB-04896,COC(=O)C1C(OC(=O)C(Cl)(c2ccccc2)c2ccccc2)CC2CCC1N2C.Cl,0
HIVSUB-04897,CC(=O)NNc1nc(C)c(C(=O)NNC(=O)C(=O)Nc2c(Cl)cc([N+](=O)[O-])cc2Cl)s1,0
HIVSUB-04898,Cc1ccc(N=NC(=NNC(=O)c2ccccc2)c2ccc(N(CCC#N)CCC#N)cc2C)cc1,0
HIVSUB-04899,O=[PH](O)c1cccnc1,0
HIVSUB-04900,CCOC(=O)CN(c1sc(C)c(CC)c1C(=O)OCC)S(=O)(=O)c1ccc(C)cc1,0
HIVSUB-04901,COc1cccc2c1[OH+][Pd-3]1(O)([n+]3ccccc3)[S+]=C(Nc3ccccc3)[N-][N+]1=C2,0
HIVSUB-04902,Cc1cn2c(nc1=O)OC1C(O)C(CCl)OC12,0
HIVSUB-04903,O=c1c(=CC=Cc2ccccc2)sc2n1CCN=2,0
HIVSUB-04904,NC(=O)NN=C(Cc1nc2ccc(C(=O)c3ccccc3)cc2nc1O)C(=O)Nc1ccc(Br)cc1,0
HIVSUB-04905,CC(=O)NC(=O)C(C(C)=O)c1ccccc1,0
HIVSUB-04906,NC(=O)C(CSSCC(NC(=O)OCc1ccccc1)C(N)=O)NC(=O)OCc1ccccc1,0
HIVSUB-04907,COc1cc(C)cc2c(-c3ccc(O)c4c(OC)cc(C)cc34)ccc(O)c12,0
HIVSUB-04908,COc1ccc(C=NNC(=O)c2ccc(O)c(CN(C)C)c2)cc1.Cl,0
HIVSUB-04909,O=C(C=C(N=P(c1ccccc1)(c1ccccc1)c1ccccc1)C(F)(F)C(F)(F)C(F)(F)C(F)(F)C(F)(F)C(F)(F)C(F)(F)F)c1ccccc1,0
HIVSUB-04910,Cn1c(=O)[nH]c2nncnc2c1=O,0
HIVSUB-04911,Clc1cc(Cl)c2n[se]nc2c1,0
HIVSUB-04912,O=C(Nc1ccccc1)C1CC=C2CCC3OC(=O)C1C23,0
HIVSUB-04913,S=c1nnn(C2CCCN2)[nH]1,0
HIVSUB-04914,NC(=O)NN=C1c2ccccc2-n2nccc21,0
HIVSUB-04915,CCC1(OC(=O)CN(C)C)C(=O)OCc2c1cc1n(c2=O)Cc2cc3ccccc3nc2-1.Cl,0
HIVSUB-04916,COC(=O)C1(C(=O)OC)N=C(C)OC1c1ccoc1,0
HIVSUB-04917,CC1=C(C(=O)Nc2ccc([N+](=O)[O-])cc2)C(c2cccc([N+](=O)[O-])c2)C(C(=O)Nc2ccc([N+](=O)[O-])cc2)=C(C)N1,0
HIVSUB-04918,C[N+](C)(C)CC(=O)NN=C(C(=O)NC1=C(Cl)C(=O)c2ccccc2C1=O)C(C#N)C1=NC(c2ccc([N+](=O)[O-])cc2)=[S+]C1.[Cl-],0
HIVSUB-04919,c1ccc(-c2nc3sc(-c4ccccc4)nc3s2)cc1,0
HIVSUB-04920,CCOC(=O)C(=Cc1cccc(C#N)c1)P(=O)(OCC)OCC,0
HIVSUB-04921,N#CCCC(CC#N)N1CCN(C(CC#N)CCC#N)CC1,0
HIVSUB-04922,C=CCOC1=C(OC(C)=O)C(=O)OC1C1COC(C)(C)O1,0
HIVSUB-04923,O=C1CC(c2ccccc2)n2c(nc3ccccc32)N1,0
HIVSUB-04924,O=C(NCc1ccccc1)C(=Cc1ccccc1)NC(=O)c1ccccc1,0
HIVSUB-04925,N#Cc1nc(-c2ccsc2)oc1N,0
HIVSUB-04926,CCOC(=O)C=CSCC(N)C(=O)O,0
HIVSUB-04927,[O-]c1c2cc(-[n+]3c(-c4ccccc4)cc(-c4ccccc4)cc3-c3ccccc3)cc1COCCOCCOCCOCCOC2,0
HIVSUB-04928,CC1(C)C2CCC1(C)C(OC(=O)C=CC(=O)OC1CC3CCC1(C)C3(C)C)C2,0
HIVSUB-04929,N=c1[nH]n2cnnc2s1,0
HIVSUB-04930,N#Cc1c(N=C2CCCCC2)c(C(=O)Nc2ccccc2)n2c1CCCC2,0
HIVSUB-04931,CN(C)CCNC(=O)c1ccccc1Nc1c(Cl)cccc1Cl.Cl,0
HIVSUB-04932,Clc1ccccc1CN1COc2c(cc(Cl)c3cccnc23)C1,0
HIVSUB-04933,COc1ccc(C=C2NC(=S)N(C=C3C(=O)Oc4ccccc4C3=O)C2=O)cc1OC,0
HIVSUB-04934,CCCCCCN1CCN(Cc2ccc(N(CC)CC)cc2)C(=O)C1=O,0
HIVSUB-04935,COc1cc2c(cc1OC)C13CC(=O)N(C(C)=O)N1CCCN3C2=O,0
HIVSUB-04936,CC1=CC(C)(C)C(C#N)(C#N)C(N)=C1C#N,0
HIVSUB-04937,C[Si](C)(C)N=C1N2C(=NC1(C(F)(F)F)C(F)(F)F)Sc1ccccc12,0
HIVSUB-04938,COc1ccc(NC(=S)NN=C2C(=O)Nc3c(Cl)cc(Cl)cc32)cc1,0
HIVSUB-04939,OCC1=CC(O)C2C=COC(OC3OC(CO)C(O)C(O)C3O)C12,0
HIVSUB-04940,CC(=NNC(=S)N1CCCCCC1)c1ccccn1,0
HIVSUB-04941,O=C(O)c1cnccc1-c1cc(=O)[nH]n1-c1ccccc1,0
HIVSUB-04942,C=CCOC1CC(n2cnc3c(N)ncnc32)OC1CO,0
HIVSUB-04943,CCCCNC(=O)NC=C1C(=O)Oc2ccccc2C1=O,0
HIVSUB-04944,CC1=[N+]2[N-]C(N3CC4CCC(CC4)C3)=[S+][Fe-]2[n+]2ccncc21,0
HIVSUB-04945,N#Cc1c2c(cn3c1nc1ccccc13)Cc1ccccc1-2,0
HIVSUB-04946,COc1ccc2c(c1)nc1n2C(=N)Nc2ccccc2S1,0
HIVSUB-04947,C#CC(C)(C)Oc1cc(O)c2c(=O)c3ccccc3n(C)c2c1,0
HIVSUB-04948,CC1(C)OCC(O)C(Br)CO1,0
HIVSUB-04949,C=C1CN(Cc2ccccc2)C2CCCCCC(C#N)C12,0
HIVSUB-04950,O=C1c2ccccc2-c2nccc3c2c1nc1ccccc13,0
HIVSUB-04951,Nc1cc(Cl)ccc1S,0
HIVSUB-04952,COc1ccccc1C=C(NC(=O)c1ccccc1)C(=O)NC(C)C,0
HIVSUB-04953,O=CN1CCN(C=S)CC1,0
HIVSUB-04954,CC1(C)OC(=O)N(c2ccccc2)C12C=Cc1cccc([N+](=O)[O-])c1O2,0
HIVSUB-04955,O=C1CCC2CCC1C2,0
HIVSUB-04956,COC(=O)C1=COC(O)C2CCCC12,0
HIVSUB-04957,C(=C1CCCC(=Cc2ccccc2)C1=NNc1ccccc1)c1ccccc1,0
HIVSUB-04958,O=C(O)N1CCc2c(sc3ccccc23)C1,0
HIVSUB-04959,Cc1cn(C2CC3C(COC(C)(C)N3O)O2)c(=O)[nH]c1=O,1
HIVSUB-04960,O=[N+]([O-])C(=C(Br)SCc1ccccc1)C(Cl)=C(Cl)Cl,0
HIVSUB-04961,N=c1ncn(C(N)=O)[nH]1,0
HIVSUB-04962,CC(=O)NC(CS)C(=O)O,0
HIVSUB-04963,CC1C2(C)OCC(C#N)(C(=N)O2)C1(C#N)C#N,0
HIVSUB-04964,CC(=O)OCC1OC(N2C(S)=C(C#N)C(c3ccco3)C(C(C)=O)=C2c2ccccc2)C(OC(C)=O)C(OC(C)=O)C1OC(C)=O,1
HIVSUB-04965,Cc1nc(Nc2ccc(Cl)cc2)sc1C(=O)NNC(=O)C(=O)NN,0
HIVSUB-04966,O=C(CCc1nnc2sc(=Cc3ccccc3[N+](=O)[O-])c(=O)n12)Nc1cc(Cl)c(Cl)cc1Cl,0
HIVSUB-04967,COC1C=COC2(C)Oc3c(C)c(O)c4c(O)c(c(C=NNC5CCCCCCCCCCCCCC5)c(O)c4c3C2=O)NC(=O)C(C)=CC=CC(C)C(O)C(C)C(O)C(C)C(OC(C)=O)C1C,0
HIVSUB-04968,CC(=O)CC(=O)N(CCN(C(=O)CC(C)=O)c1ccccc1)c1ccccc1,0
HIVSUB-04969,Cc1ccccc1NC(=O)C(=O)C(C#N)c1ccccc1C,0
HIVSUB-04970,O=C(NCC(Br)=CBr)Nc1cccc2ccccc12,0
HIVSUB-04971,Oc1ccc2ccccc2c1C1=NNC(c2ccc(Cl)cc2)C1,0
HIVSUB-04972,CC1C(c2ccccc2)=CCON1c1ccccc1,0
HIVSUB-04973,CNC(=NCCCN1CCOCC1)c1ccc(NC(=O)c2ccc(C(=O)Nc3ccc(C(=NCCCN4CCOCC4)NC)cc3)cc2)cc1,0
HIVSUB-04974,CN(C)C1C(O)=C(C(=O)NCNC(C=O)C(O)C(O)C(O)CO)C(=O)C2(O)C(O)=C3C(=O)c4c(O)cccc4C(C)(O)C3CC12.CS(=O)(=O)O,0
HIVSUB-04975,COc1cc(C)cc(C(=O)OCc2ccccc2)c1C1=C(Cl)C(=O)C(Cl)=CC1=O,0
HIVSUB-04976,CC(Oc1ccc2c(-c3ccccc3)cc(=O)oc2c1)C(=O)O,0
HIVSUB-04977,COC(=O)N1CCc2c(O)nc(N(C)CCO)nc2C1,0
HIVSUB-04978,COC(=O)c1ccccc1C=C1Cc2ccccc2C1=O,0
HIVSUB-04979,O=C(CCc1ccc(O)cc1)NCCc1cccc(OCc2ccccc2)c1,0
HIVSUB-04980,Cc1nc(N)c2c(n1)C(C)N(C(=O)c1ccccc1)C2,0
HIVSUB-04981,CCN1CCC(O)(c2ccc(Oc3ccc(Cl)cc3)cc2)C(C(=O)c2ccc(Oc3ccc(Cl)cc3)cc2)C1.Cl,0
HIVSUB-04982,COC(=O)C1(Cc2ccc(C)cc2)Cc2c(C)cccc2C1=O,0
HIVSUB-04983,CCOC(=O)C(F)=Cc1ccc(C#N)cc1,0
HIVSUB-04984,O=C(Nc1ccccc1-c1nn(C(=S)Nc2ccccc2)c(=S)n(C(=S)Nc2ccccc2)c1=O)C(F)(F)F,0
HIVSUB-04985,CN(C)C(=O)C(NCCO)c1ccccc1,0
HIVSUB-04986,O=[N+]([O-])c1ccc(CS(=O)(=O)c2ccccc2)cc1,0
HIVSUB-04987,CC1=CC2OC3CC4OC(=O)C=CC=CC(C(C)O)OCCC(C)C(O)C(=O)OCC2(CC1)C4(C)C31CO1,0
HIVSUB-04988,COc1cc(C=C2CCC(C)c3c2nc(N)c(C#N)c3-c2cc(OC)c(OC)c(OC)c2)cc(OC)c1OC,0
HIVSUB-04989,COC(=O)c1cc(C#N)[nH]c1-c1ccsc1,0
HIVSUB-04990,COc1ccc(C2ON(C)C3CN(C)C(=O)C23)cc1,0
HIVSUB-04991,Cc1ccccc1C(C#N)C(=O)C(=O)Nc1nc([N+](=O)[O-])cs1,0
HIVSUB-04992,O=C(O)c1ccc(N=NC2Sc3nc4ccccc4n3C2=O)cc1,0
HIVSUB-04993,CC[N+]1(C2=C([O-])C(F)(F)C2=O)CCCCC1,0
HIVSUB-04994,O=C(O)C1CCN1Cc1ccc2ccccc2c1O,0
HIVSUB-04995,CC(C)(CN1CCCCC1)C(=O)C=Cc1c(Cl)cccc1Cl.Cl,0
HIVSUB-04996,CN1C(=O)C2(C#N)C3(CCCC3)C2(C#N)C1=O,0
HIVSUB-04997,COc1nc(NC2OC(COC(C)=O)C(OC(C)=O)C(OC(C)=O)C2OC(C)=O)c(N=CC=Nc2c(NC3OC(COC(C)=O)C(OC(C)=O)C(OC(C)=O)C3OC(C)=O)nc(OC)n(C)c2=O)c(=O)n1C,0
HIVSUB-04998,CC(=O)Nc1ccc(-c2nnc(SCC(=O)Nc3ccc(Cl)cc3)o2)cc1,0
HIVSUB-04999,CC1(c2ccc3ccccc3c2)OC(=O)c2cccc(F)c21,0
HIVSUB-05000,C=CP(=S)(c1ccccc1)c1ccccc1,0
HIVSUB-05001,Brc1ccc(C[N+]23CN4CN(CN(C4)C2)C3)cc1,0
HIVSUB-05002,CN1CCN(c2cc3c(cc2F)c(=O)c(C(=O)O)cn3C2CC2)CC1CC#N,0
HIVSUB-05003,CC(=O)N(C)OC(=O)CC(=O)c1ccccc1,0
HIVSUB-05004,CN1CCCCC1c1ccc(-c2cccnc2)nc1.Cl,0
HIVSUB-05005,Cc1nc2ccccc2c(=O)n1NC(=S)NC1CCCCC1,0
HIVSUB-05006,COC(=O)c1c(NC(=O)C(C)C)n[nH]c1NC(=O)C(C)C,0
HIVSUB-05007,CN.CNC(=O)C(C(=O)NC)n1cnc(C(=O)OC)c1O,0
HIVSUB-05008,CCCCNC(=O)C(=Cc1ccc(OC)c(OC)c1)NC(=O)c1ccccc1,0
HIVSUB-05009,CCOC(=O)c1cn2c([nH]c3ccccc32)c(C#N)c1=O,0
HIVSUB-05010,Cn1cnc([N+](=O)[O-])c1Sc1nc2ccccc2s1,0
HIVSUB-05011,COC(=O)C1=C(N)C2=C(N)Oc3ccccc3C2CC1=C(C#N)C#N,0
HIVSUB-05012,Oc1ccc(C23CC4CC(CC(C4)C2)C3)cc1,0
HIVSUB-05013,C#[N+]CCOP(=O)(OCC1OC(n2cc(C)c(=O)[nH]c2=O)CC1N=[N+]=[N-])OC1CCC2(C)C(=CCC3C2CCC2(C)C(C(C)C=CC(CC)C(C)C)CCC32)C1,1
HIVSUB-05014,CC(C)P(=S)(OCc1ccccc1)C(C)C,0
HIVSUB-05015,CCOC(=O)C1C(C)C2(C#N)C(=N)OC1(C)C2(C#N)C#N,0
HIVSUB-05016,COc1cc(C=Cc2ccnc3ccccc23)ccc1N(C)C,0
HIVSUB-05017,COC(=O)CC(NC(=O)OCc1ccccc1)C(C(=O)OCc1ccccc1)C1(C)OCCO1,0
HIVSUB-05018,CC(C)(C)CC(C)(C)c1cc2c(O)c(c1)Cc1cc(C(C)(C)CC(C)(C)C)cc(c1O)Cc1cc(C(C)(C)CC(C)(C)C)cc(c1O)Cc1cc(C(C)(C)CC(C)(C)C)cc(c1O)Cc1cc(C(C)(C)CC(C)(C)C)cc(c1O)C2,0
HIVSUB-05019,COc1ccc(N=C2[Se]C(=NC(=O)c3ccccc3)N(c3ccc(OC)cc3)C2=Nc2ccc(OC)cc2)cc1,0
HIVSUB-05020,COC(=O)CCC(C)C1CCC2C3CCC4CC(=O)CCC4(C)C3CCC12C,0
HIVSUB-05021,O=[N+]([O-])c1ccc(C(=Cc2ccccc2)Cn2ccnc2)cc1,0
HIVSUB-05022,Cc1ccc(NC(=O)C2C(=O)N(c3ccc(C)cc3)C(=O)C2=NNC(N)=S)cc1,0
HIVSUB-05023,N#CCCN(C(=O)Nc1cccc(C(F)(F)F)c1)C1CCCCC1,0
HIVSUB-05024,CSc1ccc(N2C(=O)C3c4[nH]c5ccccc5c4C4CCC(C(C)(C)C)CC4C3C2=O)cc1,0
HIVSUB-05025,CCOP(=O)(OCC)C(C#N)=Cc1cccc(Br)c1,0
HIVSUB-05026,C=C1CC(c2ccc(OCCCN3C(=O)c4ccccc4C3=O)c(OC)c2)OC1=O,0
HIVSUB-05027,O=C1OC(=O)C2C1C1(c3ccccc3)OC2(c2ccccc2)c2c(Br)c(Br)c(Br)c(Br)c21,0
HIVSUB-05028,COS(=O)(=O)[OH2+].C[n+]1c2ccccc2c(NCC(=O)O)c2ccccc21,0
HIVSUB-05029,NCCCN1c2ccccc2Sc2ccc(Cl)cc21,0
HIVSUB-05030,COc1ccc(C(=O)C(C(=O)CCC(=O)Nc2ccc(Cl)c(Cl)c2)c2ccc(OC)cc2)cc1,0
HIVSUB-05031,COc1cccc(C=C2N=C(c3ccccc3)OC2=O)c1OC,0
HIVSUB-05032,O=C(Nc1ncnc2c1ncn2C1OC(CO)CC1F)c1ccccc1,0
HIVSUB-05033,O=S(=O)(C=CCS(=O)(=O)c1ccccc1)c1ccccc1,0
HIVSUB-05034,COC(=O)C(=O)C(C(=O)C(=O)Nc1cccc(OC)c1)c1nc2ccc(Cl)cc2nc1O,0
HIVSUB-05035,COc1cc(N=Nc2cc(NC(C)=O)c(N=Nc3ccc(C(=O)O)cc3)cc2S(=O)(=O)O)c(C)cc1N=Nc1ccc(NC(=O)c2ccc(N)cc2)cc1C,1
HIVSUB-05036,O=C(CCC(=O)Nc1cccc(Cl)c1)CC(=O)c1ccc(F)cc1,0
HIVSUB-05037,CC1(C)C(N2CCOCC2)CS1(=O)=O,0
HIVSUB-05038,Cc1cc(-c2ccco2)c(C#N)c(=S)n1C1OC(CO)C(O)C(O)C1O,0
HIVSUB-05039,Cc1cc(O)c(C(C)(C)C)cc1Sc1cc(C(C)(C)C)c(O)cc1C,0
HIVSUB-05040,CCC(C(=O)NC1CN2CCC1CC2)c1ccccc1,0
HIVSUB-05041,CC(C)(C)OC(=O)NCCc1ccc(N)cc1.Cl,0
HIVSUB-05042,COC(=O)C(NC(=O)N(Cc1ccccc1)CC(CC(C)C)NC(=O)C(NC(=O)OC(C)(C)C)C(C)C)C(C)C,0
HIVSUB-05043,NC(=O)c1nc(-c2ccc(Cl)c(Cl)c2)nc2ccccc12,0
HIVSUB-05044,CCOC(O)=C(c1nc2ccccc2s1)c1ncnc2[nH]cnc12,0
HIVSUB-05045,O=C(NC1CCN(Cc2ccccc2)CC1)c1ccc(I)cc1,0
HIVSUB-05046,CCOC(=O)c1sc2[n+](c1C)C(=O)C(=Cc1ccccc1Cl)S2.[ClH2+],0
HIVSUB-05047,O=C(O)C1CSC(c2ccncc2)N1,0
HIVSUB-05048,CC1(C)OC(=O)c2cc(C(=CC=O)c3cc(Cl)c4c(c3)C(=O)OC(C)(C)O4)cc(Cl)c2O1,0
HIVSUB-05049,Cc1c(N)nc(C(CC(N)=O)NCC(N)C(N)=O)nc1C(=O)NC(C(=O)NC(C)C(O)C(C)C(=O)NC(C(=O)NCCc1nc(-c2nc(C(=O)NCCCNC(C)c3ccccc3)cs2)cs1)C(C)O)C(OC1OC(CO)C(O)C(O)C1OC1OC(CO)C(O)C(OC(N)=O)C1O)c1c[nH]cn1.O=S(=O)(O)O,0
HIVSUB-05050,Cc1ccc(SSc2nnnn2C)cc1,0
HIVSUB-05051,Cc1nc(C)c(N2CCN(C(=O)NC(CCC(=O)O)C(=O)O)CC2)c(O)n1,0
HIVSUB-05052,CCCCCCC(O)CC=CCCCCCCC(C(=O)OC)=C(O)C(=O)OCC.[NaH],0
HIVSUB-05053,COc1ccc(-c2nnc(Sc3c([N+](=O)[O-])ncn3C)[nH]2)cc1,0
HIVSUB-05054,CC1(C)CC23CC(C)(C)c4cccc(c42)OCc2ccc4ccc5ccc(nc5c4n2)COc2cccc1c23,0
HIVSUB-05055,CS(=O)(=O)NC12CCC(c3ccccc31)c1ccccc12,0
HIVSUB-05056,Cn1c2cc(O)cc(O)c2c(=O)c2c([N+](=O)[O-])cccc21,0
HIVSUB-05057,CC=C(NC(=O)C(CCCCN)NC(=O)C(C)NC(=O)C1CSC(C)C(NC(=O)C2CSCC(NC(=O)C(C)NC(=O)C(N)C(C)CC)C(=O)NC(CCCCN)C(=O)NC(Cc3ccccc3)C(=O)NC(CC(C)C)C(=O)N2)C(=O)N2CCCC2C(=O)NCC(=O)N1)C(=O)NCC(=O)NC1CSCC2NC(=O)C(Cc3ccc(O)cc3)NC(=O)C(CSC=CNC2=O)NC(=O)C(CC(N)=O)NC(=O)C(Cc2ccccc2)NC1=O,0
HIVSUB-05058,COc1ccc2c(c1)-c1[nH]c3ccc(OC)cc3c1CC2,0
HIVSUB-05059,COc1cccc2c1[OH+][Cu-5]13(O)([O+]=C(N)[N-][N+]1=C2)[n+]1cccc2ccc4ccc[n+]3c4c21,0
HIVSUB-05060,Cl.O=C(O)CCNCCCCNCCC(=O)O,0
HIVSUB-05061,CP1(=S)CCC2=C1c1ccc(O)cc1CC2,0
HIVSUB-05062,CC(CCn1[nH]c(=O)ccc1=O)=NNc1ccc([N+](=O)[O-])cc1[N+](=O)[O-],0
HIVSUB-05063,O=C(O)CCCCCCCCC(=O)O,0
HIVSUB-05064,COc1cc(C2c3cc4c(cc3C(=O)C3CCC(=O)N32)OCO4)cc(OC)c1O,0
HIVSUB-05065,Cc1cc2nc(O)c(CCC(=O)O)nc2cc1C,0
HIVSUB-05066,Nn1c(CCCCCCCCc2nnc(COc3ccc4ccccc4c3O)n2N)nnc1COc1ccc2ccccc2c1O,0
HIVSUB-05067,O=[N+]([O-])c1nccn1CCCNc1c2ccccc2[n+](O)c2ccccc12.[Cl-],0
HIVSUB-05068,CCN(CC)CCCNc1nnc2c(=O)n(C)c(=O)n(C)c2n1,0
HIVSUB-05069,Cn1cnc([N+](=O)[O-])c1Sc1nncc2[nH]cnc12,0
HIVSUB-05070,COC(=O)N=[N+]([O-])C(c1ccc(Cl)cc1)c1ccc(Cl)cc1,0
HIVSUB-05071,Cc1ccc(NP(=O)(Oc2ccccc2)N(CCCl)CCCl)cc1,0
HIVSUB-05072,COC(=O)C1=C(C(=O)OC)C2(c3ccccc3)OC1(c1ccccc1)c1cc3ccccc3cc12,0
HIVSUB-05073,Clc1ccc(C2ON2C2CCCCC2)cc1,0
HIVSUB-05074,CCN1C(=O)c2cc(O)nc(O)c2C1C,0
HIVSUB-05075,CCC1CCCCN1CC(C(C)=O)C(c1ccccc1)c1c(O)c2ccccc2oc1=O.Cl,0
HIVSUB-05076,CCn1c(N)c(N=O)c(=O)n(CC)c1=O,0
HIVSUB-05077,CCCn1c(=O)c2ccccc2[n+]2c(-c3ccc([N+](=O)[O-])cc3)csc12.[Br-],0
HIVSUB-05078,COc1ccc(-c2c(C#N)c(S)n(NS(=O)(=O)c3ccccc3)c(=O)c2C#N)cc1,0
HIVSUB-05079,NNc1ncnc2cccc(Cl)c12,0
HIVSUB-05080,COC(=O)C1=CC2C(=O)OC1C1C(=O)NC(=O)C21,0
HIVSUB-05081,Cc1cc(O)c(C=O)c2c1C(=O)Oc1c(C)c(O)c(C(=O)O)c(C)c1O2,0
HIVSUB-05082,FC1C2=C(SC1(F)F)C1CCC2C1,0
HIVSUB-05083,CCC1(OC(=O)CNC)C(=O)OCc2c1cc1n(c2=O)Cc2cc3ccccc3nc2-1.Cl,0
HIVSUB-05084,CSc1nnc2n1-c1ccccc1SCC2,0
HIVSUB-05085,CCSSC12CCCN1C(=O)C1CCCN1C2=O,0
HIVSUB-05086,CCC(=O)NCC1(c2c[nH]c3ccccc23)SCCS1,0
HIVSUB-05087,Nc1nc(N)nc(-c2ccccc2-c2nc(N)nc(N)n2)n1,0
HIVSUB-05088,CCSCCCCCCCCCCCC(=O)OCC1OC(n2cc(C)c(=O)[nH]c2=O)CC1N=[N+]=[N-],1
HIVSUB-05089,COc1ccc2c(c1)CCC(c1ccccc1)=C2c1ccc(OCCN2CCCC2)cc1,0
HIVSUB-05090,N#Cc1c(N)nc(N)nc1Nc1ccc(I)cc1,0
HIVSUB-05091,COC(=O)C1(C)CC(c2ccccc2)=NC1c1ccccc1,0
HIVSUB-05092,CC1C(c2ccc(N(C)C)cc2)c2cc3c(cc2OC1N1CCCC1)OCO3,0
HIVSUB-05093,Nc1nc(O)c2ncn(COCCO)c2n1,0
HIVSUB-05094,CCCCN(CCCC)C(=O)C(=O)CC(=O)c1ccc(Br)cc1,0
HIVSUB-05095,[N-]=[N+]=Nc1cc(O)nc2ccccc12,0
HIVSUB-05096,CN(C)N=Nc1nc2c(c(=O)n(C)c(=O)n2C)n1CC(O)CO,0
HIVSUB-05097,CC(C)(C)C1(C#N)C(=O)N(c2ccc(Cl)cc2)C12c1ccccc1-c1ccccc12,0
HIVSUB-05098,CCCC(=O)n1[nH]c(=O)n(C(C)(C)C)c1=O,0
HIVSUB-05099,CN(C)c1nc2no[nH]c-2nc1=Nc1ccccc1,0
HIVSUB-05100,c1cc2nnc1SCCCSc1ccc(nn1)SCCCS2,0
HIVSUB-05101,COc1ccc2c(c1)CCC1C3(CCCC21C)OCCO3,0
HIVSUB-05102,CCCCCCCCCCCCNP(=S)(NCCCCCCCCCCCC)NCCCCCCCCCCCC,0
HIVSUB-05103,CCCCCCCCCCCCCC(=O)OC1C(C)C2(O)C(C=C(CO)CC3(O)C(O)C(C)=CC32)C2C(C)(C)C12OC(C)=O,1
HIVSUB-05104,NCCCC1CCCCNC1,0
HIVSUB-05105,COc1cc(Nc2nc3cc(C(F)(F)F)ccc3nc2-c2ccccc2)cc(OC)c1OC,0
HIVSUB-05106,FC(F)(Oc1ccc2ccccc2c1)c1nc2ccccc2o1,0
HIVSUB-05107,CCOC(=O)C(=C=Cc1cccs1)C(=O)c1ccccc1,0
HIVSUB-05108,CCOC(=O)CN(Cn1cncn1)Cn1cncn1,0
HIVSUB-05109,CN(CCN1C(=O)c2cccc3cccc(c23)C1=O)CCN1C(=O)c2cccc3cccc(c23)C1=O,0
HIVSUB-05110,CC12CCC3C(CCC4=CC(=O)NCC43C)C1CCC(=O)N2,0
HIVSUB-05111,Cc1nc(C(N)=S)sc1C(=O)CC(=O)C(=O)Nc1ccccc1[N+](=O)[O-],0
HIVSUB-05112,Cl.NC1c2ccsc2C(=O)C1O,0
HIVSUB-05113,CCN(CC)C(=S)S[Bi](SC(=S)N(CC)CC)SC(=S)N(CC)CC,0
HIVSUB-05114,O=C(O)C=CC(=O)O.[N-]=[N+]=Nc1ccc2c(c1)Sc1ccccc1N2CCCCN1CCN(Cc2ccc(C(=O)c3ccccc3)cc2)CC1,0
HIVSUB-05115,CC(=O)NC(C)c1ccc(N=NN2CCCC2)cc1,0
HIVSUB-05116,COc1cccc(OC)c1C=NN1C(=O)c2ccccc2C1=O,0
HIVSUB-05117,CCCCCCCCCCCCCCCCOP(=O)(O)OP(=O)(O)OCC1OC(n2cnc3c(N)ncnc32)C(O)C1O.[NaH],0
HIVSUB-05118,CCn1ncc2c(=O)n3ncn(-c4ccc(Br)cc4)c3nc21,0
HIVSUB-05119,COc1c(Cl)cc(Cc2cc(C(=CCCC3CCC4(C)C(CCC5C4CCC4(C)C(C(C)CCCC(C)C)CCC54)C3)c3cc(Cc4cc(Cl)c(OC)c(C(=O)O)c4)c(OC)c(C(=O)O)c3)cc(C(=O)O)c2OC)cc1C(=O)O.[NaH],1
HIVSUB-05120,O=S1(=O)CC2OC(c3ccccc3)OC2C1,0
HIVSUB-05121,c1csc(-c2csc(-c3cccs3)c2)c1,0
HIVSUB-05122,CC(C)(c1ccsc1)c1sccc1C(=O)O,0
HIVSUB-05123,CC(=O)OCC1OC(OCCCOP(=O)(OCCC#N)OCC2OC(n3cnc4c(N)ncnc43)C(OC(=O)c3ccccc3)C2OC(=O)c2ccccc2)C(OC(C)=O)C(OC(C)=O)C1OC(C)=O,0
HIVSUB-05124,CNC(=O)C(CC(C)C)NC(=O)C(C)NC(=O)C(Cc1ccc(OCc2ccccc2)cc1)NC(=O)C(COCc1ccccc1)NC(=O)OC(C)(C)C,0
HIVSUB-05125,CC1(C)OC2COC(C)(C)OC(C3SCCCS3)C2O1,0
HIVSUB-05126,N#Cc1nsnc1-c1nc(-c2nsnc2C#N)nc(-c2nsnc2C#N)n1,0
HIVSUB-05127,Cc1nn(-c2ccccc2)c2nc(N3CCOCC3)nnc12,0
HIVSUB-05128,CC(C#N)(c1ccccc1)N(CCc1ccccc1)C(=O)Oc1ccccc1,0
HIVSUB-05129,OCc1ncccc1O,0
HIVSUB-05130,C=CCP1(=O)OC(c2ccccc2)C(C)N1C(C)C,0
HIVSUB-05131,CN1C(=O)CC(Sc2ccccc2)c2cc(Cl)ccc21,0
HIVSUB-05132,N#Cc1c(-c2ccccc2)c(-c2ccccc2)nn(CC(=O)O)c1=O,0
HIVSUB-05133,O=C1CCC2(c3ccc(Cl)cc3)Nc3ccncc3N12,0
HIVSUB-05134,CN(C)c1ccc(C=C(C(=O)O)C(=O)O)cc1,0
HIVSUB-05135,Clc1nncc2sc(-c3ccccc3)nc12,0
HIVSUB-05136,O=C1C(=Cc2cccc(O)c2)SC(=S)N1C=Cc1nc2ccccc2nc1O,0
HIVSUB-05137,ON=C1C(=Cc2ccccc2)CCCC1C(NO)c1ccccc1,0
HIVSUB-05138,O=S(=O)(SC1=NCCN1)c1cccc2ccccc12,1
HIVSUB-05139,CC1=CCN(c2ccccn2)OC1c1ccccc1,0
HIVSUB-05140,O=C(CNc1ccccn1)Nn1cnc2ccc(S(=O)(=O)Nc3ccccn3)cc2c1=O,0
HIVSUB-05141,CC(=O)OC1CC2(C)OC(Cc3ccccc32)O1,0
HIVSUB-05142,COC(=O)C1=C(OC(C)=O)c2ccccc2CS1,0
HIVSUB-05143,CC(=NNC(=S)NN=C(C)c1ccccn1)c1ccccn1,0
HIVSUB-05144,COc1ccc(C(NS(=O)(=O)c2ccc(C)cc2)c2c(C(CBr)OC)c3ccccc3n2S(=O)(=O)c2ccccc2)cc1OC,0
HIVSUB-05145,C=CCCCC1CCCNC1=O,0
HIVSUB-05146,CC(=O)c1cc2cc3c4c(c2oc1=O)CCCN4CCC3,0
HIVSUB-05147,Cl.NC(=O)C(=CNc1nc(-c2cccc([N+](=O)[O-])c2)cs1)C(N)=O,0
HIVSUB-05148,COc1ccc(C(=O)c2ccc(OC)c(S(=O)(=O)N(C)C=O)c2)cc1S(=O)(=O)N(C)C=O,0
HIVSUB-05149,Cn1nc(-c2ccccc2)c(C(=O)C=Cc2ccc(Cl)cc2)c(N2CCOCC2)c1=O,0
HIVSUB-05150,Cc1cc(C)c(-n2[nH]c(=O)n(C)c2=O)c(C)c1,0
HIVSUB-05151,O=c1c2ccccc2nc(-c2ccccc2)n1NC(=S)Nc1ccc(Cl)cc1,0
HIVSUB-05152,COc1ccccc1C=C(C#N)C#N,0
HIVSUB-05153,Cc1ccccc1SSc1ccccc1C,0
HIVSUB-05154,CCCCN(Cc1ccccc1)C(=NC#N)N(Cc1ccccc1)Cc1ccccc1,0
HIVSUB-05155,CCc1cc2c(Nc3ccccc3)c3c(nc2s1)CCCC3,0
HIVSUB-05156,COC(=O)CC1C(C(C)(OC)OC)C(=O)N1[Si](C)(C)C(C)(C)C,0
HIVSUB-05157,N#CC(=CSc1ccccc1)C(=O)O,0
HIVSUB-05158,C1=C(c2ccccc2)SC(N2CCCCC2)S1,0
HIVSUB-05159,COc1ccc(C=C2CN(C)CC3C2=NN(c2ccccc2)C3c2ccc(OC)cc2)cc1,0
HIVSUB-05160,COc1ccc(-c2c(-c3ccccc3)c(C)nc3nc(S)nc(S)c23)cc1OC,0
HIVSUB-05161,Nc1nc(Cl)cc(N=Nc2ccccc2)n1,0
HIVSUB-05162,O=C(O)CP(=S)(S)c1ccccc1.[NaH],0
HIVSUB-05163,COc1cc2c(cc1O)-c1n[nH]cc1CCC2,0
HIVSUB-05164,Br.C(COc1cccnc1)=NNC1=NCCN1,0
HIVSUB-05165,O=C1C(=Cc2ccc(Cl)cc2)Oc2ccccc21,0
HIVSUB-05166,OC(c1ccc(C(F)(F)F)cc1)C(F)(F)c1nc2ccccc2o1,0
HIVSUB-05167,O=c1ccn(C2CCC3(CO)CC23)c(=O)[nH]1,0
HIVSUB-05168,CN1CCO[Ge]2(OCC1)OC(=O)C(c1ccccc1)(c1ccccc1)O2,0
HIVSUB-05169,CCCN=Cc1c(O)c(O)c(C(C)C)c2cc(C)c(-c3c(C)cc4c(C(C)C)c(O)c(O)c(C=NCCC)c4c3O)c(O)c12,0
HIVSUB-05170,CCOc1ccncc1[N+](=O)[O-],0
HIVSUB-05171,COC(=O)c1nn(C(=N)c2ccc(Cl)cc2)c2c1CCCCC2,0
HIVSUB-05172,N#Cc1c(C#N)c(-c2ccccc2)n(-c2ccccc2)c1N,0
HIVSUB-05173,CN(C)c1ccc(C=C(NC(=O)c2ccccc2)C(=O)NC(CCC(=O)O)C(=O)O)cc1,0
HIVSUB-05174,O=C(O)CCC12CCC3(O)OC(=O)C(CC1C(=O)O)C32,0
HIVSUB-05175,O=[N+]([O-])c1ccc(-c2noc(-c3ccccc3)c2C2=NCCN2)cc1,0
HIVSUB-05176,CC(=O)NC(Cc1ccc2ccccc2c1)C(=O)NC(Cc1ccc(Cl)cc1)C(=O)NC(Cc1cccnc1)C(=O)NC(CO)C(=O)NC(Cc1ccc(O)cc1)C(=O)NC(CCCNC(=N)N)C(=O)NC(CC(C)C)C(=O)NC(CCCNC(=N)N)C(=O)N1CCCC1C(=O)NC(C)C(N)=O,0
HIVSUB-05177,NC(=O)c1c[se]c(C2OC(CO)C(O)C2O)n1,0
HIVSUB-05178,CCOc1ncnc2ccc(Cl)c(I)c12,0
HIVSUB-05179,COC(=O)C=C1CC2OC(O)(C1)C(C)C(=O)OC1CC(C=C(C)C)OC(CC3(O)OC(CCC2O)C(C)C2(O)CCC(C)C(=O)C32)C1C,0
HIVSUB-05180,CC(=O)OCC(OC(C)=O)C(OC(C)=O)C(C=NN(C(C)=O)S(=O)(=O)c1ccc(C=C2NC(=O)NC2=O)cc1)OC(C)=O,0
HIVSUB-05181,O=S1(=O)C(c2ccccc2)=C(O)c2cc3ccccc3nc21,0
HIVSUB-05182,O=[N+]([O-])c1ccc(Sc2c3ccccc3nc3ccccc23)cc1,0
HIVSUB-05183,C#Cc1cccc(N2C(=O)C3C4C=CC(C3C2=O)C2C(=O)N(c3cccc(C#C)c3)C(=O)C42)c1,0
HIVSUB-05184,CN1CC(=Cc2cccs2)C(O)C(=Cc2cccs2)C1,0
HIVSUB-05185,CC(=O)OC1COC(N2c3ccccc3C3CCc4c([nH]c5ccccc45)C32)C(OC(C)=O)C1OC(C)=O.CC(=O)OC1COC(N2c3ccccc3C3CCc4c([nH]c5ccccc45)C32)C(OC(C)=O)C1OC(C)=O,0
HIVSUB-05186,COC(=O)C1=Nc2c(C)nn(-c3ccccc3)c2N=C(c2ccccc2)C1,0
HIVSUB-05187,N#CCc1ccccc1C(=O)O,0
HIVSUB-05188,c1ccc([Sn](Sc2cccc3cccnc23)(Sc2cccc3cccnc23)c2ccccc2)cc1,0
HIVSUB-05189,CC1=[N+]2[N-]C(N3CC4CCC(CC4)C3)=[S+][Cu-2]2[n+]2cnccc21,0
HIVSUB-05190,COC(=O)c1ccccc1NCc1cc(O)ccc1O,0
HIVSUB-05191,CCOP(=O)(OCC)C(C#N)=Cc1cccn1CC(C)C,1
HIVSUB-05192,COC1OC(CCC2NC(CO)C(O)C(O)C2O)C(O)C(O)C1O.Cl,0
HIVSUB-05193,COc1ccc(CN2COc3c(cc(C)c4cccnc34)C2)cc1,0
HIVSUB-05194,CC(=O)Nc1ccc(C2=NC(=Cc3ccc(Cl)cc3)C(=O)O2)cc1,0
HIVSUB-05195,CC(C)OC(=O)C1ON2OC(OC3CCCCC3c3ccccc3)C([Si](C)(C)c3ccccc3)C3OC(=O)C1C32,0
HIVSUB-05196,COc1cc(C2c3cc4c(cc3C(NS(C)(=O)=O)C3COC(=O)C23)OCO4)cc(OC)c1OC,0
HIVSUB-05197,CC1=CC(C)(C)N=C2SC(c3ccc(Cl)cc3)=NN12,0
HIVSUB-05198,Clc1ccc(C=NN=Cc2ccc(Cl)cc2)cc1,0
HIVSUB-05199,O=C(O)Cc1cccc2c(=O)c3cccc([N+](=O)[O-])c3oc12.[NaH],0
HIVSUB-05200,Cc1nc(Nc2ccc(Cl)cc2)sc1C(=O)NNC(=S)NN,0
HIVSUB-05201,[N-]=[N+]=CC(=O)OC1Cc2ccccc2C1,0
HIVSUB-05202,CSC1=NC(=Cc2ccccc2)C(=O)N1CN1CCOCC1,0
HIVSUB-05203,CC(=O)N(CCN)CCN,0
HIVSUB-05204,COc1cc2c(cc1OC)C1=NN(c3ccccc3)C(=O)C1CC2,0
HIVSUB-05205,CCCCCCCCCCCCCCCC1=NCCN1C,0
HIVSUB-05206,CC(=CC(=O)O)C(=O)N(C)c1ccccc1I,0
HIVSUB-05207,Cn1c2ccccc2n2c3ncccc3c(=O)c(C#N)c12,0
HIVSUB-05208,Cc1sc2[nH]c(=O)oc(=O)c2c1C,0
HIVSUB-05209,C=CCOC(C)n1c(C)cc(=O)n(C(C)OCC=C)c1=O,0
HIVSUB-05210,CC1OCC(O)C(C2OC(c3ccccc3)=NC2CO)O1,0
HIVSUB-05211,COc1nc(=O)cc(N)n1C1OC(CO)C(O)C1O,0
HIVSUB-05212,COc1ccccc1-n1nnc2c(N)nc(N)nc21,0
HIVSUB-05213,O=C(O)C1OC(n2cc([N+](=O)[O-])c(=O)[nH]c2=O)C(O)C1O,0
HIVSUB-05214,O=[N+]([O-])c1ccc2c(c1)nc1n2C(c2c(F)cccc2F)SC1,1
HIVSUB-05215,Cc1ccc(C2CC(=O)CC(c3ccc(C)cc3)C23C(=O)NC(=O)NC3=O)cc1,0
HIVSUB-05216,COc1cc(C2C3=C(N=C4SC(C(C)=O)=C(C)N42)c2ccccc2CC3)cc(OC)c1OC,0
HIVSUB-05217,C1=CC2=[S+][Zn-2]3(ON2C=C1)ON1C=CC=CC1=[S+]3,0
HIVSUB-05218,N#Cc1c(N)nc(-c2ccc(Cl)cc2)c2c1-c1ccccc1S(=O)(=O)CC2,0
HIVSUB-05219,CC(=O)CC(=O)Nc1c(C)c([Hg]OC(C)=O)c(C)c([Hg]OC(C)=O)c1[Hg]OC(C)=O,0
HIVSUB-05220,Cc1n[nH]c(=N)sc1=NO.Cl,0
HIVSUB-05221,COC1=CC(=O)C=C(OC)C1=O,0
HIVSUB-05222,COC(=O)c1ncn(C2CCCCC2)c1N,0
HIVSUB-05223,Cc1ccccc1N1C(=O)C2C=CC(n3[nH]c(=O)n(Cc4ccccc4)c3=O)CC2C1=O,0
HIVSUB-05224,O=C(Oc1cc(=O)c(OC(=O)c2ccccc2)co1)c1ccccc1,0
HIVSUB-05225,CCCC(Cl)=NOC(=O)Nc1ccc(F)c([N+](=O)[O-])c1,0
HIVSUB-05226,CSC12c3cc(C)n(-c4ccc(I)cc4)c3CC(C)(C)CN1C(=O)C2Oc1ccccc1,0
HIVSUB-05227,OC12C=CC(CCCC1)O2,0
HIVSUB-05228,CC1=C(C)C1[N+](=O)[O-],0
HIVSUB-05229,c1ccc2nc3nc4ccccc4nc3nc2c1,0
HIVSUB-05230,C=C1CCC([N+](=O)[O-])C(C)(N=O)CCC2C1CC2(C)C,0
HIVSUB-05231,O=C(OCCc1ccccc1)c1cc2cc(O)c(O)cc2cn1,0
HIVSUB-05232,CC(=O)C1Cn2c(=O)c3cc4ccccc4cc3c(=O)n2C=C1C,0
HIVSUB-05233,CC(=O)OC1CCC2C3CCC4C(=O)c5oncc5CC4(C)C3CCC12C,0
HIVSUB-05234,O=[N+]([O-])C(Cl)(Cl)C=C(Cl)C(Cl)(Cl)[N+](=O)[O-],0
HIVSUB-05235,Cc1c(Cc2ccccc2)n(C(C)OCCN(OC(=O)Oc2ccccc2)C(=O)Oc2ccccc2)c(=O)[nH]c1=O,0
HIVSUB-05236,CC(C)c1nc2c(Cl)c3ncccc3cc2nc1O,0
HIVSUB-05237,Cc1cn(CCCCCCOC(=O)NC(CCCNC(=N)N)C(=O)O)c(=O)[nH]c1=O,0
HIVSUB-05238,Cl.Nc1nc(Cl)c(N)c(NCC2(CO)CC(CCc3ccccc3)C2)n1,0
HIVSUB-05239,CCOC(=O)c1ccc(CS(=O)(=O)c2ccccc2C(=O)OCC)c([N+](=O)[O-])c1,0
HIVSUB-05240,CC(=O)[OH+][Ni-2]12[N+](=C(c3ccccc3)c3cccc[n+]31)[N-]c1cccc[n+]12,0
HIVSUB-05241,CC(=O)Oc1ccc2c(c1)oc1c3ccc(OC(C)=O)cc3n(C)c(=O)c21,0
HIVSUB-05242,Cc1cc2c(c(C=Nc3ccc([N+](=O)[O-])cc3)c1)OC1(C=C2)Oc2ccccc2C(=O)N1C,0
HIVSUB-05243,O=C([OH+][Mo+2]1234(C#[O+])(C#[O+])(C#[O+])C5=C1[C-]2C3=C54)C(F)(F)F,0
HIVSUB-05244,Cc1cc(C2(c3cc(C)c(O)c4ncccc34)OC(=O)c3ccccc32)c2cccnc2c1O,0
HIVSUB-05245,O=C1C2C3C=CC(CC3)C2C(=O)C2C3C=CC(C3)C12,0
HIVSUB-05246,CCCCCC=C(c1cc(F)c(OC)c(C(=O)OC)c1)c1cc(F)c(OC)c(C(=O)OC)c1,0
HIVSUB-05247,CC1=CC2OC3CC4OC(=O)C=CC=CC(=O)OCCC(C)C(O)C(=O)OCC2(CC1O)C4(C)C31CO1,0
HIVSUB-05248,COc1ccc2c3c1OC1C4(CCC5C(C2)N(CC2CC2)CCC351)OCCO4,0
HIVSUB-05249,CNC(=O)ON=C1N(C)CN(c2ccccc2)C12CCN(CCCC(=O)c1ccc(F)cc1)CC2.Cl,0
HIVSUB-05250,C=CCNC(=S)NC=C(C(C)=O)C(=O)Nc1ccccc1OC,0
HIVSUB-05251,C=C1CCC(Br)C(C)(C)C12CCC(C)(O)C(Cl)C2,0
HIVSUB-05252,O=C(N=NC(=O)Oc1ccccc1)Oc1ccccc1,0
HIVSUB-05253,N#CCCC(C#N)(C#N)CCC#N,0
HIVSUB-05254,CCC1c2cc3n(c(=O)c2COC1O)Cc1c-3nc2ccccc2c1Cl,0
HIVSUB-05255,CC(C)CC1NC(=O)C(NC(=O)c2ncccc2O)C(C)OC(=O)C(c2ccccc2)N(C)C(=O)C(C)NC(=O)C(C(C)C(C)C)N(C)C(=O)CN(C)C(=O)C2CC(O)CN2C1=O,0
HIVSUB-05256,O=C1CSSCC(=O)NCCCN1,0
HIVSUB-05257,Cc1ccc(S(=O)(=O)Oc2nc3ccccc3nc2OS(=O)(=O)c2ccc(C)cc2)cc1,0
HIVSUB-05258,O=S(Nc1ccccc1)c1ccc(Cl)cc1,0
HIVSUB-05259,S=P1(Oc2ccccc2)NNP2(=NP(Cl)(Cl)=NP(Cl)(Cl)=N2)NN1,0
HIVSUB-05260,O=CCC1c2ccccc2C=CC12C=CC(=O)CC2,0
HIVSUB-05261,COc1ccc(-c2cc(C(=O)O)c3cc4ccccc4cc3n2)cc1Br,0
HIVSUB-05262,CCOC(=O)C1=NN(c2ccccc2)C(=O)C1=CNC(=S)C(N)=S,0
HIVSUB-05263,CC1COC(C)(C)P(=O)(c2ccccc2)C1,0
HIVSUB-05264,CSSc1ccccc1,0
HIVSUB-05265,CC(=O)N1C(NN(C)C)CCN1c1ccccc1,0
HIVSUB-05266,CCOC(=O)NC1CCc2cc(OC)c(OC)c(OC)c2-c2ccc(OC)c(=O)cc21,0
HIVSUB-05267,Cc1ccc2[s+]cc3c4ccccc4[nH]c3c2c1.[O-][Cl+3]([O-])([O-])O,0
HIVSUB-05268,CC1=C2CCC3(C)C(=CCC3O)C2(C)CCC1=O,0
HIVSUB-05269,CC(=O)NC1=C(C)C(=O)c2c(nc3n2CCC3OC(=O)c2ccccc2)C1=N,0
HIVSUB-05270,NC(Cn1ccc(=O)c(O)c1)C(=O)O,0
HIVSUB-05271,CO[PH](OC)(OC)[Mn+](C#[O+])(C#[O+])([OH+]C(=O)C(F)(F)F)([PH](OC)(OC)OC)[PH](OC)(OC)OC,0
HIVSUB-05272,Clc1ccc(C(=Cc2ccccc2)Cn2ccnc2)cc1,0
HIVSUB-05273,N.Nc1nc(S)nc(O)c1N=O,0
HIVSUB-05274,CCOP(=O)(OCC)C(C)(CC)N=C(NC1=NC(C(F)(F)F)(C(F)(F)F)N=C(C(F)(F)F)O1)NC(NC(C)=O)(C(F)(F)F)C(F)(F)F,0
HIVSUB-05275,C=CCC(C)(C(=O)NCCC)C(=O)c1ccccc1O,0
HIVSUB-05276,CSc1c(C#N)c(O)n(-c2ccc(Cl)cc2)c(=O)c1C#N,0
HIVSUB-05277,N#CNc1nc(N)c(-c2ccc(Cl)cc2)c(C(=O)Nc2ccc(Cl)c(Cl)c2)n1,0
HIVSUB-05278,COC1C=COC2(C)Oc3c(C)c(O)c4c(O)c(c(C=NN5CC(C)N(Cc6ccccc6)C(C)C5)c(O)c4c3C2=O)NC(=O)C(C)=CC=CC(C)C(O)C(C)C(O)C(C)C(OC(C)=O)C1C,0
HIVSUB-05279,C=C1OC(=O)C(=CCCCCCCCCCCCCCCCCC)C1O,0
HIVSUB-05280,Cc1c(CCC(C)C)oc2cc3oc(CCC(C)C)c(C)c3cc12,0
HIVSUB-05281,O=[N+]([O-])c1ccc(NN=C2CCCCC(=NNc3ccc([N+](=O)[O-])cc3[N+](=O)[O-])CS(=O)(=O)C2)c([N+](=O)[O-])c1,0
HIVSUB-05282,COc1ccc(-c2c(N)cnc(C(=O)O)c2C)c(O)c1OC,0
HIVSUB-05283,O=C1c2cccc(O)c2C(=O)c2cccc(O)c21,0
HIVSUB-05284,O=C1C2c3[nH]c4ccccc4c3C3CCSCC3C2C(=O)N1c1ccccc1,0
HIVSUB-05285,O=C(C=Cc1c(O)ccc2ccccc12)c1cccc2ccccc12,0
HIVSUB-05286,C=CCCCC12CCCc3cccc(c31)NC2=O,0
HIVSUB-05287,C=CCNC(=S)Nc1ccc(Cl)cc1,0
HIVSUB-05288,CSc1nc(C)c(CCCl)c(Cl)n1,0
HIVSUB-05289,CCN(CC)CCCNc1nc2ccccc2c2c1ncn2CC(C)C,0
HIVSUB-05290,C=CCC(NC(=O)C(CC(=O)OC(C)(C)C)NC(=O)OC(C)(C)C)C(=O)OC,0
HIVSUB-05291,CC1=C2CCCC2=CC(=NNc2ccc([N+](=O)[O-])cc2[N+](=O)[O-])CC1,0
HIVSUB-05292,CC1c2[nH]c3ccccc3c2CCN1O,0
HIVSUB-05293,CC1(C)CCCC2C1=NOC2O,0
HIVSUB-05294,Cc1ccc(S(=O)(=O)O)cc1.N=C(NO)NN=Cc1ccc2c(c1)OCO2,0
HIVSUB-05295,COc1ccc(C=C(C#N)c2ccccc2[N+](=O)[O-])cc1,0
HIVSUB-05296,Cc1cn(C2CC(=NO)C(CO)O2)c(=O)[nH]c1=O,1
HIVSUB-05297,Cc1cc(-c2no[n+]([O-])c2-c2cc(C)sc2S(C)(=O)=O)c(S(C)(=O)=O)s1,0
HIVSUB-05298,CCCNC(=N)C(C)=O,0
HIVSUB-05299,COc1ccc(Oc2cc(CC3c4cc(OC)c(OC)cc4CCN3C)c([N+](=O)[O-])cc2OC)cc1OC,0
HIVSUB-05300,O=C1C(=Cc2cccc(F)c2)Cc2ccccc21,0
HIVSUB-05301,CCCCCCCCCCC(c1ccc(O)c(C(=O)O)c1)c1ccc(O)c(C(=O)O)c1.N,1
HIVSUB-05302,CC1CC2C3CCC4=CC(=O)C=CC4(C)C3(F)C(O)CC2(C)C1(O)C(=O)CO.Cc1cc(NS(=O)(=O)c2ccc(N=Nc3cc(N=Nc4ccc(S(=O)(=O)Nc5cc(C)nc(C)n5)cc4)c4c(NC(=O)C(Cl)Cl)cccc4c3OC(=O)C(Cl)Cl)cc2)nc(C)n1,0
HIVSUB-05303,CCCCCCCCC1=C(OC)C(=O)c2cccnc2C1=O,0
HIVSUB-05304,COc1cc(-c2cc(O)c(-c3ccc4ccccc4n3)c(O)n2)cc(OC)c1OC,0
HIVSUB-05305,COC(=O)C(C#N)=C(N)C(Cl)(Cl)Cl,0
HIVSUB-05306,COc1cnnc2ccccc12,0
HIVSUB-05307,CC(=O)NC(=Cc1ccc(Cc2nc3c([nH]2)C(=O)c2ccccc2C3=O)cc1)c1nc2c([nH]1)C(=O)c1ccccc1C2=O,0
HIVSUB-05308,COc1ccc(N2C(=O)c3cc(C)cnc3S2(=O)=O)cc1,0
HIVSUB-05309,CC(C)(C)C(=O)C(C(=O)C(C)(C)C)C(=O)C(C)(C)C,0
HIVSUB-05310,CCOC(=O)C(CCCC#N)=NO,0
HIVSUB-05311,Cc1ccc(NC(=O)CC(=O)n2nc(C)c(N=Nc3ccccc3Cl)c2C)cc1,0
HIVSUB-05312,Cn1c2ccccc2c2nnc(S)nc21,1
HIVSUB-05313,Clc1ccc([N+]2=C3C=Cc4ccccc4[O+]3[Co-2]23[N+](c2ccc(Cl)cc2)=C2C=Cc4ccccc4[O+]23)cc1,0
HIVSUB-05314,CNC(=O)N(CCCC(NC(C)=O)C(=O)NCc1ccccc1)Cc1ccccc1,0
HIVSUB-05315,CCCCCc1c(CCCC)c(O)nc2cc(CNCC(OC)OC)ccc12,0
HIVSUB-05316,CCC1CC2CN3CCc4c([nH]c5ccc(OC)cc45)C(COC(=O)c4ccc(OC)c(OC)c4)(C2)C13,0
HIVSUB-05317,Cc1cn(C2CC(N=[N+]=[N-])C(COC(=O)CCCCCCCCCc3ccccc3)O2)c(=O)[nH]c1=O,1
HIVSUB-05318,CC(C)CC(NC(=O)C(Cc1ccccc1)NC(=O)C(Cc1ccccc1)NC(=O)OC(C)(C)C)C(=O)OCc1ccccc1,0
HIVSUB-05319,COc1ccc(CC2COC(=O)C2Cc2ccc(O)c(O)c2)cc1OC,0
HIVSUB-05320,Cn1cc(NC(=O)Nc2cc(C(=O)Nc3cc(C(=O)Nc4ccc5c(S(=O)(=O)O)cccc5c4S(=O)(=O)O)n(C)c3)n(C)c2)cc1C(=O)Nc1cc(C(=O)Nc2ccc3c(S(=O)(=O)O)cccc3c2S(=O)(=O)O)n(C)c1.[Na+],1
HIVSUB-05321,c1cc2nsnc2c2c[nH]cc12,0
HIVSUB-05322,Cc1nc(C(=Nn2cnnc2)Nc2ccc(Br)cc2)no1,0
HIVSUB-05323,O=C(O)c1ccccc1S,0
HIVSUB-05324,O=C(c1c(F)c(F)c(F)c(F)c1F)N1CCN(C(=O)c2c(F)c(F)c(F)c(F)c2F)C1=S,0
HIVSUB-05325,CCCCCCCCCCCCCCCCCC(=O)OCC(C[As](=O)(O)O)OC(=O)CCCCCCCCCCCCCCCCC,0
HIVSUB-05326,COC1=C(N)C(=O)c2nc(-c3nc(C(=O)O)c(C)c(-c4ccc(OC)c(OC)c4O)c3N)ccc2C1=O,0
HIVSUB-05327,Clc1cc(C(c2cc(Cl)sc2Cl)c2cc(Cl)sc2Cl)c(Cl)s1,0
HIVSUB-05328,CC1=C(C(=O)Nc2ccc([N+](=O)[O-])cc2)C(c2ccc3c(c2)OCO3)C(C(=O)Nc2ccc([N+](=O)[O-])cc2)=C(C)N1,0
HIVSUB-05329,COC(=O)c1cc(C(=CCCBr)c2cc(Cl)c(OC)c(C(=O)OC)c2)cc(Cl)c1OC,1
HIVSUB-05330,CN(C)C(=S)SSSC(=S)N(C)C,0
HIVSUB-05331,CS(=O)(=O)O.O=[N+]([O-])c1cccc2nc3ccccc3c(NCCCN3CCOCC3)c12,0
HIVSUB-05332,COC(=O)C(N)CSCc1ccccc1,0
HIVSUB-05333,Cc1ccc(S(=O)(=O)OCC2OC(CCCO)CC([Si](C)(C)C)=CCC2Cl)cc1,0
HIVSUB-05334,c1ccc(COc2ncccc2C2SCCCS2)cc1,0
HIVSUB-05335,CNNCc1ccc(C(=O)NC(C)C)cc1,0
HIVSUB-05336,Cc1ccc2cc(NC(=O)CBr)c3ccc(C)nc3c2n1,0
HIVSUB-05337,CCOc1ccc(-n2nnc3c(N)nc(N)nc32)cc1,0
HIVSUB-05338,COc1ccc(CCNC(=O)Cc2ccccc2CCO)cc1OC,0
HIVSUB-05339,CC(C)=CC(=O)N1CC(C)Cn2c(=S)[nH]c3cccc1c32,0
HIVSUB-05340,CC1=C(C)C(=O)C(C2=CC(=O)C=CC2=O)=C(C2=CC(=O)C=CC2=O)C1=O,0
HIVSUB-05341,CCN(CC)CCOc1ccccc1C=Cc1noc2ccccc12.Cl,0
HIVSUB-05342,Nc1ncnc2c1ccn2CC=CCO,0
HIVSUB-05343,S=C1CC(c2ccc(Sc3ccccc3)cc2)=Nc2ccccc2N1,0
HIVSUB-05344,COc1ccc(C2=NN3C(=S)NNC3=NN2)cc1OC,0
HIVSUB-05345,CNP(=S)(Oc1cc(Cl)c(Cl)cc1Cl)N1CCN(c2ccc(Cl)cc2)CC1,0
HIVSUB-05346,O=C1C=C(O)C(=O)c2ccccc21,0
HIVSUB-05347,CC(=O)NS(=O)(=O)c1ccc(NC(=O)COC(=O)c2cccc3c(=O)c4ccccc4[nH]c23)cc1,1
HIVSUB-05348,Cc1cn(C2CC(O)C3(CO)CC23)c(=O)[nH]c1=O,0
HIVSUB-05349,CC(=O)OCC1OC(Nc2ccc3nc(C)n(-c4cccc(C)c4)c(=O)c3c2)C(OC(C)=O)C(OC(C)=O)C1OC(C)=O,0
HIVSUB-05350,Cc1cc(N(CCC#N)CCC#N)ccc1C=CC(=O)Nc1cccc(Cl)c1,0
HIVSUB-05351,Cc1ccccc1C1OC1C(=O)c1ccccc1N,0
HIVSUB-05352,N#Cc1c(N=Cc2cc(Cl)cc(Cl)c2O)sc2c1CCC2,0
HIVSUB-05353,CCCCC(CC)C(=O)OC(C)CN(CC(C)OC(=O)C(CC)CCCC)C(=O)C(C)OC(=O)C(CC)CCCC,0
HIVSUB-05354,Cc1ccc(S(=O)(=O)N2CCC3(C(C=Cc4ccccc4)=Nc4ccccc43)C2c2ccccc2)cc1,0
HIVSUB-05355,Cn1c(Nc2ccccc2)c(C=Nc2ccccc2)c(=O)n(C)c1=O,0
HIVSUB-05356,COc1cc([N+](=O)[O-])c(S(=O)(=O)O)cc1N,0
HIVSUB-05357,CC(=O)Nc1ccc(C=CC(=O)c2sc(C(N)=S)nc2C)cc1,0
HIVSUB-05358,CC(=CC(=O)Nn1c(Cc2ccccc2)n[nH]c1=O)C(=O)O,0
HIVSUB-05359,CC[Sn](CC)(OC(=O)c1cccc(F)c1)O[Sn](CC)(CC)OC(=O)c1cccc(F)c1,0
HIVSUB-05360,COC(=O)C(=NNC(=S)NN)C(C(=O)C(=O)Nc1ccccc1C(N)=O)c1nc2ccccc2nc1O,0
HIVSUB-05361,CCOC(=O)C(C(C)=O)=C1NC(C(=O)OCC)CS1,0
HIVSUB-05362,C=CCN1CCC2(CC1)NC(=O)c1ccccc1O2,0
HIVSUB-05363,O=C1OC(=O)c2c1nc1ccccc1c2-c1ccccc1,0
HIVSUB-05364,O=C1C=CC(=O)c2nc3c(nc21)[nH]c1ccccc13,0
HIVSUB-05365,O=C(OCCOCCOC(=O)c1c[nH]cc1-c1ccccc1)c1c[nH]cc1-c1ccccc1,0
HIVSUB-05366,Cc1ccc2c(c1)C(=O)N1CCCC1C=N2,0
HIVSUB-05367,c1ccc2c(c1)SC1=[S+][Fe-2]3([S-2][Fe-2]4([S+]=C5Sc6ccccc6[NH+]54)[S-2]3)[NH+]12,0
HIVSUB-05368,O=c1cc(N2CCNCC2)nc2ccccn12,0
HIVSUB-05369,COc1ccc(-c2sc(N=Cc3cc(OC)c(OC)c(OC)c3)c(C#N)c2C)cc1OC,0
HIVSUB-05370,OCC1OC(NC(=S)NCCC(F)(F)C(F)(F)C(F)(F)C(F)(F)C(F)(F)C(F)(F)F)C(O)C(O)C1O,0
HIVSUB-05371,Nc1c(S(=O)(=O)O)cc2cc(S(=O)(=O)O)ccc2c1N=Nc1ccc(-c2ccc(N=Nc3c(N)c(S(=O)(=O)O)cc4cc(S(=O)(=O)O)ccc34)c(S(=O)(=O)O)c2)cc1,1
HIVSUB-05372,N#Cc1nc(Nc2cccc3ccccc23)sc1N,0
HIVSUB-05373,Cc1ccc(S(=O)(=O)C(C#N)=CNC(=S)Nc2ccccc2)cc1,0
HIVSUB-05374,O=C(O)C=Cc1ccc(OS(=O)(=O)O)cc1.[KH],0
HIVSUB-05375,Nc1c(C(=O)O)c2ccc([N+](=O)[O-])cc2c(=O)n1-c1nc2ccccc2s1,0
HIVSUB-05376,CCOC(=O)CC[PH](c1ccccc1)(c1ccccc1)c1ccccc1,0
HIVSUB-05377,N=C(N)NS(=O)(=O)c1ccc(NC(=O)c2cccc3c(Nc4ccc(S(=O)(=O)NC(=N)N)cc4)c4ccccc4nc23)cc1,0
HIVSUB-05378,COc1ccc2c(C)cc(NN=Cc3ccc(C)s3)nc2c1,0
HIVSUB-05379,O=c1[c-](-c2ccccc2)[se]c(-c2ccccc2)[n+]1-c1ccccc1,0
HIVSUB-05380,N#CC(C(=O)CCC(=O)Nc1cccc(C(F)(F)F)c1)c1ccccc1,0
HIVSUB-05381,CS(=O)(=O)N(CCC#N)c1ccc(C=O)cc1,0
HIVSUB-05382,CC1OC(OC23C(=O)CC(C)(O)CC2(O)C=CC2C3=c3oc(-c4ccc(O)cc4)c4c3=C(C(=O)C(C3CC(OC5CCC(OC6CC(O)C(O)C(C)O6)C(C)O5)C(O)C(C)O3)=C4)C2O)CCC1O,0
HIVSUB-05383,CCOP(=O)(OCC)OC1CC(n2cnc3c(N(CC)CC)ncnc32)OC1CO[Si](C)(C)C(C)(C)C,0
HIVSUB-05384,O=C1Nc2ccccc2C1=NNC(=S)Nc1ccccc1Cl,0
HIVSUB-05385,Cc1ccc(C)c2c1C1CCCCC3(OCCCO3)C21O,0
HIVSUB-05386,CC(=O)N1C(=O)C(=NNc2ccccc2[N+](=O)[O-])c2ccccc21,0
HIVSUB-05387,NC(CCCC(N)P(=O)(O)O)C(=O)O,0
HIVSUB-05388,O=C(C=Cc1ccccc1)CC(=O)C=Cc1ccccc1,0
HIVSUB-05389,CN(C(=O)C1(C(=O)C=[N+]=[N-])CC1)c1ccccc1,0
HIVSUB-05390,CC(=O)Nc1c(C(=N)C#N)ncn1CCO,0
HIVSUB-05391,NC(CCCC(N)P(=O)(O)c1ccccc1)P(=O)(O)c1ccccc1,0
HIVSUB-05392,CN1CCc2c(sc3nc(Nc4ccccc4)n(N)c(=O)c23)C1,0
HIVSUB-05393,O=c1oc2ccccc2c(-c2ccc(O)cc2)c1Oc1ccccc1,0
HIVSUB-05394,Clc1ccc(Cl)c(N=Nc2cc3c4c(c2)CCCN4CCC3)c1,0
HIVSUB-05395,Cc1cnc2c(c1)C(=O)N(c1ccc([N+](=O)[O-])cc1)S2(=O)=O,0
HIVSUB-05396,COc1cc(NCc2ccc3nc(-c4ccccc4)c(N)nc3c2)cc(OC)c1OC,0
HIVSUB-05397,C=CCOCn1ccc(=N)[nH]c1=O,0
HIVSUB-05398,O=c1oc(-c2ccccc2)cn1-c1ccccc1,0
HIVSUB-05399,O=S1(O)=NN=C(NCc2ccc(Cl)cc2)c2ccccc21,0
HIVSUB-05400,CCN(CC)C1=Nc2ccccc2N(c2ccccc2)C(=S)C1,0
HIVSUB-05401,O=C1c2ccccc2C2(O)Nc3cc(O)ccc3C12O,0
HIVSUB-05402,Cl.N=c1n(CC(=O)NC23CC4CC(CC(C4)C2)C3)c2ccccc2n1Cc1ccc(Cl)cc1,0
HIVSUB-05403,CC1CN(c2ccccc2)NC1=O,0
HIVSUB-05404,O=C1CN=C(c2ccccn2)c2cc(Cl)ccc2N1,0
HIVSUB-05405,O=S(=O)(O)c1cc(NC(=S)c2ccc3cccnc3c2O)ccc1C=Cc1ccc(NC(=S)c2ccc3cccnc3c2O)cc1S(=O)(=O)O.[NaH],1
HIVSUB-05406,Cc1nc(-c2cccnc2)sc1C(=O)C=Cc1cccc([N+](=O)[O-])c1,0
HIVSUB-05407,O=C(ON=C1CCCC1=Cc1ccccc1)c1ccc(Cl)cc1,0
HIVSUB-05408,O=NNc1ccc(SSc2ccc(NN=O)cc2)cc1,0
HIVSUB-05409,COC(=O)c1c(C#N)c(N)nc2c1CCC2,0
HIVSUB-05410,CC(C)(CN1CCCCC1)C(=O)C=Cc1ccccc1.Cl,0
HIVSUB-05411,Nc1ccccc1CN1C(=O)c2ccccc2C1=O,0
HIVSUB-05412,C=CCCC[Sn](c1ccccc1)(c1ccccc1)c1ccccc1,0
HIVSUB-05413,S=C(S)N1CCNCC1,0
HIVSUB-05414,CC=CC1(C)C(=NO)C(C)(CCC)C(=O)N1O,0
HIVSUB-05415,S=C(Nc1ccccc1)Nc1ccccc1S,0
HIVSUB-05416,COc1cc2c(cc1O)C1C(O2)c2c(OC)cc3c(c2OC1(C)C)CCC(C)(C)O3,0
HIVSUB-05417,N.[N-]=[N+]=[N+]=C1CC(n2ccc(=N)[nH]c2=O)OC1COP(=O)(O)OP(=O)(O)OP(=O)(O)O,1
HIVSUB-05418,NC(=S)NNc1c([N+](=O)[O-])cnn(-c2ccccc2)c1=O,0
HIVSUB-05419,CCC[Sn](CCC)(OC(=O)Cc1ccc(F)cc1)O[Sn](CCC)(CCC)OC(=O)Cc1ccc(F)cc1,0
HIVSUB-05420,O=S(=O)(Sc1ccc(Cl)cc1)c1ccc(Cl)cc1,0
HIVSUB-05421,NC1=CC(=O)NC(=O)c2c(c3ccccc3oc2=O)C1,0
HIVSUB-05422,CCCCCCCCCCCCCCCCN[Si](NCCCCCCCCCCCCCCCC)(NCCCCCCCCCCCCCCCC)NCCCCCCCCCCCCCCCC.Cl,0
HIVSUB-05423,CC1=C(C(=O)NNC(=O)C(N)=O)CC(C(=O)NNC(=O)C(N)=O)=C(C)N1,0
HIVSUB-05424,COCOc1cc(C)c(C(=O)Oc2cc(C)c(C(=O)OC)c(OCOC)c2C)c(OCOC)c1C=O,0
HIVSUB-05425,CC(=O)Nc1ccc(OC(C)(C)C)cc1,0
HIVSUB-05426,Cc1cc2c(C)n(Cc3ccc(Cl)cc3Cl)nc2c(C(=O)O)c1C,0
HIVSUB-05427,Cc1ccc(S(=O)(=O)NN=C2C3CC4CC(C3)C2C4)cc1,0
HIVSUB-05428,COC(=O)C12CSCC1(C(=O)OC)NC(c1ccccc1O)C2,0
HIVSUB-05429,CC1=NN(c2ccccc2)C(=O)C1=Nc1c(C)nn(-c2ccccc2)c1O,0
HIVSUB-05430,N#Cc1nc(C2CCC2)oc1N,0
HIVSUB-05431,Cc1n[nH]c(=O)n1N=Cc1ccncc1,0
HIVSUB-05432,CN(C)C(=S)N=c1ssc(=NS(=O)(=O)c2ccccc2)n1N(C)C,0
HIVSUB-05433,O=C1CCC2(CCCCC2)N1,0
HIVSUB-05434,COC(=O)C1N=CSCC1(C)O,0
HIVSUB-05435,C=C=C(CCCC)C(=O)O,1
HIVSUB-05436,CNN=Cc1c2c(O)c3c(O)c(C)c4c(c3c1O)C(=O)C(C)(OC=CC(OC)C(C)C(OC(C)=O)C(C)C(O)C(C)C(O)C(C)C=CC=C(C)C(=O)N2)O4,0
HIVSUB-05437,Cc1nnc2cc(C(=O)O)c3ccccc3n2c1=O,0
HIVSUB-05438,O=C1NC(=Cc2ccccc2)C(=O)N1CN1CCCC1,0
HIVSUB-05439,Cc1cc(=O)c2cc3nc(-c4cccnc4)oc3c(Br)c2o1,0
HIVSUB-05440,Cc1cc(S(=O)(=O)Nc2nc3ccccc3[nH]2)c(S)cc1Cl,0
HIVSUB-05441,CCC12OC(COc3ccccc3)CN1CCS2,0
HIVSUB-05442,Cc1ccc(N2C(=O)C3C=CC(n4[nH]c(=O)n(Cc5ccccc5)c4=O)CC3C2=O)cc1,0
HIVSUB-05443,CCC1c2c(cc(O)nc2O)C(=O)N1C,0
HIVSUB-05444,O=C(NN1C(=O)CSC1c1ccco1)c1ccncc1,0
HIVSUB-05445,C1=[N+]2c3ccccc3[SH+][Ni-4]234([O+]=C1c1ccco1)[O+]=C(c1ccco1)C=[N+]3c1ccccc1[SH+]4,0
HIVSUB-05446,COc1cc(C2OC(N)=C(C#N)C3=C2C(C)CCC3)cc(OC)c1OC,0
HIVSUB-05447,CCOC(=O)C1=C(C(=O)OCC)C2(c3ccccc3)N(O1)c1ccccc1C2(C)C,0
HIVSUB-05448,COc1cc2c(c(O)c1OC)c(=O)c1ccccc1n2C,0
HIVSUB-05449,Fc1ccccc1C=[N+]1N=C(c2ccncc2)[OH+][Ni-2]12[OH+]C(c1ccncc1)=N[N+]2=Cc1ccccc1F,0
HIVSUB-05450,Cc1cc(=O)oc2c3c(ccc12)OC(C)(C)C(OC(=O)C12CCC(C)(C(=O)O1)C2(C)C)C3OC(=O)C12CCC(C)(C(=O)O1)C2(C)C,1
HIVSUB-05451,CCCCCC=C(c1cc(Cl)c(OC)c(-c2nc(C)no2)c1)c1cc(Cl)c(OC)c(-c2nc(C)no2)c1,0
HIVSUB-05452,CC(=O)c1ccc(NC(=S)NN)cc1,0
HIVSUB-05453,Cc1cc(N(CCC#N)CCC#N)ccc1C=C1CN(N2C(=O)C(=Cc3ccc(N(CCC#N)CCC#N)cc3C)N=C2c2ccccc2)C(c2ccccc2)=N1,0
HIVSUB-05454,N=C1NN(c2ccc(Br)cc2)C2C=CC=CN12,0
HIVSUB-05455,COC(=O)C1C2OC(C)(C)OC2CN1S(=O)(=O)c1ccc(C)cc1,0
HIVSUB-05456,O=C1CCC2=C(CCC2)N1CCc1ccc2c(c1)OCO2,0
HIVSUB-05457,CC1(C)OC(C(=O)O)C(C(=O)O)O1,0
HIVSUB-05458,N#Cc1c(N=CC=Cc2ccccc2)c(C(=O)Nc2ccccc2)n2c1CCCC2,0
HIVSUB-05459,O=S(=O)(NCCSSCCNS(=O)(=O)c1ccccc1)c1ccccc1,0
HIVSUB-05460,COC(=O)C=C(C=C1C(C#N)=C(N)N(c2ccc(Cl)cc2)C1(C)C(=CC(=O)OC)C(=O)OC)C(=O)OC,0
HIVSUB-05461,CSC(=S)N(C)c1nc(N(C)C)s[s+]1.O=S(=O)([O-])F,0
HIVSUB-05462,CCCCc1ccc(N2C(=O)c3cccnc3S2(=O)=O)cc1,0
HIVSUB-05463,COc1ccccc1NC(=O)CC(=O)N1N=C(C)C(N=Nc2ccc(S(N)(=O)=O)cc2)C1=O,0
HIVSUB-05464,CC(=O)Nc1ccc(C=C(NC(=O)c2ccccc2)C(=O)NNS(=O)(=O)c2ccc(C)cc2)cc1,0
HIVSUB-05465,CCOC(=O)c1cc(C2CCN(Cc3ccccc3)C2=O)c(C(=O)C=C(C)N)[nH]1,0
HIVSUB-05466,O=C(Cc1nc2ccc(C(=O)c3ccccc3)cc2nc1O)C(=O)Nc1ccc(Br)cc1,0
HIVSUB-05467,Clc1ccc(OCc2nnc(CCCCCCCCc3nnc(COc4ccc(Cl)cc4)n3Nc3ccccc3)n2Nc2ccccc2)cc1,0
HIVSUB-05468,O=C(Cc1nc2ccc(C(=O)c3ccccc3)cc2nc1O)C(=O)Nc1ccc(C(F)(F)F)cc1[N+](=O)[O-],0
HIVSUB-05469,CS(=O)(=O)c1ccc(N2CC2)nn1,0
HIVSUB-05470,CC1=NN(C(=O)c2ccccc2O)C(=O)C1=Cc1ccccc1O,0
HIVSUB-05471,CCOC(=O)CCC(NC(=O)c1ccc(CNc2nc3cc(C(F)(F)F)ccc3nc2C(=O)OCC)cc1)C(=O)OCC,0
HIVSUB-05472,CN1C(=O)C(=NNC(=O)Cc2c[nH]c3ccccc23)c2ccccc21,0
HIVSUB-05473,C=C(CS(=O)(=O)c1ccccc1)[P+](c1ccccc1)(c1ccccc1)c1ccccc1.[I-],0
HIVSUB-05474,CC1=COC(=O)c2ccccc2N1,0
HIVSUB-05475,O=C(Cc1ccccc1)NN=C(C1=Nc2ccc([N+](=O)[O-])cc2NC1O)C(O)c1ccc([N+](=O)[O-])cc1,0
HIVSUB-05476,S=C1N(c2ccc(Cl)cc2)C2=C(N=Nc3ccccc3)C(=Nc3ccccc3N2)N1c1ccccn1,0
HIVSUB-05477,CC(C)(C)OC(=O)N1N=NC2C3OC(CC3=O)C21,0
HIVSUB-05478,CCOC(=O)C1=C(Nc2ccc(Br)cc2)OCC1=O,0
HIVSUB-05479,COC(=O)CC12C=CC3(OO1)C(C)(C)CCCC3(C)O2,0
HIVSUB-05480,O=CC1CCC=CC1NC(=O)OCc1ccccc1,0
HIVSUB-05481,Cc1n[nH]c(=O)n1-n1cccc1,0
HIVSUB-05482,Oc1cccc(C=Cc2ccncc2)c1,0
HIVSUB-05483,NC(=O)NN=C(CC1OC(=O)c2ccccc21)c1ccc([N+](=O)[O-])cc1,0
HIVSUB-05484,ON=C(C1CC1)C1CC1,0
HIVSUB-05485,CSc1nc2c(=O)oc(-c3ccccc3)nc2s1,0
HIVSUB-05486,Cc1ccc2c(c1)S(=O)(=O)NC2=O,0
HIVSUB-05487,C[N+](C)(C)C1CC([N+](C)(C)C)C2c3ccccc3C21.[I-],0
HIVSUB-05488,COc1ccc(-c2sc(N=Cc3ccc(N(C)CCC#N)cc3)c(C#N)c2C)cc1OC,1
HIVSUB-05489,CCCCOCNC(=N)NC#N,0
HIVSUB-05490,CC1(C)OC2C(=O)OC(COCc3ccccc3)C2O1,0
HIVSUB-05491,CCc1cccc(C)c1NC(=O)CC(=O)NNC(N)=S,0
HIVSUB-05492,NC(=O)OCC(COc1ccc(Cl)cc1)OC(=O)c1cc([N+](=O)[O-])cc([N+](=O)[O-])c1,0
HIVSUB-05493,COc1c(C(C)C)cc2c3c1OC(=O)C31CCCC(C)(C)C1CC2,0
HIVSUB-05494,CN1NC(=O)SC(=O)c2ccccc2C1=O,0
HIVSUB-05495,CCCCNS(=O)(=O)c1ccc(-c2ccc3c(c2)-c2ccc(S(=O)(=O)NCCCC)cc2S3(=O)=O)cc1,0
HIVSUB-05496,COc1cc2c(cc1OC)C1c3ccccc3CCN1CCC2.[O-][Cl+3]([O-])([O-])O,0
HIVSUB-05497,CCCCCCC1N(Cc2ccc(Cl)cc2)CCCN1Cc1ccc(Cl)cc1,0
HIVSUB-05498,Cc1cn(COCCN2C(=O)c3ccccc3C2=O)c(=O)[nH]c1=O,0
HIVSUB-05499,CCCCc1ccc(OC2OC(CO)C(O)C(O)C2O)cc1.ClC(Cl)Cl,0
HIVSUB-05500,CSCCC(NC(=O)C(CC(C)C)NC(=O)CNC(=O)OC(C)(C)C)C(=O)N(C)C,0
HIVSUB-05501,Cn1c(C2CCCc3c2c2ccccc2n3C)cc2ccccc21,0
HIVSUB-05502,Cn1c(C(C#N)c2ncccc2[N+](=O)[O-])nc2ccccc21,0
HIVSUB-05503,CN1C2CCC1C(=Cc1cccc3c1OCO3)C(=O)C2=Cc1cccc2c1OCO2,0
HIVSUB-05504,CN(C)CCC(=O)N1CC(=Cc2ccc(Cl)c(Cl)c2)C(=O)C(=Cc2ccc(Cl)c(Cl)c2)C1.Cl,0
HIVSUB-05505,Cc1ccc(S(=O)(=O)NN=C2CCCCCCCCCCC2)cc1,0
HIVSUB-05506,CC(=O)O.NCCN1CC2CCC(CC2)C1,0
HIVSUB-05507,Cc1cc(C(=O)c2ccccc2)c2oc(-c3ccccc3)c(Cl)c(=O)c2c1,0
HIVSUB-05508,CC1C2(C)OC(=N)C(C#N)(C(c3ccco3)O2)C1(C#N)C#N,0
HIVSUB-05509,CCOP(=O)(OCC)C(C1OC(n2ccc(=O)[nH]c2=O)C(O[Si](C)(C)C(C)(C)C)C1O[Si](C)(C)C(C)(C)C)N(C)O,0
HIVSUB-05510,COC1C=COC2(C)Oc3c(C)c(O)c4c(c3C2=O)C(=O)C(CO)=C(NC(=O)C(C)=CC=CC(C)C(O)C(C)C(O)C(C)C(OC(C)=O)C1C)C4=O,0
HIVSUB-05511,CC(=O)OCC1OC(n2c(O)c(C#N)c(-c3ccccc3)c(C#N)c2=S)C(OC(C)=O)C(OC(C)=O)C1OC(C)=O,0
HIVSUB-05512,N#CC(C(=N)c1ccccc1)=C1SSC(=C(C#N)C(=N)c2ccccc2)S1,0
HIVSUB-05513,CC1C2CC3(C(C)C(=O)CC3(O)C13COC3=O)C(O)C(=O)O2,0
HIVSUB-05514,O=C(O)Cc1cccc2c1Oc1ccccc1S2.[NaH],0
HIVSUB-05515,O=C1CCC(C(=O)O)C2=C1CCCC2,0
HIVSUB-05516,COC(=O)C(CCC1(C)OCCO1)=[N+]=[N-],0
HIVSUB-05517,COC(=O)c1ccccc1C1CN=NC12Cc1ccc3ccccc3c1C2=O,0
HIVSUB-05518,O=c1[nH]c(=O)n2n1CC(Br)C(Br)C2,0
HIVSUB-05519,CCCCN(CCCC)CC(=O)Nc1ccc(C(=O)OCC(C)C)cc1,0
HIVSUB-05520,Nc1ncnc2c1ncn2C(Cl)=C(Cl)Cl,0
HIVSUB-05521,O=C(O)COc1ccc(C(=O)C(SSC(C(=O)c2ccc(OCC(=O)O)c(Cl)c2Cl)=C2C=C(c3ccccc3Cl)SS2)=C2C=C(c3ccccc3Cl)SS2)c(Cl)c1Cl,0
HIVSUB-05522,CN(C)C(=NC#N)N(Cc1ccccc1)Cc1ccccc1,0
HIVSUB-05523,C=CCN(N=O)C(=O)N(CCC)CCCC(NC(C)=O)C(=O)NCc1ccccc1,0
HIVSUB-05524,NC(Cc1ccc(S(=O)(=O)O)cc1)C(=O)NC(Cc1ccc(S(=O)(=O)O)cc1)C(=O)NC(Cc1ccc(S(=O)(=O)O)cc1)C(=O)NC(Cc1ccc(S(=O)(=O)O)cc1)C(=O)O.[NaH],0
HIVSUB-05525,Cn1c2ccc(Cl)cc2c2ccc3c(c21)C(=O)C=CC3=O,0
HIVSUB-05526,C[n+]1cn(-c2ccc([N+](=O)[O-])cn2)c2ccccc21.[I-],0
HIVSUB-05527,OCC(O)C(O)C(O)C(C=NNc1nc(O)c2ccccc2n1)=NNc1nc(O)c2ccccc2n1,0
HIVSUB-05528,NC(CCCCNCC(N)C(=O)O)C(=O)O,0
HIVSUB-05529,CC(CCC#CC(=O)O)OC1CCCCO1,0
HIVSUB-05530,CCN(CC)C1=[S+][Co-4]23(Nc4ccc(N(CCCl)CCCl)cc4N2)([S+]=C(N(CC)CC)[SH+]3)[SH+]1.[O-][Cl+3]([O-])([O-])[O-],0
HIVSUB-05531,O=C(c1ccc(Cl)cc1Cl)N(C(=O)N1CCC(c2ccccc2)CC1)c1ccccc1,0
HIVSUB-05532,N.O=C(O)C1=CC=CC(=C(c2ccc(O)c(C(=O)O)c2)c2ccc(O)c(C(=O)O)c2)C1=O,0
HIVSUB-05533,O=C1C[N+]23CC(=O)[OH+][Zr]2456([OH+]1)([OH+]C(=O)C3)[OH+]C(=O)C[N+]4(CC(=O)[OH+]5)CC(=O)[OH+]6.[K+],0
HIVSUB-05534,Cc1noc(NS(=O)(=O)c2ccc(NC(=O)c3ccc4[nH]c5ccccc5c(=O)c4c3)cc2)c1C,0
HIVSUB-05535,Cc1cc(C)c(NS(=O)c2cccc([N+](=O)[O-])c2)c(C)c1,0
HIVSUB-05536,Cn1c2ccccc2c(=NNc2cccc(C(=O)O)c2)c2ccccc21,0
HIVSUB-05537,COC(=O)C(C(=NNC(=O)c1ccncc1)C(=O)Nc1ccccc1OC)c1nc2ccc(Cl)cc2nc1O,0
HIVSUB-05538,COc1ccc(N2C(=O)C3c4[nH]c5ccccc5c4C4CCC(c5ccccc5)CC4C3C2=O)cc1,0
HIVSUB-05539,CN(C)CC1C2C=CC(C3CC23)C1CN(C)C,0
HIVSUB-05540,CC1(C)COC(c2ccc(C(F)(F)F)cc2C(O)c2ccc3ccccc3c2)=N1,0
HIVSUB-05541,COc1cc(Cc2nnc(SC)nc2C)cc(OC)c1OC,0
HIVSUB-05542,N#CC(=Cc1cccc(N)c1)c1ccccc1,0
HIVSUB-05543,CCOC(=O)C=C(C=CCOC1CCCCO1)c1ccccc1,0
HIVSUB-05544,COc1ccc2[nH]c3c([N+](=O)[O-])ccc(Cl)c3c(=O)c2c1,0
HIVSUB-05545,CCSCCCN(CCCSCC)CCCSCC,0
HIVSUB-05546,COc1cc(Br)c(OC)c2c(OC)cc(C)cc12,0
HIVSUB-05547,O=C1CCC(=O)N1C(c1ccccc1)(c1ccccc1)c1ccccc1,0
HIVSUB-05548,CC(=O)OCC1OC(n2c(-c3ccc(C)cc3)cc(-c3ccco3)c(C#N)c2=S)C(OC(C)=O)C(OC(C)=O)C1OC(C)=O,0
HIVSUB-05549,CC[n+]1[b-](C(C)(C)C)n(N=C(C)C(C)(C)C)[b-](C(C)(C)C)[n+]1CC,0
HIVSUB-05550,Cc1ccc(Cl)c2c(=O)c3ccc(N)cc3sc12,0
HIVSUB-05551,CSC1=Nc2ccccc2N=C(c2ccccc2)C1,0
HIVSUB-05552,O=[N+]([O-])c1ccc(-c2nnc(C34CC5CC(CC(C5)C3)C4)o2)cc1,0
HIVSUB-05553,COC(=O)C1ON(C(=O)c2ccccc2)C(C)C2OC12,0
HIVSUB-05554,S=C(Nc1ccc2cn[nH]c2c1)Nc1ccc2cn[nH]c2c1,0
HIVSUB-05555,O=C1Oc2ccccc2C(=O)C1=CNC(=S)Nc1ccccc1,0
HIVSUB-05556,CC(C)(C)OC(=O)NC(Cc1ccc([N+](=O)[O-])cc1)C(=O)NCC(=O)OCc1ccccc1,0
HIVSUB-05557,CC(C)CC(N)C(=O)NC(CC(=O)O)C(=O)NC(CCCCN)C(=O)NC(C)C(=O)NC(CO)C(=O)NC(Cc1ccc(O)cc1)C(=O)NC(CO)C(=O)NC(C(=O)NC(CC(N)=O)C(=O)NC(Cc1c[nH]cn1)C(=O)NC(CC(C)C)C(=O)O)C(C)O,0
HIVSUB-05558,O=C(Nc1ccc2c(O)c(N=Nc3ccc4c(O)cc(S(=O)(=O)O)cc4c3)c(S(=O)(=O)O)cc2c1)c1ccccc1,1
HIVSUB-05559,NC1C(CO)CNC1CO,0
HIVSUB-05560,O=C(NC(CO)C(O)c1ccc([N+](=O)[O-])cc1)C(Cl)Cl,0
HIVSUB-05561,CCOC(=O)c1c(NC(=S)NCc2ccccc2)sc2c1CCN(C)C2,0
HIVSUB-05562,C1=NCCNCCN=Cc2ccccc2OCc2cccc(n2)COc2ccccc21,0
HIVSUB-05563,C=C1CCCC2C1(C)CCC(C)C2(C)CC1=CC(=O)C=CC1=O,0
HIVSUB-05564,N#CCN1CCN(CC#N)CCN(CC#N)CCN(CC#N)CC1,0
HIVSUB-05565,CCCCOC1NC(=O)NC(=O)C1(F)C(=O)OCC,0
HIVSUB-05566,Cn1ccc2c(c1=O)C(=O)OC2(C)C,0
HIVSUB-05567,CC(=O)OC1CCN(C(=O)C(NC(=O)OC(C)(C)C)C(C)C)C1C(O)CC(=O)O,0
HIVSUB-05568,CC(CC(=O)Nc1ccc([N+](=O)[O-])cc1)=NNC(N)=O,0
HIVSUB-05569,COc1ccc(N2C(=O)C(C#N)=C(SC)C(C#N)C2=O)cc1,0
HIVSUB-05570,CC1(C)C(=O)C(C)(C)C1O,0
HIVSUB-05571,CC(C)(C)OC(=O)NC(Cc1ccccc1)OCc1ccccc1,0
HIVSUB-05572,CCCCCCCCCCCCCCCC(=O)OCC1OC(n2ccc(=N)[nH]c2=O)C(O)C1O,0
HIVSUB-05573,O=C(O)CN1CCNCCN(CC(=O)O)CC1,0
HIVSUB-05574,CC(C)C(C)C1(C)CC1C(C)C1CCC(C2CC=C3CC(O)CCC3(C)C2=O)C1(C)CCO,0
HIVSUB-05575,COC(=O)C1(Cc2ccccc2C)Cc2ccc(C)cc2C1=O,0
HIVSUB-05576,CCOc1ccc2nc(NC(=O)CC(C)=O)sc2c1,0
HIVSUB-05577,O=c1c2ccccc2c(=O)n2n1-c1cccc(c1)CSSCc1cccc-2c1,0
HIVSUB-05578,CN1C(=O)N=C(Nc2nc(Cc3ccc4c(c3)OCO4)cn2C)C1=O,0
HIVSUB-05579,COC1OOC(OC)c2ccccc2-c2ccccc21,0
HIVSUB-05580,COc1ccc(OC)c(NS(=O)(=O)c2ccc3nc(C)n(NS(=O)(=O)c4cc(OC)ccc4OC)c(=O)c3c2)c1,0
HIVSUB-05581,CC(=O)C1C(O)CC2(C)C3CCc4cc(O)c(OC5OC(CO)C(O)C(O)C5O)cc4C3(C)C(=O)CC12C,0
HIVSUB-05582,CCCCCCOc1ccc(C(=O)NOC)cc1,0
HIVSUB-05583,O=C1CSC(C(=Cc2ccc(Cl)cc2)c2nc3ccccc3[nH]2)=N1,0
HIVSUB-05584,COc1cc(C2c3c(ccc4ccccc34)C(=O)C3CCC(=O)N32)cc(OC)c1O,0
HIVSUB-05585,CN(C)c1ccc(C2ON=C(c3ccccc3)N2C23CC4CC(CC(C4)C2)C3)cc1,0
HIVSUB-05586,NC(=S)NN=CC(F)(F)F,0
HIVSUB-05587,COC(=O)C1(Cc2ccc3c(c2)CCC3)Cc2ccccc2C1=O,0
HIVSUB-05588,COC(=O)c1c(C)c2c(c(C)c1C(=O)OC)-c1c(C)ccc3ccc(C)c-2c13,0
HIVSUB-05589,CN1C2(c3ccccc3)C(C(=O)c3ccccc3)=C(C(=O)c3ccccc3)C1(c1ccccc1)c1c(-c3ccccc3)sc(-c3ccccc3)c12,0
HIVSUB-05590,CC(C)(C)C1CCC(C[Se]c2ccccc2)([N+](=O)[O-])CC1,0
HIVSUB-05591,CSc1c(C#N)c2n(c3ccccc3[n+]2C)c2ncccc12.Cc1ccc(S(=O)(=O)[O-])cc1,0
HIVSUB-05592,Cc1ccc(S(=O)(=O)OC2C(O)C(O)OC2C(c2cc(O)c3c(c2O)C(=O)c2ccccc2C3=O)c2cc(O)c3c(c2O)C(=O)c2ccccc2C3=O)cc1,0
HIVSUB-05593,CC(NC(=O)Cc1ccccc1)NC(=O)C(C)C(=O)NCc1ccccc1,0
HIVSUB-05594,O=C1NC(N2CCCCC2)=NC1=Cc1ccc(Cl)cc1,0
HIVSUB-05595,CCOP(=O)(O)C(C)(C)NC,0
HIVSUB-05596,N=C(N)NCCCC(Nc1c2ccccc2[n+]([O-])c2ccccc12)C(=O)O,0
HIVSUB-05597,O=C(O)CC1NC(C(=Cc2ccccc2O)NC(=O)c2ccccc2)OC1=O,0
HIVSUB-05598,O=CC1=C(C(=O)OC(c2ccccc2)c2ccccc2)N2C(=O)C(NC(=O)Cc3cccs3)C2SC1,0
HIVSUB-05599,Nc1nc(OCc2ccccc2)c2[nH]cnc2n1,0
HIVSUB-05600,Cc1ccc(NC(=O)C(Cc2cc(=O)oc3cc(O)ccc23)=NNC(=O)C[N+](C)(C)C)cc1C.[Cl-],0
HIVSUB-05601,N#CC(=Cc1ccc(O)c(O)c1)C(=O)Nc1ccc(C(=O)O)cc1,0
HIVSUB-05602,NC(=O)C1=N[NH+]([Co-4](N)(N)(N)(N)N)N=N1.[Cl-],0
HIVSUB-05603,CC1=C(c2cc(C(=O)Nc3ccc(Cl)c(Cl)c3)nc(N)n2)Sc2ccccc2N1,0
HIVSUB-05604,NC(=O)C(=CNC(=S)Nc1ccc(S(N)(=O)=O)cc1)C(N)=O,0
HIVSUB-05605,CCOC(=O)c1ccc(CS(=O)(=O)c2ccccc2C(=O)OCC)cc1,0
HIVSUB-05606,CC(N1CCS(=O)(=O)CC1)P(=O)(O)O,0
HIVSUB-05607,Cc1c(N=Nc2cc(N=Nc3ccc(N=Nc4ccc(O)c(C(=O)O)c4)cc3)c(N)cc2N)cccc1S(=O)(=O)O,1
HIVSUB-05608,O=C1c2ccccc2C(=O)N1n1c(Cc2ccccc2)n[nH]c1=O,0
HIVSUB-05609,Cc1cc(-c2ccc[nH]2)on1,0
HIVSUB-05610,COc1ccc(-n2nc3c(=N)[nH]nc-3nc2-c2ccccc2)cc1,0
HIVSUB-05611,CC(=O)Oc1c(Cl)cc(C(=CCCC2CCC3(C)C(CCC4C3CCC3(C)C(C(C)CCCC(C)C)CCC43)C2)c2cc(Cl)c(OC(C)=O)c(C(=O)OCc3ccccc3)c2)cc1C(=O)OCc1ccccc1,0
HIVSUB-05612,COc1nc(O)c2c(n1)NC(c1ccccc1)CC(c1ccc([N+](=O)[O-])cc1)=N2,0
HIVSUB-05613,O=C(O)c1ccccc1C(=O)Nn1cnnc1,0
HIVSUB-05614,CC1CCCN(CC(O)CN2CCN(CC(O)CN3CCCC(C)C3)C(C)C2)C1,0
HIVSUB-05615,OCC(O)C1OCOC2COCOC21,0
HIVSUB-05616,O=c1ccn(C2OC(CO)C(F)C2F)c(=O)[nH]1,0
HIVSUB-05617,Cl.NCCC1([N+](=O)[O-])C=CN=CC1,0
HIVSUB-05618,O=C(Nc1ccc(OCC2=NCCN2)cc1)c1ccc(C(=O)Nc2ccc(OCC3=NCCN3)cc2)cc1,0
HIVSUB-05619,CC(=O)OC(CC1(C)C(C)CCC23COC(=O)C2=CCCC31)C1=CC(=O)OC1O,0
HIVSUB-05620,COc1cc(C(=O)O[Sn](c2ccccc2)(c2ccccc2)c2ccccc2)cc(OC)c1OC,0
HIVSUB-05621,O=C1C2CCCCC2C(=O)N1n1c(Cc2ccc(Cl)cc2)n[nH]c1=O,0
HIVSUB-05622,OCC1=CC(NC2CC(CO)C(O)C(O)C2O)C(O)C(O)C1O,0
HIVSUB-05623,CCOC(=O)CN1C(=O)Cc2ccccc21,0
HIVSUB-05624,Oc1nc2c(c(-c3ccccc3Cl)n1)COCC2=Cc1ccccc1Cl,0
HIVSUB-05625,Cc1ccc2c(ccc(C=Cc3ccc(O)c4ncccc34)[n+]2C)c1,0
HIVSUB-05626,O=C(NCP(=O)(Oc1ccccc1)Oc1ccccc1)OCc1ccccc1,0
HIVSUB-05627,Cc1cc(C)c(C2CNCc3cc4c(cc32)CNCC4c2c(C)cc(C)cc2C)c(C)c1.O=C(O)C(O)c1ccccc1,0
HIVSUB-05628,Cc1ccc(-c2nc3ccccc3c(=O)n2NCC2(O)OCC(O)C(O)C2O)cc1.O=C(O)C(=O)O,0
HIVSUB-05629,CC1(C)CCC(=O)c2c(O)ccc(O)c21,0
HIVSUB-05630,Cc1ccc(C(=O)C=C2Nc3ccccc3SC2=NCS(=O)(=O)c2ccc(C)cc2)cc1,0
HIVSUB-05631,C[N+](C)(C)CC(=O)NN=C(Cc1nc2ccc([N+](=O)[O-])cc2nc1O)C(=O)Nc1nc2ccc([N+](=O)[O-])cc2s1.[Cl-],0
HIVSUB-05632,CCC1CC2CN3CCc4c([nH]c5cc(OC)c(OC)cc45)C(C(=O)OC)(C2)C13,0
HIVSUB-05633,N=C1C=CC(=C(c2ccc(N)cc2)c2ccc(N)cc2)C=C1,0
HIVSUB-05634,Oc1ccc(Cl)cc1-c1nc(S)nc(-c2ccccc2)c1Cl,0
HIVSUB-05635,CCOc1ncn(-c2ccc(NC(=S)NC3OC(CO)C(O)C(O)C3O)cc2)n1,0
HIVSUB-05636,CC1(C)OC2(C)CCC1C(O)C2N1CCCCC1,0
HIVSUB-05637,CN1C(=O)NC(C=O)(CCc2ccccc2)C1=O,0
HIVSUB-05638,O=S(=O)(SS(=O)(=O)c1ccc(Cl)cc1)c1ccc(Cl)cc1,0
HIVSUB-05639,CC(=O)OCCn1c(Cc2ccc([N+](=O)[O-])cc2)nn(C(C)=O)c1=O,0
HIVSUB-05640,Cc1c2c(n(CCc3ccc(Cl)cc3)c1C)NN=C(C#N)S2(=O)=O,0
HIVSUB-05641,CCc1n[nH]c(=O)n1CCCCCCCCn1c(CC)n[nH]c1=O,0
HIVSUB-05642,Cc1c(CCCl)c(Cl)n2c(nc3ccccc32)c1C#N,0
HIVSUB-05643,Cc1ccccc1NC(=O)c1nc(S)nc(N)c1-c1ccccc1C,0
HIVSUB-05644,CCC1(O)CC(OC2CC(N(C)C)C(OC3CC4OC5CC(=O)C(C)OC5OC4C(C)O3)C(C)O2)c2c(cc3c(c2O)C(=O)c2c(O)ccc(O)c2C3=O)C1C(=O)OC,0
HIVSUB-05645,O=C(NCCO)c1c(CO)[n+]([O-])c2ccccc2[n+]1[O-],0
HIVSUB-05646,COC(=O)NC(S(=O)(=O)O)S(=O)(=O)O,0
HIVSUB-05647,O=C1C(=Cc2ccc([N+](=O)[O-])cc2)Sc2scc(-c3cccc([N+](=O)[O-])c3)[n+]21.[ClH2+],0
HIVSUB-05648,CC(NC1=NCCO1)c1cccc([N+](=O)[O-])c1,0
HIVSUB-05649,CN(C)CCNC(=O)c1cccc(C(=O)Nc2ccccc2)c1[N+](=O)[O-].Cl,0
HIVSUB-05650,CCOc1ccc(NC(=O)C(=NN)C(C(=O)OC)c2nc3ccc(Cl)cc3nc2O)cc1,0
HIVSUB-05651,C=CC1(O)CCCC2(C)C(=O)CCC12C,0
HIVSUB-05652,CCOC(=O)c1c(Sc2ccc([N+](=O)[O-])cc2[N+](=O)[O-])nc2c3ccccc3ccn12,0
HIVSUB-05653,CN(C)CC(C(Cc1ccccc1)=NNC(=S)NN)c1ccccc1,0
HIVSUB-05654,Cc1ncc(N)c(C(=O)O)n1,0
HIVSUB-05655,O=C(NC(=Cc1cccc([N+](=O)[O-])c1)c1nc2nc(S)nc(O)c2[nH]1)c1ccccc1,0
HIVSUB-05656,COc1ccc(CCNC(=O)CCc2ccccc2CO)cc1OC,0
HIVSUB-05657,CC1NC(=O)C2=C1C(=N)NC(=O)C2,0
HIVSUB-05658,Cc1cn(C2CC(CO)C2O)c(=O)[nH]c1=O,0
HIVSUB-05659,CC1(C(=O)O)OC12CCCCC2,0
HIVSUB-05660,CC=C(C)C(=O)OC(CC(C)C1CC(c2ccoc2)OC1=O)C1(C)C(=O)CCC2OC21C,0
HIVSUB-05661,CC1(C)NC(=O)C2(CC(O)C(O)C(OC(=O)c3ccccc3)C2)O1,0
HIVSUB-05662,CCOC(=O)C(C)(C(=O)OCC)C(Cl)=CCl,0
HIVSUB-05663,CC(C)N(C(C)C)[P-]1(Br)[Mn+]2(C#[O+])(C#[O+])(C#[O+])[H-][Mn+]12(C#[O+])(C#[O+])C#[O+],0
HIVSUB-05664,CN(C)Cc1cc(C=C2CCCC(=Cc3ccc(O)c(CN(C)C)c3)C2=O)ccc1O,0
HIVSUB-05665,CCCCCCCCCCNP(=S)(NCCCCCCCCCC)c1ccccc1,0
HIVSUB-05666,COc1cc2c(cc1OC)C(Cl)C(c1cc(OC)c(OC)c(OC)c1)=C2Cl,0
HIVSUB-05667,COc1cc(C=NNC2=NCCCCN2)ccc1O.I,0
HIVSUB-05668,C=C(C)C(=O)OC1CC23OC2CCC(=CC2OC(=O)C(=C)C21)COC3O,0
HIVSUB-05669,COC(=O)c1nc(O)c(C#N)c(C(=O)OC)c1C(=O)C=Cc1ccccc1,0
HIVSUB-05670,CN(C)CCCn1c(-c2ccc(Br)cc2)csc1=Nc1ccccc1,0
HIVSUB-05671,Brc1ccc(C[N+]23CCN(CC2)CC3)cc1,0
HIVSUB-05672,CSc1cc(Br)ccc1-n1c(C(=O)c2ccccc2)c(SC)n(-c2ccccc2)c1=O,0
HIVSUB-05673,COC=C1C(=O)OC(C)(C)OC1=O,1
HIVSUB-05674,CC(C=NN(C)C1=NCCCCN1)=NN(C)C1=NCCCCN1.I,0
HIVSUB-05675,Brc1ccc(N2N=NC3CNCC32)cc1,0
HIVSUB-05676,CC(=O)NNc1nc(C)c(C(=O)NNC(=O)C(=O)Nc2ccc([N+](=O)[O-])cc2[N+](=O)[O-])s1,0
HIVSUB-05677,O=C1C(O)=C(C(C2=C(O)C(=O)c3ccccc3C2=O)c2ccc(Cl)cc2)C(=O)c2ccccc21,0
HIVSUB-05678,COc1cc(C(CC(C)=O)c2cc3c(cc2OC(C)=O)OCO3)cc(OC)c1OC.COc1cc(C(c2cc3c(cc2O)OCO3)C(C(C)=O)C(C)=O)cc(OC)c1OC.COc1cc(C2c3cc4c(cc3OC(C)(O)C2C(C)=O)OCO4)cc(OC)c1OC,0
HIVSUB-05679,CC(=O)O.CCOC(=O)C(C(N)=O)=C(O)c1cnccn1,0
HIVSUB-05680,Oc1nnc2ccc(nnc1O)c1ccccc21,0
HIVSUB-05681,C=CC(OCC)(OCC)OCC,0
HIVSUB-05682,COc1cc(-c2oc3c(OC)c(OC)cc(O)c3c(=O)c2OC)ccc1O,1
HIVSUB-05683,c1ccc2c(c1)oc1cc3c(cc12)nnc1cccn13,0
HIVSUB-05684,COc1cc(-c2ccc(N=Nc3ccc4c(S(=O)(=O)O)cc(S(=O)(=O)O)c(N)c4c3O)c(OC)c2)ccc1N=Nc1ccc2c(S(=O)(=O)O)cc(S(=O)(=O)O)c(N)c2c1O.[NaH],1
HIVSUB-05685,CCOC(=O)C#CCCC=C(C)COC1CCCCO1,0
HIVSUB-05686,O=C(CCc1ccc(O)c(O)c1)NCCc1cc(O)cc(O)c1,0
HIVSUB-05687,CN(C)c1ccc(C(=C2C=CC(=[N+](C)C)C=C2)c2c(O)c(S(=O)(=O)O)cc3cc(S(=O)(=O)O)ccc23)cc1,0
HIVSUB-05688,C=C(C)OCOCCOC,0
HIVSUB-05689,Cc1nn(C(=O)c2ccccc2O)c2c1C(c1ccco1)SC(=N)N2,0
HIVSUB-05690,CCOP(=O)(OCC)C(C)(C)OC(=O)NC(F)(F)F,0
HIVSUB-05691,Cc1ccccc1N(C)S(=O)(=O)c1ccccc1[N+](=O)[O-],0
HIVSUB-05692,CC1(O)CSc2c(C=O)c3ccccc3n21,0
HIVSUB-05693,Cc1nc(N)nc(N)c1CCCCc1ccc(N)cc1.O=S(=O)(O)O,0
HIVSUB-05694,Cc1ccc(NC(=O)CSc2nnc(-c3ccc(N=Cc4ccc(Cl)cc4)cc3)o2)cc1,0
HIVSUB-05695,O=C1C(=Cc2ccc(O)cc2)NC(=S)N1CN1CCCCC1,0
HIVSUB-05696,CN(C)CCC(=NNc1ccc(Cl)c(Cl)c1)c1ccccc1.Cl,0
HIVSUB-05697,C=CCC12CC(=O)OC(C=CC13OCCO3)C2,0
HIVSUB-05698,O=C(O)CSc1nnc(Cc2ccccc2)[nH]1,0
HIVSUB-05699,COc1ccc2c(c1)CC(=Cc1cccc3ccccc13)C2=O,0
HIVSUB-05700,COc1cc(C2c3cc4c(cc3C(N)C3COC(=O)C23)OCO4)cc(OC)c1O,0
HIVSUB-05701,COc1ccc2c(c1)c(=O)c(C(=O)O)cn2CCCOc1ccc([N+](=O)[O-])cc1,0
HIVSUB-05702,O=C1NC(=O)C2(CCOc3ccc(F)cc32)N1,0
HIVSUB-05703,Cc1ccc(S(=O)(=O)OCC23CCC(CC2)C2CC23)cc1,0
HIVSUB-05704,COc1cc(OC)c2c(C)cc(=O)oc2c1,0
HIVSUB-05705,CC1=C(C#N)C(=C(C#N)C#N)OC1(C)Cc1ccccc1,0
HIVSUB-05706,CCOC(=O)C1Nc2ccc(Cl)cc2C2OCCC12,0
HIVSUB-05707,CN(C)[PH](F)(F)[Fe+2]1234([I-])([PH](F)(F)N(C)C)C5=C1[C-]2C3=C54,0
HIVSUB-05708,O=C(Nc1cccc2c1C(=O)c1c(NC(=O)c3ccccc3)ccc(Nc3cccc4c3C(=O)c3ccccc3C4=O)c1C2=O)c1ccccc1,0
HIVSUB-05709,CCC(C)C(NC(=O)C(CCCNC(=N)N)NC(=O)C(CC(N)=O)NC(=O)C(Cc1ccc(O)cc1)NC(=O)C(N)CC(C)C)C(=O)NC(C(=O)NC(CC(C)C)C(=O)NC(CCCNC(=N)N)C(=O)NC(Cc1ccc(O)cc1)C(=O)O)C(C)CC,0
HIVSUB-05710,C=C(C)C#CC(O)(C(=O)OC1C2CCN(CC2)C1C)C1CCCCC1,0
HIVSUB-05711,O=C(NC(=Cc1ccc([N+](=O)[O-])cc1)c1nc2ccccc2s1)c1ccccc1,0
HIVSUB-05712,CC(=O)NC(CCCOC(C)=O)C(=O)NC(CCCOC(C)=O)C(=O)NC(CCCOC(C)=O)C(=O)NC(Cc1ccc([N+](=O)[O-])cc1)C(=O)NCC(=O)OCc1ccccc1,0
HIVSUB-05713,CC(C)(C)[Si](C)(C)OCC1OC(n2cnc3c(O)nc(N)nc32)C(O[Si](C)(C)C(C)(C)C)C1O[Si](C)(C)C(C)(C)C,0
HIVSUB-05714,[Cl-].c1ccc([PH]2(c3ccccc3)CCN[Pt-2]23NCC[PH]3(c2ccccc2)c2ccccc2)cc1,0
HIVSUB-05715,NNP(=S)(NN)c1ccccc1,1
HIVSUB-05716,O=C1CCN2CCC(=O)c3cccc1c32,0
HIVSUB-05717,CC(C)OP(=O)(OC(C)C)C1=NN(c2ccc([N+](=O)[O-])cc2)C(P(=O)(OC(C)C)OC(C)C)=NN1c1ccc([N+](=O)[O-])cc1,0
HIVSUB-05718,O=C(O)CCCc1ccc2c(c1)C(C(=O)O)CC2,0
HIVSUB-05719,CC(C)(C)C(=O)OCC1CCC(n2cnc3c(O)nc(N)nc32)O1,0
HIVSUB-05720,COc1ccc(C(=O)O)c2c(=O)c3ccccc3[nH]c12,0
HIVSUB-05721,Cc1ccc(C2=C(O)C(=O)C(c3ccc(C)cc3)=C(O)C2=O)cc1,0
HIVSUB-05722,C(=Cc1nnnn1-c1ccccc1)Nc1ccccc1,0
HIVSUB-05723,CCCCOC(=O)C1CN2C(=NC1(C(F)(F)F)C(F)(F)F)Sc1ccccc12,0
HIVSUB-05724,O=C(NC(=O)c1c(Cl)nc2sccn12)Nc1ccc(Cl)cc1,0
HIVSUB-05725,O=C(Nc1ccc(Cl)cc1Cl)C(=O)C(C(=O)c1ccncc1)C1OC(=O)c2ccccc21,0
HIVSUB-05726,CCOP(=O)(OCC)C(=C1C=C(C(C)(C)C)C(=O)C(C(C)(C)C)=C1)P(=O)(OCC)OCC,0
HIVSUB-05727,COc1ccc(-n2c(-c3ccccc3)cc(-c3cccs3)c2-c2cccs2)cc1,0
HIVSUB-05728,CCCCCCCCCCCCCCCCOP(=O)(O)OCC(N)C(=O)O.N,0
HIVSUB-05729,Oc1ccc(O)c(-n2cccn2)c1,0
HIVSUB-05730,N#Cc1cn(C2OC(CO)C(O)C2O)c2ncnc(N)c12,0
HIVSUB-05731,C=C1CCCCCCCCCCC12SCCCS2,0
HIVSUB-05732,O=C1OCc2nc3cccc4cccc(c43)n21,0
HIVSUB-05733,O=c1[nH]nc(Cc2ccccc2)n1N=Cc1cccnc1,1
HIVSUB-05734,COc1cc2c(cc1Oc1ccc(OC)c3c1CC1c4c(cc(OC)c(OC)c4-3)CCN1C)CC1c3c(cc(OC)c(OC)c3-2)CCN1C,0
HIVSUB-05735,C1CN2CCO[SiH](O1)OCC2,0
HIVSUB-05736,CCSCCCCCCCCCCC(=O)O,0
HIVSUB-05737,O=C(CSc1nc(-c2ccccc2)c(-c2ccccc2)[nH]1)NN=Cc1ccc([N+](=O)[O-])cc1,0
HIVSUB-05738,C=CCC(CC(CC=C)C(=O)O)C(=O)O,0
HIVSUB-05739,CCN(CC)CC(O)CNc1c2ccc([N+](=O)[O-])cc2nc2cc(OC)c(OC)cc12,0
HIVSUB-05740,CC(C)OC(=O)c1cc(NC(=O)C(C)(C)C)c(F)cc1Cl,0
HIVSUB-05741,Nc1nc(-c2ccc(Cl)cc2)nc2sc3c(c12)CCCCC3,0
HIVSUB-05742,CC1=C(C(=O)O)CCC2(C)c3ccc(C(C)C)c(O)c3CCC12,0
HIVSUB-05743,CSc1nc(-c2ccccc2)nc(C(C#N)C#N)n1,0
HIVSUB-05744,O=C1NN(c2ccccc2)C(=O)C2C3c4ccccc4C(c4ccccc43)C12,0
HIVSUB-05745,O=C(O)Cc1cccc2c1OC(c1ccccc1)C(C(=O)c1ccccc1)C2=O,0
HIVSUB-05746,[O+]#C[W+2]12345(C#[O+])([OH+][N+]1=C1CCCCC1)C1=C2[C-]3C4=C15,0
HIVSUB-05747,O=C1OC(=O)C2C1C(c1ccccc1)N1C3C(=O)OC(=O)C3C(c3ccccc3)N21,0
HIVSUB-05748,Nc1cc(Cl)ccc1N1C(=O)CCC1=O,0
HIVSUB-05749,CC1NC(=O)C(C)C(c2ccccc2)N(N=O)C1c1ccccc1,0
HIVSUB-05750,CCOC(=O)C(F)=Cc1cccc(C)c1,0
HIVSUB-05751,c1cc(C2=NCCO2)c2ccsc2c1,0
HIVSUB-05752,CCOP(=O)(OCC)c1cc(-c2ccccc2)ccc1N,0
HIVSUB-05753,O=C1CCCC2=C1CC1=C(CCCC1=O)N2c1ccccc1,0
HIVSUB-05754,Cc1nc2ccccc2c(N)c1-c1cc(C)c2c(C)nc3ccccc3c2n1,0
HIVSUB-05755,CCCCCCCCCCCC(=O)N(C)CCS(=O)(=O)O,0
HIVSUB-05756,FC(F)(F)C(F)(F)C(=NNc1ccccc1)SSC(=NNc1ccccc1)C(F)(F)C(F)(F)F,0
HIVSUB-05757,O=C(NCCN1CCOCC1)c1cn2c(ccc3sc4ccccc4c(=O)c32)n1,0
HIVSUB-05758,CCC(C)C(NC(=O)C(CCCNC(=N)N)NC(=O)C(CC(=O)O)NC(=O)C(Cc1c[nH]cn1)NC(=O)C(N)CC(C)C)C(=O)NC(C(=O)NC(CC(C)C)C(=O)NC(C(=O)NC(Cc1c[nH]cn1)C(=O)O)C(C)O)C(C)CC,0
HIVSUB-05759,O=C(Cc1ccccc1)NN1C(=O)C(Cl)C1c1ccccc1Cl,0
HIVSUB-05760,CC(=O)Nc1ccc(NC(=O)CC(=O)Nc2ccc(NC(C)=O)cc2)cc1,0
HIVSUB-05761,Cc1cn(C2CC(N=[N+]=[N-])C(COC(=O)CCCCCCCCCCCN=[N+]=[N-])O2)c(=O)[nH]c1=O,1
HIVSUB-05762,N=C(N)SCCCON,0
HIVSUB-05763,O=P1(O)C=CC2(CCCC2)O1,0
HIVSUB-05764,CCN(CC)C(=C(C(Cl)=C(Cl)Cl)[N+](=O)[O-])N(CC)CC,0
HIVSUB-05765,COc1cc2c(c(OC)c1OC)C1CCCCC1SCC2=O,0
HIVSUB-05766,CC(C)=CCCC(C)C1=C(Nc2ccccc2)C(=O)C(C)=C(O)C1=O,0
HIVSUB-05767,CC(C)C1CNC(=O)C2(CCCO2)CNC(C(C)C)CNC(=O)C2(CCCO2)CN1,0
HIVSUB-05768,O=C1NC(N2CCCC(CO)C2)=NC1=Cc1ccccc1,0
HIVSUB-05769,O=C(OCc1ccccc1)C(Cc1ccc(OCc2ccccc2)cn1)NC(=O)C(F)(F)F,0
HIVSUB-05770,COc1ccc2c(c1OC)C(=O)OC2c1c2c(c(OC)c3c1OCO3)C(C1OC(=O)c3c1ccc(OC)c3OC)N(C)CC2,0
HIVSUB-05771,CC(=O)OCCC(O[Si](c1ccccc1)(c1ccccc1)C(C)(C)C)C(C)(C)O,0
HIVSUB-05772,CC#CC(O)(C(=O)OC1CN2CCC1CC2)C1CC1,0
HIVSUB-05773,CCN(CC)CN1C(=O)C(=O)c2ccccc21,0
HIVSUB-05774,CN(CC(O)C(O)CN(C)C(=S)S)C(=S)S,0
HIVSUB-05775,CC1=C(C(=O)Nc2ccccc2C)C(c2ccc(N(C)C)cc2)C(C(=O)Nc2ccccc2C)=C(C)N1,0
HIVSUB-05776,SCCCSCCSCCCSCCS,0
HIVSUB-05777,CCOC(=O)N1CCC2(CC1)CC(C(C)=O)(c1ccccc1)C(C)O2,0
HIVSUB-05778,CC1=NS(=O)(=O)NC(C)(C)C1,0
HIVSUB-05779,N#CC(=Cc1ccc([N+](=O)[O-])cc1)C(=O)c1ccccc1,0
HIVSUB-05780,COc1ccc(N=Nc2c(-c3ccccc3)nn(C(=O)CC(=O)Nc3cccc(Cl)c3)c2-c2ccccc2)cc1,0
HIVSUB-05781,CC12Nc3ccccc3N1C(=O)c1ccccc12,0
HIVSUB-05782,CC(=O)Oc1ccc(N2C(=O)C3c4[nH]c5ccccc5c4C4CCC(C(C)(C)C)CC4C3C2=O)cc1,0
HIVSUB-05783,C=CCn1c(-c2cc(C(C)(C)C)c(O)c(C(C)(C)C)c2)csc1=NC(P(=O)(O)O)P(=O)(O)O,0
HIVSUB-05784,CCN(CC)CSc1nc2ccccc2s1,0
HIVSUB-05785,O=C1CC(CC(=O)C2CCCCC2=O)CC(=O)N1,0
HIVSUB-05786,CCOC1(NC(=O)N(C)C)C2CCCCC21,0
HIVSUB-05787,CCCCCCCCCCN=Cc1c(O)c(O)c(CCC)c2cc(C)c(-c3c(C)cc4c(CCC)c(O)c(O)c(C=NCCCCCCCCCC)c4c3O)c(O)c12,0
HIVSUB-05788,CCOC(=O)C1Oc2ccc([N+](=O)[O-])c3c2C1(O)CCC3,0
HIVSUB-05789,CC(C(O)Cc1ccccc1)N(C)N=Nc1ccc([N+](=O)[O-])cc1,0
HIVSUB-05790,COc1ccc(C(=Cc2cc(OC)c(OC)cc2[N+](=O)[O-])C(=O)O)cc1,0
HIVSUB-05791,CCCCc1ccc(-n2sc3ncc(-c4ccccc4)cc3c2=O)cc1,1
HIVSUB-05792,COc1ccc2c(C(=O)O)cc3cc(OC)c(OC)cc3c2c1,0
HIVSUB-05793,Cc1ccc(S(=O)(=O)N=S(C)c2cccc(Cl)c2)cc1,0
HIVSUB-05794,N=c1ccn(CC(=O)NCCCCO)c(=O)[nH]1,0
HIVSUB-05795,[O+]#C[Mo]12(C#[O+])(C#[O+])[PH](c3ccccc3)(CC[AsH]1(c1ccccc1)c1ccccc1)CC[AsH]2(c1ccccc1)c1ccccc1,0
HIVSUB-05796,CC(CC(C)C1CCC2C3C(O)CC4CC(O)CCC4(C)C3CCC12C)C(=O)O,0
HIVSUB-05797,CCOC(=O)C1=C(c2ccccc2)NC(c2ccccc2)=C(C(=O)OCC)c2c1c(=O)cc[nH]c2=O,0
HIVSUB-05798,COc1ccc(SS(=O)(=O)c2ccc(OC)cc2)cc1,0
HIVSUB-05799,Cc1ccc(-n2c3nc(=O)n(C)c(=O)c-3cc3c(OCc4ccccc4)cccc32)cc1,0
HIVSUB-05800,CCN(CC)C(=O)Cc1c(C(=O)N(CC)CC)c(=O)nc2sccn12,0
HIVSUB-05801,C[n+]1cc2c3c(ccc2c2ccc4cc5c(cc4c21)OCO5)OCO3.O=[N+]([O-])O,0
HIVSUB-05802,Cc1nc2sc(C(=O)c3ccc(Cl)cc3)c(N)c2c(-c2ccccc2Cl)c1C(=O)Nc1ccccc1,0
HIVSUB-05803,CC(NNC(=S)N1CCN(c2ccccn2)CC1)c1cccc[n+]1[O-],0
HIVSUB-05804,COc1ccccc1C(=O)O[Sn](c1ccccc1)(c1ccccc1)c1ccccc1,0
HIVSUB-05805,C#CC1(O)CCC2C3CCC4=Cc5oncc5CC4(C)C3CCC21C,0
HIVSUB-05806,COc1cc2c(cc1OC)C(Cc1ccc(Oc3cc(CC4c5cc(OC)c(OC)cc5CCN4C)ccc3O)cc1)N(C)CC2,0
HIVSUB-05807,COC(=O)c1ccc(OCc2ccc3nc(OC)c(OC)nc3c2)cc1,0
HIVSUB-05808,O=C1Nc2cccnc2NC2=C1CSC2,0
HIVSUB-05809,COc1ccc(-n2c(=O)[nH]n(C(C)=O)c2=O)cc1,0
HIVSUB-05810,N.O=C(O)c1cc(Cc2cc(C(c3ccc(O)c(C(=O)O)c3)c3ccc(O)c(C(=O)O)c3)cc(C(=O)O)c2O)ccc1O,1
HIVSUB-05811,CN1CCN(C(=S)N(C)C(=O)c2cccs2)CC1,0
HIVSUB-05812,Cc1n[nH]c2nc(=N)[nH]n2c1=O,0
HIVSUB-05813,CCSc1nnc2c(-c3ccccc3)n[nH]c2n1,0
HIVSUB-05814,COc1cc2c(c3[nH]cc(C(=O)O)c(=O)c13)NC(=O)CS2,0
HIVSUB-05815,CCOP(=O)(OCC)C(Nc1cccc(F)c1)c1ccc(N(C)C)cc1,0
HIVSUB-05816,Nc1nc(Cl)c(N)c(NCC2(CO)CC2)n1,0
HIVSUB-05817,O=[N+]([O-])c1ccc(C2=NOC(c3ccccc3F)N2C23CC4CC(CC(C4)C2)C3)cc1,0
HIVSUB-05818,CC(=O)[OH+][Zn-2]12[OH+]c3c(Cl)cc(Cl)cc3C=[N+]1[N-]c1cccc[n+]12,0
HIVSUB-05819,c1ccc2c(c1)N=c1cc3c(cc1N2)=NC12CCCCC1CC1=C(CCCC1)N32,0
HIVSUB-05820,CCC1CN(C)C2Cc3c([nH]c4ccccc34)C(=O)CC1C2C(=O)OC,0
HIVSUB-05821,CNC(=O)N(C1CCCCC1)C1CCCCC1,0
HIVSUB-05822,CN(C)CCC(=O)N1CCc2c([nH]c3ccccc23)C1c1cccnc1,0
HIVSUB-05823,CC1(C(=O)O)CCCC2(C)C3CCC4CC3(CCC12)CC4C(=O)O,0
HIVSUB-05824,O=C(CNC(c1ccccc1)(c1ccccc1)c1ccccc1)NC1CCCCC1NC(=O)CNC(c1ccccc1)(c1ccccc1)c1ccccc1,0
HIVSUB-05825,OCc1c[te]c(-c2ccccc2)c1,0
HIVSUB-05826,S=C1C(=Nc2ccccc2)N(C2CCCCC2)C(=NC2CCCCC2)N1c1ccccc1,0
HIVSUB-05827,CN1CCCN2CCN(C)CCCN(CC1)CC2,0
HIVSUB-05828,COC(=O)C12C(=O)OC(C)C1(O)C(C)C(=O)N2C,0
HIVSUB-05829,O=C1CC2(CC=CCC23OCCO3)CC(CI)O1,0
HIVSUB-05830,Cc1ccc(-c2cnc(NC3OC(COC(=O)c4ccccc4)C(OC(=O)c4ccccc4)C(OC(=O)c4ccccc4)C3OC(=O)c3ccccc3)s2)cc1,0
HIVSUB-05831,O=[N+]([O-])c1ccc2[nH]c(=S)n(C=C(c3ccccc3)S(=O)Cc3ccccc3)c2c1,0
HIVSUB-05832,CSCC1Cc2c(cc3c(c2O)C(=O)c2ccccc2C3=O)O1,0
HIVSUB-05833,O=C(CSC(=S)N1CCCCC1)Nc1nc2c(s1)CCCC2,0
HIVSUB-05834,Cc1c(C(=O)O)n2cnnc2c2ccccc12,0
HIVSUB-05835,O=c1oc2ccccc2c(-c2ccc(O)cc2)c1Oc1ccc(Cl)cc1,0
HIVSUB-05836,NCC(O)c1cc(I)c(Oc2ccc(O)cc2)c(I)c1,0
HIVSUB-05837,Nc1ccc(Nc2nc(F)nc(-c3c4ccccc4c4n3CCS4)n2)cc1,0
HIVSUB-05838,c1ccc2c(c1)[nH]c1c(N3CCOCC3)nnc(N3CCOCC3)c12,0
HIVSUB-05839,Nc1cc(S(N)(=O)=O)ccc1SSc1ccc(S(N)(=O)=O)cc1N,1
HIVSUB-05840,c1cnc(SCc2nc3ccccc3o2)nc1,1
HIVSUB-05841,COP(=O)(OC)N(C)[Si](C)(C)C,0
HIVSUB-05842,O=C1CC(c2ccccc2)S(=O)(=O)c2ccccc2N1,0
HIVSUB-05843,S=C(NCCc1ccccn1)c1nc[nH]c1C(=S)NCCc1ccccn1,0
HIVSUB-05844,Cc1cn(C2OC(C)(CO)C(O)C2O)c(=O)[nH]c1=O,0
HIVSUB-05845,COC(=O)C1CN(C(=O)CCc2ccccc2)C(=O)N1,0
HIVSUB-05846,COc1ccc(-c2c(C#N)c(N)n(C3OCC(OC(C)=O)C(OC(C)=O)C3OC(C)=O)c(=S)c2C#N)cc1,0
HIVSUB-05847,O=[N+]([O-])c1ccc(-c2cn(-c3ccc(Cl)cc3)cn2)cc1,0
HIVSUB-05848,S=C1N(c2ccc(Cl)cc2)C2=C(N=Nc3cc(Cl)ccc3Cl)C(=Nc3ccccc3S2)N1c1ccccn1,0
HIVSUB-05849,Cc1[nH]c2ccccc2c1C1Cc2ccccc2N1C(=O)C=CC=Cc1ccccc1,0
HIVSUB-05850,CSc1nc2c(c(O)c(C)c(=O)n2C2OC(COC(C)=O)C(OC(C)=O)C(OC(C)=O)C2OC(C)=O)c(=O)n1C,0
HIVSUB-05851,COc1ccc(C=C2CCC(C)C3C2=NN(c2ccccc2)C3c2ccc(OC)c(OC)c2)cc1OC,0
HIVSUB-05852,CC(=O)Oc1ccccc1-c1cc2ccccc2oc1=O,0
HIVSUB-05853,CCC(CC)(C(=O)O)C(=O)O,0
HIVSUB-05854,COC(=O)C1=C(C(=O)OC)C2(C)Nc3ccccc3C2=C(c2ccccc2)C1,0
HIVSUB-05855,COC(=O)C1=C(C(=O)OC)C2(C)OC1C(=O)C21CC1,0
HIVSUB-05856,O=c1oc2ccccc2c2nc(O)c(NC34CC5CC(CC(C5)C3)C4)nc12,0
HIVSUB-05857,Cc1ccc(Cl)c(NC(=O)C(=O)C(C(=O)c2ccncc2)C2OC(=O)c3ccccc32)c1,0
HIVSUB-05858,Cc1[nH]c2ncn(N)c(=N)c2c1Cc1ccccc1,0
HIVSUB-05859,O=C1C(=CNC(=S)NCc2ccccc2)C(=O)c2ccccc21,0
HIVSUB-05860,N#CC(c1cc2c(cc1Br)OCO2)N1CCOCC1,0
HIVSUB-05861,COc1cc2c(c3oc(=O)cc(-c4ccccc4)c13)C(=O)C(C)C(C)O2,0
HIVSUB-05862,CC(C)(N)CO[P+]([O-])=NC12CC3CC(CC(C3)C1)C2,0
HIVSUB-05863,CC1C(=O)CC(c2cccs2)N(N=O)C1c1cccs1,0
HIVSUB-05864,O=C(O)c1cccc(Sc2ccccc2)c1,0
HIVSUB-05865,COc1ccc(N2C=Nn3c(nc4sc(C)c(C)c4c3=O)C2)cc1,0
HIVSUB-05866,OCCCOC(c1ccccc1)(c1ccccc1)c1ccccc1,0
HIVSUB-05867,CCC(=O)C12OC3OC(C)(C)OC3C1OC(C)(C)O2,0
HIVSUB-05868,Cc1ccc(-c2c(C#N)c(N)nc3c2CCS(=O)(=O)c2ccccc2-3)cc1,0
HIVSUB-05869,CCCN1C(=O)CN(S(=O)(=O)c2ccc(Cl)cc2)C1=O,0
HIVSUB-05870,COc1ccc(S(=O)(=O)NN=Cc2cc([N+](=O)[O-])cc(I)c2O)c(OC)c1OC,0
HIVSUB-05871,CCOC(=O)C1=C(Nc2ccccc2)SCC1=NNC(=O)Cc1ccccc1,0
HIVSUB-05872,CC(=CC(=O)OCCCCCCCC(=O)NC1CCCNC1=O)C(O)C1OCC(CC=CC(C)C(C)O)C(O)C1O,1
HIVSUB-05873,CC(=O)CC(=O)ON(C)C(=O)Cc1ccccc1,0
HIVSUB-05874,COc1cc2c(cc1OC)-c1cc3ccccc3c[n+]1CC2.[Cl-],0
HIVSUB-05875,CCOc1ccc(N=Nc2ccc(C=Cc3ccc(N=Nc4ccc(OCC)cc4)cc3S(=O)(=O)O)c(S(=O)(=O)O)c2)cc1,1
HIVSUB-05876,CC1(C)OC2OC3C4COC(SSC56OCC(O5)C5OC7OC(C)(C)OC7C5O6)(O4)OC3C2O1,0
HIVSUB-05877,CCOC(=O)NC(=S)NC(C)c1ccccc1,0
HIVSUB-05878,COc1ccc(OC)c(C(Nc2ccc3cn[nH]c3c2)P(=O)(c2ccccc2)c2ccccc2)c1,0
HIVSUB-05879,CC(=O)NC(=O)NC1=NCCC(=O)N1CCc1c[nH]c2ccccc12,0
HIVSUB-05880,Oc1cc2c(cc1O)-c1[nH]ncc1CC2,0
HIVSUB-05881,Cl.O=C1C(CN2CCCC2)CCC1CN1CCCC1,0
HIVSUB-05882,CC(C)(C)c1ccc(O)c(C(c2ccc([N+](=O)[O-])cc2)c2cc(C(C)(C)C)ccc2O)c1,0
HIVSUB-05883,Cn1c(=O)ccc2cc(C(=O)c3ccccc3)ccc21,0
HIVSUB-05884,O=C1C(=Cc2cccc(Cl)c2)CCc2ccccc21,0
HIVSUB-05885,[C-]#[N+]CS(=O)(=O)c1ccc(C)cc1,0
HIVSUB-05886,CC(NC1CC1)c1ccccc1.Cl,0
HIVSUB-05887,O=C(O)c1ccccc1O,0
HIVSUB-05888,CN(N=Cc1cccc2cccnc12)c1ccc([N+](=O)[O-])cc1[N+](=O)[O-],0
HIVSUB-05889,Cl.NCCCN(CCCN)CCCNCc1c2ccccc2c(CNCCCN(CCCN)CCCN)c2ccccc12,1
HIVSUB-05890,Cc1cc2c(cc1C)C(=O)C(=NNc1ccc(F)cc1)CCO2,0
HIVSUB-05891,COc1cc(C2Oc3cc(C4Oc5cc(O)cc(O)c5C(=O)C4O)ccc3OC2CO)ccc1O,0
HIVSUB-05892,CN(C)C1C(O)=C(C(N)=O)C(=O)C2(O)C(O)=C3C(=O)c4c(O)cccc4C(C)(O)C3C(O)C12,0
HIVSUB-05893,c1ccc2c(c1)CCc1c(-c3noc4c3CCc3ccccc3-4)noc1-2,0
HIVSUB-05894,C=C(C)CCC1C[CH-][N+](=O)OC1C(C)(C)C,0
HIVSUB-05895,CC(C)=C1C2CCC1C1CSCC21,0
HIVSUB-05896,COc1cccc2c(NNc3ccc(Cl)cc3)c3ccc([N+](=O)[O-])cc3nc12,0
HIVSUB-05897,CSc1s[s+]c(SC)c1-c1ccccc1,1
HIVSUB-05898,O=C(NC(=Cc1ccc(C=C(NC(=O)c2ccccc2)c2nc3ccc([N+](=O)[O-])cc3[nH]2)cc1)c1nc2cc([N+](=O)[O-])ccc2[nH]1)c1ccccc1,0
HIVSUB-05899,Cc1ccc(C=C2CCCCC2=NO)cc1,0
HIVSUB-05900,CN(C)C(=N)NC(=S)N(C)C,0
HIVSUB-05901,Cc1ccc(C2CC(c3ccc([N+](=O)[O-])cc3)=Nc3ccccc3S2)cc1,0
HIVSUB-05902,COc1ccc(C2c3cc4c(cc3OC(N3CCOCC3)C2C)OCO4)cc1OC,0
HIVSUB-05903,CC(=O)[OH+][Zn-2]12[OH+]c3c(C)ncc(CO)c3C=[N+]1[N-]C(N)=[S+]2,0
HIVSUB-05904,CC1=Nc2ccccc2S(=O)(O)=N1,0
HIVSUB-05905,CC(C)OP(=O)(OC(C)C)C(N(C)C)P(=O)(OC(C)C)OC(C)C.C[Sn](C)(Cl)Cl,0
HIVSUB-05906,CN(C)P1(=O)NCC(C)(C)CO1,0
HIVSUB-05907,Cc1cc(C)c(C(=O)C(=Cc2ccccc2)c2ccccc2)c(C)c1,0
HIVSUB-05908,CN(N)c1cc(O)nc(O)n1,0
HIVSUB-05909,Cc1ccc(N2C(=O)C=C(C3=C(O)C(=O)N(c4ccc(C)cc4)C3=O)C2=O)cc1,0
HIVSUB-05910,C=C1C(=O)OC(CCCCC)C1C(=O)O,0
HIVSUB-05911,CN(C(=O)C1=CCCCCC1)c1ccccc1Br,0
HIVSUB-05912,CC12OOC(c3ccccc31)c1c2ccc2ccccc12,0
HIVSUB-05913,Cc1cc(NS(=O)(=O)c2ccc(Nc3c4ccccc4nc4c(C(=O)Nc5ccc(S(=O)(=O)NC(=N)N)cc5)ccc(Cl)c34)cc2)no1,0
HIVSUB-05914,Cc1cc2[nH]c3nc(O)nc(O)c3c2cc1C,0
HIVSUB-05915,COCC(Cc1ccccc1)N=Cc1ccccc1,0
HIVSUB-05916,O=C(C=Cc1ccccc1)Oc1ccc(C(=O)C=Cc2ccccc2)cc1,0
HIVSUB-05917,O=C(Cc1ccccc1)NN1C(=O)C(Cl)C1c1ccc([N+](=O)[O-])cc1,0
HIVSUB-05918,COCCCC(NC(=O)C(CC(C)C)NC(=O)OCc1ccc(OC)cc1)C(N)=O,0
HIVSUB-05919,O=C(Nc1ccccc1)Nc1ccc([N+](=O)[O-])cn1,0
HIVSUB-05920,O=Cc1ccc(C=O)n1C1CCOC1=O,0
HIVSUB-05921,CCSc1nc(-c2ccc(OC)cc2)c(C#N)c(=O)n1C1OCC(OC(C)=O)C(OC(C)=O)C1OC(C)=O,0
HIVSUB-05922,CCOC(=O)CCC(NC(=O)c1ccc(Oc2nc3ccc(C(F)(F)F)cc3nc2-c2ccccc2)cc1)C(=O)OCC,0
HIVSUB-05923,O=C(CCCl)Nc1c(Cl)cccc1Cl,0
HIVSUB-05924,CC1c2c(n(C)c3ccccc23)C2CCC3(CO3)C1N2Cc1ccccc1,0
HIVSUB-05925,CCC1CCN=C(Cn2cc(C)c(=O)[nH]c2=O)N1.Cl,0
HIVSUB-05926,OC(c1ccc(F)cc1)C(F)(F)c1nc2ccccc2o1,0
HIVSUB-05927,COc1cc2cc3cc(-c4ccc(Cl)cc4)c(N4CCN(C)CC4)nc3nc2cc1OC,0
HIVSUB-05928,COC(=O)C(N)C(C)c1c[nH]c2ccccc12,0
HIVSUB-05929,CC(C)CC(NC(=O)C(CC(=O)O)NC(=O)C(CO)NC(=O)C(CCCCN)NC(=O)C1CCCN1C(=O)C(CC(C)C)NC(=O)C(CO)NC(=O)CNC(=O)C(N)CCC(=O)O)C(=O)NC(CCCNC(=N)N)C(=O)O,0
HIVSUB-05930,COc1ccc2nc3cc(Cl)ccc3c(Sc3ccc([N+](=O)[O-])cc3)c2c1,0
HIVSUB-05931,NNC(=O)c1c(SCc2ccccc2)nc2c3ccccc3ccn12,0
HIVSUB-05932,CN(C)NC1=C([N+](=O)[O-])C=NN(c2ccccc2)C1,0
HIVSUB-05933,CN1C(=O)CN(NC(=O)C2=C(O)c3ccc(Br)cc3S(=O)(O)=N2)C1=S,0
HIVSUB-05934,COc1ccc(OC(C)C(=O)O)c2c1CCCC2=O,0
HIVSUB-05935,COc1cccc(-c2nc(-c3cnccn3)n(COCCO)n2)c1,0
HIVSUB-05936,c1ccc2nc3c(nc2c1)NSN3,0
HIVSUB-05937,O=C1CC2CC(CC3(CO3)C2)C1F,0
HIVSUB-05938,CCOC(=O)C1=C(O)c2c(sc(C)c2C)N(S(=O)(=O)c2ccc(C)cc2)CC1,0
HIVSUB-05939,O=C1c2cc3c(cc2CC1Cc1ccc2c(c1)CCC2)CCC3,0
HIVSUB-05940,Cc1nnc2n1-c1ccccc1C(=S)N1CSCC21,0
HIVSUB-05941,C=CCn1c2c(c3ccccc3c1=O)C(=O)c1ccccc1-2,0
HIVSUB-05942,O=C(C=Cc1ccc(O)c(F)c1)CC(=O)C=Cc1ccc(O)c(F)c1,0
HIVSUB-05943,Cc1ccc(S(=O)(=O)c2ccccc2)cc1,0
HIVSUB-05944,COC(=O)C(C)(Cc1ccc2c(c1)nnn2C(C)=O)NC(C)=O,0
HIVSUB-05945,N#CC(C#N)=C1SC(=Nc2ccccc2)C(=Nc2ccccc2)N1c1ccccc1,0
HIVSUB-05946,Cl.NNc1ncnc2c1ncn2C1OC(CO)CC1F,1
HIVSUB-05947,COC1=C(C)C2CC(=O)OC3CC4C(C)CC(O)C(=O)C4(C)C(C1=O)C32C,0
HIVSUB-05948,NC(=O)c1ccccc1NC(=O)C(=O)C(c1cnc2ccc([N+](=O)[O-])cc2n1)[N+](=O)[O-],0
HIVSUB-05949,Nc1c(S)cc(O)c2c1C(=O)c1ccccc1C2=O,0
HIVSUB-05950,FC(F)(F)c1nc2cc(Cl)c(SSc3cc4[nH]c(C(F)(F)F)nc4cc3Cl)cc2[nH]1,0
HIVSUB-05951,COc1ccc2c(c1)C1Oc3ccccc3CC1CO2,0
HIVSUB-05952,COC(=O)Nc1cn2nc(C)sc2n1,0
HIVSUB-05953,CCC12C[N+]3([O-])CCc4c([nH]c5ccccc45)C(C(=O)OC)(c4cc5c(cc4OC)N(C)C4C(O)(C(=O)OC)C(OC(C)=O)C6(CC)C=CCN7CCC54C76)CC(C3)C1O2,0
HIVSUB-05954,Cc1ccc(S(=O)(=O)SCc2ccccc2CSS(=O)(=O)c2ccc(C)cc2)cc1,0
HIVSUB-05955,Cc1cc(NS(=O)(=O)c2ccc(NC(=O)c3cccc4cc5ccccc5nc34)cc2)no1,0
HIVSUB-05956,COC(=O)C1=C(C(=O)OC)SC(=C2SC3=C(SC(=C4SCCS4)S3)S2)S1,0
HIVSUB-05957,CN1CCN(C)C12C=CC=CC21CC1,0
HIVSUB-05958,COc1cccc2c(NCCC[N+](C)(C)O)c3c([N+](=O)[O-])ccc(OC)c3nc12.Cl.[Cl-],0
HIVSUB-05959,CCOC(=O)n1c2ccccc2c2c(O)c(OC)c3c(c21)C(=O)NC3=O,0
HIVSUB-05960,CCOC(=O)C(NNc1ccccc1)C(c1ccccc1)[PH](c1ccccc1)(c1ccccc1)c1ccccc1,0
HIVSUB-05961,CN(C)c1ccc(C=C(C#N)c2cccc(Br)c2)cc1,0
HIVSUB-05962,Cc1cn(C2CN(O)CC(CO)O2)c(=O)[nH]c1=O,0
HIVSUB-05963,C=CC1CN2CCC1CC2C(=O)c1ccnc2ccccc12,0
HIVSUB-05964,CCOC(=O)C(=Cc1cn(C(C)=O)c2ccccc12)P(=O)(OC)OC,0
HIVSUB-05965,CCOC(=O)C1ON2OC(OC3CCCC3(c3ccccc3)c3ccccc3)C(OC(C)=O)C3OC(=O)C1C32,0
HIVSUB-05966,O=S(=O)(O)c1ccc(O)c(N=Nc2ccc(C=Cc3ccc(N=Nc4cc(S(=O)(=O)O)ccc4O)cc3S(=O)(=O)O)c(S(=O)(=O)O)c2)c1.[NaH],0
HIVSUB-05967,CC(C)CC(NC(=O)OC(C)(C)C)C(=O)NC(CCC(=O)OCc1ccccc1)C(N)=O,0
HIVSUB-05968,Cl.O=C(OCCN1CCNCC1)c1cc2ccccc2[nH]1,0
HIVSUB-05969,Cl.NC(Cc1ccc(OCc2ccccc2)cc1)C(=O)NC(Cc1ccccc1)C(=O)Oc1c(Cl)c(Cl)c(Cl)c(Cl)c1Cl,0
HIVSUB-05970,CON=Cc1cc(OC)c(OC)c(OC)c1,0
HIVSUB-05971,CN1CCC(OC(c2ccccc2)c2ccc(Cl)cc2)C1.O=C(O)C=CC(=O)O,0
HIVSUB-05972,CCN(CCCN(CC)C(=O)Nc1ccccc1)C(=O)Nc1ccccc1,0
HIVSUB-05973,Oc1cc(C2OCCCO2)cc(O)c1O,0
HIVSUB-05974,CCOC(=O)CCC(NC(=O)OCc1ccccc1)C(=O)NC(CCC(=O)OCC)C(=O)NC(CCC(=O)OCC)C(=O)NNC(=O)OC(C)(C)C,0
HIVSUB-05975,Clc1ccc(-n2cccc2)cc1,0
HIVSUB-05976,CCOC(=O)c1cnc(-n2nc(C)c(CCO)c2O)nc1O,0
HIVSUB-05977,CC1CCC2C1(C)CCC1C2(C)CCC2(C)C3CC(C)(C)CCC3(C)CCC12C,0
HIVSUB-05978,COc1cc(CNc2cnc3cc(N)ccc3n2)cc(OC)c1OC,0
HIVSUB-05979,O=C1CC2C(C=CC23CCCC3)N1O,0
HIVSUB-05980,N#Cc1cccc(C2C(=O)c3ccc(C(=O)c4ccc5c(c4)C(=O)N(c4ccc(Oc6ccc(N7C(=O)c8ccc(C(=O)c9ccc%10c(c9)C(=O)N(c9cccc(C#N)c9)C%10=O)cc8C7=O)cc6)cc4)C5=O)cc3C2=O)c1,0
HIVSUB-05981,COc1cc(CC2C(=O)OCC2Cc2ccc(OC)c(OC)c2)cc(OC)c1,0
HIVSUB-05982,O=C1OC(=C(Br)c2ccc(Cl)c(Cl)c2)c2ccccc21,0
HIVSUB-05983,N#CC(C(=O)Nc1ccccc1)=C(N)N1CCCC1,0
HIVSUB-05984,O=C(O)C1(C(=O)O)CC1(C(=O)O)C(=O)O,0
HIVSUB-05985,COc1cc2cc3c4c(cc(OC)c(OC)c4c2cc1OC)CCN3C(=O)CCCC(=O)O,0
HIVSUB-05986,C=C1CCC2CC1C(C(=O)c1c[nH]c3ccccc13)=NC2(C)C,0
HIVSUB-05987,COC(=O)C1=C(C(=O)OC)C2(CCCCCC2=O)OC1=O,0
HIVSUB-05988,CN1C(=O)CC(=O)N1C(=Cc1ccccc1)c1ccccc1,0
HIVSUB-05989,CCCCCCCCCCCCN1C=C(C(N)=O)C(S(=O)(=O)O)c2ccccc21,0
HIVSUB-05990,O=[N+]([O-])c1cnc(N(CCO)CCO)s1,0
HIVSUB-05991,N=C1NN(c2ccccc2)C(=O)C1C(=O)C(=O)Nc1cccc(C(F)(F)F)c1,0
HIVSUB-05992,CN=C(n1ccnc1)n1ccnc1,0
HIVSUB-05993,CN(C(=NO)c1ccccc1)c1ccccc1,0
HIVSUB-05994,O=C(O)c1sccc1Cc1ccsc1,0
HIVSUB-05995,O=c1n(CC2CO2)c2ccccc2n1CC1CS1,0
HIVSUB-05996,O=C(O)c1ccc(C2SCc3nc4ccccc4n32)cc1,0
HIVSUB-05997,CCOC(=O)C=Cc1ccccc1OC,0
HIVSUB-05998,COC(=O)NCC1OCc2cc3c(cc2C12CC=CCC2)OCO3,0
HIVSUB-05999,CC1(C)OC(=S)N(c2ccccc2)C12C=Cc1cc3ccccc3cc1O2,0
HIVSUB-06000,COc1cccc2c1[OH+][Ni-3]13([S+]=C(Nc4ccccc4)[N-][N+]1=C2)[n+]1ccccc1-c1cccc[n+]13,0
HIVSUB-06001,CC(=NN)c1sc(-c2nc(C)c(C(C)=NN)s2)nc1C,0
HIVSUB-06002,CCCCCCC(=O)CC(CCC(=O)N(Cc1ccccc1)Cc1ccccc1)=NNC(N)=O,0
HIVSUB-06003,Nc1nc(N)c(-c2ccccc2)c(C(=O)Nc2ccc(Cl)c(Cl)c2)n1,0
HIVSUB-06004,O=C1C=C2CC3c4[nH]c5ccccc5c4CCN3CC2CC1,0
HIVSUB-06005,Nc1ccc(S(=O)(=O)Cc2ccc(C(=O)O)cc2)cc1,0
HIVSUB-06006,Cc1cc(C)c(C2=[N+]([O-])ON3CCc4ccccc4C23)c(C)c1,0
HIVSUB-06007,COc1cc(C=Cc2ccc(OC)c(OC)c2)cc(OC2OC(CO)C(O)C(O)C2O)c1,0
HIVSUB-06008,Cc1cc(O)nc2cc(N(C)C)ccc12,0
HIVSUB-06009,CCN(CC)CCCCC1CCN(CC(=O)N2c3ccccc3NC(=O)c3ccccc32)CC1,0
HIVSUB-06010,c1ccc2c(OCCSCCCCCCCCCCSCCOc3cccc4ccccc34)cccc2c1,0
HIVSUB-06011,CC1=NN(C(=O)Cc2ccccc2)C(=O)C1=Cc1ccc(O)cc1,0
HIVSUB-06012,COC(=O)C12C3C4C5C3(C#N)C1C5(C(=O)OC)C42C(=O)N(C(C)C)C(C)C,0
HIVSUB-06013,CCOC(=O)c1ccc(C)c(N=NN(C)C)c1,0
HIVSUB-06014,CC1=[O+][Mn]23([O+]=C(C)C1)([O+]=C(C)CC(C)=[O+]2)[O+]=C(C)CC(C)=[O+]3,0
HIVSUB-06015,CCCCCCCCCCCCCCCCc1c(O)nc(S)nc1C(=O)OC,0
HIVSUB-06016,CCOC(=O)CCC(NC(=O)C(CC(=O)OC)NC(=O)C(CC(=O)OC)NC(=O)C(CC(=O)OC)NC(=O)C(CC(=O)OC)NC(=O)OCc1ccccc1)C(=O)NC(CCC(=O)OCC)C(=O)NC(CCC(=O)OCC)C(=O)OCC,0
HIVSUB-06017,O=C(CCC(=O)c1ccsc1)c1ccsc1,0
HIVSUB-06018,O=c1[nH]nc(-c2ccccc2)n1-c1cccc([N+](=O)[O-])c1,0
HIVSUB-06019,CC(C)(C)C1COP(=S)(C(C)(C)C)OC1.CC(C)(C)C1COP(=S)(C(C)(C)C)OC1,0
HIVSUB-06020,CC(=NNC(=S)N(C)CCc1ccccn1)c1cnccn1,0
HIVSUB-06021,Oc1ccc(Br)cc1C=Nc1c(NC2CCCCC2)oc2ccc(Br)cc12,0
HIVSUB-06022,Cc1ccc(N2C(=O)C(=C3SC(C(N)=O)=C(N)N3c3ccccc3)SC2=S)cc1,0
HIVSUB-06023,CCOc1ccc(C=N[N+](C)(C)C)cc1OCC,0
HIVSUB-06024,CCOC(=O)NC(C(F)(F)F)(C(F)(F)F)P(=O)(OCC)OCC,0
HIVSUB-06025,COc1ccc(CC2COC(=O)C2Cc2cccc(Br)c2)cc1OC,0
HIVSUB-06026,Cc1ccc(S(=O)(=O)OC2C(O)C(CO)OC2n2c(Br)c(C(N)=O)c3c(N)ncnc32)cc1,0
HIVSUB-06027,CCOC(=O)N(C)C1(c2ccccc2)CCN(CCCC(=O)c2ccc(F)cc2)CC1.Cl,0
HIVSUB-06028,CNNC(=NS(=O)(=O)c1cc(C#N)c(NNC)cc1S)NNC,0
HIVSUB-06029,CC(C)CC(=O)[OH+][Co-4](N)(N)(N)(N)[OH+]C(=O)CC(C)C.[O-][Cl+3]([O-])([O-])O,0
HIVSUB-06030,Cc1ccc(S(=O)(=O)OCC2CCC3(C)C(CCC4C3CCC3(C)C(C(C)CCC(=O)O)CCC43)C2)cc1.N,0
HIVSUB-06031,O=C1ON=C(c2ccccc2)C1=NO,0
HIVSUB-06032,COC(=O)C=C(C)CCC1SC1(C)C,0
HIVSUB-06033,COc1cc2c(c3oc(=O)cc(C)c13)C(OC(=O)C13CCC(C)(C(=O)O1)C3(C)C)C(OC(=O)C13CCC(C)(C(=O)O1)C3(C)C)C(C)(C)O2,1
HIVSUB-06034,O=C1C(=O)N(C2CCCCC2)C(=S)N1C1CCCCC1,0
HIVSUB-06035,Nc1nc(S)nc(C(=O)Nc2ccc(Cl)c(Cl)c2)c1-c1ccc(Cl)cc1,0
HIVSUB-06036,S=C=Nc1ccc(SSc2ccc(N=C=S)cc2)cc1,0
HIVSUB-06037,CCOC(=O)C1C(c2ccc3c(c2)OCO3)c2c(n[nH]c2O)CC1(O)OCC,0
HIVSUB-06038,COC(=O)C(=O)OC1(C(C)=O)CC2(c3ccccc3)OC1(c1ccccc1)c1ccccc12,0
HIVSUB-06039,NNC(=O)c1nnn(N)c1S,0
HIVSUB-06040,OC(Cn1cncn1)(Cn1cncn1)c1ccc(Cl)cc1Cl,0
HIVSUB-06041,c1ccc(N2CCN(c3ccccn3)CC2)nc1,0
HIVSUB-06042,CC(=O)OCCCOCn1cc(C)c(=O)[nH]c1=O,0
HIVSUB-06043,Cc1ccc(NC(=O)CCC(CC(=O)C(C)(C)C)=NNC(=O)C[n+]2ccccc2)cc1C.[Cl-],0
HIVSUB-06044,CC1=Nc2ncnn2C1=NNc1ccccc1,0
HIVSUB-06045,O=C1c2ccccc2C(=O)C2C1C1C(=O)c3ccccc3C(=O)C21,0
HIVSUB-06046,O=c1[nH]c2ccccc2c(=O)c2cc3ccccc3cc12,0
HIVSUB-06047,CN(C)c1ccc(C=C(C#N)c2c(Br)cccc2Br)cc1,0
HIVSUB-06048,CCCS(=N)(=O)CCC(N)C(=O)O,0
HIVSUB-06049,C=Cc1ccccn1,0
HIVSUB-06050,O=C(O)c1nn(-c2ccccc2-c2nnc(O)nc2O)c(=O)[nH]c1=O,0
HIVSUB-06051,CN(C)C(=S)N=c1ssc(=S)n1C1CCCCC1,0
HIVSUB-06052,O=C(C=Cc1ccc(Cl)cc1)c1ccncc1,0
HIVSUB-06053,COc1ccc(SSc2ccc(OC)cc2)cc1,0
HIVSUB-06054,O=c1c(O)c(-c2ccccc2)oc2ccccc12,0
HIVSUB-06055,O=P(NC12CC3CC(CC(C3)C1)C2)(N1CC1)N1CC1,0
HIVSUB-06056,CC(=Cc1ccccc1)C(=O)c1c(C)cc(C)cc1C,0
HIVSUB-06057,N#Cc1ccccc1NC(=O)C(=O)C(C(=O)c1ccccc1-c1ccccc1)C1OC(=O)c2ccccc21,0
HIVSUB-06058,O=C(O)C(C(C(=O)O)P(=O)(O)O)P(=O)(O)O,0
HIVSUB-06059,O=C1CC(CC(O)C2CCCCC2O)CC(=O)N1c1ccccc1,0
HIVSUB-06060,CCOC(=O)C(C(=S)Nc1ccccc1)=C(N)N1CCCC1,0
HIVSUB-06061,O=C1C=CC(=O)C2C3C=CC(C12)C1C3C2(Cl)C(Cl)=C(Cl)C1(Cl)C2(Cl)Cl,0
HIVSUB-06062,Cc1nnc2scnn12,0
HIVSUB-06063,CCOC(=O)c1oc2cc(O)cc(O)c2c(=O)c1-c1ccc(OC)cc1,0
HIVSUB-06064,OCC(O)C(O)C(O)C1SC(c2ccccc2)=NN1c1ccccc1,0
HIVSUB-06065,COc1cccc(C(=O)N2CCc3ccccc32)c1OC,0
HIVSUB-06066,CCOC(=O)c1c(NC(=S)Nc2ccc(Cl)cc2)sc2c1CCN(C)C2,0
HIVSUB-06067,COc1cccc(C2Nc3ccccc3C(=O)N2N2CCOCC2)c1,0
HIVSUB-06068,N#Cc1ccc(Nc2cnc3cc(N)ccc3n2)cc1,0
HIVSUB-06069,CCNc1cc2oc(=O)cc(C)c2cc1C,0
HIVSUB-06070,CC1(Br)C(=O)NC(=O)N(C2C=CC(CO)O2)C1N=[N+]=[N-],1
HIVSUB-06071,Cl.NCC(=CC(=O)O)c1ccc(Cl)cc1,0
HIVSUB-06072,Cc1cc(C2(c3ccc(O)c(C)c3)OS(=O)(=O)c3ccccc32)ccc1O,0
HIVSUB-06073,Cc1ccc(S(=O)(=O)NN=Cc2oc(-c3ccccc3Cl)c(-c3ccccc3Cl)c2[N+](=O)[O-])cc1,0
HIVSUB-06074,O=C(O)COc1ccc(O)c2c1C(=O)CCCC2=O,0
HIVSUB-06075,CNN=C(C)C(CN(C)C)C(c1ccccc1)c1c(O)c2ccccc2oc1=O,0
HIVSUB-06076,Cc1nc(N(CCO)CCO)c2sc(=S)n(-c3ccccc3)c2n1,0
HIVSUB-06077,O=C1NC(O)c2cc3ccccc3cc2O1,0
HIVSUB-06078,CC(=O)Oc1c(C(C)C)cc2c(c1OC(C)=O)CC1(C)OC(=O)CC(C)(C)C1(OC(C)=O)C=C2,0
HIVSUB-06079,CN1Cc2cc3c(cc2-c2ccccc21)OCO3,0
HIVSUB-06080,CCOC(=O)c1nc2ccc(Cl)cc2c2c1Cc1ccccc1-2,0
HIVSUB-06081,Cn1cnc([N+](=O)[O-])c1SSc1c([N+](=O)[O-])ncn1C,0
HIVSUB-06082,CCOC(=N)n1c(=O)n(C2=NCCN2)c2ccccc21,0
HIVSUB-06083,CCOC(=O)C1=C(Nc2ccc(Cl)cc2Cl)OCC1=O,0
HIVSUB-06084,CC(=O)OCC1OC(Sc2nc(-c3ccc(Cl)cc3)c(C#N)c(=O)n2C2OC(COC(C)=O)C(OC(C)=O)C(OC(C)=O)C2OC(C)=O)C(OC(C)=O)C(OC(C)=O)C1OC(C)=O,0
HIVSUB-06085,CC(=O)OC1CCC2(C)C(=CCC3C2CCC2(C)C(c4ncc(-c5ccccc5)s4)CCC32)C1,0
HIVSUB-06086,Cc1c(Cl)ccc2c1NC(=O)C2(O)C1Cc2ccccc2C1=O,0
HIVSUB-06087,CC(=O)Nc1ccc(S(=O)(=O)Nc2ccc(S(=O)(=O)c3ccc(NC(=O)c4ccccc4SSc4ccccc4C(=O)Nc4ccc(S(=O)(=O)c5ccc(NS(=O)(=O)c6ccc(NC(C)=O)cc6)cc5)cc4)cc3)cc2)cc1,1
HIVSUB-06088,NC(=O)NNC(=O)NC12CC3CC(CC(C3)C1)C2,0
HIVSUB-06089,O=C(O)C1(C(O)c2ccccc2)SCCCS1,0
HIVSUB-06090,COc1cc2cc[n+]3c4cc(OC)c(OC)cc4c(C)cc3c2cc1OC.[Cl-],0
HIVSUB-06091,O=C1C(O)=C(C2CCCCC2)C(=O)c2ccccc21,0
HIVSUB-06092,O=C1C(c2ccccc2)=C(c2ccccc2)C(c2ccc(Sc3ccc(C4=C(c5ccccc5)C(=O)C(c5ccccc5)=C4c4ccccc4)cc3)cc2)=C1c1ccccc1,0
HIVSUB-06093,COC(=O)C(Cc1c[nH]c2ccccc12)NC(=O)C(Cc1c[nH]c2ccccc12)NC(=O)C(Cc1c[nH]c2ccccc12)NC(=O)C(Cc1c[nH]c2ccccc12)NC(=O)C(Cc1c[nH]c2ccccc12)NC(=O)C(Cc1c[nH]c2ccccc12)NC(=O)C(Cc1c[nH]c2ccccc12)NC(=O)OC(C)(C)C,0
HIVSUB-06094,Cn1c2c(c3ccccc31)CCN=C2C1CCCOC1=O,0
HIVSUB-06095,C[NH+](C)c1nc2ccccc2[nH]1.[Cl-],0
HIVSUB-06096,O=C(O)Cc1ccc2c(c1O)C(=O)c1c(ccc(CC(=O)O)c1O)C2=O,0
HIVSUB-06097,CCCCCCCCC#CCCCCCCC(F)C(=O)O,0
HIVSUB-06098,Cc1ccc(S(=O)(=O)NCCCSCCSCCCN)cc1,0
HIVSUB-06099,O=[N+]([O-])c1ccc(C(O)C(=NNO)c2nc3ccc([N+](=O)[O-])cc3nc2O)cc1,0
HIVSUB-06100,CC(=O)C(=Cc1cccc(Br)c1)C(=O)c1ccccc1,0
HIVSUB-06101,COc1ccc(NC(=S)Nc2ccccn2)cc1,0
HIVSUB-06102,c1ccc(C2CN=C(c3ccccn3)C(c3ccccn3)=N2)cc1,0
HIVSUB-06103,NCCCCC(=O)NC(CCCCNC(=O)OCc1ccccc1)C(=O)NCCCCC(=O)NC(CCCCNC(=O)OCc1ccccc1)C(=O)NCCCCC(=O)NC(CCCCNC(=O)OCc1ccccc1)C(=O)NCCCCC(=O)NC(CCCCNC(=O)OCc1ccccc1)C(=O)NCCCCC(=O)NC(CCCCNC(=O)OCc1ccccc1)C(=O)O,0
HIVSUB-06104,CC1=NC(=Cc2ccccc2O)C(=O)N1n1c(-c2ccccc2)nc2ccccc2c1=O,0
HIVSUB-06105,NC(Cc1ccccc1)C(=O)NC1c2ccsc2C(=NO)C1O.O=C(O)C(F)(F)F,0
HIVSUB-06106,CC(C)CCCC(C)C1CCC2C3CCC4CC(CCC=C(c5cc(Cl)c(O)c(C(=O)O)c5)c5cc(Cl)c(O)c(C(=O)O)c5)CCC4(C)C3CCC12C.N,1
HIVSUB-06107,CNN=C(CC(=O)c1sc(NNC(C)=O)nc1C)C(=O)Nc1ccc(OC)cc1OC,0
HIVSUB-06108,Cc1ccc(NC(=O)CC2SC(Nc3ccc(Cl)cc3)=NC2=O)cc1C,0
HIVSUB-06109,Cn1c2cccc3nnc4cccc(c4c32)n1C,0
HIVSUB-06110,Nc1ncnc2c1ncn2-c1ccc([N+](=O)[O-])cn1,0
HIVSUB-06111,O=c1c2ccccc2[se]n1-c1ccccn1,1
HIVSUB-06112,O=C1c2ccccc2S(=O)(=O)N1Sc1ccccc1[N+](=O)[O-],0
HIVSUB-06113,COC(=O)NC1=Nc2ccc(Cl)cc2NS1,0
HIVSUB-06114,N=C(N)NS(=O)(=O)c1ccc(NCc2c3ccccc3nc3ccccc23)cc1,0
HIVSUB-06115,CCOc1ccc(NC(=O)C(CC(=O)c2c[n+]([O-])c3ccccc3[n+]2[O-])=NOCCCc2ccccc2)cc1,0
HIVSUB-06116,Cc1ccc(C(=O)N2c3ccccc3N(C)n3cccc3C2CC(=O)O)cc1,0
HIVSUB-06117,CC(=O)O[IH2]1NC(=O)c2ccccc21,1
HIVSUB-06118,O=c1n(C2CCCCC2)c(=C(Cl)Cl)c(=C(Cl)Cl)n1C1CCCCC1,0
HIVSUB-06119,Nc1ncnc2c(C3OC(CO)C(O)C3O)c[nH]c12,0
HIVSUB-06120,Br.CCc1cccc(CC)c1Nc1nc(-c2ccccc2-c2ccccc2)cs1,0
HIVSUB-06121,CCOC(OCC)(OCC)C(Br)CC,0
HIVSUB-06122,O=C1NC(NN=CC(O)C(O)C(O)C(O)CO)=NC1=Cc1ccccc1,0
HIVSUB-06123,CC(C)N1CCOC12CCCC2,0
HIVSUB-06124,N=c1c2ccccc2sc2nc3ccccc3n12,0
HIVSUB-06125,COc1ccc(-c2oc3cc(OC)ccc3c(=O)c2O)cc1,0
HIVSUB-06126,C=C1C(OC(=O)C(C)C)C23CC4(O)C5C6(C)CCCC57C(C2CC1(O)C(O)C37)N4C6,0
HIVSUB-06127,CCCCCCCCCCCCCC(=O)CBr,0
HIVSUB-06128,CN(C)Cc1ccccc1CCO,0
HIVSUB-06129,CSc1nc(SC)c(Nc2cccc(C)c2)c(SC)n1,0
HIVSUB-06130,CCOC(=O)NC1CCc2cc(OC)c(OC)c(OC)c2-c2ccc(SC)c(=O)cc21,0
HIVSUB-06131,CCn1c(=O)c2c3ccc(OC)cc3[nH]c2c2ccc(OC)cc21,0
HIVSUB-06132,Cc1cc2nc3n(c2cc1C)C(c1c(F)cccc1F)SC3,1
HIVSUB-06133,O=C1C(=Cc2ccc(Br)s2)NC(=S)N1CN1CCOCC1,0
HIVSUB-06134,Cc1cc(C)nc(NS(=O)(=O)c2ccc(Nc3c4ccccc4nc4c(C(=O)Nc5ccc(S(=O)(=O)NC(=N)N)cc5)cccc34)cc2)n1,0
HIVSUB-06135,Fc1ccccc1C1SCc2nc3ccccc3n21,1
HIVSUB-06136,N#CCC[PH](c1ccccc1)(c1ccccc1)c1ccccc1,0
HIVSUB-06137,O=C(Nc1nc2ccccc2n1Cc1ccccc1)C(=O)NC12CC3CC(CC(C3)C1)C2,0
HIVSUB-06138,Cc1cc2nc(N)n[n+]([O-])c2cc1C,0
HIVSUB-06139,N#CC(=Cn1c(=S)[nH]c2ccc([N+](=O)[O-])cc21)C(N)=O,0
HIVSUB-06140,CC(=NNC(=S)Nc1cccc(Cl)c1)c1cccc(C(C)=NNC(=S)Nc2cccc(Cl)c2)n1,0
HIVSUB-06141,CC(C)=CCN1c2ccccc2NC(=O)CC1C,1
HIVSUB-06142,COc1cc2c(cc1OC)C(C#N)(Cc1ccccc1)N(C(=O)c1ccccc1)C=C2,0
HIVSUB-06143,CC(=NNC(=O)c1ccccc1S(N)(=O)=O)C(CN1CCCCC1)C(C1=C(O)C2C=CC=CC2OC1=O)c1ccccc1.Cl,0
HIVSUB-06144,Cc1cc(O)c2cc3ccc4c5nc(C)cc(O)c5cc5ccc(c2n1)c3c54,0
HIVSUB-06145,CCOC(=O)NC(=O)c1cnc(O)nc1O,0
HIVSUB-06146,CCOC(=O)C1C(=NN)CN2CCc3c([nH]c4ccccc34)C12C(=O)OCC,0
HIVSUB-06147,O=C1CC(C(O)(C(F)(F)F)C(F)(F)Cl)CCC1C(O)(C(F)(F)F)C(F)(F)Cl,0
HIVSUB-06148,S=C(N1CCN(c2ccc(Cl)c(Cl)c2)CC1)N1CCN(c2ccc(Cl)c(Cl)c2)CC1,0
HIVSUB-06149,COc1ccc2cc3nc(O)cc(O)c3cc2c1OC,0
HIVSUB-06150,CN(C)C(=S)SSC(=S)N(C)C,0
HIVSUB-06151,COC1C=COC2(C)Oc3c(C)c(O)c4c(O)c(c(C=NN5CCCCC5)c(O)c4c3C2=O)NC(=O)C(C)=CC=CC(C)C(O)C(C)C(O)C(C)C(OC(C)=O)C1C,0
HIVSUB-06152,O=C1Nc2ccccc2C1=NNC(=S)Nc1ccc(Cl)cc1,0
HIVSUB-06153,O=C1COCC(=O)N1,0
HIVSUB-06154,CCOC(=O)C1(c2ccc(O)c(O)c2)CCN(C)CC1,0
HIVSUB-06155,Cc1cc(N(CCC#N)CCC#N)ccc1C(N=Nc1cccc(Cl)c1)=NNC(=O)c1cc(Cl)ccc1O,0
HIVSUB-06156,CN(C)c1ccc(-n2cccc2)cc1,0
HIVSUB-06157,C=C1C2CCC3(C4CC5C6(C)CCCC5(C(O4)N4CCOC46)C3C2)C1OC(C)=O,0
HIVSUB-06158,CC(C)(C)NC(=O)c1ccccc1[Se][Se]c1ccccc1C(=O)NC(C)(C)C,0
HIVSUB-06159,C=CCC(C(=O)OC)C1(C(=O)OC)c2[nH]c3ccccc3c2CCN1Cc1ccccc1,0
HIVSUB-06160,O=CCCCCCOCc1ccccc1,0
HIVSUB-06161,Clc1cc2nsnc2c(Cl)n1,0
HIVSUB-06162,O=C(C=Cc1ccccc1Br)c1ccccc1,0
HIVSUB-06163,COc1ccc(C2NC(=S)N3C(c4ccc(OC)c(OC)c4)NC(=S)N23)cc1OC,0
HIVSUB-06164,Cc1cn(C2CC(N=[N+]=[N-])C(COC(=O)C3(O)CCC4C5CCC6=CC(=O)C=CC6(C)C5C(O)CC43C)O2)c(=O)[nH]c1=O,1
HIVSUB-06165,N[Co-4](N)(N)(N)([OH+]C(=O)C(Cl)Cl)[OH+]C(=O)C(Cl)Cl.[O-][Cl+3]([O-])([O-])O,0
HIVSUB-06166,CC(=O)C(=Cc1ccc(F)cc1)C(C)=O,0
HIVSUB-06167,CC1(C)C(=O)C2(OS(=O)(=O)C(F)(F)F)CCC1C2,0
HIVSUB-06168,CN(C)C(=O)OC(Cn1cncn1)(Cn1cncn1)c1ccc(Cl)cc1Cl,0
HIVSUB-06169,COc1cccc(C2=CCCCCC2)c1OC,0
HIVSUB-06170,COc1ccc(C=C2C=Cc3ccccc32)cc1OC,0
HIVSUB-06171,Cc1cc(Cl)ccc1NC(=O)CCCC(=O)C(C(=O)c1ccccc1)c1ccccc1,0
HIVSUB-06172,NC(C(F)(F)F)(C(F)(F)F)P(=O)(c1ccccc1)c1ccccc1,0
HIVSUB-06173,CCOP(=O)(OCC)C1C(CO)OC(n2ccc(=O)[nH]c2=O)C1O,0
HIVSUB-06174,Cc1nn(-c2ccccc2)c(CC(Cc2c([N+](=O)[O-])c(C)nn2-c2ccccc2)c2ccccc2)c1[N+](=O)[O-],0
HIVSUB-06175,O=S(=O)(NC1CCCC1O)c1ccccc1,0
HIVSUB-06176,COC(=O)C(=NO)C(C(=O)C=C(C)C)C(=O)C(=O)Nc1ccccc1C,0
HIVSUB-06177,CC1OCC2OC(C)OC(C3C4=C(CC(C)(C)CC4=O)OC4=C3C(=O)CC(C)(C)C4)C2O1,0
HIVSUB-06178,COC(=O)Nc1cn2ccc(Sc3ccccc3)cc2n1,0
HIVSUB-06179,NC(=O)c1ccc2c(c1)C1=NC3=c4ccc(C(N)=O)cc4=C4N=C5c6ccc(C(N)=O)cc6C6=[N+]5[Co-2]5([N+]1=C2N=C1c2cc(C(N)=O)ccc2C(=N6)[NH+]15)[NH+]34,0
HIVSUB-06180,CN(C)c1ccc2c(c1)-c1cc(N(C)C)ccc1C2=CC=C(C#N)C#N,0
HIVSUB-06181,CCOC(=O)c1[nH]c(COC(C)=O)c2c1CCCCCCCCCC2,0
HIVSUB-06182,CC(=O)OC1CCC2(C)C(C)C(C)CCC2(O)C1O,0
HIVSUB-06183,COC(=O)C1([Se]c2ccccc2)CCN2CCC(OCc3ccccc3[N+](=O)[O-])C21,0
HIVSUB-06184,COC(=O)C(O)=CC(=O)c1ccc(Cl)cc1.[NaH],0
HIVSUB-06185,CC(C)C[S+]1C2=C(CC(C)(C)CC2=O)[N-]c2ccccc21,0
HIVSUB-06186,O=[N+]([O-])C=Cc1c(Cl)cccc1Cl,0
HIVSUB-06187,N[Co-4](N)(N)(N)(N)[NH+]1N=NC(c2[nH]nn[nH+]2)=N1.[Cl-],0
HIVSUB-06188,CC(C)(C)c1ccc(-c2nc3ccccc3c(=O)o2)cc1,0
HIVSUB-06189,COC(=O)C(Cc1c(C2Nc3ccccc3C2CC(NC(=O)CNC(C)=O)C(=O)OC)[nH]c2ccccc12)NC(=O)CNC(C)=O,0
HIVSUB-06190,N=c1c2c3n(c4c(=O)n(-c5ccccc5)c(=S)n(c(=O)n1-c1ccccc1)c24)CCCCC3,0
HIVSUB-06191,O=[N+]([O-])c1ccc(-c2ccc(-c3csc(Nc4ccccc4)n3)o2)cc1,0
HIVSUB-06192,N#CCC(=O)NCCc1c[nH]c2ccccc12,0
HIVSUB-06193,O=C1C(SCCO)=C(SCCO)C(=O)c2[nH]cnc21,0
HIVSUB-06194,Cc1cc(S(=O)(=O)N=c2nc(Nc3ccc(Cl)cc3)[nH]n2C)c(S)cc1Cl,0
HIVSUB-06195,COc1ccc(N2C(=O)C3c4[nH]c5ccc(C)cc5c4C4CCC(C(C)C)CC4C3C2=O)cc1,0
HIVSUB-06196,N=C(N)NS(=O)(=O)c1ccc(Nc2c3ccccc3nc3c(C(=O)Nc4ccc(S(N)(=O)=O)cc4)ccc(Cl)c23)cc1,0
HIVSUB-06197,O=C1c2ccccc2C(=O)c2c(Nc3cccc4c3C(=O)c3ccccc3C4=O)cccc21,0
HIVSUB-06198,CC(Nc1cccc(Cl)c1)c1ccncc1,0
HIVSUB-06199,CSC1=Nc2cc3c(cc2C(=O)N2CC(OC(C)=O)CC12)OCO3,0
HIVSUB-06200,CSc1nc(SC)c2ncn(C3CC(Oc4ccc(C)cc4)C(COc4ccc(C)cc4)O3)c2n1,0
HIVSUB-06201,Cc1c(C)c2c(c(N)c1C#N)C(=O)N(NC(=S)Nc1ccccc1)C2=O,0
HIVSUB-06202,O=C1C(=Cc2ccc(O)cc2)N=C(c2ccccc2)N1n1c(-c2ccccc2)nc2ccccc2c1=O,0
HIVSUB-06203,CC1=[O+][Zr]234([O+]=C(C)C1)([O+]=C(C)CC(C)=[O+]2)([O+]=C(C)CC(C)=[O+]3)[O+]=C(C)CC(C)=[O+]4,0
HIVSUB-06204,CC1CSc2nc3[nH]c(=S)[nH]c3c(=O)n2C1,0
HIVSUB-06205,CS(=O)(=O)Nc1ccc2c(c1)N(S(C)(=O)=O)CC2CCl,0
HIVSUB-06206,C=CC(C1=CC(=O)C(OC)=CC1=O)c1ccccc1,0
HIVSUB-06207,COc1cc(C=CC(=O)c2ccccc2)cc(OC)c1OC,0
HIVSUB-06208,O=C(O)c1oc2cccc3c2c1CCC3,0
HIVSUB-06209,C=C1C(=O)OC2C1CC(=O)C(C)=CCCC1(C)OC21,0
HIVSUB-06210,C=CC1(C)CCC(C(C)C(=O)C(C=C(C)C)OC(C)=O)C12C(=O)Oc1ccccc1C2=O,0
HIVSUB-06211,CCOC1=NC(C(F)(F)F)(C(F)(F)F)N=C(N2CCOCC2)O1,0
HIVSUB-06212,C=CC(=O)N1CC(=Cc2ccc(Cl)c(Cl)c2)C(=O)C(=Cc2ccc(Cl)c(Cl)c2)C1,0
HIVSUB-06213,NC(=O)CCC1NCC(C(O)C(O)C(O)CO)OC1=O,0
HIVSUB-06214,COc1nc(C)nc2sc3c(c12)CCCC3,0
HIVSUB-06215,O=C(CCN(CCO)CCO)Nc1ccc2c(c1)C(=O)c1ccc(NC(=O)CCN(CCO)CCO)cc1C2=O,0
HIVSUB-06216,COC(=O)c1sc2c(=O)c(C(=O)OC)c(C(=O)OC)sc2c(=O)c1C(=O)OC,0
HIVSUB-06217,Cn1c(NC(=O)NC23CC4CC(CC(C4)C2)C3)nc2ccccc21,0
HIVSUB-06218,O=C(C=Cc1ccc(O)c(O)c1)OCC(OC(=O)C=Cc1ccc(O)c(O)c1)C(=O)O,0
HIVSUB-06219,COCCCNC(=O)C1=C(C)NC(C)=C(C(=O)NCCCOC)C1,0
HIVSUB-06220,C=C1C(=O)OC2CC(C)C3C=CC(=O)C3(C)C(OC(=O)CCCC(=O)OC3C4C(=C)C(=O)OC4CC(C)C4C=CC(=O)C43C)C12,0
HIVSUB-06221,O=C1CCCc2ccc3c(c21)CC1(Cc2ccccc2C1)C3,0
HIVSUB-06222,CCC12CCCN(Cc3ccccc3)C1c1c([nH]c3ccccc13)C(C(=O)OC)C2.Cl,0
HIVSUB-06223,CC=CCOc1cc(NC(=S)OC(C)C)ccc1Cl.CC=CCOc1cc(NC(=S)OC(C)C)ccc1Cl,1
HIVSUB-06224,N=c1[nH]c(=S)ss1,0
HIVSUB-06225,O=S1(=O)c2ccccc2N=C(c2ccccc2Cl)CC1c1ccc(F)cc1,0
HIVSUB-06226,CCOC(=O)c1cn(C)c2c1C(=O)C(C(=O)OCC)CCN2C(=O)OCC,0
HIVSUB-06227,O=C1C2C(C(=O)N1c1ccccc1)C1c3ccccc3C2S1(=O)=O,0
HIVSUB-06228,NC(=O)C(N)C(F)c1ccccc1,0
HIVSUB-06229,CC(CCN)(CCN)[N+](=O)[O-],0
HIVSUB-06230,CCOP(=O)(OCC)C(C#N)=Cc1ccco1,1
HIVSUB-06231,CCOC(=O)C(=NNc1ccc(-n2c(C)nc3ccccc3c2=O)cc1)C(C)=O,0
HIVSUB-06232,COc1c(C)c(CC=C(C)CCC=C(C)CCC=C(C)CCC=C(C)CCC=C(C)C)c(OC)c(OC)c1OC,0
HIVSUB-06233,O=C1c2ccccc2C(=O)C2C3c4ccccc4C(c4ccccc43)C12,0
HIVSUB-06234,O=C(c1ccccc1)c1c(O)c2ccccc2oc1=O,0
HIVSUB-06235,O=C(O)c1cc2cccc(S(=O)(=O)O)c2cc1O,0
HIVSUB-06236,O=C(O)C1C=CCN1C(=O)C1C=CCN1C(=O)C1C=CCN1,0
HIVSUB-06237,COC(=O)c1cc(C(=O)OC)c2c3nc[nH]c3ncn2c1=O,0
HIVSUB-06238,C[Si](C)(C)C(Br)=CCCN1C(=O)CCC1O,0
HIVSUB-06239,N#Cc1c(NC(=S)NC(=O)c2ccccc2)nc2c(c1-c1ccccc1)CCCC2,0
HIVSUB-06240,O=C1C(Cl)=CC(=C2C=C(Cl)C(=O)C(Cl)=C2)C=C1Cl,0
HIVSUB-06241,Cc1cccc2c(=O)c3ccccc3oc12,0
HIVSUB-06242,[N-]=[N+]=C(S(=O)(=O)O)S(=O)(=O)O,0
HIVSUB-06243,c1ccc(-c2cn3c(nc4ccccc43)c(-c3ccccc3)n2)cc1,0
HIVSUB-06244,COP(=O)(O)C(N)Cc1c[nH]c2ccccc12,0
HIVSUB-06245,CCCCN(CCCC)CCCn1cnc2ncccc2c1=O,0
HIVSUB-06246,COC1C=COC2(C)Oc3c(C)c(O)c4c(O)c(c(C=NN(C)c5ccc([N+](=O)[O-])cc5[N+](=O)[O-])c(O)c4c3C2=O)NC(=O)C(C)=CC=CC(C)C(O)C(C)C(O)C(C)C(OC(C)=O)C1C,0
HIVSUB-06247,Nc1ccc(S(=O)(=O)O)cc1[N+](=O)[O-],0
HIVSUB-06248,O=C1CCCC12CCOC2=O,0
HIVSUB-06249,NS(=O)(=O)c1ccc(Nc2c3ccccc3nc3c(C(=O)N4CCN(CCO)CC4)cccc23)cc1,0
HIVSUB-06250,CCNc1cc2c3c(c1)CCN3CCC2.Cl,0
HIVSUB-06251,CCN(CC)CCNc1nc(N)c(C#N)c(C#N)c1C#N,0
HIVSUB-06252,COC(=O)C(NC(=O)C(CC(=O)OCc1ccccc1)NC(=O)OCc1ccccc1)C1CCCCC1,0
HIVSUB-06253,CCOC(=O)NC1C2CC(=O)OC(O2)C1OC(C)=O,0
HIVSUB-06254,Cc1ncc([N+](=O)[O-])n1CCO,0
HIVSUB-06255,Nc1ccc2cc(S(=O)(=O)O)cc(O)c2c1N=Nc1ccc(-c2ccc(N=Nc3c(S(=O)(=O)O)cc4cc(S(=O)(=O)O)c(N=Nc5ccc([N+](=O)[O-])cc5)c(N)c4c3O)cc2)cc1,0
HIVSUB-06256,OC(CC(O)(C(F)(F)F)C(F)(F)F)c1cccs1,0
HIVSUB-06257,Oc1ccc(SCc2cc(O)c(O)c(O)c2)cc1,0
HIVSUB-06258,O=S(=O)(O)c1cc(N=Nc2ccc(C=Cc3ccc(N=Nc4cc(S(=O)(=O)O)c5cccnc5c4O)cc3)cc2)c(O)c2ncccc12.[NaH],1
HIVSUB-06259,Cc1cccc(NC(=O)CSc2nnc(Cc3ccccc3)o2)c1,0
HIVSUB-06260,CC12Cc3ccccc3CC1OCN1CN2COC2Cc3ccccc3CC21C,0
HIVSUB-06261,NC(=O)c1nnc2c(F)cccc2c1N,0
HIVSUB-06262,CCCCNC(=O)c1cc2c(cc1Cl)Sc1nccn1S2(=O)=O,0
HIVSUB-06263,CN1NC2=NCCCN2C1=O,0
HIVSUB-06264,COC(=O)C(C(=NNC(N)=S)C(=O)Nc1ccccc1[N+](=O)[O-])c1cnc2ccccc2n1,0
HIVSUB-06265,BrC12c3ccccc3Sc3ccccc3C1(Br)c1ccccc12,0
HIVSUB-06266,Cc1ccc(C2SCc3nc4ccccc4n32)cc1,0
HIVSUB-06267,Cn1c2c(c3ccccc31)CC1c3c(c4ccccc4n3C)CC21,0
HIVSUB-06268,CCN(CC)CC(C)(C)C(=O)C=Cc1ccc(C)cc1,0
HIVSUB-06269,CN(C)C(=O)c1nnsc1NN=O,0
HIVSUB-06270,O=C1C(c2ccc([N+](=O)[O-])cc2)=[N+]([O-])c2ccc([N+](=O)[O-])cc21,0
HIVSUB-06271,COc1cc(C=C2C=Cc3ccccc32)ccc1N(C)C,0
HIVSUB-06272,N.O=[N+]([O-])c1ccc(OP(=O)(O)OCC2OC(CP(=O)(O)O)C(O)C2O)cc1,0
HIVSUB-06273,CC(=O)N1C(C(=O)O)CSC1c1ccncc1,0
HIVSUB-06274,COC(=O)C1C(=O)C(C(=O)OC)C2CCC1N2C,0
HIVSUB-06275,COC(=O)CNC(=O)C(CC(C)C)NC(=O)C(CC(C)C)NC(=O)C(C)NC(=O)OCc1ccccc1,0
HIVSUB-06276,CCN(CC)c1ccc(N=C2C=CC(=C(C#N)C#N)c3ccccc32)c(C)c1,0
HIVSUB-06277,CC1OS(=O)(=O)CS(=O)(=O)OC1C,0
HIVSUB-06278,COc1ccccc1N=NC(C(=O)c1ccccc1)C(=O)c1ccccc1,0
HIVSUB-06279,O=C(NC1CCCC1C(=O)Nc1ccc(C(F)(F)F)cc1)OCc1ccccc1,0
HIVSUB-06280,CC1NCc2c(S)ncnc21,0
HIVSUB-06281,CC(C)(C)[Si](C)(C)OCC1OC(n2cc(F)c(=O)[nH]c2=O)CC1O[Si](C)(C)C(C)(C)C,0
HIVSUB-06282,COC(=O)c1c2c(cc3c1CC1(Cc4cc5c(cc4C1=O)CCC5)C3)CCC2,0
HIVSUB-06283,Nc1ccc(C(=O)NN2C(=O)C(Cl)C2c2ccc([N+](=O)[O-])cc2)cc1,0
HIVSUB-06284,OC1CSc2nc3ccccc3n2C1,0
HIVSUB-06285,COc1ccc(-c2cc(C(=O)Nc3ccc(C)c(C)c3)nc(NC#N)n2)cc1,0
HIVSUB-06286,CC1=NN(C(=O)c2ccc(Cl)cc2)C(=O)C1=Cc1cccc([N+](=O)[O-])c1,0
HIVSUB-06287,O=C1C(c2ccc3ccccc3n2)=C(O)c2ccccc21,0
HIVSUB-06288,CC1=NN(C(=O)Cc2ccccc2)C(=O)C1=CC=Cc1ccccc1,0
HIVSUB-06289,O=C(N=C1[Se]C(=Nc2ccccc2)C(=Nc2ccccc2)N1c1ccc(Cl)cc1)c1ccccc1,0
HIVSUB-06290,CCCCCCCC(=O)N1C2CC3CCC2(CS1(=O)=O)C3(C)C,0
HIVSUB-06291,CCCCNC1C2CCC(C)(C1O)C2(C)C,0
HIVSUB-06292,CCOCC(=O)NC1CCc2cc(OC)c(OC)c(OC)c2-c2ccc(SC)c(=O)cc21,0
HIVSUB-06293,Oc1nc(C2CCCCC2)nc2ccc(Cl)cc12,0
HIVSUB-06294,CCOC(=O)N1CCN(Cc2cc(=O)n3ccc(C)cc3n2)CC1,0
HIVSUB-06295,CC(=O)N(C(C)=O)c1c(N)n(C)c(=O)[nH]c1=O,0
HIVSUB-06296,CC(=O)On1c(-c2ccccc2)nc2ccccc2c1=S,0
HIVSUB-06297,C=CC(C)(C)c1cc(O)c2oc3c(O)cccc3c(=O)c2c1O,0
HIVSUB-06298,N#CC(NC12CC3CC(CC(C3)C1)C2)c1ccc2c(c1)OCO2,0
HIVSUB-06299,CC(C)(C)[Si](C)(C)OCC1OC(n2cnc3c(O)nc(NCc4ccccc4)nc32)C(O[Si](C)(C)C(C)(C)C)C1O[Si](C)(C)C(C)(C)C,0
HIVSUB-06300,COc1cc(OC)c2c(=O)c3cccc(C)c3n(C)c2c1,0
HIVSUB-06301,O=C1OC2(c3ccc(O)cc3Oc3cc(O)ccc32)c2ccccc21,0
HIVSUB-06302,N#CC(=Cc1ccc(Cl)cc1)c1ccccc1[N+](=O)[O-],0
HIVSUB-06303,Cc1nnc(Cc2ccccc2)c2[nH]nc(C)c12,0
HIVSUB-06304,CCN(CC)CC(=O)Nc1c(C)ccc(N)c1C,0
HIVSUB-06305,Nc1nc(O)c2c(n1)NC(=O)CC2c1ccccc1,0
HIVSUB-06306,CCOP1(=O)N=C(NC2=NC(C(F)(F)F)(C(F)(F)F)N=C(C(F)(F)F)O2)N(C)C1(C)C,0
HIVSUB-06307,O=C([OH+][Mn+](C#[O+])(C#[O+])(C#[O+])(C#[O+])C#[O+])C(F)(F)C(F)(F)F,0
HIVSUB-06308,OC(CBr)C(O)C(O)C(O)CBr,0
HIVSUB-06309,C#CCC(O)c1ccc(OC)c(OCc2ccccc2)c1,0
HIVSUB-06310,COc1ccc(N2C(=O)CC(=O)N(C(=O)CCCCCCCCC(=O)N3C(=O)CC(=O)N(c4ccc(OC)cc4)C3=S)C2=S)cc1,0
HIVSUB-06311,BrCCCCCOc1ccc(-c2c3ccccc3c(-c3ccc(OCCCCCBr)cc3)c3ccccc23)cc1,0
HIVSUB-06312,COC(=O)C(C(=NN)C(=O)Nc1cccc(O)c1)c1nc2ccccc2nc1O,0
HIVSUB-06313,Cc1cc(NCCCCCCNc2cc(C)nc3ccc(N)cc23)c2cc(N)ccc2n1,0
HIVSUB-06314,COc1ccc(C=C2CCS(=O)(=O)c3ccccc3C2=O)cc1,0
HIVSUB-06315,Oc1cc(CN2CCOCCOCCOCCOCC2)c(O)cc1CN1CCOCCOCCOCCOCC1,0
HIVSUB-06316,O=Cc1cc(C(=O)Nc2ccc(C=Cc3ccc(NC(=O)c4cc(C=O)c5cccnc5c4O)cc3S(=O)(=O)O)c(S(=O)(=O)O)c2)c(O)c2ncccc12.[NaH],1
HIVSUB-06317,c1ccc(N=c2nc(Nc3ccccc3)ss2)cc1,0
HIVSUB-06318,O=C(Nc1ccc(C=Cc2ccc(NC(=O)c3ccc4ccccc4c3O)cc2S(=O)(=O)O)c(S(=O)(=O)O)c1)c1ccc2ccccc2c1O.[NaH],1
HIVSUB-06319,COc1ccc2c(c1)OCCCN(C)OC2c1ccccc1,0
HIVSUB-06320,N#CC(NNC(=O)c1ccccc1O)c1ccccc1,0
HIVSUB-06321,Br.C(=Cc1ccc(-c2cn3cc(C=CC=NNC4=NCCCN4)ccc3n2)cc1)C=NNC1=NCCCN1,0
HIVSUB-06322,CC1(C)C2CCC1(CS(=O)O)C(=O)C2.[Ag],0
HIVSUB-06323,Nc1ncc2ncn(C3CCC(CO)O3)c2n1,0
HIVSUB-06324,CCN(CC)c1ccc(N=Nc2ccc(-c3nc4ccc[n+](C)c4s3)cc2)cc1.[I-],0
HIVSUB-06325,CS(=O)(=O)OCCN1CCN(C(=O)c2cccc3c(Nc4ccc(S(=O)(=O)NC(=N)N)cc4)c4ccccc4nc23)CC1,0
HIVSUB-06326,C=CC(C)C1(CCCOCc2ccccc2)C(=S)N2CCC3(CC24CCCC14)OCCO3,0
HIVSUB-06327,CSc1nc(NC(=O)c2ccccc2Cl)n[nH]1,0
HIVSUB-06328,C=CC(CCC(C)O)[Si](C)(C)C,0
HIVSUB-06329,CCOC(=O)CCC(NC(=O)OCc1ccccc1)C(=O)NC(CCC(=O)OCC)C(=O)NC(CCC(=O)OCC)C(=O)NC(CCC(=O)OCC)C(=O)NC(CCC(=O)OCC)C(=O)NC(CCC(=O)OCC)C(=O)NC(CCC(=O)OCC)C(=O)OCC,0
HIVSUB-06330,Fc1ccc(NC(=S)NN=Cc2c(Cl)cccc2Cl)cc1,0
HIVSUB-06331,CS1(C)=NC(=O)C2=C(N=1)c1ccccc1S2(=O)=O,0
HIVSUB-06332,CCc1cccc(C)c1NC(=S)NC(=O)c1ccccc1C(=O)NC(=S)Nc1c(C)cccc1CC,0
HIVSUB-06333,CN(C)C=Nc1ccn(CCO)c(=O)n1,0
HIVSUB-06334,O=C1Sc2ccccc2C(=O)N2CSCC12,0
HIVSUB-06335,COC(=O)C(CC(C)C)NC(=O)C(Cc1ccccc1)N1CC2C=CC1C2,0
HIVSUB-06336,CCN(CC)c1ccc2cc(-n3nnc4ccccc43)c(=O)oc2c1,0
HIVSUB-06337,COc1ccc(-c2cc(-c3ccccc3)nc3c2CC(=O)Nc2ccccc2-3)cc1OC,0
HIVSUB-06338,O=[N+]([O-])c1cccc(C2=NC(=S)NC(c3cc(Cl)ccc3O)C2)c1,0
HIVSUB-06339,Cc1nc2ccc(Br)cc2c(=O)n1-c1ccc(NC2OCC(O)C(O)C2O)cc1,0
HIVSUB-06340,O=C([O-])c1ccc2c(c1)C1=NC3=c4ccc(C(=O)[O-])cc4=C4N=C5c6cc(C(=O)[O-])ccc6C6=[N+]5[Fe-2]5([N+]1=C2N=C1c2cc(C(=O)[O-])ccc2C(=N6)[NH+]15)[NH+]34,0
HIVSUB-06341,COC(=O)C(=O)C(C(=O)Nc1cccc(C)c1C)C1Sc2ccccc2NC1=O,0
HIVSUB-06342,N#CC(NNC(=O)Cc1ccccc1)c1ccc([N+](=O)[O-])cc1,0
HIVSUB-06343,CN(C)c1ccc(C=C(NC(=O)c2ccccc2)c2nc3ccccc3c(=O)o2)cc1,0
HIVSUB-06344,COC(=CN=Nc1nc(C#N)c(C#N)[nH]1)OC,0
HIVSUB-06345,O=c1c(I)c[nH]cc1I,0
HIVSUB-06346,COc1cc2c(c(C3(O)C(=O)N(C)c4ccccc43)c1OC)OCO2,0
HIVSUB-06347,CCn1c2ccccc2c2ccc3c(c21)C(=O)c1ccccc1C3=O,0
HIVSUB-06348,c1ccc2c(-c3cccc4ccccc34)cccc2c1,0
HIVSUB-06349,CC1(C)CC(=O)C(=CNC(=S)NC2CCCCC2)C(=O)C1,0
HIVSUB-06350,O=C(c1ccccc1)C1Nc2ccc(Cl)cc2C2CCCC12,0
HIVSUB-06351,CCCCN(C(=O)c1ccccc1)C1CCC(=O)c2[nH]c3ccccc3c21,0
HIVSUB-06352,O=C1CCCCC1=Cc1ccccc1,0
HIVSUB-06353,COc1ccccc1C=Cc1ccc2ccccc2n1,0
HIVSUB-06354,CC(C)c1cc(O)nc2cc(N)ccc12,0
HIVSUB-06355,COc1cc(OC)c2ssc3c(OC)cc(OC)c4ssc1c2-c43,0
HIVSUB-06356,CC(=O)OC1CCC(C)=CCCC2(C)C(CCC2C(C)C=CC(C)C)c2ccc(cc2C(=O)O)C1,0
HIVSUB-06357,CCCCCCCCCCCCCCCCOCC(COC1OC(CO)C(O)C(O)C1O)OCCCCCCCCCCCCCCCC,0
HIVSUB-06358,[N-]=[N+]=NC1(c2ccccc2)C(=O)c2cccc3c4ccccc4n(c23)C1=O,0
HIVSUB-06359,CC(=NO)c1ccc(S(=O)(=O)c2ccc([N+](=O)[O-])cc2)cc1,0
HIVSUB-06360,O=[N+]([O-])C=Cc1cn(CCCCCCCCCCCCn2cc(C=C[N+](=O)[O-])c3ccccc32)c2ccccc12,0
HIVSUB-06361,NC(Cc1ccc(O)c(O)c1)C(=O)O,0
HIVSUB-06362,C[n+]1c(-c2ccc(C=NNC(=N)NN=Cc3ccc(-c4cn5ccsc5[n+]4C)cc3)cc2)cn2ccsc21.Cl.[Cl-],1
HIVSUB-06363,O=c1cc(-c2ccccc2)c2cc3c(=O)ccoc3cc2o1,0
HIVSUB-06364,c1ccc2c(c1)Cc1cn3c(nc1-2)nc1ccccc13,0
HIVSUB-06365,NP(N)(=O)Nc1ccccc1,0
HIVSUB-06366,CCN1c2cc(Br)cc3[nH]c(=S)n(c23)CCC1C,1
HIVSUB-06367,COC(=O)Nc1cn2ccc(C(Cl)=C(Cl)Cl)cc2n1,0
HIVSUB-06368,CC1(C)OC2Cn3c(c(C#N)c4ccccc43)C2O1,0
HIVSUB-06369,COc1ccc(CCN2C(=O)C(=O)c3ccccc32)cc1OC,0
HIVSUB-06370,C=C1C(=O)C23C(O)CC4C(C)(C)CCC(O)C4(COC(C)=O)C2CCC1C3O,0
HIVSUB-06371,CCC(=O)c1c(O)c2ccccc2oc1=O,0
HIVSUB-06372,COC(=O)C1CSC(=S)N1C(=O)CC1CC=CCC1CC(=O)Sc1ccccc1,0
HIVSUB-06373,CNC(=O)c1nn[nH]c1O.[NaH],0
HIVSUB-06374,CCOC(=O)c1cn(CC)c2ccc3c(c2c1=O)S(=O)(=O)C=C3,0
HIVSUB-06375,COCOc1ccc(C(=O)Oc2cccc3c2OC(C)(C)O3)c(OCOC)c1,0
HIVSUB-06376,COC(=O)N1C=CC2ON=C(OC)C2C1c1ccccc1,0
HIVSUB-06377,Cl.O=C(CN1C(=O)CC(c2ccccc2)(c2ccccc2)C1=O)N1CCN(CCO)CC1,0
HIVSUB-06378,O=C1C=C(c2ccccc2)C(c2ccccc2)C1O,0
HIVSUB-06379,CCOC(=O)c1c(N)sc(C)c1C,0
HIVSUB-06380,O=C(Nc1ccc([N+](=O)[O-])cc1)C(=O)C(C(=O)c1ccccc1F)C1OC(=O)c2ccccc21,0
HIVSUB-06381,CC1=C2C(c3ccccc3)(c3ccccc3)C3C=CC2(C=N3)N(C(=O)NC2CCCCC2)C1=O,0
HIVSUB-06382,N#Cc1c2c(c(-c3cccs3)n(C3OC(CO)C(O)C(O)C3O)c1=S)CCc1ccccc1-2,0
HIVSUB-06383,Cc1nc2c(O)c3c(c(O)c2nc1C)C1C=CC3CC1,0
HIVSUB-06384,CP1CCC(O)(c2ccccc2)CC1,0
HIVSUB-06385,O=C1C=C(NC(=O)C2CCCCC2)c2ncccc2C1=O,0
HIVSUB-06386,CCOC1CCN(C(=O)c2ccccc2)O1,0
HIVSUB-06387,CCCCCC(O)C1C(=O)CC(O[Si](C)(C)C(C)(C)C)C1C=CCCOCc1ccccc1,0
HIVSUB-06388,COc1ccc(Sc2ccccc2[N+](=O)[O-])cc1,0
HIVSUB-06389,CC(C)=NOC(=O)OCC1OC(n2cnc3c(N)ncnc32)C(O)C1O,0
HIVSUB-06390,CCCCC1Sc2cc(OC)cc([N+](=O)[O-])c2NC1=O,0
HIVSUB-06391,C=CC(C)(C)C12CC3C(=O)NC(CC(C)C)C(=O)N3C1N(C(C)=O)c1ccccc12,0
HIVSUB-06392,COc1ccc(C=C(C#N)c2ccc(Cl)cc2)cc1,0
HIVSUB-06393,O=C(C=C1Nc2ccccc2C(=O)N1c1ccc(Cl)cc1)c1ccncc1,0
HIVSUB-06394,CCOC(=O)C(NC(=O)CC)(Nc1ccccc1F)C(F)(F)F,0
HIVSUB-06395,CC1=NN(C(=O)CC(=O)Nc2ccc(Cl)cc2)C(=O)C1N=Nc1ccc(C(=O)O)cc1,0
HIVSUB-06396,O=C1NC2CC1C(O)C2O,0
HIVSUB-06397,COc1ccc(C=NO)cc1OC,0
HIVSUB-06398,CSc1nc(N)c2c(n1)N(C)C=NS2(=O)=O,0
HIVSUB-06399,CC(=O)OC1C=CN(C(C)=O)C(SC(C)(C)C)C1(C)O,0
HIVSUB-06400,CC(=O)N(C(C)=O)C1=C2c3ccccc3N(S(=O)(=O)c3ccccc3)C2n2c(=O)n(-c3ccccc3)c(=O)n2C1,0
HIVSUB-06401,CN(C)Cc1cc(C(=O)C=Cc2ccccc2)cc(CN(C)C)c1O.Cl,0
HIVSUB-06402,Cc1sc2nc3n(c(=O)c2c1C)N=CN(c1ccccc1)C3,0
HIVSUB-06403,CC(C)(C)NN=Nc1cn(C2OC(CO)C(O)C2O)c(=O)[nH]c1=O,0
HIVSUB-06404,CC(C)CN1CC(=O)N2CCCC(C)N2C(=O)C1,0
HIVSUB-06405,C=CCC12CC(OC)C(OC)CC1(OC)OC(c1cc(OC)c(OC)c(OC)c1)C2C,0
HIVSUB-06406,CC(SCCCCCCCCCCCCSC(C)C(=O)O)C(=O)O,0
HIVSUB-06407,COc1cc(OC)c2nc3occc3c(OC)c2c1,0
HIVSUB-06408,CC(=O)NC(ON1C(=O)COc2ccccc21)C(Cl)(Cl)Cl,0
HIVSUB-06409,CC(C)CC(=O)[OH+][Co-4](N)(N)(N)(N)[OH+]C(=O)CC(C)C.[O-][Cl+3]([O-])([O-])O.[O-][Cl+3]([O-])([O-])O,0
HIVSUB-06410,CCCCCCCCCCCCCCCCOCC(COP(O)(=[OH+])OCC[n+]1ccc(N(C)C)cc1)OCC,0
HIVSUB-06411,CN(C)CCCNc1nnc(NCCCN(C)C)c2c(=O)c3sccc3[nH]c12.Cl,0
HIVSUB-06412,CCOC(=O)CNC(=O)C(Cc1ccccc1)NC(=O)OCc1ccccc1,0
HIVSUB-06413,CC(C)(C)OC(=O)NC1CCCCC1NC(=O)C(=O)NC1CCCCC1NC(=O)OC(C)(C)C,0
HIVSUB-06414,O=c1[nH]c(=O)n(C2CC(O)C(CO)O2)cc1C#Cc1ccc(F)cc1,0
HIVSUB-06415,CC(C)(C)OC(=O)CC(NC(=O)OCc1ccccc1)NC(=O)OC(C)(C)C,0
HIVSUB-06416,CC(=O)OCC(OC(C)=O)C(OC(C)=O)C1OC(Oc2ccccc2)C(OC(C)=O)C1OC(C)=O,0
HIVSUB-06417,O=C(O)c1cc(N=Nc2c(O)cc(O)cc2C(=O)O)ccc1C=Cc1ccc(N=Nc2c(O)cc(O)cc2C(=O)O)cc1C(=O)O,1
HIVSUB-06418,CCCC(C(=O)OC)C(=O)C(C)C1=Nc2n[nH]c(=N)n2C1=O,0
HIVSUB-06419,CC(C)NCCNC(=O)c1ccccc1Nc1c(Cl)cccc1Cl.Cl,0
HIVSUB-06420,CCC1C(C)c2c([nH]c3ccccc23)C2C(=O)N(c3ccccc3)C(=O)C21,0
HIVSUB-06421,CC1=C(C(=O)NCc2ccccc2)C(c2ccc(N(C)C)cc2)C(C(=O)NCc2ccccc2)=C(C)N1,0
HIVSUB-06422,C=CC1C=Cc2c(OC)cccc2C1COP1(=S)NC(C)C(c2ccccc2)O1,0
HIVSUB-06423,CC1=C(C)C2(C#N)C(=O)N3C(=NC(c4ccco4)NC3c3ccco3)C2(C#N)C(c2ccco2)N1,0
HIVSUB-06424,Fc1c(F)c(F)c(CSc2nc3ccccc3[nH]2)c(F)c1F,0
HIVSUB-06425,[O+]#C[Ru+2]123([O-])([O-])(C#[O+])C4=C1C1CC4C2=C13,0
HIVSUB-06426,CCCC[Sn](CCCC)(OC(=O)c1cc(F)ccc1F)O[Sn](CCCC)(CCCC)OC(=O)c1cc(F)ccc1F,0
HIVSUB-06427,COc1ccc(N2C(=O)C(=Cc3ccc(N(CCC#N)CCC#N)cc3C)N=C2C=Cc2ccccc2)cc1,0
HIVSUB-06428,Cc1ccc(NC(=O)C(=NNC(N)=O)c2c(O)nc3ccccc3c2O)cc1,0
HIVSUB-06429,CC1C2CC(C(S(=O)(=O)O)C2=O)C1(C)C.N,0
HIVSUB-06430,COC12OCCN(C)C1=CC(=O)C1=NNC(C)C12,0
HIVSUB-06431,COc1ccc(C=C2CSCC3=C2NC(=S)NC3c2ccc(OC)c(OC)c2OC)c(OC)c1OC,0
HIVSUB-06432,O=C(c1ccccc1)c1cc2c(nc1O)CCCCCC2,0
HIVSUB-06433,O=C1CCCN(c2ccccc2)N1,0
HIVSUB-06434,Nc1ncnc2c1ncn2CC1OC(CO)C(CO)O1,0
HIVSUB-06435,CCOC(=O)C(=O)NN=C1C(=O)Nc2ccccc21,0
HIVSUB-06436,CSC1=Nc2ccccc2N=C(c2ccc(Cl)cc2)C1,0
HIVSUB-06437,CCC(C)C(NC(=O)c1ccccc1S)C(=O)O,1
HIVSUB-06438,Cc1ccc(N2C=[N+](C)c3ccc(C)cc3C2)cc1,0
HIVSUB-06439,Nc1c(C(=O)Nc2ccccc2)[n+]([O-])c2ccccc2[n+]1[O-],0
HIVSUB-06440,CCC1(O)CC2CN(CCc3c([nH]c4ccccc34)C(C(=O)OC)(c3cc4c(cc3OC)N(C)C3C(O)(C(=O)OC)C(OC(C)=O)C5(CC)C=CCN6CCC43C65)C2)C1.O=S(=O)(O)O,0
HIVSUB-06441,CC(=O)OCC1(O)CCC23CC1CC2CCC1C(C)(C)CCCC13C,0
HIVSUB-06442,CC(C)CN1CC(=O)N2CCCN2C(=O)C1,0
HIVSUB-06443,C=C1C(OC(=O)CC(c2ccccc2)N(C)C)CC(OC(C)=O)C2(C)C1CC1CC(OC(C)=O)C(C)=C(C(OC(C)=O)C2OC(C)=O)C1(C)C,0
HIVSUB-06444,C=CN1C(=O)OC(c2ccccc2)C1c1ccccc1,0
HIVSUB-06445,COc1ccc(-c2coc3cc(OC)c(OC)c(OC)c3c2=O)cc1,0
HIVSUB-06446,CCOC(=O)C1=NN(c2ccccc2)C(=O)C1=CN1CC(=O)NC1=S,0
HIVSUB-06447,COC(=O)c1ccccc1C1CN=NC12Cc1c(C)ccc(C)c1C2=O,0
HIVSUB-06448,c1ccc(C2=Nc3nc4ccccc4n3C(c3ccccc3)C2)cc1,0
HIVSUB-06449,Cc1nc(N)nc(N)c1N1CCN(c2ccc(S(N)(=O)=O)cc2)CC1,0
HIVSUB-06450,Clc1ccc(-c2cc[s+]s2)cc1.O=S(=O)(O)O,0
HIVSUB-06451,O=[N+]([O-])c1ccc2nc(O)c(C(=NNc3ccccc3)C(O)c3ccco3)nc2c1,0
HIVSUB-06452,CCOc1ccc(C=C2C(=N)NC(=N)NC2=O)cc1OCC,0
HIVSUB-06453,O=[N+]([O-])CC12OC3(O)C4C5CC(C6C5C3C61)C42,0
HIVSUB-06454,Cn1cnc(N2CCCC2)c(C#N)c1=O,0
HIVSUB-06455,Cl.N=C(N)NN=Cc1c(-c2ccc(Cl)cc2)nc2sc(Cl)cn12,0
HIVSUB-06456,C#CC1(O)CCC2C3CC(O)C45CC4CCC5(C)C3CCC21C,0
HIVSUB-06457,Cc1cc(Br)ccc1NC1=CC(=O)C(=O)c2ccccc21,0
HIVSUB-06458,O=C(CC=Cc1ccccc1)c1ccccc1,0
HIVSUB-06459,CCCSP(SCCC)SCCC,0
HIVSUB-06460,Cc1ccc(-n2cc([Si](C)(C)C)nn2)s1,0
HIVSUB-06461,CC(=O)OC(C)(C)C=CC(=O)C(C)(O)C1C(O)CC2(C)C3CC=C4C(C=C(OC5OC(CO)C(O)C(O)C5O)C(=O)C4(C)C)C3(C)C(=O)CC12C,0
HIVSUB-06462,COC(=O)C=Cc1ccc2c(c1)CCC2,0
HIVSUB-06463,Cc1ccc(C)c2c1CC(=Cc1ccccc1C(=O)O)C2=O,0
HIVSUB-06464,COC(=O)CCC1=C(C)C2=[N+]3C1=Cc1c(CCC(=O)OC)c(C)c4n1[Ni-2]31n3c(c(C)c(C(C)=O)c3=CC3=[N+]1C(=C4)C(C(C)=O)=C3C)=C2,0
HIVSUB-06465,O=C(NCCCN(CCCCN(CCCNC(=O)C(F)(F)F)Cc1ccccc1)Cc1ccccc1)C(F)(F)F,0
HIVSUB-06466,CN(N=Cc1ccc2ccccc2c1)C1=NCCCCN1.I,0
HIVSUB-06467,C=C1C(Cl)C2OC(=O)C(C)C2(O)C(OC(C)=O)C2C(C)(O)C(OC(=O)CCC)CC(OC(C)=O)C2(C)C(OC(C)=O)C2OC12,0
HIVSUB-06468,O=c1[nH]nc(-c2ccccc2)n1-n1cnnc1,0
HIVSUB-06469,CSC1C(=O)Nc2ccc3ccccc3c21,0
HIVSUB-06470,Cc1nnc2c3nccnc3c(=N)[nH]n12,0
HIVSUB-06471,CCC(C)C(NC(=O)C(CCCCN)NC(=O)CNC(=O)C(NC(=O)C(NC(=O)C(NC(=O)C(Cc1ccccc1)NC(=O)C(C)NC(=O)C(CCCNC(=N)N)NC(=O)CNC(=O)C1CCCN1C(=O)CNC(=O)C(CCCNC(=N)N)NC(=O)C(CCC(N)=O)NC(=O)C(NC(=O)C(CCCNC(=N)N)NC(=O)C(NC(=O)C(COC1OC(CO)C(O)C(O)C1NC(C)=O)NC(=O)C(CCCCN)NC(=O)C(CCCNC(=N)N)NC(=O)C(NC(=O)C(CC(N)=O)NC(=O)C(N)CC(N)=O)C(C)O)C(C)CC)C(C)CC)C(C)C)C(C)OC1OC(CO)C(O)C(O)C1NC(C)=O)C(C)CC)C(=O)NCOC#N,0
HIVSUB-06472,COC(=O)C1C2c3ccccc3-c3ccccc3C2(OC(C)=O)C1(Cl)C(=O)OC,0
HIVSUB-06473,COC(=O)C(Cc1c[nH]c2ccccc12)NP(=O)(O)OCC1OC(n2cc(F)c(=O)[nH]c2=O)CC1O,0
HIVSUB-06474,Cc1cc(C)nc(NCCC(O)(P(=O)(O)O)P(=O)(O)O)n1.[NaH],0
HIVSUB-06475,CC1=NN(c2cccc(S(=O)(=O)O)c2)C2=[O+][Cr]3(O)Oc4c(cc(Cl)cc4S(=O)(=O)O)N=[N+]3C12,0
HIVSUB-06476,CCOP(=O)(CC=CCn1cnc(C(N)=O)c1N)OCC,0
HIVSUB-06477,CC(=O)OCc1cn(S(=O)(=O)c2ccc(C)cc2)cn1,0
HIVSUB-06478,O=C(CC1Sc2ccccc2NC1=O)Nc1ccc(Cl)cc1,0
HIVSUB-06479,CCN(CC)CCCNCc1cc(Cl)c2cccnc2c1O,0
HIVSUB-06480,CCOC(=O)C(O)=Cc1nc2ccccc2nc1C,0
HIVSUB-06481,CCn1c(=O)c2c(=O)[nH][nH]c2c2ccccc21,0
HIVSUB-06482,COC(=O)c1ccccc1CC1Cc2ccc3c(c2C1=O)CCCC3,0
HIVSUB-06483,C=CCCC(C)N(C(=O)OC(C)(C)C)S(=O)(=O)c1ccc(C)cc1,0
HIVSUB-06484,CC(C)(C)OC1=C(OC(C)(C)C)C(O)(c2ccccc2)C1=O,0
HIVSUB-06485,O=C(CCC(CC(=O)c1ccc(Cl)cc1)=NO)Nc1cccc(Cl)c1,0
HIVSUB-06486,CC(=O)CNC(C)=NNc1ccc([N+](=O)[O-])cc1[N+](=O)[O-],0
HIVSUB-06487,O=C(O)c1cc([N+](=O)[O-])cc2c(=O)c3cnccc3[nH]c12,0
HIVSUB-06488,Cc1ccsc1C=NNc1nncc2ccccc12,0
HIVSUB-06489,O=C1C=CC(=O)C(CNc2ccc(C(=O)OCc3ccccc3)cc2)=C1,0
HIVSUB-06490,COC(=O)C(C(=O)C(=O)Nc1cccc(O)c1)c1nc2ccc(Cl)cc2nc1O,0
HIVSUB-06491,O=C1C(Cl)C(c2cc(Br)cc(Br)c2O)N1n1cnc2ccccc2c1=O,0
HIVSUB-06492,O=C(O)CCC(NC(=O)c1ccc(-n2nc3ccc(=O)cc-3[nH]c2=O)cc1)C(=O)O,0
HIVSUB-06493,COc1cc(CC(C(=O)O)C(=O)O)c(OC)cc1CC(C(=O)O)C(=O)O,0
HIVSUB-06494,O=C(c1ccccc1)c1cccc(C(=O)c2ccccc2)n1,0
HIVSUB-06495,Cc1ccc(N=Nc2c(=N)[nH]n3cc4c(nc23)CCCCC4)cc1,0
HIVSUB-06496,CCCc1c(O)nc2ccccc2c1O,0
HIVSUB-06497,CN(C)c1ccc(C=CC2=[O+][Cu-3]3([O+]=C(C=Cc4ccc(N(C)C)cc4)[OH+]3)[OH+]2)cc1,0
HIVSUB-06498,O=C(OC1CN2CCC1CC2)N(c1ccccc1)c1ccccc1,0
HIVSUB-06499,O=c1[nH]c2ccccc2n1C1CCN(CCOc2ccccc2)CC1,0
HIVSUB-06500,O=C1c2ccccc2-c2c1c1ccccc1c(=O)n2Cc1ccco1,0
HIVSUB-06501,CC(C)C(C(=O)O)n1[se]c2ccccc2c1=O,1
HIVSUB-06502,CCN(CC)c1ccc2c(C)cc(=O)oc2c1,0
HIVSUB-06503,O=C1c2cccnc2S(=O)(=O)N1c1ccc([N+](=O)[O-])cc1,0
HIVSUB-06504,CCOC(=O)CC1=NC(=NC(=N)N[N+](=O)[O-])SC1,0
HIVSUB-06505,CCCCC(=O)[OH+][Co-4](N)(N)(N)(N)N.[O-][Cl+3]([O-])([O-])O,0
HIVSUB-06506,COc1ccc(-c2cc(=O)c3c(O)cc(C)cc3o2)cc1OC,0
HIVSUB-06507,Br.CCN(CC)CCN(C)CC(C)(C)C(=O)C=Cc1ccccc1,0
HIVSUB-06508,O=C1c2ccccc2C(=O)C12CCc1ccccc12,0
HIVSUB-06509,CC(=O)OCCCOCn1c(Cc2ccccc2)c(C)c(=O)[nH]c1=O,1
HIVSUB-06510,COc1ccccc1NC(=S)Nc1cc(C)ccn1,0
HIVSUB-06511,CN(C)C1COC2Cc3ccccc3C1O2.Cl,0
HIVSUB-06512,COC(=O)C1(NC(=O)C(N)CC(=O)O)CC1(C)C,0
HIVSUB-06513,COC(=O)C1=CN(C2CCCCC2)C2(c3ccccc3)c3ccccc3C(=O)OC(=O)C12,0
HIVSUB-06514,O=C(C(=Cc1ccc(Br)cc1)c1ccccc1)c1ccccc1,0
HIVSUB-06515,CN(C(=O)c1ccco1)C(=S)N1CCN(c2ccccn2)CC1,0
HIVSUB-06516,Cl.Cn1cc(C(=O)NCCC(=N)N)cc1NC(=O)C1=[N+](C)C=C(NC(=O)c2cccc(C(=O)NC3=CC(C(=O)Nc4cc(C(=O)NCCC(=N)N)cn4C)=[N+](C)C3)c2)C1,1
HIVSUB-06517,O=C1C=Cc2c(-c3ccccc3)oc3cccc1c23,0
HIVSUB-06518,N#Cc1c(N)oc(-c2ccc([N+](=O)[O-])cc2)c1C#N,0
HIVSUB-06519,[N-]=[N+]=C(C(=O)CN1CCCC1=O)S(=O)(=O)c1ccccc1,0
HIVSUB-06520,OCC1C(O)C2OC3(CCCC3)OC2CN1OCC=Cc1ccccc1,0
HIVSUB-06521,CC1(C)CC(=O)c2c([nH][nH]c2=N)C1,0
HIVSUB-06522,COc1ccc2nc3ccccc3c(NCCCN(C)CCCl)c2c1.Cl,0
HIVSUB-06523,COc1cc2c(cc1OC)CN1CCc3cc(OC)c(OC)cc3C1C2,0
HIVSUB-06524,CCN1CC2(C)CCC(OC)C34C5CC6C(OC)CC(OC)(C5C6OCc5ccccc5)C(C(OC(C)=O)C23)C14,0
HIVSUB-06525,NC(=O)c1ccc(NC=O)cc1,0
HIVSUB-06526,CC(C#N)NCc1ccccc1,0
HIVSUB-06527,O=C(CC(O)(C(F)(F)F)C(F)(F)F)c1ccc(Cl)cc1,0
HIVSUB-06528,COc1ccc2c3c1C(=O)CCCC3CO2,0
HIVSUB-06529,O=S(=O)(O)C(Cc1nc2ccccc2[nH]1)S(=O)(=O)OCCC1S(=O)(=O)OCCOS1(=O)=O.[NaH],0
HIVSUB-06530,CC1(C)SC(CCCCCCCCCCCNC2=NCCCCCCCCCCC2)=NC1C(=O)O,0
HIVSUB-06531,Oc1nc(CC(O)c2ccc(Cl)c(Cl)c2)cc(-c2ccccc2)n1,0
HIVSUB-06532,N#Cc1ccccc1C(Cl)(Cl)c1cnccn1,0
HIVSUB-06533,O=[N+]([O-])c1ccccc1Sc1ccc(Cl)cc1,0
HIVSUB-06534,Cc1ccc(-c2cc(=S)ss2)cc1,0
HIVSUB-06535,CC(C)OC(=S)SSC(=S)OC(C)C,0
HIVSUB-06536,O=C(CCCN1CC=C(n2c(=O)[nH]c3ccccc32)CC1)c1ccc(F)cc1,0
HIVSUB-06537,CON(C)c1nc2ccccc2o1,0
HIVSUB-06538,CCc1c(Cc2cc(C)cc(C)c2)n(COCCSc2ccccc2)c(=O)[nH]c1=O,1
HIVSUB-06539,NN=C(CC(O)(C(F)(F)Cl)C(F)(F)Cl)CC(O)(C(F)(F)Cl)C(F)(F)Cl,0
HIVSUB-06540,CN(O)C(=O)c1ccc(OCc2cccc(Cl)c2)cc1,0
HIVSUB-06541,CCOC(=O)C1CC2=C(CCCCCCCCCC2)SCCCS1,0
HIVSUB-06542,CCOC(=O)C1=NN(c2ccccc2)C(=O)C1=Cn1c(=S)sc2ccccc21,0
HIVSUB-06543,CN(C)CCCNC(=O)c1cc(NC(=O)c2cc(NC(=O)c3cc(NC(=O)c4ccc(C(=O)Nc5cc(C(=O)Nc6cc(C(=O)Nc7cc(C(=O)NCCCN(C)C)n(C)c7)n(C)c6)n(C)c5)nc4)cn3C)cn2C)cn1C,0
HIVSUB-06544,COC(=O)c1cccc2cccc(C(=O)Nc3ccc(Cl)cc3)c12,0
HIVSUB-06545,N#CC1(C#N)C(c2ccccc2)C=CC12OCCCO2,0
HIVSUB-06546,C1=Nc2sc3c(c2C2=NCCN12)CCCC3,0
HIVSUB-06547,[N-]=[N+]=C(C(=O)OCC#CCOC(=O)C(=[N+]=[N-])S(=O)(=O)c1ccccc1)S(=O)(=O)c1ccccc1,0
HIVSUB-06548,CN(C)c1ccc(N=Nc2ccc3c(c2)C(=O)c2ccccc2C3=O)cc1,0
HIVSUB-06549,Cc1cc2c(=O)cc(-c3ccc(Cl)c(Cl)c3)oc2c(C(=O)O)c1C,0
HIVSUB-06550,CCC1C2C=CC(CC2)N1S(=O)(=O)c1ccc(C)cc1,0
HIVSUB-06551,COc1cccc(-c2nccc3c(OCc4ccccc4)c(OC)c(OC)cc23)c1,0
HIVSUB-06552,Cc1nc2c(=O)n(C)ncc2[nH]1,0
HIVSUB-06553,c1ccc(N2N=NC3C4CC(C32)C2C4N=NN2c2ccccc2)cc1,0
HIVSUB-06554,CC1CC(=O)c2ccccc2O1,0
HIVSUB-06555,CC1(C)CC2CCC(O)C2C(CCO)N1,0
HIVSUB-06556,COC(=O)C(C)(C)C1OC(=O)N(S(=O)(=O)c2c(C)cc(C)cc2C)C1C(C)C,0
HIVSUB-06557,COc1c(Sc2ccccc2)cc(Sc2ccccc2)c2cccnc12,0
HIVSUB-06558,CNN=C(CCN1CCCC1)CC(c1ccccc1)c1c(O)c2ccccc2oc1=O.Cl,0
HIVSUB-06559,COc1oc(C(=O)NC2CCCCC2)c(-c2ccc(Cl)cc2)c1S(=O)(=O)c1ccccc1,0
HIVSUB-06560,C1CCC(N=C(NC2CCCCC2)N2CCOCC2)CC1,0
HIVSUB-06561,CCOP(=O)(CC)OP(=S)(OCC)OCC,0
HIVSUB-06562,CC1(C)CC23C(=O)N(c4ccccc4)C(Nc4ccccc4)=NC2=CC(C#N)=C(C#N)C3O1,0
HIVSUB-06563,O=C(O)c1nc(-c2ccccc2)ncc1-c1nnnn1-c1ccccc1,0
HIVSUB-06564,N#CC(=Cn1ccc(=O)[nH]c1=S)C(N)=O,0
HIVSUB-06565,COc1c(OC2OC(CO)C(O)C(O)C2O)cc2occ(-c3ccc4c(c3)OCO4)c(=O)c2c1O,0
HIVSUB-06566,O=C1C(=Cc2cccs2)NC(=S)N1CN1CCOCC1,0
HIVSUB-06567,Cc1ccccc1C1CC(=O)CC(c2ccccc2C)C12C(=O)NC(=O)NC2=O,0
HIVSUB-06568,CC(C)(C)NC(=O)CCC(=O)O,0
HIVSUB-06569,CCCCCCCCCCCCCCCCC(C(=O)OC)=C(O)C(=O)OCC.[NaH],0
HIVSUB-06570,CC(=O)OCC12C(=O)CC(C)C3(CC(c4ccoc4)OC3=O)C1CCC(OC(C)=O)C21CO1,0
HIVSUB-06571,CC(C)(c1cc(Cl)c(O)c(CN2CCOCC2)c1)c1cc(Cl)c(O)c(CN2CCOCC2)c1,0
HIVSUB-06572,CC(=O)NC1CCC(NC(=O)OC(C)(C)C)C(NC(=O)OC(C)(C)C)C1,0
HIVSUB-06573,C=C=C(Sc1ccccc1)C(C)(C)OC(C)=O,0
HIVSUB-06574,COCS(=O)(=O)c1ccccc1,0
HIVSUB-06575,CC(=O)N1C2=CCCC2(C)c2ccccc21,0
HIVSUB-06576,CC1CCC2(NC1)OC1CC3C4CC=C5CC(OC6OC(CO)C(OC7OC(C)C(O)C(O)C7O)C(O)C6OC6OC(C)C(O)C(O)C6O)CCC5(C)C4CCC3(C)C1C2C,0
HIVSUB-06577,COc1cc2c(cc1OC)CC(=NO)c1cc(OC)c(OC)cc1C=C2,0
HIVSUB-06578,Cc1ccc2c(c1)[Sn](c1ccccc1)(c1ccccc1)c1cc(C)ccc1N2C,0
HIVSUB-06579,CN(C)Cc1cc(CN(C)C)c(O)c(CN(C)C)c1.Cl,0
HIVSUB-06580,CN(C)CCNCCCNc1c2ccccc2nc2cccc([N+](=O)[O-])c12.Cl,0
HIVSUB-06581,Nc1cc2cccc[n+]2c2cccc(Cl)c12.[Cl-],0
HIVSUB-06582,CCOC(=O)C(=Cc1cccc(Cl)c1)C(C)=O,0
HIVSUB-06583,Cc1cccc2c1Oc1ccccc1C2NC(=O)CN(C)C,0
HIVSUB-06584,CC(=O)OCC1OC(n2c(C)c(C)cc(C#N)c2=S)C(OC(C)=O)C(OC(C)=O)C1OC(C)=O,0
HIVSUB-06585,CN(C)CCSC1=Nc2ccc(Cl)cc2C(c2ccccc2Cl)N(C)C1.O=C(O)C=CC(=O)O,0
HIVSUB-06586,CC(C)(C)OC(=O)NCCCCC(NC(=O)c1ccccc1)C(N)=O,0
HIVSUB-06587,CC(=O)c1c(O)ccc2c1CC(CC=O)O2,0
HIVSUB-06588,CCOC(=O)C=Cn1c2ccccc2c(=O)c2ccccc21,0
HIVSUB-06589,Cc1ccc(NN=CC2=CC(C)(C)C(C#N)(C#N)C(O)=C2C#N)cc1,0
HIVSUB-06590,Cn1c2ccccc2c2ccc3c(c21)C(=O)c1ccc2c4ccccc4n(C)c2c1C3=O,0
HIVSUB-06591,O=C1COC(c2ccccc2O)=NN1CCCN1CCCC1,0
HIVSUB-06592,S=c1[nH]nc(CNc2ccc(-c3n[nH]c(=S)n3-c3ccc(Cl)cc3)cc2)n1-c1ccc(Cl)cc1,0
HIVSUB-06593,O=C1CN(CCCCl)CC(=O)N2Cc3ccccc3CN12,0
HIVSUB-06594,CCCCCCCN1C(=O)C(O)(c2ccc(C3(O)C(=O)N(CCCCCCC)c4ccccc43)s2)c2ccccc21,0
HIVSUB-06595,CCCN1C(=O)c2cc(O)n(Cc3ccccc3)c(=O)c2C1C,0
HIVSUB-06596,c1ccc(Cc2ccc(SSc3ccc(Cc4ccccc4)cc3)cc2)cc1,0
HIVSUB-06597,CS(=N)(=O)CCC(N)P(=O)(O)O,0
HIVSUB-06598,CC1(c2nc3ccccc3[nH]2)CCC(C#N)C(C)(C)O1,0
HIVSUB-06599,O=C1C(=Cc2cccs2)NC(=S)N1CN1CCCC(CO)C1,0
HIVSUB-06600,O=c1nc(NC(c2ccccc2)(c2ccccc2)c2ccccc2)ccn1CCO,0
HIVSUB-06601,CN1CC2CC(=O)CCC2CC1C#N,0
HIVSUB-06602,CCC1C(C)C=CC(C)N1S(=O)(=O)c1ccc(C)cc1,0
HIVSUB-06603,C=C1CC2CC(O)CC(C1)C2,0
HIVSUB-06604,O=C(NCCc1ccccc1)C1CCCCC1CCO,0
HIVSUB-06605,COc1cccc(CCNc2c(C#N)c3n(c4ccccc4[n+]3C)c3ncccc23)c1.Cc1ccc(S(=O)(=O)[O-])cc1,0
HIVSUB-06606,NC(=O)C(=O)c1ncn(Cc2ccccc2)c1N,0
HIVSUB-06607,Cn1c(COC(=O)Nc2ccccc2)c(COC(=O)Nc2ccccc2)c2ccc3ccccc3c21,0
HIVSUB-06608,O=S(=O)(O)SCC=CCSS(=O)(=O)O.[NaH],0
HIVSUB-06609,CC1(O)C=CC2CCC1C2O,0
HIVSUB-06610,O=C(O)CCCC(=O)CCCC(=O)O,0
HIVSUB-06611,Cc1ccc(NC(=O)CC(=O)N2N=C(N3CCCCC3)CC2c2ccccc2)cc1,0
HIVSUB-06612,COc1cc(CC2C(=O)OCC2Cc2ccc(OC)c(OC)c2)ccc1O,0
HIVSUB-06613,CN(C)CCCn1c(-c2cc(C(C)(C)C)c(O)c(C(C)(C)C)c2)csc1=Nc1ccccc1,0
HIVSUB-06614,O=S1(=O)CC(Cl)C(Sc2ccccc2)C1,0
HIVSUB-06615,Nc1ccc2nc(Nc3ccc(F)cc3)cnc2c1,0
HIVSUB-06616,COc1cc2c3cc1Oc1c(OC)c(OC)cc4c1C(Cc1ccc(cc1)Oc1cc(ccc1O)CC3N(C)CC2)N(C)CC4,0
HIVSUB-06617,Cn1c(=Nc2ccc(Cl)cc2)sc2ccccc21,0
HIVSUB-06618,CC(C)(C)OC(=O)NCCNCCNc1ccccc1,0
HIVSUB-06619,CCc1cc(Cc2cc(CC)c(NC(=O)C(=O)Cc3ccccn3)c(CC)c2Cl)c(Cl)c(CC)c1NC(=O)C(=O)Cc1ccccn1,0
HIVSUB-06620,Cc1cccc(-c2nc3ccc([N+](=O)[O-])cc3c(=O)o2)c1,0
HIVSUB-06621,CCOC(OCC)c1ccc(-n2c(=S)[nH]cc(C#N)c2=N)c2c1OC2=NC=C(C#N)C#N,0
HIVSUB-06622,CCOC(=O)c1nc2cc(C(F)(F)F)ccc2nc1Oc1ccc(OC)cc1,0
HIVSUB-06623,COC(=O)Cc1cc(=O)n2c([nH]c3ccccc32)c1C#N,0
HIVSUB-06624,COc1cccc(NC(=O)c2c(SC)[nH][nH]c2=N)c1,0
HIVSUB-06625,Cc1cc(Cl)c(O)c(-c2cc(-c3cccc([N+](=O)[O-])c3)c3c(N)nc(S)nc3n2)c1,0
HIVSUB-06626,Cc1cc2c(cc1C)[n+]([O-])c(C(=O)CC(=O)C(=O)Nc1c(C(C)C)cccc1C(C)C)c(C)[n+]2[O-],0
HIVSUB-06627,O=c1[nH]c2ccc(CC(=S)N3CCCCC3)cc2s1,0
HIVSUB-06628,CC1CCC(=Cc2ccc(N(C)C)cc2)C(=O)C1=Cc1ccc(N(C)C)cc1,0
HIVSUB-06629,COC1OC2COC(c3ccccc3)OC2C2OC(=S)OC12,0
HIVSUB-06630,CC(C)(C)C1CCC(O)(c2ccccc2)CC1.CC(C)(C)C1CCC(O)(c2ccccc2)CC1,0
HIVSUB-06631,O=c1[nH]c2cc(Cl)c(Br)cc2o1,1
HIVSUB-06632,CC(NC(=O)C(Cc1ccccc1)NC(=O)C(Cc1ccccc1)NC(=O)OC(C)(C)C)C(=O)OCc1ccccc1,0
HIVSUB-06633,CC(=O)OCC1CN(OC(C)=O)CC(n2cc(C)c(=O)[nH]c2=O)O1,0
HIVSUB-06634,CCCCCCCCCCCCCCCc1cccc(O)c1C(=O)O,0
HIVSUB-06635,O=C1C=CC(=CC(O)COC(=O)c2ccccc2)O1,0
HIVSUB-06636,COC1OC2COC1(OC)C1OC(C)(C)OC21,0
HIVSUB-06637,COc1cc(NS(=O)(=O)c2ccc(N)cc2)nc(OC)n1,0
HIVSUB-06638,C=CC1c2ccccc2C=CC1(CCC1(C)OCCO1)C1=NC(COC)C(c2ccccc2)O1,0
HIVSUB-06639,COC1C=COC2(C)Oc3c(C)c(O)c4c(O)c(c(C=NN5C(C)CN(Cc6ccc([N+](=O)[O-])cc6)CC5C)c(O)c4c3C2=O)NC(=O)C(C)=CC=CC(C)C(O)C(C)C(O)C(C)C(OC(C)=O)C1C,0
HIVSUB-06640,Cc1ccc(C(N)=O)cc1N=NN(C)C,0
HIVSUB-06641,CN(C)P(=O)(C(=N)NNc1ccc([N+](=O)[O-])cc1)N(C)C,0
HIVSUB-06642,O=[N+]([O-])c1cc(Cl)ccc1S(=O)(=O)c1ccccc1,0
HIVSUB-06643,CC(=O)N(C)SCC(NC(=O)C(Cc1ccccc1)NC(=O)OCc1ccccc1)C(=O)NC(Cc1ccccc1)C(=O)NC(Cc1c[nH]c2ccccc12)C(=O)NC(CCCCNC(=O)OCc1ccccc1)C(=O)NC(C(=O)NC(CSN(C)C(C)=O)C(=O)NC(C(N)=O)C(C)OCc1ccccc1)C(C)OCc1ccccc1,1
HIVSUB-06644,CCOC(=O)C1=C(O)C(=O)c2ccoc2C1=O,0
HIVSUB-06645,OCC(O)C(O)C(O)C(O)c1nnn[nH]1,0
HIVSUB-06646,OCCNCNc1nc(NCNCCO)nc(N(CNCCO)CNCCO)n1,0
HIVSUB-06647,COC(=O)c1nc2c(C)c(O)c(O)c(C(C)CCC=C(C)C)c2o1,0
HIVSUB-06648,CC(C)C1NC(=O)C(Cc2ccccc2)NC(=O)C2NC(=O)C(Cc3ccccc3)NC(=O)C3CCCN3C(=O)CNC(=O)C(Cc3ccccc3)NC(=O)C3CNCCCCC(C(=O)O)NC(=O)C4NC(=O)C(CC(N)=O)NC(=O)CNC(=O)C(C(O)C(=O)O)NC(=O)C(CSCC(NC(=O)C(CCC(N)=O)NC(=O)C(CCCNC(=N)N)NC(=O)C(N)CSC4C)C(=O)NC(CSC2C)C(=O)N3)NC1=O,1
HIVSUB-06649,CCCCC1(NN=C2CCCCC2)C(=O)N(c2ccccc2)N(c2ccccc2)C1=O,0
HIVSUB-06650,CCOC(=O)c1cnc2c(cnn2CC)c1NN=C(C)C,0
HIVSUB-06651,CCOC(=O)NN=C(CC)NO,0
HIVSUB-06652,O=C(CCCN1CCC2(CC1)C(=O)NCN2c1ccccc1)c1ccc(F)cc1,0
HIVSUB-06653,Cc1ccc(S(=O)(=O)N2CCCCC2)cc1,0
HIVSUB-06654,CC1=C(C)C(=O)C(C2=CC(=O)c3ccccc3C2=O)=C(C2=CC(=O)c3ccccc3C2=O)C1=O,0
HIVSUB-06655,O=C(O)CN1CCNCCN(CC(=O)O)CCN(CC(=O)O)CCNCC1,0
HIVSUB-06656,CCOC(=O)c1nn2c(C)nnc2s1,0
HIVSUB-06657,O=C(NCCO)c1cc2c(cn1)[nH]c1ccccc12,0
HIVSUB-06658,COCC(C#N)NC1CC(OC2CC(O)(C(=O)CO)Cc3c(O)c4c(c(O)c32)C(=O)c2c(OC)cccc2C4=O)OC(C)C1O,0
HIVSUB-06659,CN1CCN(C(=O)CCNC(=O)Cc2ccc(C(=O)c3ccccc3)cc2)CC1,0
HIVSUB-06660,CCOC(=O)Cc1nc2c(O)ncnc2n1C1OC(COC(C)=O)C(OC(C)=O)C1OC(C)=O,0
HIVSUB-06661,Brc1ccc2c(-c3csc(-c4c[nH]c5ccccc45)n3)c[nH]c2c1,0
HIVSUB-06662,O=C(CSc1nnc(Cc2ccccc2)o1)Nc1cccc(Cl)c1,0
HIVSUB-06663,CC#CCCC1CCCCN(C(=O)OC)C1OCC,0
HIVSUB-06664,CC(=NNS(=O)(=O)c1ccc(N)cc1)c1ccccc1O,0
HIVSUB-06665,COc1cc(C(=O)O)ccc1OS(=O)(=O)O.[KH],0
HIVSUB-06666,CCOC(O)(NC(=O)C(C(F)(F)F)C(F)(F)F)C(F)(F)F,0
HIVSUB-06667,CC1=C(C(=O)Nc2cccc(Cl)c2)C(c2ccccc2O)C(C(=O)Nc2cccc(Cl)c2)=C(C)N1,0
HIVSUB-06668,O=C1CSC(c2ccc(Cl)cc2Cl)N1c1ccc(Oc2ccc(Cl)cc2)c(Cl)c1,0
HIVSUB-06669,CC(CC(=O)Nc1ccc(Cl)cc1)=NNC(=O)C[n+]1ccccc1.[Cl-],0
HIVSUB-06670,CC1c2nc(N)nc(N)c2CN1C(=O)c1ccccc1,0
HIVSUB-06671,CC(C)(C)[Si](C)(C)OCC1OC(n2ccc(=O)[nH]c2=O)C(O[Si](C)(C)C(C)(C)C)C1=CCO,0
HIVSUB-06672,Cc1ccc(S(=O)(=O)OC(C=O)C(O)C(O)COC(c2ccccc2)(c2ccccc2)c2ccccc2)cc1,0
HIVSUB-06673,CC1(O)CCC2(C#N)CCC1C2O,0
HIVSUB-06674,O=C1NC(=S)NC1=Cc1ccc(Sc2ccccc2C(=O)O)s1,0
HIVSUB-06675,CCCCCCCCCCCCCNC1=C(O)C(=O)c2ccccc2C1=O,0
HIVSUB-06676,N=C(N)SC12CC3CC(CC(C3)C1)C2,0
HIVSUB-06677,COC(OC)c1cccc2c1C1(O)CCC3(CC21)OCCCCO3,0
HIVSUB-06678,O=C(NNCC(F)(F)F)c1ccncc1,0
HIVSUB-06679,O=C(C=Cc1ccccc1)c1ccc(Oc2ccccc2)cc1,0
HIVSUB-06680,CN(C)c1ccc(C=C(C#N)c2ccccc2)cc1,0
HIVSUB-06681,N=c1[nH][nH]c(=N)[nH]1,0
HIVSUB-06682,Cc1ccc(S(=O)(=O)OC2C3OC(C)(C)OC3OC2C(c2cc(O)c3c(c2O)C(=O)c2ccccc2C3=O)c2cc(O)c3c(c2O)C(=O)c2ccccc2C3=O)cc1,0
HIVSUB-06683,CC(C(=O)c1ccc(Cl)cc1)C(=NNC(=O)NN)C(=O)Nc1cccc(C(F)(F)F)c1,0
HIVSUB-06684,O=P1(Cl)OCC2(CO1)COP(=O)(Cl)OC2,0
HIVSUB-06685,O=S(c1ccccc1)C1CC2CC3(CCC21O)OCCO3,0
HIVSUB-06686,FC(F)(F)C1(c2ccccc2)SCc2nc3ccccc3n21,1
HIVSUB-06687,N#CC(=C(S)Nc1ccccc1)c1nc2ccccc2[nH]1,0
HIVSUB-06688,CCOC(=O)NN(C(=O)OCC)C(C(=O)C1CCCCC1)N(NC(=O)OCC)C(=O)OCC,0
HIVSUB-06689,CC(C(=O)O)S(=O)(=O)O.CCc1c2cc(OC)c(OC)cc2cc2c3cc(OC)c(OC)cc3cc[n+]12,0
HIVSUB-06690,N#Cc1ncn(-c2ccccc2)c1N,0
HIVSUB-06691,C1CNCCNCCNCCN1,0
HIVSUB-06692,CC(=O)Nc1ccc2nncnc2c1,0
HIVSUB-06693,CC(C)(C)N1CC1CNC(=O)C(=O)NCC1CN1C(C)(C)C,0
HIVSUB-06694,N#CC(C#N)=Cc1ccccc1Br,0
HIVSUB-06695,CCN(CC)c1ccc(N=O)c(O)c1,0
HIVSUB-06696,CC(=NNS(=O)(=O)c1ccccc1)c1ccc(Cl)c(Cl)c1,0
HIVSUB-06697,CN1CC(c2ccccc2)=CC2=C1C=CC(=N)C2=NN,0
HIVSUB-06698,CC(=O)NS(=O)(=O)c1ccc(-n2sc3ccccc3c2=O)cc1,1
HIVSUB-06699,C[N+](C)(C)CC1CCCCC1=NOC(=O)c1ccccc1.[I-],0
HIVSUB-06700,CNC(C#N)c1ccc(OC)cc1,0
HIVSUB-06701,c1cc(-c2cnc(-c3ccc4c(c3)CCCO4)o2)ccn1,0
HIVSUB-06702,COc1cc(C=C2SC(c3ccccc3)N(Cc3ccccc3)C2=O)cc(OC)c1OC,0
HIVSUB-06703,OCC1C2CCC3(OCCO3)C12,0
HIVSUB-06704,Cc1cccc2c1C(=O)C(C1OC(=O)c3ccccc31)C2,0
HIVSUB-06705,COc1c2occc2c(N=Cc2ccccn2)c2ccc(=O)oc12,0
HIVSUB-06706,C[n+]1c(-c2ccc(NC(=O)c3ccc(C(=O)Nc4ccc(-c5cn6ccccc6[n+]5C)cc4)cc3)cc2)cn2ccccc21.Cc1ccc(S(=O)(O)=[OH+])cc1,1
HIVSUB-06707,COc1ccc(CCNC(=O)CCCCCO)cc1OC,0
HIVSUB-06708,c1ccc2c(c1)NC(C1OC3CCCN3C1C1Nc3ccccc3S1)S2,0
HIVSUB-06709,OC1OC(c2ccc[nH]2)C(F)(F)C(F)(F)C1(F)F,0
HIVSUB-06710,Cc1cc(-c2ccccc2)nc(Nc2nc3ccccc3o2)n1,0
HIVSUB-06711,COc1cc(NC=O)c2c(c1)SC(C)C(=O)N2,1
HIVSUB-06712,COc1cc(COC(=O)NC(C(=O)O)C(C)(C)C)c([N+](=O)[O-])cc1OC,0
HIVSUB-06713,CC(=NNC(N)=S)c1ccc2c(c1)OCO2,0
HIVSUB-06714,CCC=CCC=CCC=CCC=CCCC(=O)OC(COC(=O)CCCCCCCC=CCC=CCC=CCC)COC1OC(CO)C(O)C(O)C1O,0
HIVSUB-06715,O=C1C=CC2=[N+]([O-])C(c3ccccc3)(c3ccccc3)C(=Nc3ccccc3)C2=C1,0
HIVSUB-06716,COc1ccc(CCNC(=S)NC=Cc2nc3ccccc3nc2O)cc1OC,0
HIVSUB-06717,O=C1OC2(CC1C1(O)C3CC4CC(C3)CC1C4)C1CC3CC(C1)CC2C3,0
HIVSUB-06718,CC(C)N(C(=O)c1cccc(C(=O)N(C(C)C)C(C)C)c1)C(C)C,0
HIVSUB-06719,CCC(=O)C(C)C(=O)C(=O)C(=O)OC,0
HIVSUB-06720,NC(=S)NN=C1CSSC1,0
HIVSUB-06721,COc1c(Cc2ccccc2O)c(O)c(Cc2cc(Cc3ccccc3O)ccc2O)c(O)c1C(=O)CCc1ccccc1,0
HIVSUB-06722,COc1cccc2c(=O)oc(-c3ccccc3C)nc12,0
HIVSUB-06723,NC(Cc1ccccc1)C(=O)NC(Cc1ccccc1)NC(=O)C(Cc1c[nH]c2ccccc12)C(=O)O.O=C(O)C(F)(F)F,0
HIVSUB-06724,CC1=C(C(=O)Nc2ccc(C)cc2)C(c2cccc([N+](=O)[O-])c2)C(C(=O)Nc2ccc(C)cc2)=C(C)N1,0
HIVSUB-06725,CCOP(=O)(OCC)c1cc(NC(=O)c2cc(NC(=O)c3cc(NC(=O)Nc4cc(C(=O)Nc5cc(C(=O)Nc6cc(P(=O)(OCC)OCC)c7cccc(P(=O)(OCC)OCC)c7c6)n(C)c5)n(C)c4)cn3C)cn2C)cc2c(P(=O)(OCC)OCC)cccc12,0
HIVSUB-06726,Cn1c(=O)oc2cc(C(O)CN3CCN(Cc4ccc5c(c4)OCO5)CC3)ccc21,0
HIVSUB-06727,CC(=O)C=C1C(=O)C(CC(C)C)=C1CC(C)C,1
HIVSUB-06728,N#Cc1cccc(-n2[nH]c(=O)ccc2=O)c1,0
HIVSUB-06729,Cc1ccc([N+](=O)[O-])cc1NC(=O)Nc1onc(C)c1C,0
HIVSUB-06730,O=C(NN=Cc1ccc(O)c(S(=O)(=O)O)c1)C(=O)NN=Cc1ccc(O)c(S(=O)(=O)O)c1,0
HIVSUB-06731,COc1cc(C2c3cc4c(c(O)c3C(=O)C3CCC(=O)N32)OCO4)cc(OC)c1OC,0
HIVSUB-06732,Cc1cc2c(c(=O)n1C)COC2=O,0
HIVSUB-06733,NC(=O)c1ccc(S(=O)(=NS(=O)(=O)c2ccccc2)c2ccc(C(N)=O)cc2)cc1,0
HIVSUB-06734,O=C1C2CC=C3CCS(=O)C3C2C(=O)N1c1ccccc1,0
HIVSUB-06735,COc1cc(C=C(C#N)c2ccccn2)cc(Br)c1O,0
HIVSUB-06736,COc1ccc(N2C(=O)C(N=[N+]=[N-])C2C2COC(C)(C)O2)cc1,0
HIVSUB-06737,Nc1ccc(N=Nc2ccccc2)c(N)n1,0
HIVSUB-06738,CCOC(=O)Cc1ccc2c(c1)sc1nc(-c3ccc(OC)cc3)cn12,0
HIVSUB-06739,O=C(CC(=O)N1N=C(N(c2ccccc2)c2ccccc2)CC1c1ccccc1)Nc1cccc(Cl)c1,0
HIVSUB-06740,Nc1ccccc1C1=Nc2cncnc2NC1,0
HIVSUB-06741,N#Cc1c(-c2ccccc2)c(C#N)c(=O)n(NS(=O)(=O)c2ccccc2)c1O,0
HIVSUB-06742,CCOc1ccc(NC(=O)C(=O)CC(=O)C2=C(C)Nc3ccccc3S2)cc1,0
HIVSUB-06743,Nc1ncnc2c1ncn2C1C=CC(CP(=O)(O)O)C1,0
HIVSUB-06744,CCOC(=O)Cc1csc2[n+]1C(=O)C(=Cc1cccc(OC)c1O)S2.[Cl-],0
HIVSUB-06745,COc1ccc(C(c2cc(OC)c(OC)c(OC)c2)N2C(=O)CCC2C(=O)O)cc1,0
HIVSUB-06746,ON=C1CCCCC1=CC=Cc1ccccc1,0
HIVSUB-06747,NC(=O)NCc1c(C(N)=O)ncn1Cc1ccccc1,0
HIVSUB-06748,CCCCCCCCCCCCCCCCC(O)CS(=O)(=O)O,0
HIVSUB-06749,CC(C)(C)C1C=C(Sc2ccccc2)C(=O)O1,0
HIVSUB-06750,CCC12CN(C(=O)OC)C3C(Br)C1CCC(=O)C32,0
HIVSUB-06751,CC1=NN(C(=O)Cc2ccccc2)C(=O)C1=Cc1ccco1,0
HIVSUB-06752,COCc1cn(C2CCC(CO)O2)c(=O)[nH]c1=O,0
HIVSUB-06753,COc1cccc2c1C(=O)c1c(O)c3c(c(O)c1C2=O)CC(O)(C(=O)CO)CC3OC1CC(N2CCOCC2)C(O)C(C)O1,0
HIVSUB-06754,CCOC(=O)C1N(S(=O)(=O)c2ccc(C)cc2)CCC12C(c1ccc(OC)cc1)NC1CCCCC12,0
HIVSUB-06755,COc1ccc(C(C#N)=Cc2cccc([N+](=O)[O-])c2)cc1,0
HIVSUB-06756,CSc1nc(O)c(C#N)c(-c2ccc(Cl)cc2)n1,0
HIVSUB-06757,CCOC(=O)Cc1nc2ccc3c(c2nc1O)C(=O)c1ccccc1C3=O,0
HIVSUB-06758,Cc1ccc(C=C2Cc3cccc(C)c3C2=O)c(C(=O)O)c1,0
HIVSUB-06759,C[N+]12CCC34c5ccccc5NC3C3C(CC(=O)O)OCC=C(C1)C3CC42,0
HIVSUB-06760,COc1cc2c3c(c1)[nH]c(=S)n3C(=O)C(c1ccccc1)S2,0
HIVSUB-06761,O=[N+]([O-])C(C(Cl)=C(Cl)Br)=C(N1CCOCC1)N1CCOCC1,0
HIVSUB-06762,O=C1Oc2ccccc2C(=O)C1=CN1C(=O)C(=Cc2ccc3c(c2)OCO3)SC1=S,0
HIVSUB-06763,CCCCCCCCCCCCCCCCSS(C)(=O)=O,0
HIVSUB-06764,C(=Nc1cccnc1)c1ccc2ccccc2n1,0
HIVSUB-06765,NC(=O)NCCSC1(SCCNC(N)=O)CCCCC1,0
HIVSUB-06766,Cc1ccc(NC(=O)C(=NNC(=O)C[N+](C)(C)C)c2nc3ccccc3nc2O)cc1.[Cl-],0
HIVSUB-06767,C=CC(C)=[N+]1[OH+][W+2]12345(C#[O+])(C#[O+])C1=C2[C-]3C4=C15,0
HIVSUB-06768,CCCCCCCCCCC(O)CCCCCCC(=O)O,0
HIVSUB-06769,Cc1cc(=O)n2c(nc3ccccc32)s1,0
HIVSUB-06770,CCC(=O)N1NC(=O)C(CC)(CC)C1=O,0
HIVSUB-06771,CCOC(=O)C(=O)Nc1ccccc1OCC,0
HIVSUB-06772,O=C(O)c1ccccc1C(=O)NC(Cc1cccc(NP(=O)(NCCO)NCCO)c1)C(=O)O,1
HIVSUB-06773,COc1cc(C=Nc2cc(Cl)c(N=O)c(Cl)c2)ccc1N(CCCCl)CCCCl,1
HIVSUB-06774,COc1ccc(CC#N)c(OCc2ccccc2)c1,0
HIVSUB-06775,COC(=O)C=C(C(=O)OC)C1C(=O)Oc2c(C)c(=O)c3ccccc3n21,0
HIVSUB-06776,CC(C#N)Nc1ccc(Oc2ccc(C(C)(C)c3ccc(Oc4ccc(NC(C)C#N)cc4)cc3)cc2)cc1,0
HIVSUB-06777,Nc1ncnc2c1ncn2C1COC(CO)C1CO,0
HIVSUB-06778,N=c1[nH]c2cc(Cl)ccc2n1N,0
HIVSUB-06779,CC(=O)SCCC1c2[nH]c3ccccc3c2CCN1O,0
HIVSUB-06780,CC1C=C2c3ccccc3CC2C2C(=O)OC(=O)C12,0
HIVSUB-06781,C[N+](C)(C)C.O=C(Nc1ccc(C=Cc2ccc(NC(=O)c3cc(S(=O)(O)=[OH+])ccc3O)cc2S(=O)(O)=[OH+])c(S(=O)(O)=[OH+])c1)c1cc(S(=O)(O)=[OH+])ccc1O,1
HIVSUB-06782,COc1ccc(Oc2c(OC)cc(NCCCCCN3C(=O)c4ccccc4C3=O)c3ncccc23)cc1,0
HIVSUB-06783,CCNC(=O)Cc1nc2c(O)ncnc2n1C1OC(CO)C(O)C1O,0
HIVSUB-06784,COc1ccc(-c2c(O)c3cccc(-c4ccccc4)c3oc2=O)cc1,0
HIVSUB-06785,CCCCCCC(N)(CCCCCC)C(=O)Nn1c(C)ccc1C,0
HIVSUB-06786,CC(C)(C)OC(=O)C1C(=O)C(C(=O)OC(C)(C)C)C23CCCCCCCCCCC12C(C(=O)OC(C)(C)C)C(=O)C3C(=O)OC(C)(C)C,0
HIVSUB-06787,COC(=O)CNC(=O)CCSc1nnc(COc2ccc(Cl)cc2)n1-c1ccccc1,0
HIVSUB-06788,COC(=O)C1C(C(=O)OC)C2(OC(c3ccc(Cl)cc3)=CC2=O)C12OC(c1ccc(Cl)cc1)=CC2=O,0
HIVSUB-06789,CCOC(=O)NC(=O)c1cn(CCCCCOC(=O)NCCCCCCNC(=O)OCCCCCn2cc(C(=O)NC(=O)OCC)c(=O)[nH]c2=O)c(=O)[nH]c1=O,0
HIVSUB-06790,O=NC1=C(c2ccccc2)Nc2ccccc2S1,0
HIVSUB-06791,CCOC(=O)Cc1cc(O)nc(-n2nc(C)c(CCO)c2O)n1,0
HIVSUB-06792,N#CC1=C(N)CCC(C#N)(c2ccccc2)C1,0
HIVSUB-06793,O=C(C=Cc1ccc(O)c(O)c1)OC1CCCCC1OC(=O)C=Cc1ccc(O)c(O)c1,0
HIVSUB-06794,Cc1ccc[n+]([NH-])c1N,0
HIVSUB-06795,CC(C)(C)OC(=O)NC(Cc1ccc(O)cn1)C(=O)O,0
HIVSUB-06796,COC1(OC)CCN(Cc2ccccc2)C1=O,0
HIVSUB-06797,CCOCCOCCOCOCCOCCOCC,0
HIVSUB-06798,CN(c1ccccc1Cl)S(=O)(=O)c1ccc([N+](=O)[O-])cc1,0
HIVSUB-06799,[Cl-].c1ccc(COc2cccc3ccc[n+](Cc4ccccc4)c23)cc1,0
HIVSUB-06800,CSc1nc(C(N)=O)c(NC(=O)c2ccccc2)s1,0
HIVSUB-06801,CC(C)C(O)S(=O)(=O)O,0
HIVSUB-06802,COc1ccc2c3c1OC1C4(OC)C=CC5(c6c(OC)ccc(O)c64)C(C2)N(C)CCC315,0
HIVSUB-06803,CC(=O)OC1CC2CCC3C(CCC4(C)C3CC([N+]3(C)CCCCC3)C4OC(C)=O)C2(C)CC1[N+]1(C)CCCCC1,0
HIVSUB-06804,CC1(C)CNCC(C)(O)C(=O)NC(C)(C)CNCC(C)(O)C(=O)N1,0
HIVSUB-06805,Cc1nnc2c3nccnc3c(Cl)nn12,0
HIVSUB-06806,OC1CN2CCC(O)C2C(O)C1O,1
HIVSUB-06807,CC(C)C(=O)C=Cc1ccc(Cl)cc1Cl,0
HIVSUB-06808,Nc1nccc(NCC2(CO)CCC2)n1,0
HIVSUB-06809,O=C1C(Cl)=C(c2ccc([N+](=O)[O-])cc2)C(=O)c2c(O)cccc21,0
HIVSUB-06810,O=c1c2ccc(Cl)cc2oc2ccc(Cl)cc12,0
HIVSUB-06811,O=C1CCCC1=C1SSC(=C2CCCC2=O)S1,0
HIVSUB-06812,Oc1c(Cc2ccccc2)c(-c2ccccc2)nn1C1=NCCN1,0
HIVSUB-06813,CC12CCC3=C(CSC4=C3CSc3ccccc34)C1=CCCC2=O,0
HIVSUB-06814,O=C1C[N+]23CC[N+]45CC(=O)O[Cu-5]24(O1)(OC(=O)C3)OC(=O)C5,0
HIVSUB-06815,O=C(O)CCC(=O)NC(c1ccccc1)c1ccccc1,0
HIVSUB-06816,N#Cc1cc2ccncc2c2ccccc12,0
HIVSUB-06817,NCCNCCCCCCCCCCCCOS(=O)(=O)O,0
HIVSUB-06818,COC(=O)c1nc(N)nc(C(=O)OC)c1C(=O)c1ccccc1,0
HIVSUB-06819,CC1(C)CN[Pt-2](Cl)(Cl)NC1,0
HIVSUB-06820,Cc1ccc2c(c1)C(=O)N1CSCC1C(=O)S2,0
HIVSUB-06821,O=C(OCc1ccccc1)C1CCN1C(c1ccccc1)c1ccccc1,0
HIVSUB-06822,COc1cc2c(cc1OCCCN1C(=O)c3cccc4cccc(c34)C1=O)N=CC1CCCN1C2=O,1
HIVSUB-06823,CS(=O)(=O)c1ccc(-c2cc(-c3ccc(S(C)(=O)=O)cc3)[n+](-c3cc(-c4ccccc4)c([O-])c(-c4ccccc4)c3)c(-c3ccc(S(C)(=O)=O)cc3)c2)cc1,0
HIVSUB-06824,N#Cc1c(N2CCCC2)nsc1Nc1ccccc1,0
HIVSUB-06825,CC1=[O+][Co-4]23(NCC[N+]2(CCCl)CCCl)([O+]=C(C)[C-]1[N+](=O)[O-])[O+]=C(C)[C-]([N+](=O)[O-])C(C)=[O+]3.[O-][Cl+3]([O-])([O-])[O-],0
HIVSUB-06826,Cc1cc(-c2ccccn2)oc(=O)c1NC(=O)c1ccccc1,0
HIVSUB-06827,N#Cc1c2c(c(Nc3ccc(F)cc3)n3c1nc1ccccc13)CCCC2,0
HIVSUB-06828,Cl.O=C1c2ccccc2Sc2ccccc2N1CCCCCN1CCN(c2ccc(F)cc2)CC1,0
HIVSUB-06829,CC(C)(C)CC(C)(C)c1cc2c(O)c(c1)Cc1cc(C(C)(C)CC(C)(C)C)cc(c1O)Cc1cc(C(C)(C)CC(C)(C)C)cc(c1O)Cc1cc(C(C)(C)CC(C)(C)C)cc(c1O)C2,0
HIVSUB-06830,O=C(O)CCCSC(=O)Nc1ccc(N=Nc2ccccc2)cc1,0
HIVSUB-06831,COC(=O)Cc1c2n(c3ccccc13)C(=O)N1c3ccccc3C(CC(=O)OC)C21,0
HIVSUB-06832,Clc1ccc2c(SCC3CO3)c3ccccc3nc2c1,0
HIVSUB-06833,CCN(CCCCOC(=O)c1ccc(OC)c(OC)c1)C(C)Cc1ccc(OC)cc1,0
HIVSUB-06834,Cc1ccc(S(=O)(=O)OC2C3CCC4C(COC42)C3)cc1,1
HIVSUB-06835,O=c1c2c(F)c(F)c(F)c(F)c2sc2nc3ccccc3n12,0
HIVSUB-06836,CC(=O)Nc1ccc(C=NNC(=S)NC2CN3CCC2CC3)cc1,0
HIVSUB-06837,C=C1C2CCC3C45COC(CC4=O)C(C)(C)C5=C(O)C(=O)C3(C2)C1OC(C)=O,0
HIVSUB-06838,CN1C(=O)C(O)CC1c1ccc(F)cc1,0
HIVSUB-06839,CN(Nc1cc(O)nc(O)n1)c1ccccc1,0
HIVSUB-06840,S=C(S)N1CCN(c2ccc(Cl)c(Cl)c2)CC1.[NaH],0
HIVSUB-06841,Cc1nc(N(CCO)CCO)nc2c1C(=O)Nc1ccccc1N2,0
HIVSUB-06842,COc1nc(O)c2nn[nH]c2n1,0
HIVSUB-06843,Cc1c2c(cc3c(=O)ccn(CCN(C)C)c13)c(=O)ccn2CCN(C)C,0
HIVSUB-06844,NC(=S)N1N=C2CCCCCCC2C1c1ccccc1,0
HIVSUB-06845,O=C1CNC(=O)c2nc[nH]c2N1,0
HIVSUB-06846,CC(=O)NNc1nc(C)c(C(=O)C=Cc2ccc(C=CC(=O)c3sc(NNC(C)=O)nc3C)cc2)s1,0
HIVSUB-06847,CCOC(=O)C(=Cc1cccc(C(F)(F)F)c1)P(=O)(OCC)OCC,0
HIVSUB-06848,OC(c1ccccc1)c1cccc(C(O)c2ccccc2)c1,0
HIVSUB-06849,CC1=C(C(=O)NCc2ccccc2)C(c2ccc(Cl)c(Cl)c2)C(C(=O)NCc2ccccc2)=C(C)N1,0
HIVSUB-06850,CCOC(=O)c1c2cccccc-2nc1Nc1ccccc1N1C=CC(C)C(C(=O)OC)=C1C(=O)OC,0
HIVSUB-06851,COC1(C)CC23CCC4C(C)(C(=O)O)CCCC4(C)C2CCC1C3,0
HIVSUB-06852,Cl.Nc1ccc(C(c2ccccc2)(c2ccccc2)c2ccccc2)cc1,0
HIVSUB-06853,O=C1c2ccc(S(=O)(=O)O)c(O)c2C(=O)c2ccc(S(=O)(=O)O)c(O)c21,0
HIVSUB-06854,O=C1OC2=CC(=Cc3ccccc3)C(=O)c3cccc1c32,0
HIVSUB-06855,NNC(=O)c1nn[nH]c1C(=O)NN,0
HIVSUB-06856,CCOC(=O)C(=Cc1ccc(Cl)cc1)N(CC)CC,0
HIVSUB-06857,CCN1C(=CC#CC(C)=Cc2sc3ccc(Cl)cc3[n+]2CC)Sc2ccc(Cl)cc21.[I-],0
HIVSUB-06858,COC1OC(=O)c2ccccc21,0
HIVSUB-06859,O=C1NC(=O)C(=Cc2ccc(-c3ccccc3)cc2)C(=O)N1,0
HIVSUB-06860,COc1ccc2c(C3(O)CCNCC3)c[nH]c2c1,0
HIVSUB-06861,CC(=O)C(=Cn1ccc(=O)[nH]c1=S)C(=O)Nc1ccccc1C,0
HIVSUB-06862,CC(=O)C1Cn2c(nc3ccccc32)C[Se]1,0
HIVSUB-06863,CC(C)(C)C#C[IH2]1OC(=O)c2ccccc21,0
HIVSUB-06864,Cc1ccc(S(=O)(=O)OC(F)(F)C(F)(F)F)cc1,0
HIVSUB-06865,COc1cc(Nc2nc3c(N)cc(C(F)(F)F)cc3nc2-c2ccccc2)cc(OC)c1OC,0
HIVSUB-06866,S=P(NC1CCCCC1)(NC1CCCCC1)NC1CCCCC1,0
HIVSUB-06867,COc1ccc(-c2c(N)n(-c3cccc(C(=O)O)c3)c(=O)c3cc([N+](=O)[O-])ccc23)cc1,0
HIVSUB-06868,CC(=O)ON=Cc1cc2c(cc1Br)OCO2,0
HIVSUB-06869,CCOC(=O)c1nc2cc(C(F)(F)F)ccc2nc1Nc1cc(OC)c(OC)c(OC)c1,0
HIVSUB-06870,CCCCOC(=O)C(=O)C(=Cn1c(=S)[nH]c2ccccc21)C(=O)C=C(C)C,0
HIVSUB-06871,CC(=N)NOCc1nc(C)no1,0
HIVSUB-06872,NC(=O)c1ncn(CC2(CO)CCC2)n1,0
HIVSUB-06873,COc1c(C)c(O)c2c(c1C)OC(c1ccccc1)CC2=O,0
HIVSUB-06874,O=C(O)CCCCCCCCCCC(=O)O,0
HIVSUB-06875,Cc1ccc(S(=O)(=O)NNS(C)(=O)=O)cc1,0
HIVSUB-06876,CC(=O)Nc1cc(N=Nc2ccc(N=Nc3ccc(NC(=O)c4ccc(N)cc4)cc3C)cc2C)c(S(=O)(=O)O)cc1N=Nc1ccc(C(=O)O)cc1,1
HIVSUB-06877,CNCCCCN(C)[N+](=O)[N-]O,0
HIVSUB-06878,O=C(c1ccco1)N(C(=S)OCc1ccccn1)c1ccccc1,0
HIVSUB-06879,COc1ccc(C(=O)C(=NNc2ccccc2)c2ccc(OC)cc2)cc1,0
HIVSUB-06880,O=[N+]([O-])c1ccc(-c2noc(-c3ccc(Cl)cc3)c2C2=NCCCN2)cc1,0
HIVSUB-06881,CC1CC2Oc3ccc(Cl)cc3C(=O)N2O1,0
HIVSUB-06882,COc1ccc2cc3[n+](cc2c1OC)CCc1cc(O)c(O)cc1-3.[Cl-],0
HIVSUB-06883,O=c1cc2n(c(=O)[nH]1)C1OC(C2CCO)C(O)C1O,0
HIVSUB-06884,CC(C)n1c(=O)c2nn3c(=O)n(C(C)C)c(=O)c3nn2c1=O,0
HIVSUB-06885,NC(CCC(=O)NC(CSSCCCCS(=O)O)C(=O)NCC(=O)O)C(=O)O.[NaH],0
HIVSUB-06886,CC[N+]1(CC)CCC(=O)[Pd-2]12[O+]=C(C)CC(C)=[O+]2,0
HIVSUB-06887,CN(C)CCCCN1c2ccccc2Sc2cc(N=[N+]=[N-])ccc21.O=C(O)C(=O)O,0
HIVSUB-06888,CCC(OCc1ccccc1)C(C)=CCC(C)C=C(CC1(C)OC(=O)N2CCCC21)[Si](C)(C)C,0
HIVSUB-06889,CCOC(=O)Nc1cc2c(c(N)n1)N=C(c1ccc(OC)cc1)CN2,0
HIVSUB-06890,CC(C)N(O)C(=N)c1ccccc1.Cl,0
HIVSUB-06891,CN(C)C(=O)Sc1nnc(C(C)(C)C)o1,0
HIVSUB-06892,CCOC(=O)Nc1ccc(S(=O)(I)=[O+][Mg][O+]=S(=O)(I)c2ccc(NC(=O)OCC)cc2)cc1.CNC(=O)N=O.NC(=O)OCCCl,0
HIVSUB-06893,CC1=NN(C(=O)c2ccccc2O)C(=O)C1=Cc1cccc(O)c1,0
HIVSUB-06894,C=CCC(CCC(CC=C)C(=O)O)C(=O)O,0
HIVSUB-06895,O=C(CCc1cc(-c2ccco2)n(-c2ccc([N+](=O)[O-])cc2[N+](=O)[O-])n1)Nc1ccccc1,0
HIVSUB-06896,CCOC(=O)C1(CO)CSCCSC1,0
HIVSUB-06897,CN(C)C=NCC(O)c1ccccc1,0
HIVSUB-06898,Nc1ccc2n[se]nc2c1,0
HIVSUB-06899,CC12CCC3C(CCC4c5nn(-c6ccccc6)nc5CCC43C)C1CCC(=O)N2,0
HIVSUB-06900,O=C1c2cc([N+](=O)[O-])ccc2-c2c(S)cccc21,0
HIVSUB-06901,O=C(OCCN1CCSCC1)C(O)(c1ccccc1)c1ccccc1,0
HIVSUB-06902,NC(=O)c1nnn(-c2ccccc2)c1O.[NaH],0
HIVSUB-06903,COc1cc(N)c2c(c1)SCCC(=O)N2,0
HIVSUB-06904,CCNC(=O)CCN(C(=O)O)S(=O)(=O)c1ccc(NC(=O)c2ccccc2)cc1,0
HIVSUB-06905,O=C1CCC(N2C(=O)C3C4C=CC(CC4)C3C2=O)C(=O)N1,0
HIVSUB-06906,N#CC1=C(C#N)N=Cc2ccccc2NCCNc2ccccc2C=N1,0
HIVSUB-06907,COc1ccc2c(c1)[n+]([O-])c(C(=O)CC(=O)C(=O)Nc1cccc(C)c1C)c(C)[n+]2[O-],0
HIVSUB-06908,Cl.O=C1C(=Cc2ccc(O)cc2)CCCC1CN1CCCCC1,0
HIVSUB-06909,O=C1C(Cl)N(c2ccccc2[N+](=O)[O-])C1c1c[nH]c2ccccc12,0
HIVSUB-06910,COC1(CCC(C)COC2OC(CO)C(O)C(O)C2O)OC2CC3C4CC=C5CC(OC6OC(CO)C(OC7OC(C)C(O)C(O)C7O)C(O)C6OC6OC(C)C(O)C(O)C6O)CCC5(C)C4CCC3(C)C2C1C,0
HIVSUB-06911,CC(=O)OCC1OC(n2c(=S)n(-c3ccccc3)c(=S)c3ccccc32)C(OC(C)=O)C(OC(C)=O)C1OC(C)=O,0
HIVSUB-06912,Cc1cc(C)c(C2CC(O)C(CO)O2)cc1C,0
HIVSUB-06913,O=C(NNCc1ccccc1O)c1ccccc1O,0
HIVSUB-06914,CC(C)C(=N)Nc1ccc(Cl)c(Cl)c1,0
HIVSUB-06915,COC(=O)C(Cc1ccccc1I)C1=CCC2(CC1)OCCO2,0
HIVSUB-06916,C=C1c2nc3ccccc3n2C=C(c2ccc(OC)cc2)N1c1ccc(OC)cc1,0
HIVSUB-06917,Cc1ccc2nc(-c3ccccc3)c(N=O)n2c1,0
HIVSUB-06918,Clc1cc2c(c(CSc3nc4ccccc4n4cccc34)c1)OCOC2,0
HIVSUB-06919,O=c1[nH]nc(Cc2ccc(Cl)cc2)n1N=CCCC=Nn1c(Cc2ccc(Cl)cc2)n[nH]c1=O,0
HIVSUB-06920,Cc1nnc(NS(=O)(=O)c2ccc(N=Nc3c(N)n(C)c(=O)n(C)c3=O)cc2)s1,0
HIVSUB-06921,O=C(Nc1ccc(Cl)cc1)NC(O)C(Cl)(Cl)Cl,0
HIVSUB-06922,O=C(NCCCCCCCCNC(=O)c1cc(O)c(O)c(O)c1)c1cc(O)c(O)c(O)c1,0
HIVSUB-06923,O=C(O)c1cc(=O)c2[nH]c3ccccc3c2s1,0
HIVSUB-06924,O=C(Cc1ccccc1)NN1C(=O)C(Cl)C1c1cccc([N+](=O)[O-])c1,0
HIVSUB-06925,CN(C)C1COC2Cc3ccccc3C1O2,0
HIVSUB-06926,O=C(CC(O)(C(F)(F)F)C(F)(F)F)c1cccc(Cl)c1,0
HIVSUB-06927,COc1ccc2nc3ccc(OC)cc3c(SCCCl)c2c1,0
HIVSUB-06928,CCn1c2c(c3ccccc31)C(c1ccccc1)CC1C(=O)N(c3ccccc3)C(=O)C21,0
HIVSUB-06929,O=P1(CCc2ccc(Cl)cc2)CC(Br)C(Br)C1,0
HIVSUB-06930,Oc1ccccc1C1SC(c2ccccc2O)SC(c2ccccc2O)S1,0
HIVSUB-06931,CC(=O)NC(=O)CC(=O)c1ccccc1,0
HIVSUB-06932,c1ccc(SCCC(Sc2ccccc2)Sc2ccccc2)cc1,0
HIVSUB-06933,Cn1c(=O)nc2n(-c3ccc(Cl)cc3)c(-c3ccccc3)c(-c3ccccc3)nc-2c1=O,0
HIVSUB-06934,CN(C)c1ccc(C=NC23CC4CC(CC(C4)C2)C3)cc1,0
HIVSUB-06935,O=C1NNC(=O)C2C3c4ccccc4C(c4ccccc43)C12,0
HIVSUB-06936,COc1cc(C=C2C(=O)N(c3cccc(Cl)c3)C(c3ccccc3)S2(=O)=O)cc(OC)c1OC,0
HIVSUB-06937,CCN(CCN1C(=O)C2CCCCC2C1=O)c1ccc(N=O)c(C)c1,0
HIVSUB-06938,Cc1c2c(cc3c1OCN(Cc1ccccc1)C3)CN(Cc1ccccc1)CO2,0
HIVSUB-06939,OCc1cccc(Nc2nc(O)c3nc[nH]c3n2)c1,0
HIVSUB-06940,CN(C)C=Nc1c(C#N)c(CC#N)nn1-c1ccccc1,0
HIVSUB-06941,O=C1C(=Cc2ccc(Cl)cc2)Cc2ccccc21,0
HIVSUB-06942,CN=c1ncc2nc(-c3ccccc3)c(-c3ccccc3)n(C)c-2n1,0
HIVSUB-06943,CC(C=NNC1=NCCCN1)=NNC1=NCCCN1.I,0
HIVSUB-06944,O=C(CCSSc1ccccn1)ON1C(=O)CCC1=O,0
HIVSUB-06945,O=c1c2ccccc2nc2n1-c1ccccc1SC2,0
HIVSUB-06946,N=C(CSS(=O)(=O)O)NCCCC1CCCCC1,0
HIVSUB-06947,C=C1SC(=Nc2cccc(OC)c2)N(c2nc(Cl)nc(Cl)n2)C1(C)C,0
HIVSUB-06948,CC1(C)OC(CCC=CCO)C(CCC=CCO)O1,0
HIVSUB-06949,CC1Oc2c(c(O)cc3oc(=O)cc(-c4ccccc4)c23)C(=O)C1C,0
HIVSUB-06950,OC(c1ccc2c(c1)OCO2)c1ccc2c(c1)OCO2,0
HIVSUB-06951,N#Cc1ccc(C2OCC3CC=CCC3CO2)cc1,0
HIVSUB-06952,Cc1nc2c(ccc3c(C)c(C)c(C)nc32)c(C)c1C,0
HIVSUB-06953,C[N+](C)(C)C.O=S(=O)([O-])c1cc(N=Nc2cc(S(=O)(=O)[O-])c3cccnc3c2O)ccc1C=Cc1ccc(N=Nc2cc(S(=O)(=O)[O-])c3cccnc3c2O)cc1S(=O)(=O)[O-],1
HIVSUB-06954,O=C(c1ccc(NCN2C(=O)CCC2=O)cc1)c1ccc(NCN2C(=O)CCC2=O)cc1,0
HIVSUB-06955,O=C1NC(NN=Cc2ccccc2)=NC1=Cc1ccc(Cl)cc1,0
HIVSUB-06956,N#CC(=Cc1cccc(Cl)c1)C(=O)c1ccccc1,0
HIVSUB-06957,CC(=O)Nc1cc2cc(N=CN(C)C)ccc2oc1=O,0
HIVSUB-06958,C=C(C)C1Cc2c(cc(O)c3c(=O)c4c(oc23)C(O)Oc2cc(OC)c(OC)cc2-4)O1,0
HIVSUB-06959,O=C(O)c1ccccc1CC1Cc2ccc3c(c2C1=O)CCC3,0
HIVSUB-06960,CC1(C)CCNc2ccccc2S1,0
HIVSUB-06961,CCN(CC)CCOc1ccc(S(=O)(=O)c2ccc(OCCN(CC)CC)cc2)cc1,0
HIVSUB-06962,N=C1N(c2ccccc2)C(=S)C(=Nc2ccccc2)N1c1ccccc1,0
HIVSUB-06963,O=S(=O)(NN=Cc1c(Cl)cccc1Cl)c1ccccc1,0
HIVSUB-06964,N#Cc1n[nH]c2[nH]c(=S)sc(=N)c12,0
HIVSUB-06965,CC(C)CC1=CC(=O)CN(CCc2c[nH]c3ccccc23)C1,0
HIVSUB-06966,CCc1cc2c(oc3cc4ccccc4cc32)c(O)n1,0
HIVSUB-06967,Cc1sc(N)c(S(=O)(=O)c2ccccc2)c1C,1
HIVSUB-06968,CC(=O)OCC1OC(n2c(N)c(C#N)c(-c3ccccc3)c(C#N)c2=S)C(OC(C)=O)C(OC(C)=O)C1OC(C)=O,0
HIVSUB-06969,O=C(c1cccs1)N(C(=S)N1CCN(c2ccccn2)CC1)c1ccccc1,0
HIVSUB-06970,C[Si](C)(C)C(CCCCSc1ccccc1)(Sc1ccccc1)Sc1ccccc1,0
HIVSUB-06971,COC(=O)C(Cc1ccccc1)N1OC12CCCCC2NC(=O)OC(C)(C)C,0
HIVSUB-06972,CCC(OCc1ccccc1)C(C)=CCC(C)C=C(Br)Br,0
HIVSUB-06973,Oc1ccccc1C=NNC(=S)Nc1ccc2c[nH]nc2c1,0
HIVSUB-06974,CCOP(=O)(OCC)C(=Cn1c(=S)[nH]c2ccccc21)C(=O)OC,0
HIVSUB-06975,CC(C)C(Cl)=NOC(=O)Nc1cccc(F)c1,0
HIVSUB-06976,CN(C)CC1C2C=CC(C2)C1CO,0
HIVSUB-06977,O=C1CC2C(N3CCCC3)CCC(N1Cc1ccccc1)C2(O)O,0
HIVSUB-06978,COc1ccc(CC2NCC(O)C2OC(C)=O)cc1,0
HIVSUB-06979,CN1CCOC1c1ccccc1O,0
HIVSUB-06980,NN=C1C(=O)N(c2ccc(Cl)c(Cl)c2)C(=O)C1C(=O)Nc1ccc(Cl)c(Cl)c1,0
HIVSUB-06981,CC1(C)OC(=O)C(C)(C(O)c2ccccc2)O1,0
HIVSUB-06982,Brc1ccc(N2N=NC3C4CC(C5CCCC54)C32)cc1,0
HIVSUB-06983,COc1cc(C2c3cc4c(cc3OC(O)C2C)OCO4)cc(OC)c1O,0
HIVSUB-06984,CC1(C)C2C=C(CCN3CCOCC3)CC1C2,0
HIVSUB-06985,COCC(N=CN1CCc2cc(OC)ccc2C1)C(C)C,0
HIVSUB-06986,CC12CCCC(OC=O)C1(O)CC(C(=O)O)CC2,0
HIVSUB-06987,CC1=[O+][Co-4]23(NCCN2CCNC(=O)c2cccc4nc5ccccc5nc24)([O+]=C(C)[C-]1C)[O+]=C(C)[C-](C)C(C)=[O+]3.[Cl-],0
HIVSUB-06988,O=C(O)C1CCS(=O)(=O)N1,0
HIVSUB-06989,Cc1cn(C2CC(OC(c3ccccc3)(c3ccccc3)c3ccccc3)C(COC(c3ccccc3)(c3ccccc3)c3ccccc3)O2)c(=O)[nH]c1=O,0
HIVSUB-06990,COc1ccc(C=C2CN(C)CC(=Cc3ccc(OC)cc3)C2=O)cc1.Cl,0
HIVSUB-06991,O=C1NCN(c2ccccc2)C12CCN(CC1COc3ccccc3O1)CC2,0
HIVSUB-06992,CC1=NN(c2ccccc2)C(=O)C1N=Nc1ccc(S(=O)(=O)Nc2ncccn2)cc1,0
HIVSUB-06993,Cc1noc2c1C(=O)CCC2,0
HIVSUB-06994,O=C(CCc1nnc2sc(=Cc3ccc4c(c3)OCO4)c(=O)n12)Nc1cc(Cl)ccc1Cl,0
HIVSUB-06995,CC(=O)N(C)c1ccc2ncccc2c1[N+](=O)[O-],0
HIVSUB-06996,S=C(NCCCCCCNC(=S)Nc1c2ccccc2nc2ccccc12)Nc1c2ccccc2nc2ccccc12,0
HIVSUB-06997,O=S1(=O)OCCCCO1,0
HIVSUB-06998,CN1CCN(Cc2cc3c(nn2)-c2ccccc2C3=O)CC1,0
HIVSUB-06999,N#Cc1ccnc(C(=O)N2CCCC2C(=O)O)c1,0
