ID,Smiles String,label
TOX21SRP53-00000,CCOc1ccc2nc(S(N)(=O)=O)sc2c1,0
TOX21SRP53-00001,CCN1C(=O)NC(c2ccccc2)C1=O,0
TOX21SRP53-00002,CCCN(CC)C(CC)C(=O)Nc1c(C)cccc1C,0
TOX21SRP53-00003,CC(O)(P(=O)(O)O)P(=O)(O)O,0
TOX21SRP53-00004,CC(C)(C)OOC(C)(C)CCC(C)(C)OOC(C)(C)C,0
TOX21SRP53-00005,O=S(=O)(Cl)c1ccccc1,0
TOX21SRP53-00006,O=C(O)Cc1cc(I)c(Oc2ccc(O)c(I)c2)c(I)c1,1
TOX21SRP53-00007,OC[C@H](O)[C@@H](O)[C@H](O)CO,0
TOX21SRP53-00008,NC(=O)c1ccc[n+]([C@@H]2O[C@H](COP(=O)([O-])OP(=O)(O)OC[C@H]3O[C@@H](n4cnc5c(N)ncnc54)[C@H](O)[C@@H]3O)[C@@H](O)[C@H]2O)c1,0
TOX21SRP53-00009,O=c1[nH]c(=O)n([C@H]2C[C@H](O)[C@@H](CO)O2)cc1I,0
TOX21SRP53-00010,CC(C)COC(=O)C(C)C,0
TOX21SRP53-00011,C=C(C)C(=O)OCCOC(=O)C(=C)C,0
TOX21SRP53-00012,O=C([O-])Cc1cccc2ccccc12,0
TOX21SRP53-00013,CCN(CC)C(=O)c1cccnc1,0
TOX21SRP53-00014,COc1cc(O)cc(O)c1,0
TOX21SRP53-00015,CCOc1ccc(S(=O)(=O)O)c2cccnc12,0
TOX21SRP53-00016,O=C(O)[C@H](O)c1ccccc1,0
TOX21SRP53-00017,Nc1ccc(/N=N/c2ccccc2)cc1,0
TOX21SRP53-00018,CN1[C@H]2CC[C@@H]1C[C@H](OC(=O)c1cc(Cl)cc(Cl)c1)C2,0
TOX21SRP53-00019,CN(C)CCCN1c2ccccc2CCc2ccc(Cl)cc21,0
TOX21SRP53-00020,C#CCO,0
TOX21SRP53-00021,Nc1ccccc1S(=O)(=O)O,0
TOX21SRP53-00022,CC(O)CC(C)(C)O,0
TOX21SRP53-00023,CC(C)(C)CC(C)(C)N,0
TOX21SRP53-00024,CC(=O)CC(C)C,0
TOX21SRP53-00025,CCCC(C)=O,0
TOX21SRP53-00026,Nc1nc2ccccc2[nH]1,0
TOX21SRP53-00027,Oc1c(Cl)c(Cl)c(Cl)c(Cl)c1Cl,1
TOX21SRP53-00028,c1ccc(-c2ccccc2)cc1,0
TOX21SRP53-00029,CNC(=O)Nc1ccc(Cl)c(Cl)c1,0
TOX21SRP53-00030,CC(=O)Nc1ccc(C)c(Cl)c1,0
TOX21SRP53-00031,CCCCNC(=S)NCCCC,0
TOX21SRP53-00032,CCCCNC(=O)NCCCC,0
TOX21SRP53-00033,CC(C)N(c1ccccc1)C(C)C,0
TOX21SRP53-00034,CCc1cccc(C)c1,0
TOX21SRP53-00035,CC(C)CCCCCCCOP(OCCCCCCCC(C)C)Oc1ccccc1,0
TOX21SRP53-00036,CCCCCCCC/C=C\CCCCCCCC(=O)OC(CO)CO,0
TOX21SRP53-00037,CCCCCCCCCCC=CC1CC(=O)OC1=O,0
TOX21SRP53-00038,CS(=O)(=O)NC(=O)c1cc(Oc2ccc(C(F)(F)F)cc2Cl)ccc1[N+](=O)[O-],0
TOX21SRP53-00039,CCOP(=S)(CC)Sc1ccccc1,0
TOX21SRP53-00040,CC/C=C\CCCCO,0
TOX21SRP53-00041,Nc1ccccc1C(=O)Oc1ccc2ccccc2c1,0
TOX21SRP53-00042,C=C[C@H]1CN2CCC1C[C@H]2[C@H](O)c1ccnc2ccc(OC)cc12,0
TOX21SRP53-00043,CC(=O)CCC(C)=O,0
TOX21SRP53-00044,N#CCCNCCC#N,0
TOX21SRP53-00045,CCOc1ccc(N=Nc2ccc(C=Cc3ccc(N=Nc4ccc(OCC)cc4)cc3S(=O)(=O)[O-])c(S(=O)(=O)[O-])c2)cc1,0
TOX21SRP53-00046,O=C1c2ccccc2C(=O)C1c1ccc2cc(S(=O)(=O)[O-])cc(S(=O)(=O)[O-])c2n1,0
TOX21SRP53-00047,O=C(Nc1ccc2c(O)c(N=Nc3ccc(N=Nc4ccc(S(=O)(=O)[O-])cc4)cc3)c(S(=O)(=O)[O-])cc2c1)c1ccccc1,0
TOX21SRP53-00048,CSc1ccc2c(c1)C(N1CCN(C)CC1)Cc1ccccc1S2,0
TOX21SRP53-00049,COCCCC/C(=N\OCCN)c1ccc(C(F)(F)F)cc1,0
TOX21SRP53-00050,Cc1ccccc1CCO,0
TOX21SRP53-00051,Cc1nc(C)c(C)nc1C,0
TOX21SRP53-00052,CC1=CC(O)CC(C)(C)C1,0
TOX21SRP53-00053,Cc1cnc(C)c(C)n1,0
TOX21SRP53-00054,CC(C)COC(=O)c1ccccc1,0
TOX21SRP53-00055,C=C(C)[C@@H]1CC=C(C)CC1,0
TOX21SRP53-00056,O=[N+]([O-])[O-].O=[N+]([O-])[O-].[Ca+2],0
TOX21SRP53-00057,CC1COc2ccccc2N1,0
TOX21SRP53-00058,O=C(O)c1cc(Cl)cc(Cl)c1O,0
TOX21SRP53-00059,CC(C)CCCCCOC(=O)CCS,0
TOX21SRP53-00060,O=[N+]([O-])c1cc([As](=O)(O)O)ccc1O,0
TOX21SRP53-00061,CCC(COC(=O)CCS)(COC(=O)CCS)COC(=O)CCS,1
TOX21SRP53-00062,C=CCOc1c(Br)cc(Br)cc1Br,0
TOX21SRP53-00063,F[B-](F)(F)F.[H+],0
TOX21SRP53-00064,CC(C)[C@H]1CC[C@H](C)C[C@@H]1O,0
TOX21SRP53-00065,C(=C/c1ccccc1)\c1ccccc1,0
TOX21SRP53-00066,Cc1ccc2c(ccc3ccccc32)c1,0
TOX21SRP53-00067,Cn1c(=O)c2c(ncn2CC2OCCO2)n(C)c1=O,0
TOX21SRP53-00068,C[C@H]1O[C@@H](n2cc(F)c(=O)[nH]c2=O)[C@H](O)[C@@H]1O,1
TOX21SRP53-00069,CN1CCc2cccc3c2[C@H]1Cc1ccc(O)c(O)c1-3,0
TOX21SRP53-00070,COC(=O)C1=CCCN(C)C1,0
TOX21SRP53-00071,Cc1ccc(C(=O)O)cc1[N+](=O)[O-],0
TOX21SRP53-00072,Cc1cc(C(=O)O)ccc1[N+](=O)[O-],0
TOX21SRP53-00073,CCCC(CCC)C(=O)O[C@@H]1C[C@@H]2CC[C@H](C1)[N+]2(C)C,0
TOX21SRP53-00074,CCCCCC(C)O,0
TOX21SRP53-00075,O=C([O-])c1ccccc1O,0
TOX21SRP53-00076,NC(=O)c1ccccc1,0
TOX21SRP53-00077,CC(C)(C)[C@]1(O)CCN2C[C@H]3c4ccccc4CCc4cccc(c43)[C@@H]2C1,0
TOX21SRP53-00078,O=C1C(N(CO)C(=O)NCO)N(CO)C(=O)N1CO,0
TOX21SRP53-00079,O=c1[nH]c(=O)n([C@H]2C[C@H](O)[C@@H](CO)O2)cc1/C=C/Br,0
TOX21SRP53-00080,OCCN1CCN(CCCN2c3ccccc3C=Cc3ccccc32)CC1,0
TOX21SRP53-00081,CC(C)NC[C@@H](O)COc1ccc(CC(N)=O)cc1,0
TOX21SRP53-00082,CCNC(=O)N1CCN(CCCC(c2ccc(F)cc2)c2ccc(F)cc2)CC1,0
TOX21SRP53-00083,Nc1ccc([N+](=O)[O-])cc1N,0
TOX21SRP53-00084,[I-].[K+],0
TOX21SRP53-00085,O=C(C=Cc1ccc(O)c(O)c1)O[C@@H]1C[C@](O)(C(=O)O)C[C@@H](O)[C@H]1O,0
TOX21SRP53-00086,Oc1nc(Cl)c(Cl)cc1Cl,0
TOX21SRP53-00087,C/C=C/C=C/C=O,0
TOX21SRP53-00088,O=[N+]([O-])c1cc(C(F)(F)F)cc([N+](=O)[O-])c1Cl,0
TOX21SRP53-00089,C[Si](C)(C)N[Si](C)(C)C,0
TOX21SRP53-00090,C=CC(=O)OCCCl,0
TOX21SRP53-00091,COCC(C)N(C(=O)CCl)c1c(C)csc1C,0
TOX21SRP53-00092,CN(C)CCn1nnnc1SCC1=C(C(=O)O)N2C(=O)[C@@H](NC(=O)Cc3csc(N)n3)[C@H]2SC1,0
TOX21SRP53-00093,C/C(=N\NC(=O)Nc1cc(F)cc(F)c1)c1ncccc1C(=O)[O-],0
TOX21SRP53-00094,CCN(CC)CCOC(=O)C(Cc1cccc2ccccc12)CC1CCCO1,0
TOX21SRP53-00095,CCN[C@H]1C[C@H](C)S(=O)(=O)c2sc(S(N)(=O)=O)cc21,0
TOX21SRP53-00096,CCN[C@H]1CN(CCCOC)S(=O)(=O)c2sc(S(N)(=O)=O)cc21,0
TOX21SRP53-00097,CC(C)N(CCC(C(N)=O)(c1ccccc1)c1ccccn1)C(C)C,0
TOX21SRP53-00098,CC[C@H]1[C@@H]2C[C@H]3[C@@H]4N(C)c5ccccc5[C@]45C[C@@H](C2[C@H]5O)N3[C@@H]1O,0
TOX21SRP53-00099,CC1(C)O[C@@H]2C[C@H]3[C@@H]4C[C@H](F)C5=CC(=O)C=C[C@]5(C)[C@H]4[C@@H](O)C[C@]3(C)[C@]2(C(=O)CO)O1,0
TOX21SRP53-00100,CSC(=O)c1c(C(F)F)nc(C(F)(F)F)c(C(=O)SC)c1CC(C)C,0
TOX21SRP53-00101,O=C(O)/C=C(\CC(=O)O)C(=O)O,0
TOX21SRP53-00102,CCCCCCCCCCCCCCCC(=O)O[C@@H]1CC(C)=C(/C=C/C(C)=C/C=C/C(C)=C/C=C\C=C(C)\C=C\C=C(C)\C=C\C2=C(C)C[C@@H](OC(=O)CCCCCCCCCCCCCCC)CC2(C)C)C(C)(C)C1,0
TOX21SRP53-00103,CC1=C(C(=O)Nc2ccccc2)S(=O)(=O)CCO1,1
TOX21SRP53-00104,CC(C)(C)C1CCC(=O)CC1,0
TOX21SRP53-00105,CN(C)[C@@H]1C(O)=C(C(=O)NCN2CCCC2)C(=O)[C@@]2(O)C(O)=C3C(=O)c4c(O)cccc4[C@@](C)(O)C3C[C@@H]12,0
TOX21SRP53-00106,CN(C)CCc1c[nH]c2ccc(Cn3cncn3)cc12,0
TOX21SRP53-00107,CCCCC(=O)[O-],0
TOX21SRP53-00108,CCCCCCCCCCCCCC(=O)OC,0
TOX21SRP53-00109,CCCCCCC(C)O,0
TOX21SRP53-00110,CCC[Si](OC)(OC)OC,0
TOX21SRP53-00111,CC1=C(CC=O)C(C)(C)CCC1,0
TOX21SRP53-00112,NCCNCCNCCN,0
TOX21SRP53-00113,C[C@]12CC[C@H]3[C@@H](CC[C@@]45O[C@@H]4C(O)=C(C#N)C[C@]35C)[C@@H]1CC[C@@H]2O,1
TOX21SRP53-00114,CCCC1COC(Cn2cncn2)(c2ccc(Cl)cc2Cl)O1,0
TOX21SRP53-00115,Cc1ccc(N)c(N)c1,0
TOX21SRP53-00116,CCCCCNCCCCC,0
TOX21SRP53-00117,COCC(C)O,0
TOX21SRP53-00118,c1ccc2c(c1)Oc1ccccc1S2,0
TOX21SRP53-00119,CC1CN1,0
TOX21SRP53-00120,CCc1cnc(C2=NC(C)(C(C)C)C(=O)N2)c(C(=O)O)c1,0
TOX21SRP53-00121,Clc1cnc(Oc2ccc(Oc3ncc(Cl)cc3Cl)cc2)c(Cl)c1,0
TOX21SRP53-00122,COc1ccccc1OCCNCC(O)COc1cccc2[nH]c3ccccc3c12,0
TOX21SRP53-00123,ClCOCCl,0
TOX21SRP53-00124,CC(O)CNCC(C)O,0
TOX21SRP53-00125,C[C@H](CCC(=O)[O-])[C@H]1CC[C@H]2[C@H]3[C@H](C[C@H](O)[C@@]21C)[C@@]1(C)CC[C@@H](O)C[C@H]1C[C@H]3O,0
TOX21SRP53-00126,CC(=O)[C@H]1[C@H](C#N)C[C@H]2[C@@H]3CC=C4C[C@@H](O)CC[C@]4(C)[C@H]3CC[C@@]21C,0
TOX21SRP53-00127,O=[N+]([O-])c1ccc([As](=O)(O)O)cc1,0
TOX21SRP53-00128,CCOC(=O)C1OC1c1ccccc1,0
TOX21SRP53-00129,ONc1ccccc1,0
TOX21SRP53-00130,O=CC(=O)c1ccccc1,0
TOX21SRP53-00131,[Cu]I,0
TOX21SRP53-00132,CCCCC(CC)CCC(CC(C)C)OS(=O)(=O)[O-],0
TOX21SRP53-00133,O=C(O)CCCCCCCCC(=O)O,0
TOX21SRP53-00134,CCCCCCCC(=O)OC,0
TOX21SRP53-00135,CC(O)COCC(C)O,0
TOX21SRP53-00136,O=C([O-])COc1nn(Cc2ccccc2)c2ccccc12,0
TOX21SRP53-00137,Cc1ncc[nH]1,0
TOX21SRP53-00138,Oc1ccc2c(c1)OC[C@@H](N1CCC(O)(c3ccc(F)cc3)CC1)[C@H]2O,0
TOX21SRP53-00139,O=C(O)CCN(C1(C(=O)NO)CCCC1)S(=O)(=O)c1ccc(Oc2ccc(F)cc2)cc1,0
TOX21SRP53-00140,O=C(NO)C1(NS(=O)(=O)c2ccc(Oc3ccc(F)cc3)cc2)CCOCC1,0
TOX21SRP53-00141,Cc1nc(C)nc(N2C[C@H](C)N(c3ccnc([C@@H](C)O)n3)[C@H](C)C2)n1,0
TOX21SRP53-00142,CC[C@H](C)[C@@H](C(=O)O)n1sc2ccccc2c1=O,0
TOX21SRP53-00143,Cc1cc(SC2=C(O)C[C@@](CCc3ccc(N)cc3)(C(C)C)OC2=O)c(C(C)(C)C)cc1CO,0
TOX21SRP53-00144,CCn1nc(C)c2c1C(=O)NCC(c1ccc(O)cc1)=N2,0
TOX21SRP53-00145,C[C@]12C[C@H](O)[C@H]3[C@@H](CCC4=CC(=O)CC[C@@]43C)[C@@H]1CC[C@]2(O)C(=O)COP(=O)([O-])[O-],0
TOX21SRP53-00146,CO[C@H]1C[C@H](O[C@@H]2[C@@H](C)C(=O)O[C@H](C)[C@H](C)[C@H](OC(C)=O)[C@@H](C)C(=O)[C@@]3(CO3)C[C@H](C)[C@H](O[C@@H]3O[C@H](C)C[C@H](N(C)C)[C@H]3OC(C)=O)[C@H]2C)O[C@@H](C)[C@@H]1OC(C)=O,0
TOX21SRP53-00147,CO[Si](C)(C)OC,0
TOX21SRP53-00148,CC(O)(c1ccc(Cl)cc1)c1ccc(Cl)cc1,0
TOX21SRP53-00149,CN(C)C(=O)Nc1ccc(Oc2ccc(Cl)cc2)cc1,0
TOX21SRP53-00150,CC(=O)c1ccccc1O,0
TOX21SRP53-00151,O=C(O)Cc1c(Cl)ccc(Cl)c1Cl,0
TOX21SRP53-00152,O=C(O)c1cccc(Cl)n1,0
TOX21SRP53-00153,CCCCCCCCCC=O,0
TOX21SRP53-00154,Cc1ccc(C(C)(C)C)cc1,0
TOX21SRP53-00155,BrCBr,0
TOX21SRP53-00156,Nc1cc(Cl)cc(Cl)c1,0
TOX21SRP53-00157,CCCCCCCCCC(=O)O,0
TOX21SRP53-00158,O.O.O.O.O.O.O=[N+]([O-])[O-].O=[N+]([O-])[O-].[Mg+2],0
TOX21SRP53-00159,CCCCCCCCCOS(=O)(=O)[O-],0
TOX21SRP53-00160,O=Cc1ccc(C(=O)O)cc1,0
TOX21SRP53-00161,CCC(Cl)CCl,0
TOX21SRP53-00162,CC(C)(O)c1ccccc1,0
TOX21SRP53-00163,O=C1CCCN1,0
TOX21SRP53-00164,ClCc1ccccc1Cl,0
TOX21SRP53-00165,Cc1ccc([N+](=O)[O-])c([N+](=O)[O-])c1,0
TOX21SRP53-00166,N#CC1(N=NC2(C#N)CCCCC2)CCCCC1,0
TOX21SRP53-00167,N#CCc1cccc(C(F)(F)F)c1,0
TOX21SRP53-00168,COc1cccc(Br)c1,0
TOX21SRP53-00169,CCCCCCCCNC,0
TOX21SRP53-00170,CCC1OCC(COc2ccc(Oc3ccccc3)cc2)O1,0
TOX21SRP53-00171,CC1=C(C(=O)Nc2ccccc2)SCCO1,0
TOX21SRP53-00172,CCCCN(CCCC)SN(C)C(=O)Oc1cccc2c1OC(C)(C)C2,0
TOX21SRP53-00173,Cc1cc(OC(=O)N(C)C)nn1C(=O)N(C)C,0
TOX21SRP53-00174,O=c1c(O)c(-c2ccc(O)cc2)oc2cc(O)cc(O)c12,0
TOX21SRP53-00175,CC(O)COc1ccccc1,0
TOX21SRP53-00176,O=P1(NCCCl)OCCCN1CCCl,0
TOX21SRP53-00177,C=CC(=C)C,0
TOX21SRP53-00178,CC(C)O,0
TOX21SRP53-00179,CC(C)OC(=O)Nc1cccc(Cl)c1,0
TOX21SRP53-00180,CC(C)OC(=O)Nc1ccccc1,0
TOX21SRP53-00181,CC=Cc1ccc2c(c1)OCO2,0
TOX21SRP53-00182,CCCC(CCC)C(=O)[O-],0
TOX21SRP53-00183,CC1COc2c(N3CCN(C)CC3)c(F)cc3c(=O)c(C(=O)O)cn1c23,0
TOX21SRP53-00184,CC(=O)Oc1cc(C)c(OC(C)=O)c2ccccc12,1
TOX21SRP53-00185,CCN(Cc1ccc(Cl)nc1)/C(=C/[N+](=O)[O-])NC,0
TOX21SRP53-00186,O=C(c1ccccc1)c1cc(Cl)ccc1O,0
TOX21SRP53-00187,OC[C@]1(O)OC[C@@H](O)[C@H](O)[C@@H]1O,0
TOX21SRP53-00188,Cc1ccc(C=C2C(=O)C3CCC2C3(C)C)cc1,0
TOX21SRP53-00189,CC(C)C[P+](C)(CC(C)C)CC(C)C,0
TOX21SRP53-00190,C=C1C[C@]23CC[C@@H]4[C@](C)(C(=O)O[C@@H]5O[C@H](CO)[C@@H](O)[C@H](O)[C@H]5O)CCC[C@]4(C)[C@@H]2C[C@@H](O[C@@H]2O[C@H](CO)[C@@H](O)[C@H](O[C@@H]4O[C@H](CO)[C@@H](O)[C@H](O)[C@H]4O)[C@H]2OC2O[C@H](CO)[C@@H](O)[C@H](O)[C@H]2O)[C@@H]1C3,0
TOX21SRP53-00191,CCCCC(CC)COC(=O)c1ccc(C(=O)OCC(CC)CCCC)c(C(=O)OCC(CC)CCCC)c1,0
TOX21SRP53-00192,O=c1n(CCO)c(=O)n(CCO)c(=O)n1CCO,0
TOX21SRP53-00193,Cc1cc(C)cc(OP(=O)(Oc2cc(C)cc(C)c2)Oc2cc(C)cc(C)c2)c1,0
TOX21SRP53-00194,O=P(OC(CCl)CCl)(OC(CCl)CCl)OC(CCl)CCl,0
TOX21SRP53-00195,O=c1n(CC2CO2)c(=O)n(CC2CO2)c(=O)n1CC1CO1,1
TOX21SRP53-00196,Cc1cc(-c2ccc(N=Nc3c(S(=O)(=O)[O-])cc4cc(S(=O)(=O)[O-])cc(N)c4c3O)c(C)c2)ccc1N=Nc1c(S(=O)(=O)[O-])cc2cc(S(=O)(=O)[O-])cc(N)c2c1O,0
TOX21SRP53-00197,O=C(O)c1ccc(O)cc1O,0
TOX21SRP53-00198,CC1=CC(C)(C)Nc2ccccc21,0
TOX21SRP53-00199,CC(C)CNCC(C)C,0
TOX21SRP53-00200,CNC1(c2ccccc2Cl)CCCCC1=O,0
TOX21SRP53-00201,Cc1ccccc1OCC(O)CNCCOc1ccc(C(N)=O)cc1,0
TOX21SRP53-00202,O=c1oc2cc(O)ccc2c2oc3cc(O)ccc3c12,0
TOX21SRP53-00203,O=c1cc(-c2ccc(O)cc2)oc2cc(O)cc(O)c12,1
TOX21SRP53-00204,CCC(=O)N(c1ccccc1)C1CCN(CCc2ccccc2)CC1,0
TOX21SRP53-00205,O=C(O)CCC(=O)c1ccc(-c2ccccc2)cc1,0
TOX21SRP53-00206,NC(=O)OCC(COC(N)=O)c1ccccc1,0
TOX21SRP53-00207,CCNC(C)Cc1cccc(C(F)(F)F)c1,0
TOX21SRP53-00208,COC(=O)c1ccc(C)cc1C1=NC(=O)C(C)(C(C)C)N1,0
TOX21SRP53-00209,CCOP(=S)(NC(C)C)Oc1ccccc1C(=O)OC(C)C,0
TOX21SRP53-00210,CSc1nc(NC2CC2)nc(NC(C)(C)C)n1,0
TOX21SRP53-00211,C[C@]12CC[C@H]3[C@@H](CCC4=CC(=O)CC[C@@]43C)[C@@H]1CC[C@@H]2C(=O)CO,0
TOX21SRP53-00212,CCC1(C)CC(=O)NC(=O)C1,0
TOX21SRP53-00213,O=C1NCN(c2ccccc2)C12CCN(CCCOc1ccc(F)cc1)CC2,0
TOX21SRP53-00214,NC(=S)NNC(N)=S,0
TOX21SRP53-00215,NC(=S)C(N)=S,0
TOX21SRP53-00216,CC1CN1P(=O)(N1CC1C)N1CC1C,0
TOX21SRP53-00217,O=C(Oc1ccccc1)Oc1ccccc1,0
TOX21SRP53-00218,C[Hg]Cl,1
TOX21SRP53-00219,S=c1[nH]cnc2[nH]cnc12,1
TOX21SRP53-00220,[Hg+2],1
TOX21SRP53-00221,CCCCCCCCCCCCNC(=N)N,0
TOX21SRP53-00222,CN(C)CCN(Cc1cccs1)c1ccccn1,0
TOX21SRP53-00223,COc1nn(CSP(=S)(OC)OC)c(=O)s1,0
TOX21SRP53-00224,CC(=O)[C@H]1CC[C@H]2[C@@H]3CC[C@H]4C[C@](C)(O)CC[C@]4(C)[C@H]3CC[C@]12C,0
TOX21SRP53-00225,O=C([O-])CCC/C=C\C[C@H]1[C@@H](O)C[C@@H](O)[C@@H]1/C=C/[C@@H](O)COc1cccc(Cl)c1,0
TOX21SRP53-00226,O=C(O)Cc1ccc(CCNS(=O)(=O)c2ccc(Cl)cc2)cc1,0
TOX21SRP53-00227,NC(=O)c1cn(Cc2c(F)cccc2F)nn1,0
TOX21SRP53-00228,COc1ccc(C=CC(=O)OCCC(C)C)cc1,0
TOX21SRP53-00229,O=C(NC1CCN(CCc2c[nH]c3ccccc23)CC1)c1ccccc1,0
TOX21SRP53-00230,CCn1cc[n+](C)c1C.O=S(=O)([O-])C(F)(F)F,0
TOX21SRP53-00231,Clc1ccc2cc3ccccc3cc2c1,1
TOX21SRP53-00232,CCCCn1cc[n+](C)c1.F[B-](F)(F)F,0
TOX21SRP53-00233,F/C(COc1ccc2c(c1)[nH]c1ccccc12)=C1/CN2CCC1CC2,0
TOX21SRP53-00234,CC(C)Cc1ccc([C@@H](C)C(=O)NS(C)(=O)=O)cc1,0
TOX21SRP53-00235,CCCCN(CCCC)C(=S)SSC(=S)N(CCCC)CCCC,0
TOX21SRP53-00236,CCC[n+]1ccn(C)c1C.O=S(=O)([N-]S(=O)(=O)C(F)(F)F)C(F)(F)F,0
TOX21SRP53-00237,Brc1c2ccccc2cc2ccccc12,1
TOX21SRP53-00238,CCO/C=C1\N=C(c2ccccc2)OC1=O,0
TOX21SRP53-00239,CNc1cc(OC)c(C(=O)N[C@H]2CCN(Cc3ccccc3)[C@H]2C)cc1Cl,0
TOX21SRP53-00240,CCN1CCCC1CNC(=O)c1cc(S(=O)(=O)CC)c(N)cc1OC,0
TOX21SRP53-00241,COc1cc2c(cc1OC)C1CC(=O)C(CC(C)C)CN1CC2,0
TOX21SRP53-00242,Cc1cc(C)cc(C(=O)OC2C[C@@H]3CC[C@H](C2)N3C)c1,0
TOX21SRP53-00243,CC[N+]1(C)CCCC1.O=S(=O)([O-])C(F)(F)F,0
TOX21SRP53-00244,CNC(=O)/C=C(\C)OP(=O)(OC)OC,0
TOX21SRP53-00245,Cc1occc1SSc1ccoc1C,1
TOX21SRP53-00246,Cc1cc(C(F)(C(F)(F)F)C(F)(F)F)ccc1NC(=O)c1cccc(I)c1C(=O)NC(C)(C)CS(C)(=O)=O,0
TOX21SRP53-00247,CC=CC(=O)CC,0
TOX21SRP53-00248,CC1OCCC1=O,0
TOX21SRP53-00249,CC1CCCC(=O)C1=O,0
TOX21SRP53-00250,CC1=C(O)C(=O)OC1C,0
TOX21SRP53-00251,c1cnc2c(n1)CCCC2,0
TOX21SRP53-00252,CCCCc1ccc2cccc(S(=O)(=O)[O-])c2c1,0
TOX21SRP53-00253,Cc1cc(S(=O)(=O)[O-])ccc1/N=N/c1c(O)ccc2ccccc12,0
TOX21SRP53-00254,Cc1ccc(N=Nc2c(O)ccc(N=Nc3ccc(S(=O)(=O)[O-])cc3)c2O)c(C)c1,0
TOX21SRP53-00255,Nc1cnn([C@@H]2O[C@H](CO)[C@@H](O)[C@H]2O)c(=O)n1,1
TOX21SRP53-00256,CCNc1nc(Cl)nc(NC(C)(C)C)n1,0
TOX21SRP53-00257,NS(=O)(=O)c1cc2c(cc1Cl)N=CNS2(=O)=O,0
TOX21SRP53-00258,Oc1c(Cl)cc(Cl)c2cccnc12,1
TOX21SRP53-00259,NC(=O)OCC(O)COc1ccc(Cl)cc1,0
TOX21SRP53-00260,CN(C)CCCN1c2ccccc2Sc2ccc(Cl)cc21,1
TOX21SRP53-00261,O=[Cr](=O)([O-])O[Cr](=O)(=O)[O-],1
TOX21SRP53-00262,O=P(Cl)(Cl)Cl,0
TOX21SRP53-00263,CCN(Cc1cccc(S(=O)(=O)[O-])c1)c1ccc(C(=C2C=CC(=[N+](CC)Cc3cccc(S(=O)(=O)[O-])c3)C=C2)c2ccccc2)cc1,0
TOX21SRP53-00264,CC(C)COC(=O)COc1cc(Cl)c(Cl)cc1Cl,0
TOX21SRP53-00265,O=C(OC[C@H]1O[C@@H](OC(=O)c2cc(O)c(O)c(OC(=O)c3cc(O)c(O)c(O)c3)c2)[C@H](OC(=O)c2cc(O)c(O)c(OC(=O)c3cc(O)c(O)c(O)c3)c2)[C@@H](OC(=O)c2cc(O)c(O)c(OC(=O)c3cc(O)c(O)c(O)c3)c2)[C@@H]1OC(=O)c1cc(O)c(O)c(OC(=O)c2cc(O)c(O)c(O)c2)c1)c1cc(O)c(O)c(OC(=O)c2cc(O)c(O)c(O)c2)c1,1
TOX21SRP53-00266,CN(C)CCOC(c1ccccc1)c1ccccc1,0
TOX21SRP53-00267,COC(=O)c1ccc(C)cc1,0
TOX21SRP53-00268,CN(C)CCCN1c2ccccc2C(C)(C)c2ccccc21,0
TOX21SRP53-00269,CC(=O)C=Cc1ccccc1,0
TOX21SRP53-00270,Cc1c[nH]c(=S)[nH]c1=O,0
TOX21SRP53-00271,COc1ccc2cc1Oc1cc3c(cc1OC)CC[N+](C)(C)[C@H]3Cc1ccc(cc1)Oc1c(OC)c(OC)cc3c1[C@@H](C2)[N+](C)(C)CC3,0
TOX21SRP53-00272,CCCCC[C@H](O)/C=C/[C@H]1[C@H](O)CC(=O)[C@@H]1C/C=C\CCCC(=O)O,0
TOX21SRP53-00273,CCCCC[C@H](O)/C=C/[C@H]1[C@H](O)C[C@H](O)[C@@H]1C/C=C\CCCC(=O)O,0
TOX21SRP53-00274,CC12CCC(CC1)C(C)(C)O2,0
TOX21SRP53-00275,C=COCC1CCC(CO)CC1,0
TOX21SRP53-00276,CC(=O)/C=C/C1=C(C)CCCC1(C)C,0
TOX21SRP53-00277,CC(=O)NC1CCSC1=O,0
TOX21SRP53-00278,CC1COc2ccccc2N1C(=O)C(Cl)Cl,1
TOX21SRP53-00279,CC(N)CN,0
TOX21SRP53-00280,CCC(C)O,0
TOX21SRP53-00281,CC(O)CN,0
TOX21SRP53-00282,CO/N=C(\C(=O)N[C@@H]1C(=O)N2C(C(=O)[O-])=C(CSc3nc(=O)c([O-])nn3C)CS[C@H]12)c1csc(N)n1,0
TOX21SRP53-00283,O=c1oc2cc(O)ccc2s1,0
TOX21SRP53-00284,C=CCc1ccc(O)c(OC)c1,0
TOX21SRP53-00285,COC(=O)[C@@H](N)CCCN/C(N)=N/[N+](=O)[O-],0
TOX21SRP53-00286,CC1(S(=O)(=O)[O-])CC(=O)c2ccccc2C1=O,1
TOX21SRP53-00287,Cc1nnc2n1-c1sc(CCC(=O)N3CCOCC3)cc1C(c1ccccc1Cl)=NC2,0
TOX21SRP53-00288,C[C@H](N[C@H](CCc1ccccc1)C(=O)O)C(=O)N1CCC[C@H]1C(=O)O,0
TOX21SRP53-00289,COc1c(Br)cc(Br)c(C)c1Br,0
TOX21SRP53-00290,C=C[C@H]1CN2CC[C@H]1C[C@H]2[C@H](O)c1ccnc2ccc(OC)cc12.C=C[C@H]1CN2CC[C@H]1C[C@H]2[C@H](O)c1ccnc2ccc(OC)cc12,0
TOX21SRP53-00291,CN(C)CCc1c[nH]c2ccc(CS(=O)(=O)N3CCCC3)cc12,0
TOX21SRP53-00292,O=C1/C(=C2\Nc3ccc(S(=O)(=O)O)cc3C2=O)Nc2ccc(S(=O)(=O)O)cc21,0
TOX21SRP53-00293,CC(=O)O[Cr](O)OC(C)=O.CC(=O)O[Cr](O)OC(C)=O.CC(=O)O[Cr](OC(C)=O)OC(C)=O,0
TOX21SRP53-00294,CO[C@H]1CC(O[C@H]2C[C@H]([C@H]3O[C@](C)(O)[C@H](C)C[C@@H]3C)O[C@H]2[C@]2(C)CC[C@H]([C@]3(C)CC[C@]4(C[C@H](O)[C@@H](C)[C@@H]([C@@H](C)[C@@H]5O[C@](O)(CC(=O)[O-])[C@@H](C)[C@H](OC)[C@H]5OC)O4)O3)O2)O[C@@H](C)[C@@H]1OC,1
TOX21SRP53-00295,C=C(C)C(=O)OCCNC(C)(C)C,0
TOX21SRP53-00296,NS(=O)(=O)c1ccccc1OC(F)(F)F,0
TOX21SRP53-00297,O=C=NCC1CCCC(CN=C=O)C1,0
TOX21SRP53-00298,C=C[C@H]1CN2CCC1C[C@@H]2[C@@H](O)c1ccnc2ccccc12,0
TOX21SRP53-00299,C[C@]12CC[C@@H]3c4ccc(O)cc4CC[C@H]3[C@@H]1CC[C@@H]2OP(=O)(O)O,0
TOX21SRP53-00300,NS(=O)(=O)c1ccc(C(=O)O)cc1,0
TOX21SRP53-00301,O=C(CCS)OCC(COC(=O)CCS)(COC(=O)CCS)COC(=O)CCS,1
TOX21SRP53-00302,OCCOCCN1CCN(C2=Nc3ccccc3Sc3ccccc32)CC1,0
TOX21SRP53-00303,Cc1cc(/C=C/c2ccc3cc(N(C)C)ccc3[n+]2C)c(C)n1-c1ccccc1.Cc1cc(/C=C/c2ccc3cc(N(C)C)ccc3[n+]2C)c(C)n1-c1ccccc1.O=C([O-])c1cc2ccccc2c(Cc2c(O)c(C(=O)[O-])cc3ccccc23)c1O,1
TOX21SRP53-00304,COc1ccc(CN(CCN(C)C)c2ccccn2)cc1,0
TOX21SRP53-00305,CN(C)C(=O)Oc1ccc[n+](C)c1,0
TOX21SRP53-00306,Cc1ncc(CO)c(CO)c1O,0
TOX21SRP53-00307,CCC1NC(=O)c2cc(S(N)(=O)=O)c(Cl)cc2N1,0
TOX21SRP53-00308,C=C[C@H]1CN2CCC1C[C@@H]2[C@@H](O)c1ccnc2ccc(OC)cc12,0
TOX21SRP53-00309,Brc1cc2ccccc2c2ccccc12,0
TOX21SRP53-00310,CC(C)(N)CO,0
TOX21SRP53-00311,CC(C)(CO)CO,0
TOX21SRP53-00312,O=S1(=O)CCCC1,0
TOX21SRP53-00313,O=[N+]([O-])C(CO)(CO)CO,0
TOX21SRP53-00314,OCC(CO)(CO)COCC(CO)(CO)CO,0
TOX21SRP53-00315,O=[N+]([O-])OCCN(CCO[N+](=O)[O-])CCO[N+](=O)[O-],0
TOX21SRP53-00316,NC(CO)(CO)CO,0
TOX21SRP53-00317,O=C(Cl)c1cc(C(=O)Cl)cc(C(=O)Cl)c1,1
TOX21SRP53-00318,CO[Si](CCCS)(OC)OC,0
TOX21SRP53-00319,COc1cc2c3cc1Oc1cc(ccc1O)C[C@@H]1c4c(cc(OC)c(O)c4Oc4ccc(cc4)C[C@@H]3N(C)CC2)CC[N+]1(C)C,0
TOX21SRP53-00320,O=C(O[C@@H]1C[C@@H]2CC[C@H](C1)[N+]21CCCC1)C(O)(c1ccccc1)c1ccccc1,0
TOX21SRP53-00321,COc1cc(C(=O)NC2CCCNC2)cc(OC)c1OC,0
TOX21SRP53-00322,C[N+](C)=CCl,0
TOX21SRP53-00323,CC(=O)c1cccnc1,0
TOX21SRP53-00324,O=S1(=O)OC(c2ccc([O-])cc2)(c2ccc(O)cc2)c2ccccc21,0
TOX21SRP53-00325,O=CN1CCOCC1,0
TOX21SRP53-00326,COC(=O)CCC(=O)O,0
TOX21SRP53-00327,NCc1cccnc1,0
TOX21SRP53-00328,CCCCCCCCn1sc(Cl)c(Cl)c1=O,1
TOX21SRP53-00329,Cc1cc(O)cc(C)c1Cl,0
TOX21SRP53-00330,O=[Zr](Cl)Cl,0
TOX21SRP53-00331,c1ccc2cnncc2c1,0
TOX21SRP53-00332,COC(=O)c1ccc(CBr)cc1,0
TOX21SRP53-00333,CN1CCc2cc(Cl)c(O)cc2[C@H]2c3ccccc3CC[C@@H]21,0
TOX21SRP53-00334,O=P(O)(OCc1ccccc1)OCc1ccccc1,0
TOX21SRP53-00335,S=C=NCc1ccccc1,1
TOX21SRP53-00336,Oc1ccc(Cl)cc1Cc1ccccc1,0
TOX21SRP53-00337,ClCc1ccccc1,0
TOX21SRP53-00338,OCc1ccccc1,0
TOX21SRP53-00339,CC(=O)OCc1ccccc1,0
TOX21SRP53-00340,COCCc1ccc(OCC(O)CNC(C)C)cc1.COCCc1ccc(OCC(O)CNC(C)C)cc1,0
TOX21SRP53-00341,CN(C)C(=N)NC(=N)N,0
TOX21SRP53-00342,CCCC[Sn](CCCC)(OC(C)=O)OC(C)=O,1
TOX21SRP53-00343,C[NH+](C)CCC(c1ccccc1)c1cccc[nH+]1,0
TOX21SRP53-00344,CCOc1ccc(N)cc1,0
TOX21SRP53-00345,CC(C)=CCC[C@H](C)CCO,0
TOX21SRP53-00346,CCOc1cccc(N)c1,0
TOX21SRP53-00347,Nc1ccccc1C(=O)OCCc1ccccc1,0
TOX21SRP53-00348,CC(C)CC(O)CC(C)C,0
TOX21SRP53-00349,C=C(C)C(=O)OCCOP(=O)(O)OCCOC(=O)C(=C)C,0
TOX21SRP53-00350,CC(C)OS(C)(=O)=O,0
TOX21SRP53-00351,c1ccc2c(c1)OCC(CN1CCCCC1)O2,0
TOX21SRP53-00352,C=CCN1CCCC1CNC(=O)c1cc(S(N)(=O)=O)cc(OC)c1OC,0
TOX21SRP53-00353,C=C(C)OC(C)=O,0
TOX21SRP53-00354,Cc1cc(O)cc2c1O[C@](C)(CCC[C@H](C)CCC[C@H](C)CCCC(C)C)CC2,0
TOX21SRP53-00355,Cc1ncc(C[n+]2csc(CCOP(=O)(O)OP(=O)(O)O)c2C)c(N)n1,0
TOX21SRP53-00356,NC(=O)[C@H]1O[C@@H](O)[C@H](O)[C@@H](O)[C@@H]1O,0
TOX21SRP53-00357,O=C1CC[C@@H](C(=O)O)N1,0
TOX21SRP53-00358,CN1C(=S)CN=C(c2ccccc2)c2cc(Cl)ccc21,0
TOX21SRP53-00359,CC(C)(C)OC(=O)c1ncn2c1[C@@H]1CCCN1C(=O)c1c(Br)cccc1-2,0
TOX21SRP53-00360,CCC(Cc1c(I)cc(I)c(O)c1I)C(=O)O,0
TOX21SRP53-00361,CCOc1cc(NC(C)=O)ccc1C(=O)OC,0
TOX21SRP53-00362,CC(O)C#CC(C)O,0
TOX21SRP53-00363,COc1ccc(N)cc1N,1
TOX21SRP53-00364,CC1(C)[C@@H](O[C@H]2O[C@H](C(=O)O)[C@@H](O)[C@H](O)[C@H]2O[C@@H]2O[C@H](C(=O)[O-])[C@@H](O)[C@H](O)[C@H]2O)CC[C@@]2(C)[C@H]1CC[C@]1(C)[C@@H]2C(=O)C=C2[C@@H]3C[C@@](C)(C(=O)O)CC[C@]3(C)CC[C@]21C,0
TOX21SRP53-00365,O=C1NC(=O)C(=O)C(=O)N1,0
TOX21SRP53-00366,OCCCC1CCCCC1,0
TOX21SRP53-00367,Cc1cc2c3c(c1)C(c1ccccc1)=N[C@@H](NC(=O)c1ccncc1)C(=O)N3CC2,0
TOX21SRP53-00368,CCc1cc(C2=C(C(=O)[O-])N(c3ccccc3C(F)(F)F)S(=O)(=O)c3ccccc32)cc2c1OCO2,0
TOX21SRP53-00369,O=S(=O)([O-])c1ccc2c(/N=N\c3ccc(S(=O)(=O)[O-])c4ccccc34)c(O)c(S(=O)(=O)[O-])cc2c1,0
TOX21SRP53-00370,O=C=Nc1ccc(Cl)cc1,0
TOX21SRP53-00371,CC(C)OC(=O)c1ccccc1C(=O)OC(C)C,0
TOX21SRP53-00372,CO[C@H]1[C@H]([C@@]2(C)O[C@@H]2CC=C(C)C)[C@]2(CC[C@H]1OC(=O)/C=C/C=C/C=C/C=C/C(=O)O)CO2,0
TOX21SRP53-00373,C1CCC2(CCCCO2)OC1,0
TOX21SRP53-00374,C[C@H]1O[C@H](O[C@@H]2[C@@H](O)[C@@H](O)[C@H](O)[C@H](O)[C@H]2O)[C@@H](N)C[C@@H]1NC(=N)C(=O)O,0
TOX21SRP53-00375,CN(C)CCCN1c2ccccc2CCc2ccccc21,0
TOX21SRP53-00376,CCCCOCCO,0
TOX21SRP53-00377,CCCN(CCC)C(=O)SCC,0
TOX21SRP53-00378,O=S(=O)([O-])c1cccc2ccccc12,0
TOX21SRP53-00379,CN(C)c1ccc(C(=O)c2ccc(N(C)C)cc2)cc1,1
TOX21SRP53-00380,N#CCCC#N,0
TOX21SRP53-00381,Cc1ncc([N+](=O)[O-])n1CCO,0
TOX21SRP53-00382,Nc1c(CC(=O)[O-])cccc1C(=O)c1ccccc1,0
TOX21SRP53-00383,C[N+]1(C)[C@H]2CC[C@@H]1C[C@H](OC(=O)C(CO)c1ccccc1)C2,0
TOX21SRP53-00384,CC(Cl)(Cl)C(=O)O,0
TOX21SRP53-00385,CN[C@@H]1[C@H](O[C@H]2[C@H](O[C@@H]3[C@@H](NC(=N)N)[C@H](O)[C@@H](NC(=N)N)[C@H](O)[C@H]3O)O[C@@H](C)[C@]2(O)C=O)O[C@@H](CO)[C@H](O)[C@H]1O.CN[C@@H]1[C@H](O[C@H]2[C@H](O[C@@H]3[C@@H](NC(=N)N)[C@H](O)[C@@H](NC(=N)N)[C@H](O)[C@H]3O)O[C@@H](C)[C@]2(O)C=O)O[C@@H](CO)[C@H](O)[C@H]1O,0
TOX21SRP53-00386,O=C(CCl)CCl,1
TOX21SRP53-00387,CC(=O)C(Cl)Cl,0
TOX21SRP53-00388,Cc1cc(O)c2c(O)c3c(O)cccc3cc2c1,0
TOX21SRP53-00389,CCC(=O)[N-]S(=O)(=O)c1ccc(-c2c(-c3ccccc3)noc2C)cc1,0
TOX21SRP53-00390,Cc1ccccc1N1CCN(CCc2nnc3n2CCCC3)CC1,0
TOX21SRP53-00391,C=Cc1ccc(S(=O)(=O)[O-])cc1,0
TOX21SRP53-00392,C[C@]12CC[C@@H]3c4ccc(OC(=O)N(CCCl)CCCl)cc4CC[C@H]3[C@@H]1CC[C@@H]2OP(=O)(O)O,1
TOX21SRP53-00393,CC1Cc2ccccc2N1NC(=O)c1ccc(Cl)c(S(N)(=O)=O)c1,0
TOX21SRP53-00394,CC(=O)OC(C)C(=O)OCC[N+](C)(C)C.CC(=O)OC(C)C(=O)OCC[N+](C)(C)C.O=S(=O)([O-])c1cccc2c(S(=O)(=O)[O-])cccc12,0
TOX21SRP53-00395,CC(=O)CC(=O)Nc1ccc2[nH]c(=O)[nH]c2c1,0
TOX21SRP53-00396,CCO[Si](C)(CCCOCC1CO1)OCC,0
TOX21SRP53-00397,CCCCOCCOCCOCCO,0
TOX21SRP53-00398,Cc1cccc(Cc2c[nH]cn2)c1C,0
TOX21SRP53-00399,CCOC(=O)CC(=O)OCC,0
TOX21SRP53-00400,COc1ccc(CNCC(O)COc2ccc3[nH]c(=O)ccc3c2)cc1OC,0
TOX21SRP53-00401,COC(=O)C1=C(C)NC(COC(N)=O)=C(C(=O)OC(C)C)C1c1cccc(Cl)c1Cl,1
TOX21SRP53-00402,CCNC(=O)NCCCOc1cccc(CN2CCCCC2)c1,0
TOX21SRP53-00403,CC(=O)SCC(CC(=O)c1ccc(C)cc1)C(=O)O,0
TOX21SRP53-00404,O=C(CCCN1CCN(c2ccc(F)cc2)CC1)NC1c2ccccc2CSc2ccccc21,0
TOX21SRP53-00405,CC(C)(C)NC[C@H](O)c1ccc(O)cc1Cl,0
TOX21SRP53-00406,CCCCC/C=C\C/C=C\CCCCCCCC(=O)NC(C)c1ccccc1,0
TOX21SRP53-00407,CC(NN)c1ccccc1,0
TOX21SRP53-00408,O=Cc1ccc(Cl)cc1,0
TOX21SRP53-00409,CCN(C)C(=O)Oc1cccc([C@H](C)N(C)C)c1,0
TOX21SRP53-00410,CNC(=O)c1cc(Oc2ccc(NC(=O)Nc3ccc(Cl)c(C(F)(F)F)c3)cc2)ccn1,1
TOX21SRP53-00411,CCN(CC)C(C)C(=O)c1ccccc1,0
TOX21SRP53-00412,CCN1CC(CCN2CCOCC2)C(c2ccccc2)(c2ccccc2)C1=O,0
TOX21SRP53-00413,Cc1cccc(C(=O)O)c1[N+](=O)[O-],0
TOX21SRP53-00414,CCN(CC)CCOC(=O)C1(c2ccccc2)CCCC1.CCN(CC)CCOC(=O)C1(c2ccccc2)CCCC1.O=S(=O)(O)CCS(=O)(=O)O,0
TOX21SRP53-00415,Clc1ccccn1,0
TOX21SRP53-00416,CCC(=O)/C=C/C1C(C)=CCCC1(C)C,0
TOX21SRP53-00417,CC1CC(OC(=O)c2ccccc2O)CC(C)(C)C1,0
TOX21SRP53-00418,CCCCCCCCCO,0
TOX21SRP53-00419,CCCCCCNCCCCCC,0
TOX21SRP53-00420,ClCCCCl,0
TOX21SRP53-00421,CCCCCCOC(C)=O,0
TOX21SRP53-00422,CCCCC(CC)COC(=O)CCCCCCCCC(=O)OCC(CC)CCCC,0
TOX21SRP53-00423,CCOC(C)=O,0
TOX21SRP53-00424,NCCNCCN,0
TOX21SRP53-00425,CCOP(=O)(CC)OCC,0
TOX21SRP53-00426,Cc1c2oc3c(C)ccc(C(=O)N[C@@H]4C(=O)N[C@H](C(C)C)C(=O)N5CCC[C@H]5C(=O)N(C)CC(=O)N(C)[C@@H](C(C)C)C(=O)O[C@@H]4C)c3nc-2c(C(=O)N[C@@H]2C(=O)N[C@H](C(C)C)C(=O)N3CCC[C@H]3C(=O)N(C)CC(=O)N(C)[C@@H](C(C)C)C(=O)O[C@@H]2C)c(N)c1=O,1
TOX21SRP53-00427,NC(=O)CCCCC(N)=O,0
TOX21SRP53-00428,CNC(=O)ON=CC(C)(C)SC,0
TOX21SRP53-00429,C=CCOc1ccc(CC(=O)O)cc1Cl,0
TOX21SRP53-00430,NN,0
TOX21SRP53-00431,NNc1nc(-c2ccc(N)cc2)cs1,0
TOX21SRP53-00432,Cc1ccccc1CO[C@H]1C[C@]2(C(C)C)CC[C@@]1(C)O2,0
TOX21SRP53-00433,NNc1ccc(C(=O)O)cc1,0
TOX21SRP53-00434,CCCCCCOc1ccccc1C(=O)O,0
TOX21SRP53-00435,O=C(OCc1ccccc1)C(=O)OCc1ccccc1,0
TOX21SRP53-00436,CCCSc1ccc2[nH]c(NC(=O)OC)nc2c1,1
TOX21SRP53-00437,CCc1cccc(C)c1N(C(=O)CCl)[C@@H](C)COC,0
TOX21SRP53-00438,O=C(O)c1ccccc1C(=O)Nc1cccc2ccccc12,0
TOX21SRP53-00439,CCC(=O)OC1(c2ccccc2)CCN(C)CC1,0
TOX21SRP53-00440,COc1cc(-c2ccc(=O)[nH]n2)ccc1OC(F)F,0
TOX21SRP53-00441,CCCCN(CCCC)CCCOC(=O)c1ccc(N)cc1,0
TOX21SRP53-00442,CCCCOc1cc(C(=O)NCCN(CC)CC)c2ccccc2n1,0
TOX21SRP53-00443,CC(C)(c1cc(Br)c(OCC(Br)CBr)c(Br)c1)c1cc(Br)c(OCC(Br)CBr)c(Br)c1,0
TOX21SRP53-00444,CC(C)c1ccc(C(C)C)cc1,0
TOX21SRP53-00445,COc1c2occc2cc2ccc(=O)oc12,0
TOX21SRP53-00446,COC(C)(C)C,0
TOX21SRP53-00447,COC(N)=O,0
TOX21SRP53-00448,COC(=O)NN,0
TOX21SRP53-00449,Cc1cccc(/N=N/c2ccc(N(C)C)cc2)c1,0
TOX21SRP53-00450,CCCc1nn(C)c2c(=O)[nH]c(-c3cc(S(=O)(=O)N4CCN(C)CC4)ccc3OCC)nc12.O=C(O)CC(O)(CC(=O)O)C(=O)O,0
TOX21SRP53-00451,O=C(O)CNC(=O)c1ccccc1,0
TOX21SRP53-00452,CCCCN1CCCC[C@H]1C(=O)Nc1c(C)cccc1C,0
TOX21SRP53-00453,CC(C)(C)OC(=O)N1C[C@@H](F)C[C@H]1C(=O)O,0
TOX21SRP53-00454,CC(=O)Oc1c(C)cc(OCC(O)CNC(C)C)c(C)c1C,0
TOX21SRP53-00455,O=C(OCC1CO1)C1CCCCC1C(=O)OCC1CO1,1
TOX21SRP53-00456,Oc1nc(O)nc(O)n1,0
TOX21SRP53-00457,N#CC1(O)CCCCC1,0
TOX21SRP53-00458,CCOC(=O)c1ncn2c1CN(C)C(=O)c1cc(F)ccc1-2,0
TOX21SRP53-00459,C[C@]12C[C@H](O)[C@@]3(F)[C@@H](CCC4=CC(=O)CC[C@@]43C)[C@@H]1CC[C@]2(O)C(=O)CO,0
TOX21SRP53-00460,CCCCCCCCCCCCCCCCCCOCC(O)CO,0
TOX21SRP53-00461,CSCCC=O,0
TOX21SRP53-00462,CC(C)(C)C(=O)Cl,0
TOX21SRP53-00463,CCCCC(CC)COC(=O)Cl,0
TOX21SRP53-00464,CCCCC(CC)C(=O)[O-],0
TOX21SRP53-00465,COCN(COC)c1nc(N(COC)COC)nc(N(COC)COC)n1,0
TOX21SRP53-00466,O=Cc1cccc(Br)c1,0
TOX21SRP53-00467,CC(C)(C)CC(C)(C)c1ccc(O)c(-n2nc3ccccc3n2)c1,0
TOX21SRP53-00468,C/C=C/C=C/C(=O)[O-],0
TOX21SRP53-00469,Cc1cc(C)nc(Nc2ccccc2)n1,0
TOX21SRP53-00470,CC(C)C[C@@H](NC(=O)[C@@H](O)[C@H](N)Cc1ccccc1)C(=O)O,0
TOX21SRP53-00471,Nc1cnn(-c2ccccc2)c(=O)c1Cl,0
TOX21SRP53-00472,CCOC(=O)COc1cc(-c2nn(C)c(OC(F)F)c2Cl)c(F)cc1Cl,0
TOX21SRP53-00473,CCCCCC=CCC(=O)OC,0
TOX21SRP53-00474,S=C1SCN(Cc2ccccc2)CN1Cc1ccccc1,0
TOX21SRP53-00475,CCCCCCCCC(=O)OCC,0
TOX21SRP53-00476,CCCCCCCC#N,0
TOX21SRP53-00477,CCCCCCCCCCCCCC(=O)OCC,0
TOX21SRP53-00478,CCCCCCC(O)CCOC(C)=O,0
TOX21SRP53-00479,C=CCCCCCCCCO,0
TOX21SRP53-00480,COCCOc1cc2cc(C(=O)NC3CCN(C(C)C)CC3)n(CC(=O)Nc3ccc(Cl)cn3)c2cn1,0
TOX21SRP53-00481,O=C([O-])c1ccc2c(c1)nc(C(=O)NC1CCN(C3CC3)CC1)n2Cc1cc(-c2ccc(Cl)s2)on1,0
TOX21SRP53-00482,Nc1nc(N)c(-c2ccccc2)s1,0
TOX21SRP53-00483,Cc1cccc(C)c1NC(=O)CN(CC(=O)O)CC(=O)O,0
TOX21SRP53-00484,COc1ccc(C(=O)N2CCN(CC(=O)N3CCOCC3)CC2)cc1,0
TOX21SRP53-00485,CNC(=O)NC(O)C(Cl)(Cl)Cl,0
TOX21SRP53-00486,CCNC(=O)C1CC(C)CCC1C(C)C,0
TOX21SRP53-00487,CCc1ccc(O)c(OC)c1,0
TOX21SRP53-00488,CCCCCCC/C=C/C=O,0
TOX21SRP53-00489,CC/C=C\CC/C=C/C(OCC)OCC,0
TOX21SRP53-00490,CS(=O)(=O)c1ccc(C(=O)C2C(=O)CCCC2=O)c(Cl)c1COCC(F)(F)F,0
TOX21SRP53-00491,CN(C)C1CSSSC1,0
TOX21SRP53-00492,c1ccc(CN(Cc2ccccc2)Cc2ccccc2)cc1,0
TOX21SRP53-00493,C[C@@H](O)C(=O)O,0
TOX21SRP53-00494,OC[C@H]1O[C@@H]2O[C@@H]3[C@@H](CO)O[C@H](O[C@@H]4[C@@H](CO)O[C@H](O[C@@H]5[C@@H](CO)O[C@H](O[C@@H]6[C@@H](CO)O[C@H](O[C@@H]7[C@@H](CO)O[C@H](O[C@@H]8[C@@H](CO)O[C@H](O[C@@H]9[C@@H](CO)O[C@H](O[C@H]1[C@H](O)[C@H]2O)[C@H](O)[C@H]9O)[C@H](O)[C@H]8O)[C@H](O)[C@H]7O)[C@H](O)[C@H]6O)[C@H](O)[C@H]5O)[C@H](O)[C@H]4O)[C@H](O)[C@H]3O,0
TOX21SRP53-00495,CC1=CC[C@@]23CC1C(C)(C)[C@@H]2CC[C@H]3C,0
TOX21SRP53-00496,O=C(OCCCCCOC(=O)c1ccccc1)c1ccccc1,0
TOX21SRP53-00497,CCCCOCCOCCSC#N,0
TOX21SRP53-00498,O=C(N[C@H]1CN2CCC1CC2)c1ccc2c(c1)OCCO2,0
TOX21SRP53-00499,Nc1nc(Cl)nc2c1ncn2[C@H]1C[C@H](O)[C@@H](CO)O1,1
TOX21SRP53-00500,CC[C@H]1OC(=O)[C@H](C)[C@@H](O[C@H]2C[C@@](C)(OC)[C@@H](O)[C@H](C)O2)C(C)[C@@H](O[C@@H]2O[C@H](C)C[C@H](N(C)C)[C@H]2O)[C@](C)(OC)C[C@@H](C)C(=O)[C@H](C)[C@@H](O)[C@]1(C)O,0
TOX21SRP53-00501,COc1cc(N)c(Cl)cc1C(=O)NC1CCN(CCCOc2ccc(F)cc2)CC1OC,0
TOX21SRP53-00502,CCn1nc(C(=O)O)c(=O)c2cc3c(cc21)OCO3,0
TOX21SRP53-00503,C(=C/c1ccccc1)\CN1CCN(C(c2ccccc2)c2ccccc2)CC1,0
TOX21SRP53-00504,BrCCCBr,0
TOX21SRP53-00505,COc1ccc(C(Cl)=C(c2ccc(OC)cc2)c2ccc(OC)cc2)cc1,0
TOX21SRP53-00506,Cc1cc(C)nc(NS(=O)(=O)c2ccc(N)cc2)n1,0
TOX21SRP53-00507,O=S(=O)([O-])[O-].[Na+].[Na+],0
TOX21SRP53-00508,Cc1noc(NS(=O)(=O)c2ccc(N)cc2)c1C,0
TOX21SRP53-00509,COc1cc([C@H]2Oc3cc([C@H]4Oc5cc(O)cc(O)c5C(=O)[C@@H]4O)ccc3O[C@@H]2CO)ccc1O,0
TOX21SRP53-00510,O=S1(=O)CC=CC1,0
TOX21SRP53-00511,CCCCC1(COC(=O)CCC(=O)O)C(=O)N(c2ccccc2)N(c2ccccc2)C1=O,0
TOX21SRP53-00512,CNCCO,0
TOX21SRP53-00513,NS(=O)(=O)c1cc(Cl)c(Cl)c(S(N)(=O)=O)c1,0
TOX21SRP53-00514,CN(C)c1ccc2nc3ccc(N(C)C)cc3[s+]c2c1,1
TOX21SRP53-00515,C=CCc1ccc(OC)c(OC)c1,0
TOX21SRP53-00516,CCN(CC)CCOC(=O)C1(C2CCCCC2)CCCCC1,0
TOX21SRP53-00517,CCOC(C)(C)C,0
TOX21SRP53-00518,COC=O,0
TOX21SRP53-00519,CNC(=O)C[C@@H](N)C(=O)N[C@@H](C(=O)N[C@@H]1C(=O)N2[C@@H](C(=O)O)C(C)(C)S[C@H]12)c1ccc(O)cc1,0
TOX21SRP53-00520,C#C[C@]1(OC(C)=O)CC[C@H]2[C@@H]3CCC4=C/C(=N/O)CC[C@@H]4[C@H]3CC[C@@]21CC,1
TOX21SRP53-00521,CC1=C(/C=C/C(C)=C/C=C/C(C)=C/C(=O)Oc2c(C)c(C)c3c(c2C)CC[C@@](C)(CCC[C@H](C)CCC[C@H](C)CCCC(C)C)O3)C(C)(C)CCC1,0
TOX21SRP53-00522,COC(=O)CCC[N+](C)(C)C,0
TOX21SRP53-00523,C[N+]1(CC2COC(c3ccccc3)(C3CCCCC3)O2)CCCCC1,0
TOX21SRP53-00524,CC[C@H](C)[C@H](NC(=O)[C@H](Cc1ccccc1)NC(=O)[C@H](C)NC(=O)[C@H](CC(=O)O)NC(=O)[C@H](CCCCN)NC(=O)[C@H](CO)NC(=O)[C@@H]1CCCN1C(=O)[C@@H]1CCC(=O)N1)C(=O)NCC(=O)N[C@@H](CC(C)C)C(=O)N[C@@H](CCSC)C(N)=O,0
TOX21SRP53-00525,CC(CC=O)CCCC(C)(C)O,0
TOX21SRP53-00526,CCCCCCCCO[C@@H]1O[C@H](CO)[C@@H](O)[C@H](O)[C@H]1O,0
TOX21SRP53-00527,COc1ccc(C[C@H](N)C(=O)N[C@@H]2[C@@H](CO)O[C@@H](n3cnc4c(N(C)C)ncnc43)[C@@H]2O)cc1,1
TOX21SRP53-00528,CCN(CC)CCNC(=O)COc1ccc(OC)cc1,0
TOX21SRP53-00529,COc1ccccc1N1CCN(CCCC(=O)c2ccc(F)cc2)CC1,0
TOX21SRP53-00530,Cc1cc(-c2ccccc2)nnc1NCCN1CCOCC1,0
TOX21SRP53-00531,CC(=O)Nc1ccc(OC(=O)c2ccccc2O)cc1,0
TOX21SRP53-00532,Cc1ccc(C(=O)C(C)CN2CCCCC2)cc1,0
TOX21SRP53-00533,CC(C)COC(=O)CCCCC(=O)OCC(C)C,0
TOX21SRP53-00534,O=[N+]([O-])c1ccc(C=Cc2ccc([N+](=O)[O-])cc2S(=O)(=O)[O-])c(S(=O)(=O)[O-])c1,0
TOX21SRP53-00535,CCNC1(c2cccs2)CCCCC1=O,0
TOX21SRP53-00536,CCN(O)CC,0
TOX21SRP53-00537,O=C1CN=C(c2ccccc2)c2cc(Cl)ccc2N1,0
TOX21SRP53-00538,COc1cc(CC(C)N)c(OC)cc1Br,0
TOX21SRP53-00539,CN(C(=O)C(Cl)Cl)c1ccc(OC(=O)c2ccco2)cc1,0
TOX21SRP53-00540,CN1CC[C@@]23CCCC[C@@H]2[C@@H]1Cc1ccc(O)cc13,0
TOX21SRP53-00541,CO[C@@]1(NC(=O)Cc2cccs2)C(=O)N2C(C(=O)[O-])=C(COC(N)=O)CS[C@@H]21,0
TOX21SRP53-00542,COC(=O)CCc1ccc(OCC(O)CNC(C)C)cc1,0
TOX21SRP53-00543,C=CC(=O)NC(C)C,0
TOX21SRP53-00544,CCC(=O)OCC(=O)[C@@]1(OC(=O)CC)[C@H](C)C[C@H]2[C@H]3[C@H]([C@@H](O)C[C@@]21C)[C@@]1(C)C=CC(=O)C=C1C[C@H]3Cl,0
TOX21SRP53-00545,CC(C)c1cccc(C(C)C)c1O,0
TOX21SRP53-00546,CNC(C)CC1CCCCC1,0
TOX21SRP53-00547,Cc1c(C(C)C)c(=O)n(-c2ccccc2)n1C,0
TOX21SRP53-00548,[O-][Cl+3]([O-])([O-])[O-],0
TOX21SRP53-00549,CCN(C)N=O,0
TOX21SRP53-00550,CCCCCO,0
TOX21SRP53-00551,O=NN(c1ccccc1)c1ccccc1,0
TOX21SRP53-00552,O=Nc1ccc(Nc2ccccc2)cc1,1
TOX21SRP53-00553,CCCN(CCC)N=O,0
TOX21SRP53-00554,C[N+](C)(C)C,0
TOX21SRP53-00555,O=NN1CCCCCCC1,0
TOX21SRP53-00556,COc1cc(OC)c(OC)cc1C=O,0
TOX21SRP53-00557,C=C(C)C(=O)OC(C)C,0
TOX21SRP53-00558,N=C(N)c1ccccc1,0
TOX21SRP53-00559,CCCC[N+](CCCC)(CCCC)CCCC,0
TOX21SRP53-00560,CC1CCN(CCCC(=O)c2ccc(F)cc2)CC1,0
TOX21SRP53-00561,CC(=O)CC(=O)OC(C)(C)C,0
TOX21SRP53-00562,N=C(N)NN,0
TOX21SRP53-00563,OCCSSCCO,0
TOX21SRP53-00564,Cc1ccc(C(N)=O)cc1N,0
TOX21SRP53-00565,ClCCCCCCCl,0
TOX21SRP53-00566,CN1C(=O)CC(C)(c2ccccc2)C1=O,0
TOX21SRP53-00567,CO[C@H]1[C@@H](O)C[C@H](O[C@H]2[C@@H](O)C[C@H](O[C@H]3[C@@H](O)C[C@H](O[C@H]4CC[C@]5(C)[C@H]6C[C@@H](O)[C@]7(C)[C@@H](C8=CC(=O)OC8)CC[C@]7(O)[C@@H]6CC[C@@H]5C4)O[C@@H]3C)O[C@@H]2C)O[C@@H]1C,0
TOX21SRP53-00568,C[C@](N)(Cc1ccc(O)c(O)c1)C(=O)O,0
TOX21SRP53-00569,CCC(C)Nc1c([N+](=O)[O-])cc(C(C)(C)C)cc1[N+](=O)[O-],0
TOX21SRP53-00570,CN1CCN(C2=Nc3ccccc3Oc3ccc(Cl)cc32)CC1.O=C(O)CCC(=O)O,0
TOX21SRP53-00571,Nc1ccc2cc(S(=O)(=O)O)ccc2c1,0
TOX21SRP53-00572,c1ccc2c(c1)cc1ccc3cccc4ccc2c1c34,1
TOX21SRP53-00573,Nc1ccc(-c2ccc(N)cc2)cc1,0
TOX21SRP53-00574,[Ba+2],0
TOX21SRP53-00575,c1ccccc1,0
TOX21SRP53-00576,O=Cc1ccccc1,0
TOX21SRP53-00577,C=CCCC,0
TOX21SRP53-00578,CCOC(=O)CP(=O)(OCC)OCC,0
TOX21SRP53-00579,CC(C)(c1ccccc1)c1ccccc1,0
TOX21SRP53-00580,O=C(O)COCC(=O)O,0
TOX21SRP53-00581,Clc1ccc(C(Cl)(Cl)Cl)cc1Cl,0
TOX21SRP53-00582,CCCCC,0
TOX21SRP53-00583,N#CC(C#N)=C(C#N)C#N,0
TOX21SRP53-00584,C1CCC2=NCCCN2CC1,0
TOX21SRP53-00585,O=C(O)c1c2ccccc2cc2ccccc12,0
TOX21SRP53-00586,O=C(CBr)c1ccccc1,0
TOX21SRP53-00587,C[N+](C)(C)CC(=O)[O-],0
TOX21SRP53-00588,Nc1nc(Cl)cc(Cl)n1,0
TOX21SRP53-00589,COc1ccc(C=O)cc1O,0
TOX21SRP53-00590,CCN(CC)CCNC(=O)c1ccc(N)cc1,0
TOX21SRP53-00591,O=c1c(=O)c2cccc3cccc1c32,1
TOX21SRP53-00592,O=c1[nH][nH]c2ccccc12,0
TOX21SRP53-00593,CC1(C)C(=O)N(Cl)C(=O)N1Br,0
TOX21SRP53-00594,CN(CCOc1ccc(CC2SC(=O)NC2=O)cc1)c1ccccn1,0
TOX21SRP53-00595,CNC(=O)N(c1ccccc1)c1ccccc1,0
TOX21SRP53-00596,CN(CCO)CCO,0
TOX21SRP53-00597,C=CC(=O)NCNC(=O)C=C,0
TOX21SRP53-00598,C[C@H](CN1CCOCC1)C(C(=O)N1CCCC1)(c1ccccc1)c1ccccc1,0
TOX21SRP53-00599,N#CSCSC#N,1
TOX21SRP53-00600,Nc1ccccc1-c1ccccc1,0
TOX21SRP53-00601,Cc1ccc(C(=O)c2ccccc2)cc1,0
TOX21SRP53-00602,CC(C)(C)c1cc(C(C)(C)C)c(O)c(C(C)(C)C)c1,0
TOX21SRP53-00603,CS(=O)(=O)c1ccc(C2=C(c3ccccc3)C(=O)OC2)cc1,0
TOX21SRP53-00604,CC[C@@H](O)C(C[C@@H](C)N(C)C)(c1ccccc1)c1ccccc1,0
TOX21SRP53-00605,CCCCS,0
TOX21SRP53-00606,CC[C@H](O)C(C[C@H](C)N(C)C)(c1ccccc1)c1ccccc1,0
TOX21SRP53-00607,Brc1c(NC2=NCCN2)ccc2nccnc12,0
TOX21SRP53-00608,C[C@]12C=CC3=C4CCC(=O)C=C4CC[C@H]3[C@@H]1CC[C@@H]2O,0
TOX21SRP53-00609,C[S+](C)CCC(N)C(=O)O,0
TOX21SRP53-00610,NC(=O)OC[C@@H]1[C@H](NC(=O)/C(=N\OCC(=O)[O-])c2csc(N)n2)C(=O)N1S(=O)(=O)[O-],0
TOX21SRP53-00611,Cc1ccc(C(C)(C)c2ccc(C)cc2)cc1,0
TOX21SRP53-00612,COc1ccc(C(=O)c2ccc(C)cc2)c(O)c1,0
TOX21SRP53-00613,CCCCCCOC(=O)c1cccnc1,0
TOX21SRP53-00614,COc1ccc(-c2noc(CC(=O)O)c2-c2ccc(OC)cc2)cc1,0
TOX21SRP53-00615,C/C(=N\Cc1ccccc1)c1ccccc1O,0
TOX21SRP53-00616,CCCC(C)(COC(N)=O)COC(=O)NC1CC1,0
TOX21SRP53-00617,CN1C(=O)CN2CCc3ccccc3C2c2cc(Cl)ccc21,1
TOX21SRP53-00618,CCCCNC(=O)NS(=O)(=O)c1ccc(C)cc1,0
TOX21SRP53-00619,CCCCCC[C@@H](O)C/C=C\CCCCCCCC(=O)OCC(O)CO,0
TOX21SRP53-00620,CCCCCCCC(=O)OCC(O)CO,0
TOX21SRP53-00621,CCCCCCCCCCCCCC(=O)OCC(O)CO,0
TOX21SRP53-00622,Cc1ccc(S(=O)(=O)NC(=O)NN2CCCCCC2)cc1,0
TOX21SRP53-00623,C=CCN(CC=C)C(=O)C(Cl)Cl,0
TOX21SRP53-00624,CCCCCCCCCCCCCCCCO,0
TOX21SRP53-00625,C=CCc1ccc(OC)cc1,0
TOX21SRP53-00626,C=CC(=O)OC,0
TOX21SRP53-00627,C1CSCCS1,0
TOX21SRP53-00628,CN(C)C(=O)C(c1ccccc1)c1ccccc1,0
TOX21SRP53-00629,OC[C@H]1O[C@@H]2O[C@@H]3[C@@H](CO)O[C@H](O[C@@H]4[C@@H](CO)O[C@H](O[C@@H]5[C@@H](CO)O[C@H](O[C@@H]6[C@@H](CO)O[C@H](O[C@@H]7[C@@H](CO)O[C@H](O[C@H]1[C@H](O)[C@H]2O)[C@H](O)[C@H]7O)[C@H](O)[C@H]6O)[C@H](O)[C@H]5O)[C@H](O)[C@H]4O)[C@H](O)[C@H]3O,0
TOX21SRP53-00630,CCCCCC[C@@H](O)C/C=C\CCCCCCCC(=O)OC,0
TOX21SRP53-00631,CC(=O)CC(=O)Nc1ccc(C)cc1C,0
TOX21SRP53-00632,COc1cc(Cl)c(OC)cc1N,0
TOX21SRP53-00633,CCOC(=O)c1ccccc1C,0
TOX21SRP53-00634,C[Si](C)(C)O[Si](C)(C)O[Si](C)(C)C,0
TOX21SRP53-00635,CCCCCCCCOC(=O)c1cc(O)c(O)c(O)c1,1
TOX21SRP53-00636,CC[Sn](Br)(CC)CC,1
TOX21SRP53-00637,C=CC(=O)OCCOc1ccccc1,1
TOX21SRP53-00638,Cc1cc(C)c(N)c(Cl)c1,0
TOX21SRP53-00639,CCC(C)(C)C1CCC(O)CC1,0
TOX21SRP53-00640,CCCOC(=O)c1ccccc1,0
TOX21SRP53-00641,CCC(CO)(CO)COCC(CC)(CO)CO,0
TOX21SRP53-00642,N=C1NC(=N)c2ccccc21,1
TOX21SRP53-00643,C=C(C)C(=O)OCCCCOC(=O)C(=C)C,0
TOX21SRP53-00644,CCCCCCCCCCCC(=O)N(CC)CC,0
TOX21SRP53-00645,N#CCCOCCOCCC#N,0
TOX21SRP53-00646,C=CC(=O)OCCCCCCCCCC,0
TOX21SRP53-00647,Cc1ccc(N(CCO)CCO)cc1,0
TOX21SRP53-00648,CN(C)CCN(C)CCO,0
TOX21SRP53-00649,CCC(=O)Nc1cccc(N)c1,0
TOX21SRP53-00650,S=C(Nc1ccccc1)Nc1ccccc1,0
TOX21SRP53-00651,CCOC(=O)Cc1cccc(-c2cc(CCCCCCc3ccc(O[C@H]4O[C@H](COC(C)=O)[C@@H](OC(C)=O)[C@H](OC(C)=O)[C@@H]4OC(C)=O)c(-c4cccc(CC(=O)OCC)c4)c3)ccc2O[C@H]2O[C@H](COC(C)=O)[C@@H](OC(C)=O)[C@H](OC(C)=O)[C@@H]2OC(C)=O)c1,0
TOX21SRP53-00652,CCc1cc(S(=O)(=O)[O-])c2cc(C(C)C)cccc1-2,0
TOX21SRP53-00653,CCC(C(=O)NC(=O)NC(C)=O)c1ccccc1,0
TOX21SRP53-00654,O=C(O)CNC(=O)CNC(=O)CNC(=O)CSC(=O)c1ccccc1,0
TOX21SRP53-00655,CCN1CCN(c2cc(-c3ccc(F)cc3)c3c(n2)CCCCCC3)CC1,0
TOX21SRP53-00656,CCOC(=O)OCC/C(SC(=O)OCC)=C(\C)N(C=O)Cc1cnc(C)nc1N,0
TOX21SRP53-00657,CC[C@]1(O)C[C@@H]2CN(CCc3c([nH]c4ccccc34)[C@@](C(=O)OC)(c3cc4c(cc3OC)N(C)[C@H]3[C@@](O)(C(=O)OC)[C@H](OC(C)=O)[C@]5(CC)C=CCN6CC[C@]43[C@@H]65)C2)C1,1
TOX21SRP53-00658,CCC(=O)c1ccc2c(c1)N(CCCN1CCN(CCO)CC1)c1ccccc1S2,0
TOX21SRP53-00659,OC(CCN1CCCCC1)(c1ccccc1)C1CC2C=CC1C2,0
TOX21SRP53-00660,CCOP(=O)(OCC)OCC,0
TOX21SRP53-00661,Nc1ccc(F)cc1,0
TOX21SRP53-00662,Oc1ccc(Cl)cc1Sc1cc(Cl)ccc1O,1
TOX21SRP53-00663,CCC(C)n1c(=O)[nH]c(C)c(Br)c1=O,0
TOX21SRP53-00664,CCOc1cc(OCC)c(C(C)=O)cc1OCC,0
TOX21SRP53-00665,CC(=O)OCCOCCOCCOC(C)=O,0
TOX21SRP53-00666,OCCC(F)(F)C(F)(F)C(F)(F)C(F)(F)C(F)(F)C(F)(F)C(F)(F)C(F)(F)F,0
TOX21SRP53-00667,Cn1cnc2c1c(=O)[nH]c(=O)n2C,0
TOX21SRP53-00668,CCN(CC)c1ccc2c(C)cc(=O)oc2c1,1
TOX21SRP53-00669,CCN(CC)c1cccc(O)c1,0
TOX21SRP53-00670,Oc1ccc2ccccc2c1/N=N/c1ccccc1,0
TOX21SRP53-00671,NC(=S)Nc1ccccc1,0
TOX21SRP53-00672,Nc1c2ccccc2nc2ccccc12,1
TOX21SRP53-00673,CC[N+](CC)(CC)CCC(O)(c1ccccc1)C1CCCCC1,0
TOX21SRP53-00674,CNP(=O)(OC)Oc1ccc(C(C)(C)C)cc1Cl,0
TOX21SRP53-00675,CC(=O)NNc1ccccc1,0
TOX21SRP53-00676,CC(=O)C1C(=O)C=C(C)OC1=O,0
TOX21SRP53-00677,C/C=C(C(=C/C)/c1ccc(O)cc1)\c1ccc(O)cc1,1
TOX21SRP53-00678,NNCCO,0
TOX21SRP53-00679,Cc1ncc(C[n+]2csc(CCO)c2C)c(N)n1,0
TOX21SRP53-00680,CCOc1ccc(NC(=O)CC(C)O)cc1,0
TOX21SRP53-00681,CCOP(=S)(OCC)SCSCC,0
TOX21SRP53-00682,C=CC(=O)OCCN(C)C,0
TOX21SRP53-00683,Nc1ccc2cc3ccccc3cc2c1,1
TOX21SRP53-00684,CN(C)CCCOc1nn(Cc2ccccc2)c2ccccc12,0
TOX21SRP53-00685,CCN1CCCC(OC(=O)C(c2ccccc2)c2ccccc2)C1,0
TOX21SRP53-00686,CCOCC(C)O,0
TOX21SRP53-00687,CN(C)CCCN,0
TOX21SRP53-00688,O=C1CCCc2ccccc21,0
TOX21SRP53-00689,OC1CCCc2ccccc21,0
TOX21SRP53-00690,c1ccc(N=NNc2ccccc2)cc1,0
TOX21SRP53-00691,COC(C)OC,0
TOX21SRP53-00692,CCc1ccc(C(c2ccc(CC)cc2)C(Cl)Cl)cc1,0
TOX21SRP53-00693,CC(O)c1ccccc1,0
TOX21SRP53-00694,Clc1cccc(-c2cc(Cl)cc(Cl)c2)c1,0
TOX21SRP53-00695,Clc1ccccc1-c1nnc(-c2ccccc2Cl)nn1,0
TOX21SRP53-00696,CCOc1ccc(NC(N)=O)cc1,0
TOX21SRP53-00697,CCOc1ccccc1C(N)=O,0
TOX21SRP53-00698,CCOc1ccc2c(c1)C(C)=CC(C)(C)N2,0
TOX21SRP53-00699,C=CC(=O)OCC,0
TOX21SRP53-00700,CN1CCCC1=O,0
TOX21SRP53-00701,CNc1ncnc2[nH]cnc12,0
TOX21SRP53-00702,CCOC(=O)C(C)Oc1ccc(Oc2cnc3cc(Cl)ccc3n2)cc1,0
TOX21SRP53-00703,COP(=S)(OC)Oc1ccc([N+](=O)[O-])cc1,0
TOX21SRP53-00704,COc1cc(N)ccc1C,0
TOX21SRP53-00705,CC(=O)c1ccccc1,0
TOX21SRP53-00706,Oc1ccc(Cl)cc1Cc1cc(Cl)ccc1O,1
TOX21SRP53-00707,Nc1ccc([N+](=O)[O-])cc1[N+](=O)[O-],0
TOX21SRP53-00708,CC(C)N(CCO)C(C)C,0
TOX21SRP53-00709,CCC(C)=NO,0
TOX21SRP53-00710,CCC(=O)CC,0
TOX21SRP53-00711,CC[N+](CC)(CC)CCOc1cccc(OCC[N+](CC)(CC)CC)c1OCC[N+](CC)(CC)CC,0
TOX21SRP53-00712,OC[C@H]1OC(O)[C@H](O)[C@@H](O)[C@H]1O,0
TOX21SRP53-00713,CCCCc1ccc(C(=O)O)nc1,0
TOX21SRP53-00714,C/C(=C(/CCO)SSCC1CCCO1)N(C=O)Cc1cnc(C)nc1N,0
TOX21SRP53-00715,CCCC(C)CC,0
TOX21SRP53-00716,CCOP(=O)([O-])C(N)=O,0
TOX21SRP53-00717,O=C(Cl)c1cc(Cl)cc(Cl)c1,0
TOX21SRP53-00718,COC(=O)c1cccc(Cl)c1,0
TOX21SRP53-00719,C=C(C)C(=O)OCCN(C)C,0
TOX21SRP53-00720,Cc1cc(=O)nc(C(C)C)[nH]1,0
TOX21SRP53-00721,CC1(C)CC(N)CC(C)(CN)C1,0
TOX21SRP53-00722,CCCOCCO,0
TOX21SRP53-00723,COC(=O)CCS,0
TOX21SRP53-00724,CCCCOC(=O)[C@@H](C)Oc1ccc(Oc2ccc(C(F)(F)F)cn2)cc1,0
TOX21SRP53-00725,OC[C@H]1O[C@@H](n2cnc3c(S)ncnc32)[C@H](O)[C@@H]1O,1
TOX21SRP53-00726,NC(=O)c1ncn([C@@H]2O[C@H](CO)[C@@H](O)[C@H]2O)c1N,0
TOX21SRP53-00727,N=C(N)NN.N=C(N)NN,0
TOX21SRP53-00728,CCC(COC(=O)c1cc(OC)c(OC)c(OC)c1)(c1ccccc1)N(C)C,0
TOX21SRP53-00729,CC[C@H](NC(C)C)[C@H](O)c1ccc(O)c2[nH]c(=O)ccc12,0
TOX21SRP53-00730,CCCCCCC1(C)CCC(=O)O1,0
TOX21SRP53-00731,CCCCCCC#CC(=O)OC,0
TOX21SRP53-00732,CCCCCC/C=C/C(=O)OC,0
TOX21SRP53-00733,CCCCCCCC(=O)OCCCCCC,0
TOX21SRP53-00734,CCCCCCCC/C=C\CCCCCCCC(=O)OCC,0
TOX21SRP53-00735,C/C=C/C=C/CO,0
TOX21SRP53-00736,CCN(CC)CC1CCCCN1CC(=O)N1c2ccccc2C(=O)Nc2cccnc21,0
TOX21SRP53-00737,CC1(C)Oc2ccc(C#N)cc2[C@@H](N2CCCC2=O)[C@@H]1O,0
TOX21SRP53-00738,O=C(O)CCCCCCC(=O)O,0
TOX21SRP53-00739,CCOC(=O)[C@]1(c2ccccc2)Oc2ccccc2[C@@H]1N,0
TOX21SRP53-00740,CCCN1C=CN(C)C1,0
TOX21SRP53-00741,Cc1ccccc1/N=N/c1ccc(/N=N/c2c(O)ccc3ccccc23)c(C)c1,0
TOX21SRP53-00742,CCCCCCCCCCCCCBr,0
TOX21SRP53-00743,Cc1ncsc1CCCl,0
TOX21SRP53-00744,Clc1cccc(Cl)c1N=C1NCCN1,0
TOX21SRP53-00745,CC1CCCC(C)N1NC(=O)c1ccc(Cl)c(S(N)(=O)=O)c1,0
TOX21SRP53-00746,Nc1ccc2ccccc2c1S(=O)(=O)O,0
TOX21SRP53-00747,O=[N+]([O-])c1ccc(Cl)cc1,0
TOX21SRP53-00748,CCCCOC(O)CC,0
TOX21SRP53-00749,CCCCCCCCCCCCOS(=O)(=O)[O-],0
TOX21SRP53-00750,CCCCC(CC)COS(=O)(=O)[O-],0
TOX21SRP53-00751,CCOC(=O)C1=NOC(c2ccccc2)(c2ccccc2)C1,0
TOX21SRP53-00752,O=C(Nc1ccc([N+](=O)[O-])cc1Cl)c1cc(Cl)ccc1O,1
TOX21SRP53-00753,CC(C)(C)C(O)/C(=C\c1ccc(Cl)cc1Cl)n1cncn1,0
TOX21SRP53-00754,Cc1cc([N+](=O)[O-])ccc1N,0
TOX21SRP53-00755,Cc1c(N)cccc1[N+](=O)[O-],0
TOX21SRP53-00756,CCCCC(=O)O[C@]1(C(=O)CO)[C@H](C)C[C@H]2[C@@H]3CCC4=CC(=O)C=C[C@]4(C)[C@@]3(F)[C@@H](O)C[C@@]21C,0
TOX21SRP53-00757,CC(C)(CO)[C@@H](O)C(=O)NCCCO,0
TOX21SRP53-00758,CC(=O)OCC(=O)[C@@]1(O)[C@H](C)C[C@H]2[C@@H]3CCC4=CC(=O)C=C[C@]4(C)[C@@]3(F)[C@@H](O)C[C@@]21C,0
TOX21SRP53-00759,C/C=C(\C)C(=O)OC/C=C(\C)CCC=C(C)C,0
TOX21SRP53-00760,N[C@@H](Cc1ccc(Oc2cc(I)c(O)c(I)c2)c(I)c1)C(=O)O,0
TOX21SRP53-00761,CO/N=C(\C(=O)N[C@@H]1C(=O)N2C(C(=O)[O-])=C(C[n+]3cccc4c3CCC4)CS[C@H]12)c1csc(N)n1,0
TOX21SRP53-00762,CC/C(=C(/CC)c1ccc(OP(=O)(O)O)cc1)c1ccc(OP(=O)(O)O)cc1,0
TOX21SRP53-00763,CCN(CC)CCO[C@H]1CC[C@@]2(C)C(=CC[C@H]3[C@@H]4CCC(=O)[C@@]4(C)CC[C@@H]32)C1,0
TOX21SRP53-00764,COC(CNC(=O)c1ccccc1OCC(=O)O)C[Hg]O,0
TOX21SRP53-00765,O=C(C=Cc1ccccc1)OCCCc1ccccc1,0
TOX21SRP53-00766,CC1=C(C=O)C(C)(C)CCC1,0
TOX21SRP53-00767,CCCCCOC(=O)CCCC,0
TOX21SRP53-00768,CCCc1ccccc1,0
TOX21SRP53-00769,CC(C)=CC(=O)O,0
TOX21SRP53-00770,CCCCCCCCC(=O)Cl,0
TOX21SRP53-00771,CN1CCCC1,0
TOX21SRP53-00772,CC(=O)Nc1cc([As](=O)(O)O)ccc1O,0
TOX21SRP53-00773,OCc1ccccc1O,0
TOX21SRP53-00774,C[n+]1c2cc(N)ccc2cc2ccc(N)cc21.Nc1ccc2cc3ccc(N)cc3nc2c1,1
TOX21SRP53-00775,Oc1c(Br)cc(Br)c2cccnc12,1
TOX21SRP53-00776,CNCCCN1c2ccccc2CCc2ccccc21,0
TOX21SRP53-00777,CCC(C)OC(=O)N1CCCCC1CCO,0
TOX21SRP53-00778,Cc1ccc(NC(=O)c2ccc(CN3CCN(C)CC3)cc2)cc1Nc1nccc(-c2cccnc2)n1,0
TOX21SRP53-00779,CCCCCC1CCC(=O)O1,0
TOX21SRP53-00780,CC/C=C\CCOC(C)OCC,0
TOX21SRP53-00781,CCCOc1ccc(C(=O)OCCN(CC)CC)cc1N,0
TOX21SRP53-00782,COC(=O)C(Cl)C(=O)OC,0
TOX21SRP53-00783,NCCC[C@H](N)C(=O)O,0
TOX21SRP53-00784,CCN(CC)CCNC(=O)c1ccc(NS(C)(=O)=O)cc1,0
TOX21SRP53-00785,CC(N)Cc1ccc2c(c1)OCO2,0
TOX21SRP53-00786,CC(C)(C)c1ccc(O)c(O)c1,0
TOX21SRP53-00787,CC(C)(C)N,0
TOX21SRP53-00788,CCCCOC(=O)c1ccccc1N,0
TOX21SRP53-00789,O=C1CCCCCCCCCCCN1,0
TOX21SRP53-00790,c1ccc(B(c2ccccc2)c2ccccc2)cc1,0
TOX21SRP53-00791,Cc1cccc(C(=O)O)c1O,0
TOX21SRP53-00792,NCCOCCO,0
TOX21SRP53-00793,[S-]c1ccccc1,0
TOX21SRP53-00794,CC(C)(C)c1ccc(C=O)cc1,0
TOX21SRP53-00795,CC[N+]1(CC)CCC(=C(c2ccccc2)c2ccccc2)C1C,0
TOX21SRP53-00796,CC(=O)OCC(=O)[C@@]1(O)CC[C@H]2[C@@H]3CCC4=CC(=O)C=C[C@]4(C)[C@H]3[C@@H](O)C[C@@]21C,0
TOX21SRP53-00797,O=C1c2c(O)cccc2Cc2cccc(O)c21,0
TOX21SRP53-00798,COc1ccc(N)cc1,0
TOX21SRP53-00799,CC(C)c1cccc(C(C)C)c1N,0
TOX21SRP53-00800,O=C(O)c1cc(C(=O)O)c(C(=O)O)cc1C(=O)O,0
TOX21SRP53-00801,Nc1ccc(S(=O)(=O)O)c(N)c1,0
TOX21SRP53-00802,O=C(O)C1CCCN1,0
TOX21SRP53-00803,C=CCCCCCCCCC=O,0
TOX21SRP53-00804,CCO[Si](OCC)(OCC)c1ccccc1,0
TOX21SRP53-00805,C=CCOc1nc(OCC=C)nc(OCC=C)n1,0
TOX21SRP53-00806,NCCOS(=O)(=O)O,0
TOX21SRP53-00807,COc1cc2nc(N3CCN(C(=O)C4COc5ccccc5O4)CC3)nc(N)c2cc1OC,0
TOX21SRP53-00808,Cc1ccc(C(=O)c2ccc(CC(=O)[O-])n2C)cc1,0
TOX21SRP53-00809,CO[C@@]1(NC(=O)C(C(=O)[O-])c2ccc(O)cc2)C(=O)N2C(C(=O)[O-])=C(CSc3nnnn3C)CO[C@@H]21,0
TOX21SRP53-00810,C=C1c2c(Cl)ccc(O)c2C(=O)C2=C(O)[C@]3(O)C(=O)C(C(N)=O)=C(O)[C@@H](N(C)C)[C@@H]3[C@@H](O)[C@H]12.O=C(O)c1cc(S(=O)(=O)O)ccc1O,0
TOX21SRP53-00811,NC(CO)(CO)CO.O=C(c1ccccc1)c1ccc2n1CC[C@H]2C(=O)O,0
TOX21SRP53-00812,CO[C@@]1(NC(=O)CSCC#N)C(=O)N2C(C(=O)[O-])=C(CSc3nnnn3C)CS[C@@H]21,0
TOX21SRP53-00813,CCOC(=O)c1ccc(OC(=O)CCCCCNC(=N)N)cc1,0
TOX21SRP53-00814,CC(C)OC(=O)COc1ccc(Cl)cc1Cl,0
TOX21SRP53-00815,CCCCC(CC)COC(=O)COc1ccc(Cl)cc1Cl,0
TOX21SRP53-00816,O=S(=O)(Oc1ccc(Cl)cc1Cl)c1ccccc1,0
TOX21SRP53-00817,CN(C)C(=O)Nc1ccc(Cl)c(Cl)c1,0
TOX21SRP53-00818,CC(Oc1cc(Cl)ccc1Cl)C(=O)O,0
TOX21SRP53-00819,CC(Oc1ccc(Cl)cc1Cl)C(=O)O,0
TOX21SRP53-00820,CCCCOC(=O)COc1ccc(Cl)cc1Cl,0
TOX21SRP53-00821,O=C(O)COc1ccc(Cl)cc1Cl,0
TOX21SRP53-00822,Cn1cnc([N+](=O)[O-])c1Sc1ncnc2nc[nH]c12,1
TOX21SRP53-00823,[N-]=[N+]=CC(=O)OC[C@H](N)C(=O)O,0
TOX21SRP53-00824,COP(=O)(OC)OC=C(Cl)Cl,0
TOX21SRP53-00825,CC(Cl)CCl,0
TOX21SRP53-00826,CC(C)N(C)C,0
TOX21SRP53-00827,CN(C)CCCNCCCN,0
TOX21SRP53-00828,CCn1cc[n+](C)c1,0
TOX21SRP53-00829,CC(=O)OCC(=O)[C@@]12OC3(CCCC3)O[C@@H]1C[C@H]1[C@@H]3CCC4=CC(=O)C=C[C@]4(C)[C@@]3(F)[C@@H](O)C[C@@]12C,0
TOX21SRP53-00830,COc1ccc(Cc2nccc3cc(OC)c(OC)cc23)cc1OC,0
TOX21SRP53-00831,Cl[Pd]Cl,0
TOX21SRP53-00832,Cc1occc1C(=O)Nc1ccc(C(=O)N2CCC(F)(F)/C(=C\C(=O)N3CCC(N4CCCCC4)CC3)c3ccccc32)cc1.Cc1occc1C(=O)Nc1ccc(C(=O)N2CCC(F)(F)/C(=C\C(=O)N3CCC(N4CCCCC4)CC3)c3ccccc32)cc1,0
TOX21SRP53-00833,COc1c(O[C@@H]2O[C@H](CO)[C@@H](O)[C@H](O)[C@H]2O)cc2c(c1OC)-c1ccc(SC)c(=O)cc1[C@@H](NC(C)=O)CC2,0
TOX21SRP53-00834,Clc1sc(Cl)c(Cl)c1Cl,0
TOX21SRP53-00835,OCCN1CCN(CC/C=C2/c3ccccc3Sc3ccc(Cl)cc32)CC1,0
TOX21SRP53-00836,ClC=CCl,0
TOX21SRP53-00837,O=c1[nH]c(=O)n(Cl)c(=O)n1Cl,0
TOX21SRP53-00838,O=c1[n-]c(=O)n(Cl)c(=O)n1Cl,0
TOX21SRP53-00839,O=[N+]([O-])c1cccc(Cl)c1Cl,0
TOX21SRP53-00840,O=[N+]([O-])c1ccc(Cl)cc1Cl,0
TOX21SRP53-00841,O=[N+]([O-])c1ccc(Cl)c(Cl)c1,0
TOX21SRP53-00842,CCCCCCCC/C=C/CCCOC(C)=O,0
TOX21SRP53-00843,NCCNC(=O)c1ccc(Cl)cn1,0
TOX21SRP53-00844,O=C(O)Cn1c(C(=O)Nc2nc(-c3ccccc3Cl)cs2)cc2ccccc21,0
TOX21SRP53-00845,CO/N=C(\C(=O)N[C@@H]1C(=O)N2C(C(=O)[O-])=C(CSc3nc(C)c(CC(=O)[O-])s3)CS[C@H]12)c1csc(N)n1,0
TOX21SRP53-00846,CCN(CC)CCOC(=O)c1cccnc1.O=C(O)CC(O)(CC(=O)O)C(=O)O,0
TOX21SRP53-00847,O=S(=O)([O-])CCCS(=O)(=O)[O-],0
TOX21SRP53-00848,Nc1c2c(nc3c1CCC3)CCCC2,0
TOX21SRP53-00849,CC(C)C[C@H](NC(=O)[C@@H](COC(C)(C)C)NC(=O)[C@H](Cc1ccc(O)cc1)NC(=O)[C@H](CO)NC(=O)[C@H](Cc1c[nH]c2ccccc12)NC(=O)[C@H](Cc1c[nH]cn1)NC(=O)[C@@H]1CCC(=O)N1)C(=O)N[C@@H](CCCNC(=N)N)C(=O)N1CCC[C@H]1C(=O)NNC(N)=O,0
TOX21SRP53-00850,O=C(Nc1ccc(Oc2ccc(Cl)cc2)c(Cl)c1)c1cc(I)cc(I)c1O,1
TOX21SRP53-00851,O=C(N/N=C/c1ccc([N+](=O)[O-])o1)c1cc([N+](=O)[O-])cc([N+](=O)[O-])c1O,0
TOX21SRP53-00852,O=S(c1cc(Cl)cc(Cl)c1O)c1cc(Cl)cc(Cl)c1O,1
TOX21SRP53-00853,OC[C@H]1O[C@H](O[C@@]2(CO)O[C@@H](O)[C@H](O)[C@@H]2O)[C@H](O)[C@@H](O)[C@@H]1O,0
TOX21SRP53-00854,CCOc1ccc(N=Nc2ccc(N)cc2N)cc1,0
TOX21SRP53-00855,c1ccc(OCc2ccc(CCCN3CCOCC3)cc2)cc1,0
TOX21SRP53-00856,CC(NNC(=O)c1ccccc1)c1ccccc1,0
TOX21SRP53-00857,CC(=O)Nc1ccc(OCCOCCOc2ccc(NC(C)=O)cc2)cc1,0
TOX21SRP53-00858,O=C1c2ccccc2C(=O)C1c1ccc(Cl)cc1,0
TOX21SRP53-00859,CCN(CC)C(=O)SCc1ccc(Cl)cc1,0
TOX21SRP53-00860,Oc1ccc(Cc2ccc(O)cc2)cc1,0
TOX21SRP53-00861,COC(=O)NC(=S)Nc1ccccc1NC(=S)NC(=O)OC,0
TOX21SRP53-00862,[Fe+2].c1cc[cH-]c1.c1cc[cH-]c1,0
TOX21SRP53-00863,CC(C)(C)c1cc(CCC(=O)NN)cc(C(C)(C)C)c1O,0
TOX21SRP53-00864,C=C(C)C(=O)OCCCCCCCCCCCCCCCCCC,0
TOX21SRP53-00865,CC(=O)OC1CCC(C(C)(C)C)CC1,0
TOX21SRP53-00866,CC(C)(O)CCCC1=CCC(C=O)CC1,0
TOX21SRP53-00867,Cc1cc(-c2ccc(N)c(C)c2)ccc1N,0
TOX21SRP53-00868,CC(C)OP(C)(=O)OC(C)C,0
TOX21SRP53-00869,CC1=C(C)S(=O)(=O)CCS1(=O)=O,0
TOX21SRP53-00870,COS(=O)(=O)OC,0
TOX21SRP53-00871,CNC,0
TOX21SRP53-00872,CCCCCCCCCCCCCCCCCC(=O)OCC(CC)CCCC,0
TOX21SRP53-00873,CCCCCCCCCCCCCCCCCC(=O)OCCCCCCCCCCCCCC(C)C,0
TOX21SRP53-00874,CC(C)(CO)[C@@H](O)C(=O)NCCC(=O)[O-],0
TOX21SRP53-00875,CCCCOCCOC(=O)c1ccccc1C(=O)OCCOCCCC,0
TOX21SRP53-00876,C1=CCC(c2ccccc2)CC1,0
TOX21SRP53-00877,Cc1ccc(-c2ccccc2)cc1,0
TOX21SRP53-00878,CCC12COCN1COC2,0
TOX21SRP53-00879,O=c1c(O)c(-c2ccc(O)cc2O)oc2cc(O)cc(O)c12,0
TOX21SRP53-00880,CCC(=C(CC)c1ccc(O)cc1)c1ccc(O)cc1,1
TOX21SRP53-00881,CC(C)c1nc(CN(C)C(=O)N[C@H](C(=O)N[C@@H](Cc2ccccc2)C[C@H](O)[C@H](Cc2ccccc2)NC(=O)OCc2cncs2)C(C)C)cs1,0
TOX21SRP53-00882,CCCCOC(=O)C(=O)Nc1cccc(-c2nnn[nH]2)c1,0
TOX21SRP53-00883,O=C([O-])c1ccccc1O.O=C([O-])c1ccccc1O.[Zn+2],0
TOX21SRP53-00884,CC(=O)NC(CCC(N)=O)C(=O)O,0
TOX21SRP53-00885,CCC(CN)CC(C)CCNCC(O)CNCC(C)CC(CC)CN,0
TOX21SRP53-00886,c1ccc(-c2nnn[nH]2)cc1,0
TOX21SRP53-00887,OC[C@H]1O[C@H](O[C@@H]2[C@@H](CO)O[C@H](O[C@@H]3[C@@H](CO)O[C@H](O)[C@H](O)[C@H]3O)[C@H](O)[C@H]2O)[C@H](O)[C@@H](O)[C@@H]1O,0
TOX21SRP53-00888,O=P([O-])([O-])OC(CO)CO,0
TOX21SRP53-00889,COc1ccc(CCNCC(O)COc2cccc(C)c2)cc1OC,0
TOX21SRP53-00890,CCCCCCCCP(=O)(O)O,0
TOX21SRP53-00891,c1cc(CCCc2ccncc2)ccn1,0
TOX21SRP53-00892,CN(C)C(=O)CNC(=O)Cc1ccccc1,0
TOX21SRP53-00893,CCOC(=O)c1ccc(NC(=O)CN2CCCCC2)cc1,0
TOX21SRP53-00894,CC(C(O)c1ccccc1)N(C)CCOC(c1ccccc1)c1ccccc1,0
TOX21SRP53-00895,CC(=O)O[C@@H]1C(=O)O[C@H]2[C@@H](OC(C)=O)C(=O)O[C@@H]12,0
TOX21SRP53-00896,N[C@H]1CN(c2c(F)cc3c(=O)c(C(=O)O)cn(C4C[C@H]4F)c3c2Cl)CC12CC2,0
TOX21SRP53-00897,O=C1NC2CCCCN2C12CCN(CCCN1c3ccccc3CCc3ccc(Cl)cc31)CC2,0
TOX21SRP53-00898,CO[C@]1(NC(=O)CSC(F)F)C(=O)N2C(C(=O)O)=C(CSc3nnnn3CCO)CO[C@H]21,0
TOX21SRP53-00899,CN(CC1(C)CCCO1)S(=O)(=O)c1ccc(Cl)c(S(N)(=O)=O)c1,0
TOX21SRP53-00900,C=CCOc1cc(Cl)ccc1C(=O)NCCN(CC)CC,0
TOX21SRP53-00901,Cc1ccc2c(n1)Oc1ccc(C(C)C(=O)OCC(=O)N(C)C)cc1C2,0
TOX21SRP53-00902,O=[N+]([O-])c1ccc(Cl)c(Cl)c1Cl,0
TOX21SRP53-00903,O=[N+]([O-])c1cc(Cl)c(Cl)cc1Cl,0
TOX21SRP53-00904,C=CC1CC2C=CC1C2,0
TOX21SRP53-00905,O=[N+]([O-])c1c(Cl)cc(Cl)cc1Cl,0
TOX21SRP53-00906,Oc1c(Cl)ccc(Cl)c1Cl,0
TOX21SRP53-00907,C=C(Cl)CCl,0
TOX21SRP53-00908,Clc1nc2ccccc2nc1Cl,0
TOX21SRP53-00909,OC(CCl)CCl,0
TOX21SRP53-00910,O=C(O)c1cccc(C(=O)O)n1,0
TOX21SRP53-00911,CC(C)(OOC(C)(C)c1ccccc1)c1ccccc1,0
TOX21SRP53-00912,ClC(Cl)c1ccccc1,0
TOX21SRP53-00913,CC(C)C1=CC2=CC[C@H]3[C@](C)(C(=O)O)CCC[C@]3(C)[C@H]2CC1,0
TOX21SRP53-00914,O=c1cc(-c2ccccc2)oc2ccccc12,0
TOX21SRP53-00915,Cc1cc(C)c(O)c(C)c1,0
TOX21SRP53-00916,C1CCC(NC2CCCCC2)CC1,0
TOX21SRP53-00917,Cl[Ba]Cl,0
TOX21SRP53-00918,O=C(O)c1nc(Cl)c(Cl)c(Cl)c1Cl,0
TOX21SRP53-00919,C[N+]1([O-])[C@H]2C[C@H](OC(=O)[C@H](CO)c3ccccc3)C[C@@H]1[C@H]1O[C@@H]21,0
TOX21SRP53-00920,O=C(O)CP(=O)(O)O,0
TOX21SRP53-00921,CNCCC=C1c2ccccc2CCc2ccccc21,0
TOX21SRP53-00922,Cc1cc(C(=O)O)c(C)n1-c1cccc(C(=O)O)c1.O=C1C[C@@H]2OCC=C3CN4CC[C@]56c7ccccc7N1[C@H]5[C@H]2[C@H]3C[C@H]46,0
TOX21SRP53-00923,O=C([O-])CC(O)(CC(=O)O)C(=O)[O-],0
TOX21SRP53-00924,Nc1ccc(-c2ccccc2)cc1,0
TOX21SRP53-00925,NCC1(CC(=O)O)CCCCC1,0
TOX21SRP53-00926,Nc1nc[nH]n1,0
TOX21SRP53-00927,CC1CCCCC1NC(=O)Nc1ccccc1,0
TOX21SRP53-00928,CCNP(=S)(OC)O/C(C)=C/C(=O)OC(C)C,0
TOX21SRP53-00929,O=C(c1ccc(F)cc1)C1CCN(CCn2c(=S)[nH]c3ccccc3c2=O)CC1,0
TOX21SRP53-00930,Cc1nc2sccn2c(=O)c1CCN1CCC(=C(c2ccc(F)cc2)c2ccc(F)cc2)CC1,0
TOX21SRP53-00931,Cc1cccc2ccccc12,0
TOX21SRP53-00932,O=C1CCCCCO1,0
TOX21SRP53-00933,O=C(Cl)OCc1ccccc1,0
TOX21SRP53-00934,Cc1ccc2ccccc2c1,0
TOX21SRP53-00935,CN1CCN2c3ccccc3Cc3ccccc3C2C1,0
TOX21SRP53-00936,CC1(C)S[C@@H]2[C@H](NC(=O)[C@H](NC(=O)N3CCN(S(C)(=O)=O)C3=O)c3ccccc3)C(=O)N2[C@H]1C(=O)O,0
TOX21SRP53-00937,CC(C)(C(=O)c1cccnc1)c1cccnc1,0
TOX21SRP53-00938,CN1C(CCl)Nc2cc(Cl)c(S(N)(=O)=O)cc2S1(=O)=O,0
TOX21SRP53-00939,CC(=O)Nc1c(I)c(C(=O)N[C@H]2C(O)O[C@H](CO)[C@@H](O)[C@@H]2O)c(I)c(N(C)C(C)=O)c1I,0
TOX21SRP53-00940,c1ccc2[nH]cnc2c1,0
TOX21SRP53-00941,Cc1ccccc1O,0
TOX21SRP53-00942,CCN(CCO)c1cccc(C)c1,0
TOX21SRP53-00943,CCN(CC)c1ccccc1,0
TOX21SRP53-00944,CC(=O)CC(=O)c1ccccc1,0
TOX21SRP53-00945,C1CCC(C2CCCCC2)CC1,0
TOX21SRP53-00946,O=C(/C=C/C=C/c1ccc2c(c1)OCO2)N1CCCCC1,0
TOX21SRP53-00947,CC(C)=CCCC(C)=CC=O,0
TOX21SRP53-00948,O=CC=Cc1ccccc1,0
TOX21SRP53-00949,O=C/C=C/c1ccccc1,0
TOX21SRP53-00950,BrCCc1ccccc1,0
TOX21SRP53-00951,CC(C)SCc1ccco1,0
TOX21SRP53-00952,ClC(Cl)Cl,0
TOX21SRP53-00953,COC(=O)CCSCCC(=O)OC,0
TOX21SRP53-00954,CC(=O)O[Si](C)(OC(C)=O)OC(C)=O,0
TOX21SRP53-00955,ClC(Br)Br,0
TOX21SRP53-00956,CC(C)(CCl)C(=O)Cl,0
TOX21SRP53-00957,ClCc1ccccn1,0
TOX21SRP53-00958,ClCc1cccnc1,0
TOX21SRP53-00959,CC(C)(C)C(=O)OCC(=O)[C@H]1CC[C@H]2[C@@H]3CCC4=CC(=O)CC[C@]4(C)[C@H]3CC[C@]12C,0
TOX21SRP53-00960,C[C@H]1O[C@H](O[C@@H]2[C@@H](CO)O[C@H](O[C@@H]3[C@@H](CO)O[C@@H](O)[C@H](O)[C@H]3O)[C@H](O)[C@H]2O)[C@H](O)[C@@H](O)[C@@H]1N[C@H]1C=C(CO)[C@@H](O)[C@H](O)[C@H]1O,0
TOX21SRP53-00961,C/C=C1\[C@H]2C=C(C)C[C@]1(N)c1ccc(=O)[nH]c1C2,0
TOX21SRP53-00962,COc1cc(C)ccc1C(C)C,0
TOX21SRP53-00963,CCCC1CCC(=O)O1,0
TOX21SRP53-00964,O=CCCc1ccccc1,0
TOX21SRP53-00965,CC(C)c1ccc(C(=O)N=C(N)N)cc1S(C)(=O)=O,0
TOX21SRP53-00966,O=C(N[C@@H](c1ccccc1)[C@@H]1CCCCN1)c1cccc(C(F)(F)F)c1Cl,0
TOX21SRP53-00967,CC1CCC(=O)O1,0
TOX21SRP53-00968,N#C[C@@H]1C[C@@H]2C[C@@H]2N1C(=O)[C@@H](N)C12CC3CC(CC(O)(C3)C1)C2,0
TOX21SRP53-00969,CC1CC(O)CC(C)(C)C1,0
TOX21SRP53-00970,NC(=O)NC(N)=O,0
TOX21SRP53-00971,CC(C)CC(C)O,0
TOX21SRP53-00972,CC1COC(=O)O1,0
TOX21SRP53-00973,CC1(C)S[C@@H]2[C@H](NC(=O)C3(N)CCCCC3)C(=O)N2[C@H]1C(=O)O,0
TOX21SRP53-00974,NS(=O)(=O)c1cc2c(cc1Cl)NC(CC1CCCC1)NS2(=O)=O,0
TOX21SRP53-00975,COc1cc2c(cc1OC)C(=O)C(CC1CCN(Cc3ccccc3)CC1)C2,0
TOX21SRP53-00976,CC(C)NCC(O)c1ccccc1Cl,0
TOX21SRP53-00977,CCCc1nc(C)c2c(=O)nc(-c3cc(S(=O)(=O)N4CCN(CC)CC4)ccc3OCC)[nH]n12.O=C(O)CC(O)(CC(=O)O)C(=O)O,0
TOX21SRP53-00978,C[C@H]1COc2c(C3(N)CC3)c(F)cc3c(=O)c(C(=O)O)cn1c23,0
TOX21SRP53-00979,CNC1CCCN(c2c(F)cc3c(=O)c(C(=O)O)cn(C4CC4)c3c2OC)C1,0
TOX21SRP53-00980,COc1ccc(C(=O)NCc2ccc(OCCN(C)C)cc2)cc1OC,0
TOX21SRP53-00981,C=COCCCCO,0
TOX21SRP53-00982,OCC1CO1,0
TOX21SRP53-00983,CCCCOC(=O)c1ccccc1,0
TOX21SRP53-00984,Cc1c(Cl)cccc1Cl,0
TOX21SRP53-00985,CCC1COC(=O)O1,0
TOX21SRP53-00986,Cc1cc(C(C)(C)C)c(O)c(C)c1CC1=NCCN1,0
TOX21SRP53-00987,CC(=O)O[C@H](CC(=O)[O-])C[N+](C)(C)C,0
TOX21SRP53-00988,CC(C)COP(=O)(OCC(C)C)OCC(C)C,0
TOX21SRP53-00989,O=C(O)C(c1ccc(Cl)cc1)c1ccc(Cl)cc1,0
TOX21SRP53-00990,CCOc1ccccc1O,0
TOX21SRP53-00991,CC(C)C(=O)OCCOc1ccccc1,0
TOX21SRP53-00992,C=C(C)[C@H]1CN[C@H](C(=O)O)[C@H]1CC(=O)O,1
TOX21SRP53-00993,O=C1c2ccccc2-c2n[nH]c3cccc1c23,1
TOX21SRP53-00994,Cc1ccccc1C,0
TOX21SRP53-00995,CN(C)CC[C@@H](c1ccc(Cl)cc1)c1ccccn1,0
TOX21SRP53-00996,c1ccc(C(O[C@H]2CCCN(CCc3ccc4c(c3)OCO4)C2)c2ccccc2)cc1,0
TOX21SRP53-00997,Cc1ccc(Nc2c(F)cccc2Cl)c(CC(=O)O)c1,0
TOX21SRP53-00998,C[C@@H](C1=C(CCN(C)C)Cc2ccccc21)c1ccccn1,0
TOX21SRP53-00999,CC(C)OC(=O)c1cc2c(OCC(O)CNC(C)(C)C)cccc2[nH]1,0
TOX21SRP53-01000,CC1=NN(c2ccc(S(=O)(=O)O)cc2)C(=O)C1,0
TOX21SRP53-01001,FC(F)(F)C(=NOCC1OCCO1)c1ccc(Cl)cc1,0
TOX21SRP53-01002,CN(C)Cc1cc(C(C)(C)C)c(O)c(C(C)(C)C)c1,0
TOX21SRP53-01003,CC1CC(=O)CC(C)(C)C1,0
TOX21SRP53-01004,CCn1c2ccccc2c2cc([N+](=O)[O-])ccc21,1
TOX21SRP53-01005,CCc1ccc2c(c1)C(=O)c1ccccc1C2=O,0
TOX21SRP53-01006,CC(C)(C1CCC(O)CC1)C1CCC(O)CC1,0
TOX21SRP53-01007,C=C(C)C(=O)OC1CC(C)CC(C)(C)C1,0
TOX21SRP53-01008,CN1[C@H]2C[C@H](OC(=O)[C@H](CO)c3ccccc3)C[C@@H]1[C@H]1O[C@@H]21,0
TOX21SRP53-01009,C=CCc1ccc2c(c1)OCO2,0
TOX21SRP53-01010,CC(C)(C)NCC(O)c1ccc(O)c(CO)c1,0
TOX21SRP53-01011,O=C(O)c1cc(/N=N/c2ccc(S(=O)(=O)Nc3ccccn3)cc2)ccc1O,0
TOX21SRP53-01012,O=C1NS(=O)(=O)c2ccccc21,0
TOX21SRP53-01013,O=C1[N-]S(=O)(=O)c2ccccc21,0
TOX21SRP53-01014,C=CCCCCCCCCCCCC,0
TOX21SRP53-01015,CN(C)CCC(O)(c1ccccc1)c1ccccc1Cl,0
TOX21SRP53-01016,NC(=O)[O-],0
TOX21SRP53-01017,CC(C)(CO)COC(=O)C(C)(C)CO,0
TOX21SRP53-01018,O=C(O)C[C@H](NC(=O)OCc1ccccc1)C(=O)O,0
TOX21SRP53-01019,CC(=O)C=CC1=C(C)CCCC1(C)C,0
TOX21SRP53-01020,Clc1ccc2c(c1)CCc1cccnc1C2=C1CCNCC1,0
TOX21SRP53-01021,CCOC(=O)c1ccccc1C(=O)OCC,0
TOX21SRP53-01022,CCCCOC(=O)c1ccccc1C(=O)OCCCC,0
TOX21SRP53-01023,O=[N+]([O-])c1ccc(O)cc1C(F)(F)F,1
TOX21SRP53-01024,NC(=O)c1ccccc1N,0
TOX21SRP53-01025,Nc1ccc(/N=N\c2ccccc2)c(N)c1,0
TOX21SRP53-01026,CC1CC(OC(=O)C(O)c2ccccc2)CC(C)(C)N1C,0
TOX21SRP53-01027,C#C[C@]1(OC(C)=O)CC[C@H]2[C@@H]3CCC4=CC(=O)CC[C@@H]4[C@H]3CC[C@@]21C,0
TOX21SRP53-01028,NC(=O)N=NC(N)=O,0
TOX21SRP53-01029,COc1ccc(N=[N+]([O-])c2ccc(OC)cc2)cc1,0
TOX21SRP53-01030,[O-][N+](=Nc1ccccc1)c1ccccc1,0
TOX21SRP53-01031,CC[C@@H](C)CCCCC(=O)N[C@@H](CCNCS(=O)(=O)[O-])C(=O)N[C@H](C(=O)N[C@@H](CCNCS(=O)(=O)[O-])C(=O)N[C@H]1CCNC(=O)[C@H]([C@@H](C)O)NC(=O)[C@H](CCNCS(=O)(=O)[O-])NC(=O)[C@H](CCNCS(=O)(=O)[O-])NC(=O)[C@H](CC(C)C)NC(=O)[C@@H](CC(C)C)NC(=O)[C@H](CCNCS(=O)(=O)[O-])NC1=O)[C@@H](C)O,0
TOX21SRP53-01032,ClC(Cl)=C(Cl)C(Cl)=C(Cl)Cl,0
TOX21SRP53-01033,Clc1c(Cl)c(Cl)c(Cl)c(Cl)c1Cl,0
TOX21SRP53-01034,CCOC(=O)CC(C)=O,0
TOX21SRP53-01035,C1CCCNCCC1,0
TOX21SRP53-01036,CCCCC(CC)COC(=O)/C=C\C(=O)OCC(CC)CCCC,0
TOX21SRP53-01037,Cl[C@H]1[C@H](Cl)[C@@H](Cl)[C@@H](Cl)[C@H](Cl)[C@H]1Cl,0
TOX21SRP53-01038,CC(C)(O)C#CC(C)(C)O,0
TOX21SRP53-01039,CC(=O)[O-].CC(=O)[O-].[Mg+2],0
TOX21SRP53-01040,O=C(O)CNCC(=O)O,0
TOX21SRP53-01041,CCCCCCCC/C=C\CCCCCCCC(=O)OCCCC,0
TOX21SRP53-01042,ClC(Cl)(Cl)C(Cl)(Cl)Cl,0
TOX21SRP53-01043,CN1CCN(C2=Nc3cc(F)ccc3Cc3ccccc32)CC1,0
TOX21SRP53-01044,C=CCCC(=O)O,0
TOX21SRP53-01045,CN=C=O,0
TOX21SRP53-01046,[Na]I,0
TOX21SRP53-01047,C[N+](C)(C)Cc1ccccc1,0
TOX21SRP53-01048,COc1cccc(C=O)c1,0
TOX21SRP53-01049,C[N+](C)(C)CC(=O)O,0
TOX21SRP53-01050,Cc1ccccc1CCl,0
TOX21SRP53-01051,CCC(C)c1cccc(C(C)CC)c1O,0
TOX21SRP53-01052,CCCC[N+](C)(CCCC)CCCC,0
TOX21SRP53-01053,CC(=O)CC(c1ccccc1)c1c(O)c2ccccc2oc1=O,0
TOX21SRP53-01054,CN1[C@H]2CC[C@@H]1C[C@H](O)C2,0
TOX21SRP53-01055,O=C1c2ccccc2CCc2ccccc21,0
TOX21SRP53-01056,N=C(N)Nc1ccc(C(=O)Oc2ccc3cc(C(=N)N)ccc3c2)cc1,0
TOX21SRP53-01057,BrCCCCCBr,0
TOX21SRP53-01058,NCCc1ccc(O)cc1,0
TOX21SRP53-01059,CC(C)C(=O)OCC(=O)[C@@]12O[C@H](C3CCCCC3)O[C@@H]1C[C@H]1[C@@H]3CCC4=CC(=O)C=C[C@]4(C)[C@H]3[C@@H](O)C[C@@]12C,0
TOX21SRP53-01060,C[C@@H]1O[C@@H](O[C@@H]2[C@@H](O)[C@H](OCCc3ccc(O)c(O)c3)O[C@H](CO[C@@H]3O[C@H](CO)[C@@H](O)[C@H](O)[C@H]3O)[C@H]2OC(=O)/C=C/c2ccc(O)c(O)c2)[C@H](O)[C@H](O)[C@H]1O,0
TOX21SRP53-01061,NCC(O)c1ccc(O)cc1,0
TOX21SRP53-01062,O=CNNC=O,0
TOX21SRP53-01063,CCNC(=S)NCC,0
TOX21SRP53-01064,CC/C(=C(/CC)c1ccc(O)cc1)c1ccc(O)cc1,1
TOX21SRP53-01065,CCOC(=O)/C=C\C(=O)OCC,0
TOX21SRP53-01066,CCN(C=O)CC,0
TOX21SRP53-01067,OCCOCCO,0
TOX21SRP53-01068,CC(C)(C)S,0
TOX21SRP53-01069,CCCOC(=O)c1ccc(O)cc1,0
TOX21SRP53-01070,O=C(OCc1ccccc1)c1ccc(O)cc1,0
TOX21SRP53-01071,CCCCCCCOC(=O)c1ccc(O)cc1,0
TOX21SRP53-01072,CC(C)COC(=O)c1ccccc1C(=O)OCC(C)C,0
TOX21SRP53-01073,CC(C)CCCCCCOC(=O)c1ccccc1C(=O)OCCCCCCC(C)C,0
TOX21SRP53-01074,CCOC(=O)C=Cc1ccccc1,0
TOX21SRP53-01075,COC(=O)c1ccc(O)cc1,0
TOX21SRP53-01076,CCOC(=O)c1ccc(O)cc1,0
TOX21SRP53-01077,NCCc1cnc[nH]1,0
TOX21SRP53-01078,CCCCCCCC/C=C\CCCCCCCC(=O)O,0
TOX21SRP53-01079,CN1C(=O)C(C)(C2=CCCCC2)C(=O)N=C1O,0
TOX21SRP53-01080,COS(=O)(=O)[O-].C[N+]1(C)CCN(CC(O)(c2ccccc2)C2CCCCC2)CC1,0
TOX21SRP53-01081,CCCCCCCCn1sccc1=O,1
TOX21SRP53-01082,C=CCCCCCC,0
TOX21SRP53-01083,CCN(CC)CCNc1ccc(CO)c2sc3ccccc3c(=O)c12,1
TOX21SRP53-01084,O=c1ccc2cc(O[C@@H]3O[C@H](CO)[C@@H](O)[C@H](O)[C@H]3O)c(O)cc2o1,1
TOX21SRP53-01085,c1ccc2c(c1)CCCC2C1=NCCN1,0
TOX21SRP53-01086,Cc1cccc(N(C)C(=S)Oc2ccc3ccccc3c2)c1,0
TOX21SRP53-01087,CC(CN(C)C)CN1c2ccccc2CCc2ccccc21,0
TOX21SRP53-01088,CC1=C2[C@H]3OC(=O)[C@@H](C)[C@@H]3CC[C@@]2(C)C=CC1=O,0
TOX21SRP53-01089,C[C@H]1[C@H]2[C@H](C[C@H]3[C@@H]4CC[C@H]5C[C@@H](O)CC[C@]5(C)[C@H]4CC(=O)[C@@]32C)O[C@]12CC[C@@H](C)CO2,0
TOX21SRP53-01090,c1ccc2sc(SSN3CCOCC3)nc2c1,0
TOX21SRP53-01091,CC(Cc1ccc(C(C)(C)C)cc1)CN1C[C@H](C)O[C@H](C)C1,0
TOX21SRP53-01092,CC(C)C(=O)Nc1ccc([N+](=O)[O-])c(C(F)(F)F)c1,0
TOX21SRP53-01093,CCOP(=O)(OCC)OP(=O)(OCC)OCC,0
TOX21SRP53-01094,O=C1N=C2SCCN2C(=O)C1Cc1ccc(Cl)cc1,0
TOX21SRP53-01095,O=C1NC2NC(=O)NC2N1,0
TOX21SRP53-01096,CN1[C@H]2CC[C@@H]1[C@@H](C(=O)O)[C@@H](OC(=O)c1ccccc1)C2,0
TOX21SRP53-01097,C[N@+]12CCCC[C@@H]1CCC(=C(c1cccs1)c1cccs1)C2,0
TOX21SRP53-01098,CC1(C)O[C@@H]2C[C@H]3[C@@H]4CCC5=CC(=O)C=C[C@]5(C)[C@H]4[C@@H](O)C[C@]3(C)[C@]2(C(=O)CO)O1,0
TOX21SRP53-01099,CCOc1cc(N)c(Cl)cc1C(=O)NCC1CN(Cc2ccc(F)cc2)CCO1.O=C(O)CC(O)(CC(=O)O)C(=O)O,0
TOX21SRP53-01100,O=C(c1cc2ccccc2o1)N1CCN(Cc2ccccc2)CC1,0
TOX21SRP53-01101,C[C@H]1CN(c2c(F)c(F)c3c(=O)c(C(=O)O)cn(C4CC4)c3c2F)C[C@@H](C)N1,0
TOX21SRP53-01102,COc1ccc(Cc2cnc(N)nc2N)cc1OC,0
TOX21SRP53-01103,C=C[C@]1(C)C[C@@H](OC(=O)CSC(C)(C)CNC(=O)[C@H](N)C(C)C)[C@]2(C)[C@H](C)CC[C@]3(CCC(=O)[C@H]32)[C@@H](C)[C@@H]1O,0
TOX21SRP53-01104,Cc1cnc(C(=O)O)c[n+]1[O-],0
TOX21SRP53-01105,O=C1c2ccccc2C(=O)c2cc(O)ccc21,0
TOX21SRP53-01106,CCNc1nc(NC(C)(C)C)nc(SC)n1,0
TOX21SRP53-01107,CNC(=O)N(C)c1nnc(C(C)(C)C)s1,0
TOX21SRP53-01108,Cc1[nH]c(=O)n(C(C)(C)C)c(=O)c1Cl,0
TOX21SRP53-01109,CCCCC(C#N)(Cn1cncn1)c1ccc(Cl)cc1,0
TOX21SRP53-01110,O=C([O-])CF,0
TOX21SRP53-01111,CCCCOCC(C)OCC(C)O,0
TOX21SRP53-01112,C=CC(=O)OCCOCC(CC)(COCCOC(=O)C=C)COCCOC(=O)C=C,0
TOX21SRP53-01113,C=CC(=O)OCCCCCC(C)C,0
TOX21SRP53-01114,Cl/C=C/Cl,0
TOX21SRP53-01115,Cl/C=C\Cl,0
TOX21SRP53-01116,O=C(O)CCCOc1ccc(Cl)cc1Cl,0
TOX21SRP53-01117,C=Cc1ccc(C)cc1,0
TOX21SRP53-01118,OCC(Cl)CCl,0
TOX21SRP53-01119,OCCN1C[C@H](O)[C@@H](O)[C@H](O)[C@H]1CO,0
TOX21SRP53-01120,CCCCOC(=O)CC(CC(=O)OCCCC)(OC(C)=O)C(=O)OCCCC,0
TOX21SRP53-01121,O=C(O)c1cccc(C(F)(F)F)c1,0
TOX21SRP53-01122,COC(=O)c1ccc(OC)cc1,0
TOX21SRP53-01123,COC(OC)OC,0
TOX21SRP53-01124,O=C(O)c1snc(Cl)c1Cl,0
TOX21SRP53-01125,Nc1ccc(Cl)cc1[N+](=O)[O-],0
TOX21SRP53-01126,CN(C)CCN(Cc1cccs1)c1ccccn1.CN(C)CCN(Cc1cccs1)c1ccccn1,0
TOX21SRP53-01127,CCCC(=O)OCCC(C)CCC=C(C)C,0
TOX21SRP53-01128,C=CCc1ccc(OC(=O)Cc2ccccc2)c(OC)c1,0
TOX21SRP53-01129,Cc1ccc(OC(=O)CC(C)C)cc1,0
TOX21SRP53-01130,CCC(C)C1N=C(C)C(C)S1,0
TOX21SRP53-01131,CCCC(=O)C(CC)Sc1ccoc1C,0
TOX21SRP53-01132,Cc1nc2ccc(Cl)cc2[nH]1,0
TOX21SRP53-01133,N[C@@H](CCC(=O)O)C(=O)O,0
TOX21SRP53-01134,CCCC(=O)OC/C=C(\C)CCC=C(C)C,0
TOX21SRP53-01135,CC(C)(C)OC(=O)c1ccccc1C(=O)O,0
TOX21SRP53-01136,CC(C)C[C@H](NC(=O)OCC1c2ccccc2-c2ccccc21)C(=O)O,0
TOX21SRP53-01137,C[C@H]1C[C@H]2[C@@H]3CCC4=CC(=O)C=C[C@]4(C)[C@@]3(Cl)[C@@H](O)C[C@]2(C)[C@@]1(O)C(=O)CO,0
TOX21SRP53-01138,CP(=O)([O-])OCCC[Si](O)(O)O,0
TOX21SRP53-01139,N#Cc1ccc(CC(=O)c2cccc(C(F)(F)F)c2)cc1,0
TOX21SRP53-01140,O=C(c1ccc(O)cc1)c1ccc(O)cc1O,0
TOX21SRP53-01141,OCCC1CCCCN1,0
TOX21SRP53-01142,CC(C)(O)C(=O)c1ccccc1,0
TOX21SRP53-01143,CCCCOC(=O)C(C)OC(=O)CCC,0
TOX21SRP53-01144,COC(C=C(C)CCC=C(C)C)OC,0
TOX21SRP53-01145,CCC(=O)OC(C)(C)C1CC=C(C)CC1,0
TOX21SRP53-01146,C=C[Si](OC(=C)C)(OC(=C)C)OC(=C)C,0
TOX21SRP53-01147,O=S(=O)(O)NC1CCCCC1,0
TOX21SRP53-01148,CC(C)(C)c1ccc(OP(=O)(Oc2ccccc2)Oc2ccccc2)cc1,0
TOX21SRP53-01149,CC(C)(C)c1ccc(OCC2CO2)cc1,0
TOX21SRP53-01150,CC(=O)[C@H]1CC[C@H]2[C@@H]3C=CC4=CC(=O)CC[C@@]4(C)[C@@H]3CC[C@]12C,0
TOX21SRP53-01151,Cn1c(=O)c2c(ncn2CC(O)CO)n(C)c1=O,0
TOX21SRP53-01152,C=CN1CCCC1=O,0
TOX21SRP53-01153,OCC(CO)N[C@H]1C[C@](O)(CO)[C@@H](O)[C@H](O)[C@H]1O,0
TOX21SRP53-01154,C1CCCCCCCCCCC1,0
TOX21SRP53-01155,Cc1cccc(C)c1,0
TOX21SRP53-01156,Cc1ccc(N)c(C)c1,0
TOX21SRP53-01157,Oc1cccc(Cl)c1,0
TOX21SRP53-01158,O=C(O)c1cc(C(=O)O)cc(S(=O)(=O)[O-])c1,0
TOX21SRP53-01159,Nc1c(S(=O)(=O)[O-])cc(Br)c2c1C(=O)c1ccccc1C2=O,0
TOX21SRP53-01160,CC(C)CCON=O,0
TOX21SRP53-01161,CC(=O)C(C)C,0
TOX21SRP53-01162,O=Cc1ccccc1[N+](=O)[O-],1
TOX21SRP53-01163,O=Cc1ccc([N+](=O)[O-])cc1,0
TOX21SRP53-01164,COc1cc(OC)nc(Oc2cccc(Oc3nc(OC)cc(OC)n3)c2C(=O)[O-])n1,0
TOX21SRP53-01165,CC(C)=C[C@@H]1[C@@H](C(=O)OCc2coc(Cc3ccccc3)c2)C1(C)C,0
TOX21SRP53-01166,COc1cc([C@@H]2c3cc4c(cc3C(O[C@@H]3O[C@@H]5CO[C@@H](C)O[C@H]5[C@H](O)[C@H]3O)C3COC(=O)[C@@H]32)OCO4)cc(OC)c1OP(=O)(O)O,1
TOX21SRP53-01167,Nc1ccc(S(=O)(=O)[N-]c2ncccn2)cc1.[Ag+],0
TOX21SRP53-01168,COC(=O)C1=C(C)NC(C)=C(C(=O)OCC(C)=O)C1c1ccccc1[N+](=O)[O-],0
TOX21SRP53-01169,C=C1/C(=C\C=C2/CCC[C@]3(C)[C@@H]([C@H](C)OCCC(C)(C)O)CC[C@@H]23)C[C@@H](O)C[C@@H]1O,1
TOX21SRP53-01170,Cc1nc(-c2ccc(OCC(C)C)c(C#N)c2)sc1C(=O)O,0
TOX21SRP53-01171,COc1ccc(C(=O)N2CCCC2=O)cc1,0
TOX21SRP53-01172,CC(C)(C)NCC(O)c1ccc(O)c(CO)n1,0
TOX21SRP53-01173,CC(N)C(=O)OC(C)(C)Cc1ccc(Cl)cc1,0
TOX21SRP53-01174,CC1=C(C)C(=O)C(CCCCC#CCCCC#CCO)=C(C)C1=O,0
TOX21SRP53-01175,C=CCc1ccccc1OCC(O)CNC(C)C,0
TOX21SRP53-01176,CC(C)(C)c1nnc(NS(=O)(=O)c2ccccc2)s1,0
TOX21SRP53-01177,Cc1ccc2c(c1N)C(=O)c1ccccc1C2=O,0
TOX21SRP53-01178,CCn1c2ccccc2c2cc(N)ccc21,1
TOX21SRP53-01179,CCOc1ccc(NC(C)=O)cc1N,0
TOX21SRP53-01180,Nc1c(Br)cc(Br)c2c1C(=O)c1ccccc1C2=O,0
TOX21SRP53-01181,Nc1nnc(-c2ccc([N+](=O)[O-])o2)o1,0
TOX21SRP53-01182,CCCCCCCCCCCCCCBr,0
TOX21SRP53-01183,CCOCn1c(-c2ccc(Cl)cc2)c(C#N)c(Br)c1C(F)(F)F,1
TOX21SRP53-01184,Cn1cc(S(C)=O)c(=O)c2ccc(F)cc21,0
TOX21SRP53-01185,c1ccc2c(CCC3CCNCC3)c[nH]c2c1,0
TOX21SRP53-01186,C/C(=N\O)c1ccc(OCC(=O)N2CCCCC2)cc1,0
TOX21SRP53-01187,O=C(O)CCCCCCNC1c2ccccc2CCc2ccccc21,0
TOX21SRP53-01188,O=C(O)Cc1ccccc1Oc1ccc(Cl)cc1Cl,0
TOX21SRP53-01189,CCCOC(=O)Cc1ccc(OCC(=O)N(CC)CC)c(OC)c1,0
TOX21SRP53-01190,CCC(=O)O[C@H]1[C@@H](N2CCCCC2)C[C@H]2[C@@H]3CC[C@H]4C[C@H](OC(C)=O)[C@@H](N5CCCCC5)C[C@]4(C)[C@H]3CC[C@@]21C,0
TOX21SRP53-01191,COc1ccc2c(C(=O)c3ccc(Cl)cc3)c(C)n(CC(=O)O)c2c1,0
TOX21SRP53-01192,Cc1nc([N+](=O)[O-])cn1-c1ccc([N+](=O)[O-])cc1,0
TOX21SRP53-01193,CO[C@@]12[C@H](COC(N)=O)C3=C(C(=O)C(C)=C(N)C3=O)N1C[C@@H]1N[C@@H]12,1
TOX21SRP53-01194,O=[Mo](=O)=O,0
TOX21SRP53-01195,CCOP(=S)(S)OCC,0
TOX21SRP53-01196,c1nc[nH]n1,0
TOX21SRP53-01197,ClC1(Cl)C2(Cl)C3(Cl)C4(Cl)C(Cl)(Cl)C5(Cl)C3(Cl)C1(Cl)C5(Cl)C24Cl,0
TOX21SRP53-01198,CCCCCCCC/C=C\CCCCCCCC(N)=O,0
TOX21SRP53-01199,CNC(=O)Oc1cc(C)c(N(C)C)c(C)c1,0
TOX21SRP53-01200,Cc1cc(=O)[nH]c(=S)[nH]1,0
TOX21SRP53-01201,C[C@@H]1C[C@H]2[C@@H]3CCC4=CC(=O)C=C[C@]4(C)[C@@]3(Cl)[C@@H](O)C[C@]2(C)[C@@]1(OC(=O)c1ccco1)C(=O)CCl,0
TOX21SRP53-01202,CCC(C)(C)c1ccc(O)cc1,0
TOX21SRP53-01203,Cc1c(N)cccc1Cl,0
TOX21SRP53-01204,Cc1ccc(Cl)cc1,0
TOX21SRP53-01205,Nc1ccc(Br)cc1,0
TOX21SRP53-01206,CCCCOC(=O)CCCCC(=O)OCCCC,0
TOX21SRP53-01207,Cc1ccc(O)c(C)c1,0
TOX21SRP53-01208,COc1ccc(CCN(C)CCCN2CCc3cc(OC)c(OC)cc3CC2=O)cc1OC,0
TOX21SRP53-01209,Cc1ccc(O)cc1,0
TOX21SRP53-01210,Cc1ccc(C)cc1,0
TOX21SRP53-01211,COc1ccc(S(=O)(=O)N2c3ccc(Cl)cc3[C@@](O)(c3ccccc3Cl)[C@H]2C(=O)N2CCC[C@@H]2C(N)=O)cc1OC,0
TOX21SRP53-01212,O=[PH](Oc1ccccc1)Oc1ccccc1,0
TOX21SRP53-01213,C[NH+](C)CCC(c1ccc(Cl)cc1)c1ccccn1,0
TOX21SRP53-01214,CCCNC(=O)NS(=O)(=O)c1ccc(Cl)cc1,0
TOX21SRP53-01215,C[N+](C)(C)CCO,0
TOX21SRP53-01216,O=[Cr]O[Cr]=O,0
TOX21SRP53-01217,[Cr+3],0
TOX21SRP53-01218,O=C1c2cccc(O)c2C(=O)c2c(O)cccc21,0
TOX21SRP53-01219,CN/C(=N\C#N)NCCSCc1nc[nH]c1C,0
TOX21SRP53-01220,CCCCNS(=O)(=O)c1ccccc1,0
TOX21SRP53-01221,C=C(C)c1cccc(C(=C)C)c1,0
TOX21SRP53-01222,CC=CC(=O)O,0
TOX21SRP53-01223,CC1OC(=O)C(C)OC1=O,0
TOX21SRP53-01224,CC(C)Nc1ccc(NC(C)C)c2c1C(=O)c1ccccc1C2=O,0
TOX21SRP53-01225,OCCCCCO,0
TOX21SRP53-01226,CC(C)(C)c1cc([N+](=O)[O-])cc([N+](=O)[O-])c1O,1
TOX21SRP53-01227,CNC(=N)NC(=O)Nc1c(C)cccc1C,0
TOX21SRP53-01228,CC(C(=O)O)c1ccc2c(c1)CC(=O)c1ccccc1S2,0
TOX21SRP53-01229,CC(C(=O)O)c1ccc(C2CCCCC2)c2ccccc12,0
TOX21SRP53-01230,CC[C@]1(O)C[C@H]2CN(CCc3c([nH]c4ccccc34)[C@@](C(=O)OC)(c3cc4c(cc3OC)N(C)[C@H]3[C@@](O)(C(N)=O)[C@H](O)[C@]5(CC)C=CCN6CC[C@]43[C@@H]65)C2)C1,1
TOX21SRP53-01231,CCOC(=O)CN[C@@H](C(=O)N1CC[C@H]1C(=O)NCc1ccc(/C(N)=N/O)cc1)C1CCCCC1,0
TOX21SRP53-01232,[NH3+]c1ccccc1,0
TOX21SRP53-01233,NC(=S)c1c(Cl)cccc1Cl,0
TOX21SRP53-01234,CC(C)c1ccc(S(=O)(=O)[O-])cc1,0
TOX21SRP53-01235,CCCCCCCCCCCCCCCS(=O)(=O)Oc1ccccc1,0
TOX21SRP53-01236,CC[C@H](C)C(=O)O[C@H]1C[C@H](O)C=C2C=C[C@H](C)[C@H](CC[C@@H](O)C[C@@H](O)CC(=O)[O-])[C@H]21,0
TOX21SRP53-01237,NC[C@H]1O[C@H](O[C@@H]2[C@@H](N)C[C@@H](N)[C@H](O[C@H]3O[C@H](CO)[C@@H](O)[C@H](N)[C@H]3O)[C@H]2O)[C@H](O)[C@@H](O)[C@@H]1O,0
TOX21SRP53-01238,COc1cc2c(cc1OC)[C@@]13CCN4CC5=CCO[C@H]6CC(=O)N2[C@H]1[C@H]6[C@H]5C[C@H]43,0
TOX21SRP53-01239,C[C@H](CCC(=O)O)[C@H]1CC[C@H]2[C@@H]3C(=O)C[C@@H]4CC(=O)CC[C@]4(C)[C@H]3CC(=O)[C@@]21C,0
TOX21SRP53-01240,COCCOCCOCCOC,0
TOX21SRP53-01241,C[N+](C)(C)CCCCCCCCCC[N+](C)(C)C,0
TOX21SRP53-01242,C#C[C@]1(O)CC[C@H]2[C@@H]3CCC4=Cc5oncc5C[C@]4(C)[C@H]3CC[C@@]21C,0
TOX21SRP53-01243,Cc1ccccc1Br,0
TOX21SRP53-01244,COc1cccc2c1C(=O)c1c(O)c3c(c(O)c1C2=O)C[C@@](O)(C(C)=O)C[C@@H]3O[C@H]1C[C@H](N)[C@H](O)[C@H](C)O1,1
TOX21SRP53-01245,CC(O)CCCCn1c(=O)c2c(ncn2C)n(C)c1=O,0
TOX21SRP53-01246,Cc1ccc(C(=O)Nc2ccc(S(=O)(=O)O)c3cc(S(=O)(=O)O)cc(S(=O)(=O)O)c23)cc1NC(=O)c1cccc(NC(=O)Nc2cccc(C(=O)Nc3cc(C(=O)Nc4ccc(S(=O)(=O)O)c5cc(S(=O)(=O)O)cc(S(=O)(=O)O)c45)ccc3C)c2)c1,0
TOX21SRP53-01247,COc1cc(C(C)C)c2c(c1)S(=O)(=O)N(COc1cc(=O)n3cccc(OCCN4CCCCC4)c3n1)C2=O,0
TOX21SRP53-01248,COc1cccc([C@H](O)C2CCN(CCc3ccc(F)cc3)CC2)c1OC,0
TOX21SRP53-01249,CN(C)CCC=C1c2ccccc2C(C)(C)c2ccccc21,0
TOX21SRP53-01250,O=C(N[C@H](c1ccccc1)[C@@H]1CN2CCC1CC2)c1c(Cl)ccc(C(F)(F)F)c1Cl,0
TOX21SRP53-01251,CNC(=O)Oc1cccc(C(C)C)c1,0
TOX21SRP53-01252,COC(=O)c1cc(Oc2ccc(Cl)cc2Cl)ccc1[N+](=O)[O-],0
TOX21SRP53-01253,CCC(=O)Nc1ccc(O)cc1,0
TOX21SRP53-01254,CN(C)CCCN1c2ccccc2Sc2ccccc21,0
TOX21SRP53-01255,CC(=O)N1C[C@H](O)C[C@H]1C(=O)O,0
TOX21SRP53-01256,CCC(C)(S(=O)(=O)CC)S(=O)(=O)CC,0
TOX21SRP53-01257,CN1C(=O)/C(=N/NC(N)=S)c2ccccc21,0
TOX21SRP53-01258,CC(=O)Oc1cc(C(C)C)c(OCCN(C)C)cc1C,0
TOX21SRP53-01259,CCN(CC)CCNC(C(=O)OCCC(C)C)c1ccccc1,0
TOX21SRP53-01260,CCNC(=O)/C=C/c1cccc(Br)c1,0
TOX21SRP53-01261,O=S(=O)(c1ccccc1)c1ccc(Cl)cc1,0
TOX21SRP53-01262,OC(c1ccc(Cl)cc1)(c1ccc(Cl)cc1)c1cccnc1,1
TOX21SRP53-01263,CCCCCCCCCCCCCCCC(=O)NCCO,0
TOX21SRP53-01264,CCCCCCC1CCCC(=O)O1,0
TOX21SRP53-01265,CC(CC=O)c1ccccc1,0
TOX21SRP53-01266,C1CNCCN1,0
TOX21SRP53-01267,CCOC(=O)CCc1ccccc1,0
TOX21SRP53-01268,CCOC(=O)CC(=O)c1ccccc1,0
TOX21SRP53-01269,CCCCCC#CC(=O)OC,0
TOX21SRP53-01270,CC/C=C\CC1=C(C)CCC1=O,0
TOX21SRP53-01271,CCC(=O)OC(C)c1ccccc1,0
TOX21SRP53-01272,Cc1cccc2nccnc12,0
TOX21SRP53-01273,C/C=C/C=C/C(=O)O,0
TOX21SRP53-01274,CCN(CC)C(=S)[S-],0
TOX21SRP53-01275,[O-]c1c(Cl)cc(Cl)cc1Sc1cc(Cl)cc(Cl)c1[O-],1
TOX21SRP53-01276,Brc1cc(Br)c(Oc2cc(Br)c(Br)cc2Br)cc1Br,0
TOX21SRP53-01277,CC(C)NCC(O)c1ccc(NS(C)(=O)=O)cc1,0
TOX21SRP53-01278,CCC(OCCCOC)OC(C)=O,0
TOX21SRP53-01279,Cc1cscn1,0
TOX21SRP53-01280,NC1CCCCC1N,0
TOX21SRP53-01281,O=C(Cl)c1c(Cl)c(Cl)c(C(=O)Cl)c(Cl)c1Cl,0
TOX21SRP53-01282,C[Sn](C)(Cl)Cl,0
TOX21SRP53-01283,CCCCC(CC)C(=O)Cl,0
TOX21SRP53-01284,CCOCCC(=O)OCC,0
TOX21SRP53-01285,N#Cc1ccc2c(c1)N(CCCN1CCC(O)CC1)c1ccccc1S2,1
TOX21SRP53-01286,CN(N=O)c1ccccc1,0
TOX21SRP53-01287,O=NN1CCOCC1,0
TOX21SRP53-01288,NC(=O)Nc1nc2ccccc2[nH]1,0
TOX21SRP53-01289,O=NN1CCNCC1,0
TOX21SRP53-01290,OC(CCN1CCCCC1)(c1ccccc1)C1CCCCC1,0
TOX21SRP53-01291,COc1cc2c(cc1OC)[C@@H](c1ccccc1)CN(C)CC2,0
TOX21SRP53-01292,COc1ccc(CCNC[C@H](O)c2ccc(O)cc2)cc1OC,0
TOX21SRP53-01293,CN(C)CCCN1c2ccccc2Sc2ccc(C(F)(F)F)cc21,1
TOX21SRP53-01294,CC(C)(C)NCC(O)c1ccccc1Cl,0
TOX21SRP53-01295,CCN(CC)C(=O)N[C@H]1C[C@@H]2c3cccc4[nH]cc(c34)C[C@H]2N(C)C1,0
TOX21SRP53-01296,COC(=O)CC(C)CCC=C(C)C,0
TOX21SRP53-01297,CC1(C)[C@@H](O)CC[C@@]2(C)[C@H]1CC[C@]1(C)[C@@H]2C(=O)C=C2[C@@H]3C[C@@](C)(C(=O)O)CC[C@]3(C)CC[C@]21C,0
TOX21SRP53-01298,O=S1OCCO1,0
TOX21SRP53-01299,OCC(O)CCl,0
TOX21SRP53-01300,COC(C)(C)CCO,0
TOX21SRP53-01301,C[C@]1(O)CC[C@H]2[C@@H]3CCC4=CC(=O)CC[C@]4(C)[C@H]3CC[C@@]21C,1
TOX21SRP53-01302,OCC(O)CO,0
TOX21SRP53-01303,O=S(=O)(O)c1ccc(O)c2ncccc12,0
TOX21SRP53-01304,Cc1ccc(S(=O)(=O)O)cc1.O,0
TOX21SRP53-01305,Oc1ccc(C(c2ccc(O)cc2)(C(F)(F)F)C(F)(F)F)cc1,1
TOX21SRP53-01306,COC(OC)(C(=O)c1ccccc1)c1ccccc1,0
TOX21SRP53-01307,C[C@@H]1CC[C@H]2C(C)(C)[C@H]3C[C@]21CC[C@@]3(C)O,0
TOX21SRP53-01308,CC(c1ccc(O)cc1)(c1ccc(O)cc1)c1ccc(O)cc1,1
TOX21SRP53-01309,O=S(=O)(O)O,0
TOX21SRP53-01310,[Fe+2],0
TOX21SRP53-01311,c1ccc2c(c1)ccc1cc3c(ccc4ccccc43)cc12,1
TOX21SRP53-01312,Nc1ccc(O)c(N)c1,0
TOX21SRP53-01313,Nc1ccc(NC(=O)c2ccc(N)cc2)cc1,0
TOX21SRP53-01314,Cc1ccc(N)cc1N,0
TOX21SRP53-01315,CCOP(=S)(OCC)Oc1cc(C)nc(C(C)C)n1,0
TOX21SRP53-01316,CN1C(=O)CN=C(c2ccccc2)c2cc(Cl)ccc21,0
TOX21SRP53-01317,CC(C)(C)C(=O)O,0
TOX21SRP53-01318,CC(C)(CO)[N+](=O)[O-],0
TOX21SRP53-01319,CCOC(=O)[C@@H](C)Oc1ccc(Oc2nc3ccc(Cl)cc3o2)cc1,0
TOX21SRP53-01320,CCCCCCCCCCCCS,0
TOX21SRP53-01321,CSC1=N[C@@](C)(c2ccccc2)C(=O)N1Nc1ccccc1,0
TOX21SRP53-01322,C[N+]1(C)CCC(OC(=O)C(O)(c2ccccc2)C2CCCC2)C1,0
TOX21SRP53-01323,CC(C)CN(C[C@@H](OP(=O)([O-])[O-])[C@H](Cc1ccccc1)NC(=O)O[C@H]1CCOC1)S(=O)(=O)c1ccc(N)cc1,0
TOX21SRP53-01324,N[C@@H](CCC(=O)N[C@@H](CS)C(=O)NCC(=O)O)C(=O)O,0
TOX21SRP53-01325,OCCN(CCO)c1cccc(Cl)c1,0
TOX21SRP53-01326,CCOC(=O)C(Cl)Cc1cc(-n2nc(C)n(C(F)F)c2=O)c(F)cc1Cl,0
TOX21SRP53-01327,O=C(O)c1cccc(-c2noc(-c3ccccc3F)n2)c1,0
TOX21SRP53-01328,CCOC(=O)C1CC(=O)C(=C(O)C2CC2)C(=O)C1,0
TOX21SRP53-01329,CC(C)=CC1C(C(=O)OC(C#N)c2cccc(Oc3ccccc3)c2)C1(C)C,0
TOX21SRP53-01330,COc1ccccc1NC(=O)CC(C)=O,0
TOX21SRP53-01331,Cn1cnc2c(=O)nc(N)[nH]c21,0
TOX21SRP53-01332,CC1(C)O[C@@H]2C[C@H]3[C@@H]4CCC5=CC(=O)CC[C@]5(C)[C@@]4(F)[C@@H](O)C[C@]3(C)[C@]2(C(=O)CCl)O1,0
TOX21SRP53-01333,N=C(N)NC(=N)N1CCOCC1,0
TOX21SRP53-01334,Cc1cccc(C)c1NC(=O)CN1CCN(CCCC(c2ccc(F)cc2)c2ccc(F)cc2)CC1,0
TOX21SRP53-01335,CCOC(=O)[C@@](C)(N)Cc1ccc(O)c(O)c1,0
TOX21SRP53-01336,CC(=O)[C@H]1CC[C@H]2[C@@H]3C[C@H](C)C4=CC(=O)CC[C@]4(C)[C@H]3[C@@H](O)C[C@]12C,0
TOX21SRP53-01337,CCN(CCCCOC(=O)c1ccc(OC)c(OC)c1)C(C)Cc1ccc(OC)cc1,0
TOX21SRP53-01338,CCCCc1cc2ccccc2c(OCCN(C)C)n1,0
TOX21SRP53-01339,CCCN(CCc1cccs1)[C@H]1CCc2c(O)cccc2C1,0
TOX21SRP53-01340,CC1=CC(=O)[C@H]2C[C@@H]1C2(C)C,0
TOX21SRP53-01341,Nc1c(Cl)c(F)nc(OCC(=O)O)c1Cl,0
TOX21SRP53-01342,Cc1ccc(C(C)C)c(O)c1,0
TOX21SRP53-01343,O=c1cc[nH]c(=S)[nH]1,0
TOX21SRP53-01344,Nc1ccc(Sc2ccc(N)cc2)cc1,0
TOX21SRP53-01345,CC(=O)OCCOC(C)=O,0
TOX21SRP53-01346,CCCCCCCCCCCCCCCCCC(=O)OCCO,0
TOX21SRP53-01347,CCCCCCCC,0
TOX21SRP53-01348,N=C1NC(=N)c2cc3ccccc3cc21,1
TOX21SRP53-01349,C1=CCCC=CCC1,0
TOX21SRP53-01350,CCCCCCCCCCCC(=O)OC,0
TOX21SRP53-01351,Oc1ccc(O)c2c(O)cccc12,0
TOX21SRP53-01352,N#C[S-],0
TOX21SRP53-01353,CC(N)=S,0
TOX21SRP53-01354,COc1ccccc1N1CCNCC1,0
TOX21SRP53-01355,Nc1ccccc1Nc1ccccc1,0
TOX21SRP53-01356,CCC[N+]1(C)CCCC1,0
TOX21SRP53-01357,CCCCCCCCCCCCCCCCI,0
TOX21SRP53-01358,O=[N+]([O-])c1ccc2[nH]ncc2c1,0
TOX21SRP53-01359,CCC(C)(C)CC,0
TOX21SRP53-01360,CN1CC(=O)N=C1NC(=O)Nc1cccc(Cl)c1,0
TOX21SRP53-01361,CCCC(=O)O[C@]1(C(=O)COC(C)=O)CC[C@H]2[C@@H]3C[C@H](F)C4=CC(=O)C=C[C@]4(C)[C@@]3(F)[C@@H](O)C[C@@]21C,0
TOX21SRP53-01362,C=CCCC=C,0
TOX21SRP53-01363,BrCCOc1ccccc1,0
TOX21SRP53-01364,CC(C)CN(C[C@@H](O)[C@H](Cc1ccccc1)NC(=O)O[C@H]1CO[C@H]2OCC[C@@H]12)S(=O)(=O)c1ccc(N)cc1,0
TOX21SRP53-01365,C[C@]12O[C@H](C[C@]1(O)CO)n1c3ccccc3c3c4c(c5c6ccccc6n2c5c31)CNC4=O,1
TOX21SRP53-01366,ClC1=C(Cl)[C@]2(Cl)[C@H]3[C@H]([C@H]4C=C[C@H]3C4)[C@@]1(Cl)C2(Cl)Cl,0
TOX21SRP53-01367,CC(=O)O[C@@H]1C[C@H]2CC[C@]1(C)C2(C)C,0
TOX21SRP53-01368,CC1(C)[C@@H]2CC[C@@]1(C)[C@H](O)C2,0
TOX21SRP53-01369,COP(N)(=S)Oc1ccccc1C(=O)OC(C)C,0
TOX21SRP53-01370,CCC(=O)O[C@@H]1C[C@H]2CC[C@]1(C)C2(C)C,0
TOX21SRP53-01371,CC(C)CCCCCOC(=O)c1ccccc1C(=O)OCCCCCC(C)C,0
TOX21SRP53-01372,CCCCCCCCCC(CC)c1ccc(S(=O)(=O)O)cc1.OCCN(CCO)CCO,0
TOX21SRP53-01373,CC(C)CC(C)(C)C,0
TOX21SRP53-01374,CCCSC(=O)N(CCC)CCC,0
TOX21SRP53-01375,COc1c(Cl)ccc(Cl)c1C(=O)O,0
TOX21SRP53-01376,Brc1ccc(Oc2ccc(Br)cc2)cc1,0
TOX21SRP53-01377,ClC(Cl)(Br)Br,0
TOX21SRP53-01378,Brc1ccc(Br)cc1,0
TOX21SRP53-01379,OC1CCCCC1c1ccccc1,0
TOX21SRP53-01380,O=S(=O)([O-])c1ccc2ccccc2c1,0
TOX21SRP53-01381,CCC(C)COC(=O)CC(C)C,0
TOX21SRP53-01382,Cc1ccccc1OCC(=O)O,0
TOX21SRP53-01383,CC=CC(=O)CCCC,0
TOX21SRP53-01384,CCCCCC(CC)OC(=O)CCCOc1ccc(Cl)cc1Cl,0
TOX21SRP53-01385,Fc1c(F)c(F)c(Br)c(F)c1F,0
TOX21SRP53-01386,CCCCc1ccc(O)cc1,0
TOX21SRP53-01387,C/C=C(\C)C(=O)OCc1ccccc1,0
TOX21SRP53-01388,CSCCCN=C=S,1
TOX21SRP53-01389,CC1=NC(C)OC1C,0
TOX21SRP53-01390,CC(C)(C)c1ccccc1,0
TOX21SRP53-01391,O=C1CCCC=CCCCCCCCCCC1,0
TOX21SRP53-01392,CCOC(=O)COc1ccc(C)cc1,0
TOX21SRP53-01393,C[C@@H]1C[C@H]2[C@@H]3CCC4=CC(=O)C=C[C@]4(C)[C@@]3(F)[C@@H](O)C[C@]2(C)[C@@]1(O)C(=O)COP(=O)([O-])[O-],0
TOX21SRP53-01394,CC(C)(O)C#N,0
TOX21SRP53-01395,NO,0
TOX21SRP53-01396,NCCNCCO,0
TOX21SRP53-01397,N#CC(O)c1ccccc1,0
TOX21SRP53-01398,Oc1ccc2cc(SSc3ccc4cc(O)ccc4c3)ccc2c1,0
TOX21SRP53-01399,CCCCC(=O)N(Cc1ccc(-c2ccccc2-c2nnn[nH]2)cc1)[C@@H](C(=O)O)C(C)C,0
TOX21SRP53-01400,CCCC(CCC)C(N)=O,0
TOX21SRP53-01401,CCCCCCCCCOCC1CO1,0
TOX21SRP53-01402,N#CCc1ccccc1[N+](=O)[O-],0
TOX21SRP53-01403,O=[N+]([O-])c1ccc(CCO)cc1,0
TOX21SRP53-01404,O=[N+]([O-])c1cccc(O)c1,0
TOX21SRP53-01405,Cc1ccc2ccccc2c1[N+](=O)[O-],0
TOX21SRP53-01406,O=[N+]([O-])c1ccccc1CCO,0
TOX21SRP53-01407,O=C1CCCC(=O)C1,0
TOX21SRP53-01408,COc1cc(/C=C/C(=O)CC(=O)/C=C/c2ccc(O)c(OC)c2)ccc1O,1
TOX21SRP53-01409,CCOC(N)=O,0
TOX21SRP53-01410,NC(N)=O,0
TOX21SRP53-01411,COc1ccccc1N1CCN(CCCNc2cc(=O)n(C)c(=O)n2C)CC1,0
TOX21SRP53-01412,O=c1cc[nH]c(=O)[nH]1,0
TOX21SRP53-01413,CCc1ccc(Br)cc1,0
TOX21SRP53-01414,CCCC[Sn](Cl)(Cl)Cl,0
TOX21SRP53-01415,O=C(O)c1ccc2cc(C(=O)O)ccc2c1,0
TOX21SRP53-01416,CCCOCC(C)O,0
TOX21SRP53-01417,C=CCOC(=O)C(C)(C)OC(=O)c1cc(-n2c(=O)cc(C(F)(F)F)n(C)c2=O)ccc1Cl,0
TOX21SRP53-01418,CCCCCCC(CO)CCCC,0
TOX21SRP53-01419,O=C([O-])c1cc(C(=O)O)cc(S(=O)(=O)O)c1,0
TOX21SRP53-01420,CO/N=C(/C(=O)N[C@@H]1C(=O)N2C(C(=O)[O-])=C(C[n+]3ccn4ncccc43)CS[C@H]12)c1nsc(N)n1,0
TOX21SRP53-01421,COC(C)CCO,0
TOX21SRP53-01422,CO/N=C(/C(=O)N[C@@H]1C(=O)N2C(C(=O)OCOC(=O)C(C)(C)C)=C(C)CS[C@H]12)c1csc(N)n1,0
TOX21SRP53-01423,CN(Cc1ccc(C(C)(C)C)cc1)Cc1cccc2ccccc12,0
TOX21SRP53-01424,CCCC(=O)N1CCCN(c2nc(N)c3cc(OC)c(OC)cc3n2)CC1,0
TOX21SRP53-01425,CC(C)(S)C(=O)N[C@@H](CS)C(=O)O,0
TOX21SRP53-01426,C/C(=C(\CCOC(=O)c1ccccc1)SS/C(CCOC(=O)c1ccccc1)=C(/C)N(C=O)Cc1cnc(C)nc1N)N(C=O)Cc1cnc(C)nc1N,0
TOX21SRP53-01427,CC#CCC(C)[C@H](O)/C=C/[C@@H]1[C@H]2c3cccc(CCCC(=O)[O-])c3O[C@H]2C[C@H]1O,0
TOX21SRP53-01428,CCCCOC(=O)CCCCCCCC(=O)OCCCC,0
TOX21SRP53-01429,C=CCBr,0
TOX21SRP53-01430,CCC1(C2=NCCN2)Cc2ccccc2O1,1
TOX21SRP53-01431,Cc1ccccc1C(=O)Nc1cccc(OC(C)C)c1,0
TOX21SRP53-01432,CSc1ccc(C(=O)c2[nH]c(=O)[nH]c2C)cc1,0
TOX21SRP53-01433,CN(C)CC/C=C1\c2ccccc2COc2ccccc21,0
TOX21SRP53-01434,CN(C)CCOC(=O)COc1ccc(Cl)cc1,0
TOX21SRP53-01435,CN(C(=O)CCCOc1ccc2[nH]c(=O)ccc2c1)C1CCCCC1,0
TOX21SRP53-01436,N=C(N)NC(=N)NCCc1ccccc1,0
TOX21SRP53-01437,C=CCOC(=O)CCCCCCCC,0
TOX21SRP53-01438,COc1cc([N+](=O)[O-])ccc1N,0
TOX21SRP53-01439,C=CCSSCCC,0
TOX21SRP53-01440,C=CCNC(N)=S,0
TOX21SRP53-01441,C[Si](Cl)(c1ccccc1)c1ccccc1,0
TOX21SRP53-01442,CC(C)C(O)C(C)(C)CO,0
TOX21SRP53-01443,C[C@]12CC[C@@H]3[C@H]4CCC(=O)C=C4CC[C@H]3[C@@H]1CC[C@@H]2OC(=O)CCc1ccccc1,0
TOX21SRP53-01444,CCCCCCCCCC(=O)O[C@H]1CC[C@H]2[C@@H]3CCC4=CC(=O)CC[C@@H]4[C@H]3CC[C@]12C,0
TOX21SRP53-01445,C[C@]12CC[C@@H]3[C@H]4CCC(=O)C=C4CC[C@H]3[C@@H]1CC[C@@H]2O,0
TOX21SRP53-01446,CCCc1c2oc(C(=O)O)cc(=O)c2cc2c(=O)cc(C(=O)O)n(CC)c12,0
TOX21SRP53-01447,Cl[Nd](Cl)Cl,0
TOX21SRP53-01448,CCO[Si](CCC1CCC2OC2C1)(OCC)OCC,0
TOX21SRP53-01449,CCOC(=O)c1ccc(N(C)C)cc1,0
TOX21SRP53-01450,CC(C)C(=O)OCCc1ccccc1,0
TOX21SRP53-01451,CC(=O)OCC=Cc1ccccc1,0
TOX21SRP53-01452,OCCc1ccccn1,0
TOX21SRP53-01453,CCNc1cccc(C)c1,0
TOX21SRP53-01454,c1ccc(Oc2ccccc2)cc1,0
TOX21SRP53-01455,CNc1ccccc1,0
TOX21SRP53-01456,N#Cc1ccccn1,0
TOX21SRP53-01457,ON=C1CCCCC1,0
TOX21SRP53-01458,O=C(O)c1ccccc1C(=O)OCc1ccccc1,0
TOX21SRP53-01459,O=C(Oc1ccccc1)c1ccc2ccccc2c1O,0
TOX21SRP53-01460,CC(C)CCCCCOC(=O)CCCCC(=O)OCCCCCC(C)C,0
TOX21SRP53-01461,O=[N+]([O-])c1ccc(Oc2ccc([N+](=O)[O-])cc2)cc1,0
TOX21SRP53-01462,COc1ccc(OC)c(OC)c1,0
TOX21SRP53-01463,CC(=O)/C=C/C1C(C)=CCCC1(C)C,0
TOX21SRP53-01464,O=c1ccc2ccccc2o1,0
TOX21SRP53-01465,COc1ccc(N)c(C)c1,0
TOX21SRP53-01466,CN[C@H]1CCc2cc(OC)c(OC)c(OC)c2-c2ccc(OC)c(=O)cc21,1
TOX21SRP53-01467,CC(=O)OCCC(C)CC(C)(C)C,0
TOX21SRP53-01468,[Co+2],0
TOX21SRP53-01469,COc1ccc2c3c1O[C@H]1[C@@H](O)C=C[C@H]4[C@@H](C2)N(C)CC[C@]314,0
TOX21SRP53-01470,CCCCCCCCCCCC(=O)OCC(O)CO,0
TOX21SRP53-01471,CCOP(=S)(OCC)Oc1ccc2c(C)c(Cl)c(=O)oc2c1,0
TOX21SRP53-01472,CCCc1c(OCCCCc2nnn[nH]2)ccc(C(C)=O)c1O,1
TOX21SRP53-01473,CN(C)C(=S)[S-].CN(C)C(=S)[S-].[Cu+2],0
TOX21SRP53-01474,CCCC[n+]1cccc(C)c1,0
TOX21SRP53-01475,O=C1c2ccccc2C(=O)c2cc(Cl)ccc21,0
TOX21SRP53-01476,Cc1nc2ccccc2s1,0
TOX21SRP53-01477,N#Cc1c2ccccc2cc2ccccc12,1
TOX21SRP53-01478,CCC1(c2cnc[nH]2)Cc2ccccc2C1,0
TOX21SRP53-01479,CCCn1cc[n+](C)c1,0
TOX21SRP53-01480,COc1ccc2c3c1O[C@H]1C[C@@H](O)C=C[C@@]31CCN(C)C2,0
TOX21SRP53-01481,CCCCC=O,0
TOX21SRP53-01482,O=C(O)CCCC(=O)O,0
TOX21SRP53-01483,CCCCCCC[N+](CC)(CC)CCCCc1ccc(Cl)cc1,0
TOX21SRP53-01484,CCN1CCCC1CNC(=O)c1cc(S(N)(=O)=O)ccc1OC,0
TOX21SRP53-01485,C[C@]12CC[C@H]3[C@@H](C=CC4=CC(=O)CC[C@@]43C)[C@@H]1CC[C@@]2(O)CCC(=O)[O-],0
TOX21SRP53-01486,CC(C)CCCCCCCOC(=O)c1ccccc1C(=O)OCCCCCCCC(C)C,0
TOX21SRP53-01487,CC(=O)c1ccc(C(C)=O)cc1,0
TOX21SRP53-01488,CCCCCCCCCOC(=O)c1ccccc1C(=O)OCCCCCCCCC,0
TOX21SRP53-01489,CN(C)c1ccncc1,0
TOX21SRP53-01490,O=C(c1ccc(Cl)cc1)c1ccc(Cl)cc1,0
TOX21SRP53-01491,C#C[C@]1(O)CC[C@H]2[C@@H]3CCc4cc(OC)ccc4[C@H]3CC[C@@]21C,0
TOX21SRP53-01492,C=C(C#N)C(=O)OCC,0
TOX21SRP53-01493,Cc1c(-c2cccnc2)c2ccccc2n1CCCCC(=O)O,0
TOX21SRP53-01494,Cc1cc(NC(=O)C(=O)O)cc(C)c1Oc1ccc(O)c2c1CCC2,0
TOX21SRP53-01495,CNC(=O)[C@H]1O[C@@H](n2cnc3c(NCc4cc(Cl)ccc4OCc4cc(C)no4)ncnc32)[C@H](O)[C@@H]1N,0
TOX21SRP53-01496,NC(=O)N1C(=O)C(C(=O)c2cc(Cl)cs2)c2cc(F)c(Cl)cc21,1
TOX21SRP53-01497,NC(=O)N(O)[C@@H]1C=C[C@H](Oc2cccc(Oc3ccc(F)cc3)c2)C1,0
TOX21SRP53-01498,O=C1NC(=O)C(c2ccccc2)(c2ccccc2)N1,0
TOX21SRP53-01499,CO[C@H]1O[C@@H]2O[C@]3(C)CC[C@H]4[C@H](C)CC[C@@H]([C@H]1C)C42OO3,0
TOX21SRP53-01500,O=C(O)CCNC(=O)c1ccc(/N=N/c2ccc(O)c(C(=O)O)c2)cc1,0
TOX21SRP53-01501,CC(C)C(Br)C(=O)NC(N)=O,0
TOX21SRP53-01502,CN1CCC[C@H]1c1cccnc1,0
TOX21SRP53-01503,Cc1c(N(C)CS(=O)(=O)[O-])c(=O)n(-c2ccccc2)n1C,0
TOX21SRP53-01504,O=CCc1ccccc1,0
TOX21SRP53-01505,C/C(=C\C(=O)OCCCCCCCCC(=O)O)C[C@@H]1OC[C@H](C[C@@H]2O[C@H]2[C@@H](C)[C@H](C)O)[C@@H](O)[C@H]1O,0
TOX21SRP53-01506,Nc1nc(Cl)nc2c1ncn2[C@@H]1O[C@H](CO)[C@@H](O)[C@@H]1F,1
TOX21SRP53-01507,O=C(CS(=O)Cc1ccco1)NC/C=C\COc1cc(CN2CCCCC2)ccn1,0
TOX21SRP53-01508,C[C@@H](O)[C@H]1C(=O)N2C(C(=O)[O-])=C(SC3Cn4cnc[n+]4C3)[C@H](C)[C@H]12,0
TOX21SRP53-01509,CN1C[C@@H]2C[C@H]1CN2c1cc2c(cc1F)c(=O)c(C(=O)O)cn2C1CC1,0
TOX21SRP53-01510,CN(CCOc1ccc(NS(C)(=O)=O)cc1)CCc1ccc(NS(C)(=O)=O)cc1,0
TOX21SRP53-01511,C[C@@H](O)[C@H]1C(=O)N2C(C(=O)O)=C([C@H]3CCCO3)S[C@H]12,0
TOX21SRP53-01512,C=C(C)C1CC=C(C)C(=O)C1,0
TOX21SRP53-01513,Cc1ccccc1S,0
TOX21SRP53-01514,O=C1CCCCC1C1CCCCC1,0
TOX21SRP53-01515,C[C@H]1C[C@H]2[C@@H]3CCC4=CC(=O)C=C[C@]4(C)[C@@]3(F)[C@@H](O)C[C@]2(C)[C@@]1(O)C(=O)COP(=O)([O-])[O-],0
TOX21SRP53-01516,CCC(=O)C1CC(C(C)C)CC=C1C,0
TOX21SRP53-01517,CC(C)=CCOC(=O)c1ccccc1,0
TOX21SRP53-01518,COc1cc(CCC(C)=O)ccc1O,0
TOX21SRP53-01519,OC[C@H](O)[C@@H](O)[C@@H](O)[C@H](O)CO,0
TOX21SRP53-01520,COC1=C(OC)C(=O)C(C/C=C(\C)CC/C=C(\C)CC/C=C(\C)CC/C=C(\C)CC/C=C(\C)CC/C=C(\C)CC/C=C(\C)CC/C=C(\C)CC/C=C(\C)CCC=C(C)C)=C(C)C1=O,0
TOX21SRP53-01521,O=C(O)c1ccc(O)c(O)c1,0
TOX21SRP53-01522,O=C1c2ccccc2C(=O)c2c(O)c(O)cc(O)c21,0
TOX21SRP53-01523,CCCCn1cc[n+](C)c1.O=S(=O)([O-])C(F)(F)F,0
TOX21SRP53-01524,O=c1c(O)c(-c2ccc(O)c(O)c2)oc2cc(O)cc(O)c12,1
TOX21SRP53-01525,COc1ccc(/C=C/C(=O)O)cc1,0
TOX21SRP53-01526,O=S(=O)([O-])CO,0
TOX21SRP53-01527,C=CCCCCCCCC,0
TOX21SRP53-01528,O=C1CCCCCCCCCCC1,0
TOX21SRP53-01529,O=[N+]([O-])c1ccc([O-])cc1,0
TOX21SRP53-01530,O=S(=O)([O-])c1ccc(O)cc1,0
TOX21SRP53-01531,c1cc(N(CC2CO2)CC2CO2)ccc1Cc1ccc(N(CC2CO2)CC2CO2)cc1,1
TOX21SRP53-01532,CC(=O)Nc1ccc(S(N)(=O)=O)cc1,0
TOX21SRP53-01533,O=C(OCc1ccccc1)c1ccccc1O,0
TOX21SRP53-01534,c1ccc(CSCc2ccccc2)cc1,0
TOX21SRP53-01535,O=C(Cc1ccccc1)OCc1ccccc1,0
TOX21SRP53-01536,CC(=O)C(Cl)C(=O)N(C)C,0
TOX21SRP53-01537,N#CC1(N)CCCCC1,0
TOX21SRP53-01538,O=C1CCCCCN1SSN1CCCCCC1=O,0
TOX21SRP53-01539,CCOC(=O)NNc1ccc(N(CC)CC(C)O)nn1,0
TOX21SRP53-01540,COCCc1ccc(OCC(O)CNC(C)C)cc1.COCCc1ccc(OCC(O)CNC(C)C)cc1.O=C(O)CCC(=O)O,0
TOX21SRP53-01541,S=C(SSC(=S)N1CCCCC1)N1CCCCC1,0
TOX21SRP53-01542,COC(=O)CC#N,0
TOX21SRP53-01543,CC(C)CCCCCCN,0
TOX21SRP53-01544,CCC(=O)OCC(=O)[C@@]1(OC(=O)CC)[C@@H](C)C[C@H]2[C@@H]3CCC4=CC(=O)C=C[C@]4(C)[C@@]3(Cl)[C@@H](O)C[C@@]21C,0
TOX21SRP53-01545,CC(C)NC(=O)NC(C)C,0
TOX21SRP53-01546,C=CCOCC(O)CO,0
TOX21SRP53-01547,CC(=O)c1ccc(C)cc1,0
TOX21SRP53-01548,O=S(=O)(O)CCCN1CCOCC1,0
TOX21SRP53-01549,CCCCNc1ccccc1,0
TOX21SRP53-01550,FC(F)(F)c1ccc(Cl)cc1Cl,0
TOX21SRP53-01551,O=C(c1ccc(O)cc1)c1ccc(Cl)cc1,0
TOX21SRP53-01552,C=CC(=O)OCCCCCCCC(C)C,0
TOX21SRP53-01553,O=C(c1ccc(O)cc1)c1ccc(O)c(O)c1O,0
TOX21SRP53-01554,CCCCC(CC)COC(=O)CC#N,0
TOX21SRP53-01555,O=C(Nc1ccc(Br)cc1)c1cc(Br)cc(Br)c1O,1
TOX21SRP53-01556,CCCCN(CCCC)CCCC,0
TOX21SRP53-01557,N[C@@H](C(=O)N[C@@H]1C(=O)N2C(C(=O)O)=C(Cl)CS[C@H]12)c1ccccc1,0
TOX21SRP53-01558,CC(=O)[C@]1(O)Cc2c(O)c3c(c(O)c2[C@@H](O[C@H]2C[C@H](N)[C@H](O)[C@H](C)O2)C1)C(=O)c1c(O)cccc1C3=O,1
TOX21SRP53-01559,CCCCNC(=O)NS(=O)(=O)c1ccc(N)cc1,0
TOX21SRP53-01560,CC1(c2ccccc2)OC(C(=O)O)=CC1=O,0
TOX21SRP53-01561,COc1cc(N)c(Cl)cc1C(=O)NC1CN2CCC1CC2,0
TOX21SRP53-01562,CCN1CCC[C@H]1CNC(=O)c1c(O)c(Cl)cc(Cl)c1OC,0
TOX21SRP53-01563,CN(C(=O)c1c(O)c2ccccc2n(C)c1=O)c1ccccc1,0
TOX21SRP53-01564,CC(N/C(=N\C#N)Nc1ccncc1)C(C)(C)C,0
TOX21SRP53-01565,CC(Cc1ccccc1)(NC(=O)CN)c1ccccc1,0
TOX21SRP53-01566,CCO[Si](OCC)(OCC)OCC,0
TOX21SRP53-01567,O=C1c2ccccc2S(=O)(=O)N1CCCCN1CCN(c2ncccn2)CC1,0
TOX21SRP53-01568,O=C(O)CC/C=C\CC[C@H]1[C@@H](OCc2ccc(-c3ccccc3)cc2)C[C@H](O)[C@@H]1N1CCCCC1,0
TOX21SRP53-01569,O=Cc1ccco1,0
TOX21SRP53-01570,c1ccoc1,0
TOX21SRP53-01571,CCCCCCCCCCCCC1CO1,0
TOX21SRP53-01572,COc1ccccc1O,0
TOX21SRP53-01573,Cc1ccccc1-n1c(CF)nc2ccc(N)cc2c1=O,0
TOX21SRP53-01574,C=CC1CO1,0
TOX21SRP53-01575,C=CCN1C(=O)C(CC(C)C)NC1=S,0
TOX21SRP53-01576,NS(=O)(=O)c1cc(C(=O)O)c(NCc2ccco2)cc1Cl,0
TOX21SRP53-01577,CCCCC1=NC2(CCCC2)C(=O)N1Cc1ccc(-c2ccccc2-c2nnn[nH]2)cc1,0
TOX21SRP53-01578,CC(C)CC(C)N,0
TOX21SRP53-01579,CNC(=O)c1c(I)c(C(=O)NCC(=O)Nc2c(I)c(C(=O)O)c(I)c(C(=O)NCCO)c2I)c(I)c(N(C)C(C)=O)c1I,0
TOX21SRP53-01580,CCCCCCCCSCCO,0
TOX21SRP53-01581,CN[C@H]1[C@@H](O)[C@@H](NC)[C@H](O)[C@H]2O[C@@H]3O[C@H](C)CC(=O)[C@]3(O)O[C@H]12,0
TOX21SRP53-01582,O=Cc1ccccc1C=O,1
TOX21SRP53-01583,CN1CCCC(CC2c3ccccc3Sc3ccccc32)C1,0
TOX21SRP53-01584,Cc1cc(C)n(CO)n1,0
TOX21SRP53-01585,O=c1oc(=O)c2cc3c(=O)oc(=O)c3cc12,0
TOX21SRP53-01586,CCN1CN(CC)CN(CC)C1,0
TOX21SRP53-01587,NCC1CCC(C(=O)O)CC1,0
TOX21SRP53-01588,COc1cc(NS(=O)(=O)c2ccc(N)cc2)ncn1,0
TOX21SRP53-01589,COc1cc(O)c(C(=O)c2ccccc2)cc1S(=O)(=O)O,0
TOX21SRP53-01590,COC(=O)Nc1ccc(Cl)c(Cl)c1,0
TOX21SRP53-01591,CN[C@H](CC(C)C)C(=O)N[C@H]1C(=O)N[C@@H](CC(N)=O)C(=O)N[C@H]2C(=O)N[C@H]3C(=O)N[C@H](C(=O)N[C@@H](C(=O)O)c4cc(O)cc(O)c4-c4cc3ccc4O)[C@H](O)c3ccc(c(Cl)c3)Oc3cc2cc(c3O[C@@H]2O[C@H](CO)[C@@H](O)[C@H](O)[C@H]2O[C@H]2C[C@](C)(N)C(O)[C@H](C)O2)Oc2ccc(cc2Cl)[C@H]1O,0
TOX21SRP53-01592,CC[C@H](C)[C@@H](NC(=O)[C@H](CCC(=O)O)NC(=O)[C@H](CC(C)C)NC(=O)[C@@H]1CSC([C@H](N)[C@H](C)CC)=N1)C(=O)N[C@@H]1CCCCNC(=O)[C@@H](CC(N)=O)NC(=O)[C@@H](CC(=O)O)NC(=O)[C@@H](Cc2cnc[nH]2)NC(=O)[C@@H](Cc2ccccc2)NC(=O)[C@@H]([C@H](C)CC)NC(=O)[C@@H](CCCN)NC1=O,0
TOX21SRP53-01593,O=S(=O)([O-])c1ccccc1C=Cc1ccc(-c2ccc(C=Cc3ccccc3S(=O)(=O)[O-])cc2)cc1,1
TOX21SRP53-01594,O=C/C(Cl)=C(/Cl)C(=O)O,1
TOX21SRP53-01595,Cl[C@H]1OCCO[C@@H]1Cl,0
TOX21SRP53-01596,C#CC(C)(C)NC(=O)c1cc(Cl)cc(Cl)c1,0
TOX21SRP53-01597,Nc1cc(Cl)c(N)c(Cl)c1,0
TOX21SRP53-01598,Nc1c(Cl)cc([N+](=O)[O-])cc1Cl,0
TOX21SRP53-01599,C=C(C)C(=O)Nc1ccc(Cl)c(Cl)c1,1
TOX21SRP53-01600,O=C(O)C(Cl)Cl,0
TOX21SRP53-01601,CCCCCC(=O)OCC,0
TOX21SRP53-01602,CCCCOC(C)=O,0
TOX21SRP53-01603,CCCCCCCCCCCCN,0
TOX21SRP53-01604,CCCCOP(=O)(OCCCC)OCCCC,0
TOX21SRP53-01605,Cc1cc2nc3ccc(N(C)C)cc3[s+]c2cc1N,1
TOX21SRP53-01606,Oc1cc(Cl)c(Cl)cc1Cl,0
TOX21SRP53-01607,CCC(C)(CCC(C)C)C(=O)O,0
TOX21SRP53-01608,CCCCc1ccccc1,0
TOX21SRP53-01609,O=c1[nH]c(=O)c2c[nH]nc2[nH]1,0
TOX21SRP53-01610,C=CCSSCC=C,1
TOX21SRP53-01611,CC(C)CCCC(C)(C)O,0
TOX21SRP53-01612,CCC/C=C/C=O,0
TOX21SRP53-01613,C1=COCCC1,0
TOX21SRP53-01614,O=C(O)c1ccco1,0
TOX21SRP53-01615,COc1cc(OC)c2ccc(=O)oc2c1,0
TOX21SRP53-01616,Cc1cc(=O)oc2cc(N(C)C)ccc12,1
TOX21SRP53-01617,C=CN1CCCCCC1=O,0
TOX21SRP53-01618,Cc1occc1S,0
TOX21SRP53-01619,CCCOC(C)=O,0
TOX21SRP53-01620,Cc1ccc2c(c1)CCCN2,0
TOX21SRP53-01621,CC1(C)CCC[C@@]2(C)[C@H]1CC[C@@]1(C)OCC[C@H]21,0
TOX21SRP53-01622,O=C(COc1ccc(Cl)cc1)N1CCN(Cc2ccc3c(c2)OCO3)CC1,0
TOX21SRP53-01623,NNC(=O)OCc1ccccc1,0
TOX21SRP53-01624,CC(C)c1ccc(C#N)cc1,0
TOX21SRP53-01625,Cl[Yb](Cl)Cl,0
TOX21SRP53-01626,COc1cc(C)cc(O)c1,0
TOX21SRP53-01627,C=CC(=O)OCCCCCCOC(=O)C=C,1
TOX21SRP53-01628,C=CC(C)(C)CC(=O)OC,0
TOX21SRP53-01629,CCCCCCOC(=O)c1ccccc1,0
TOX21SRP53-01630,C=CCCCC,0
TOX21SRP53-01631,CCCCCCc1ccc(-c2ccc(C#N)cc2)cc1,0
TOX21SRP53-01632,C=C(C)C(=O)OCCCCCC,0
TOX21SRP53-01633,COc1ccc2c(c1OC)C(=O)O[C@@H]2[C@H]1c2cc3c(cc2CCN1C)OCO3,0
TOX21SRP53-01634,O=[N+]([O-])c1ccccc1-c1ccccc1,0
TOX21SRP53-01635,N=C(N)N.N=C(N)N.O=C(O)O,0
TOX21SRP53-01636,O=[N+]([O-])c1ccccc1CCl,0
TOX21SRP53-01637,O=[N+]([O-])c1ccc(CCl)cc1,0
TOX21SRP53-01638,O=C(Cl)c1ccc([N+](=O)[O-])cc1,0
TOX21SRP53-01639,O=[N+]([O-])c1cccc(CCl)c1,0
TOX21SRP53-01640,O=C(Cl)c1cccc([N+](=O)[O-])c1,0
TOX21SRP53-01641,O=C(Cl)c1ccccc1[N+](=O)[O-],0
TOX21SRP53-01642,CC(C)CC(=O)O,0
TOX21SRP53-01643,Nc1ccc(S(=O)(=O)[O-])cc1,0
TOX21SRP53-01644,Cc1nc(N)nc(N)n1,0
TOX21SRP53-01645,O=[N+]([O-])c1ccccc1Nc1ccccc1,0
TOX21SRP53-01646,CCCCCCCCCCCCCCCCC(=O)O,0
TOX21SRP53-01647,NS(=O)(=O)O,0
TOX21SRP53-01648,[PbH2+2],0
TOX21SRP53-01649,CC(=O)Nc1ccc2c(c1)Cc1ccccc1-2,0
TOX21SRP53-01650,O=C(c1ccc2c(c1)C(=O)OC2=O)c1ccc2c(c1)C(=O)OC2=O,0
TOX21SRP53-01651,CC(C)(C)N(CCO)CCO,0
TOX21SRP53-01652,CC(CO)CO,0
TOX21SRP53-01653,C=C(C)C(=O)OCCCCCCCCCCCCC,0
TOX21SRP53-01654,C=C(C)C(=O)OCCC[Si](OC)(OC)OC,0
TOX21SRP53-01655,C=CC(C)CCC=C(C)C,0
TOX21SRP53-01656,C=CCCCCCCCCCCC,0
TOX21SRP53-01657,CC(=O)O[C@@]12CO[C@@H]1C[C@H](O)[C@@]1(C)C(=O)[C@H](O)C3=C(C)[C@@H](OC(=O)[C@H](O)[C@@H](NC(=O)OC(C)(C)C)c4ccccc4)C[C@@](O)([C@@H](OC(=O)c4ccccc4)[C@@H]12)C3(C)C,1
TOX21SRP53-01658,CCCN(CCC)CCc1c[nH]c2ccccc12,0
TOX21SRP53-01659,CN(C)CCc1c[nH]c2ccccc12,0
TOX21SRP53-01660,CCN(CC)CCc1c[nH]c2ccccc12.CCN(CC)CCc1c[nH]c2ccccc12,0
TOX21SRP53-01661,CCCCc1cc2c(=O)c(C(=O)OC)c[nH]c2cc1OCc1ccccc1,0
TOX21SRP53-01662,NC1(c2ccccc2)CCCCC1,0
TOX21SRP53-01663,COc1ccc2[nH]cc(CCN(C(C)C)C(C)C)c2c1,0
TOX21SRP53-01664,O=C1O[C@@H]2[C@@H](O)[C@H](O)O[C@@H]2[C@H]1O,0
TOX21SRP53-01665,CN(C)CCc1c[nH]c2cccc(OP(=O)(O)O)c12,0
TOX21SRP53-01666,COC(=O)[C@H]1[C@@H](OC(=O)c2ccccc2)C[C@@H]2CC[C@H]1N2C,0
TOX21SRP53-01667,c1ccc(CN2CCNCC2)cc1,0
TOX21SRP53-01668,Cc1c(N)nc(C(CC(N)=O)NCC(N)C(N)=O)nc1C(=O)NC(C(=O)NC(C)C(O)C(C)C(=O)NC(C(=O)NCCc1nc(-c2nc(C(=O)NCCCN[C@@H](C)c3ccccc3)cs2)cs1)C(C)O)C(O[C@@H]1O[C@@H](CO)[C@@H](O)[C@H](O)[C@@H]1O[C@H]1O[C@H](CO)[C@@H](O)[C@H](OC(N)=O)[C@@H]1O)c1c[nH]cn1,1
TOX21SRP53-01669,CC(CN(C)C)CN1c2ccccc2S(=O)(=O)c2ccccc21,0
TOX21SRP53-01670,CN(C)C(=O)C(CCN1CCC(O)(c2ccc(Cl)cc2)CC1)(c1ccccc1)c1ccccc1,0
TOX21SRP53-01671,CC(C(=O)O)c1ccc(CC2CCCC2=O)cc1,0
TOX21SRP53-01672,Cc1ccccc1N1C(=O)c2cc(S(N)(=O)=O)c(Cl)cc2NC1C,0
TOX21SRP53-01673,CCN(CC)CC(=O)Nc1c(C)cccc1C,0
TOX21SRP53-01674,c1ccc2c(c1)OCC(C1=NCCN1)O2,0
TOX21SRP53-01675,O=C1CCC(c2ccc(-n3ccnc3)cc2)=NN1,0
TOX21SRP53-01676,O=C1N(c2ccccc2)c2ccccc2C1(Cc1ccncc1)Cc1ccncc1,0
TOX21SRP53-01677,CCn1ccnc1CC1COc2ccccc2O1,0
TOX21SRP53-01678,CCN(CC)CCNC(=O)c1cc(Cl)c(N)cc1OC,0
TOX21SRP53-01679,Cc1ccccc1CNc1ncnc2c1ncn2[C@@H]1O[C@H](CO)[C@@H](O)[C@H]1O,0
TOX21SRP53-01680,COc1cccc2c1cc([N+](=O)[O-])c1c(C(=O)[O-])cc3c(c12)OCO3,1
TOX21SRP53-01681,COc1ccccc1N,0
TOX21SRP53-01682,Nc1ccccc1,0
TOX21SRP53-01683,CC(COc1ccc(C(C)(C)C)cc1)OS(=O)OCCCl,0
TOX21SRP53-01684,O=C([O-])C1O[Sb]2OC(=O)C(O2)C(C(=O)[O-])O[Sb]2OC(=O)C1O2,1
TOX21SRP53-01685,O=C1c2ccccc2C(=O)c2ccccc21,0
TOX21SRP53-01686,Nc1ccccc1C(=O)O,0
TOX21SRP53-01687,C=CCC1([C@H](C)CCC)C(=O)NC(=O)NC1=O,0
TOX21SRP53-01688,CCN[C@H](C)Cc1cccc(C(F)(F)F)c1,0
TOX21SRP53-01689,CN[C@H](C)Cc1ccccc1,0
TOX21SRP53-01690,CN[C@@H](C)Cc1ccccc1,0
TOX21SRP53-01691,C[C@@H](N)C(=O)c1ccccc1,0
TOX21SRP53-01692,C[C@H](N)C(=O)c1ccccc1,0
TOX21SRP53-01693,CC(Cc1ccccc1)NCCn1cnc2c1c(=O)n(C)c(=O)n2C,0
TOX21SRP53-01694,CCN[C@@H](C)Cc1ccccc1,0
TOX21SRP53-01695,CCN[C@@H](C)Cc1cccc(C(F)(F)F)c1,0
TOX21SRP53-01696,C[C@H]1N=C(N)O[C@H]1c1ccccc1,0
TOX21SRP53-01697,C=CCOC(C)=O,0
TOX21SRP53-01698,CCN(CC)C(=O)C(Cl)=C(C)OP(=O)(OC)OC,0
TOX21SRP53-01699,Oc1ccc(-c2ccccc2)cc1,0
TOX21SRP53-01700,Oc1ccccc1-c1ccccc1,0
TOX21SRP53-01701,CC(=O)O[Hg]c1ccccc1,1
TOX21SRP53-01702,CCCOC(=O)CCCCC(=O)OCCC,0
TOX21SRP53-01703,O=C1OC(=O)c2ccccc21,0
TOX21SRP53-01704,NC(=O)c1ccccc1C(N)=O,0
TOX21SRP53-01705,CCOP(=S)(Oc1ccc([N+](=O)[O-])cc1)c1ccccc1,0
TOX21SRP53-01706,NC(=O)c1c(Cl)cccc1Cl,0
TOX21SRP53-01707,CCCCCCCCCCN,0
TOX21SRP53-01708,CNC(=O)Oc1ccc(N(C)C)c(C)c1,0
TOX21SRP53-01709,Clc1nc(Cl)c(Cl)c(Cl)c1Cl,0
TOX21SRP53-01710,CCCCCCOC(=O)c1ccc(O)cc1,0
TOX21SRP53-01711,NC[C@H](O)c1ccc(O)c(O)c1,0
TOX21SRP53-01712,O=C(c1ccccc1)C1(O)CCCCC1,0
TOX21SRP53-01713,CC(C)OC(=O)c1ccccc1,0
TOX21SRP53-01714,CCCCNP(N)(N)=S,0
TOX21SRP53-01715,CN1Cc2c(N)cccc2C(c2ccccc2)C1,0
TOX21SRP53-01716,CNC(=C[N+](=O)[O-])NCCSCc1csc(CN(C)C)n1,0
TOX21SRP53-01717,CN/C=N/c1ccc(C)cc1C,0
TOX21SRP53-01718,COCCOC(=O)C1=C(C)NC(C)=C(C(=O)OC(C)C)C1c1cccc([N+](=O)[O-])c1,0
TOX21SRP53-01719,CC(C)OC(=O)CCC(=O)OC(C)C,0
TOX21SRP53-01720,O=C1CN=C(c2ccccc2)c2cc([N+](=O)[O-])ccc2N1,0
TOX21SRP53-01721,CCCCCC(=O)O[C@]1(C(C)=O)CC[C@H]2[C@@H]3CCC4=CC(=O)CC[C@]4(C)[C@H]3CC[C@@]21C,0
TOX21SRP53-01722,Fc1cccc(Cl)c1CCl,0
TOX21SRP53-01723,CSc1ccc(C(=O)C(C)(C)N2CCOCC2)cc1,0
TOX21SRP53-01724,OC[C@H](O)[C@H](O)CO,0
TOX21SRP53-01725,Clc1cc(Cl)c(-c2cc(Cl)c(Cl)cc2Cl)cc1Cl,0
TOX21SRP53-01726,C/C=C/C[C@@H](C)[C@@H](O)[C@H]1C(=O)N[C@@H](CC)C(=O)N(C)CC(=O)N(C)[C@@H](CC(C)C)C(=O)N[C@@H](C(C)C)C(=O)N(C)[C@@H](CC(C)C)C(=O)N[C@@H](C)C(=O)N[C@H](C)C(=O)N(C)[C@@H](CC(C)C)C(=O)N(C)[C@@H](CC(C)C)C(=O)N(C)[C@@H](C(C)C)C(=O)N1C,0
TOX21SRP53-01727,CC(=O)O[C@]1(C(C)=O)CC[C@H]2[C@@H]3C=C(Cl)C4=CC(=O)[C@@H]5C[C@@H]5[C@]4(C)[C@H]3CC[C@@]21C,0
TOX21SRP53-01728,N[C@@H](CS)C(=O)O,0
TOX21SRP53-01729,c1ccc2sc(SNC3CCCCC3)nc2c1,0
TOX21SRP53-01730,NC1CCCCC1,0
TOX21SRP53-01731,ON=C1CCCC1,0
TOX21SRP53-01732,COc1ccc(C(=O)/C(Br)=C\C(=O)[O-])cc1,1
TOX21SRP53-01733,CN(C)N=Nc1nc[nH]c1C(N)=O,0
TOX21SRP53-01734,CC1=CCC(C(C)C)=CC1,0
TOX21SRP53-01735,CCC(C)CCCC(C)(C)O,0
TOX21SRP53-01736,Cc1cc(Cl)ccc1/N=C/N(C)C,0
TOX21SRP53-01737,CC(C)n1c(/C=C/[C@@H](O)C[C@@H](O)CC(=O)[O-])c(-c2ccc(F)cc2)c2ccccc21,0
TOX21SRP53-01738,Cc1cc(O)c(C(=O)N[C@@H](C(=O)N[C@@H]2C(=O)N3C(C(=O)O)=C(CSc4nnnn4C)CS[C@H]23)c2ccc(O)cc2)cn1,0
TOX21SRP53-01739,CCOC(CN1CCN(CC(C)C(=O)c2ccccc2)CC1)c1ccccc1,0
TOX21SRP53-01740,Cc1onc(-c2ccccc2)c1-c1ccc(S(N)(=O)=O)cc1,0
TOX21SRP53-01741,CCCSSC(CCO)=C(C)N(C=O)Cc1cnc(C)nc1N,0
TOX21SRP53-01742,CCOc1cc(OCC)c(C(=O)CCC(=O)O)cc1OCC,0
TOX21SRP53-01743,NNC(=O)CP(=O)(c1ccccc1)c1ccccc1,0
TOX21SRP53-01744,CC(CNC(=O)c1cccnc1)NC(=O)c1cccnc1,0
TOX21SRP53-01745,O=C(CCCN1CCN2CCCC2C1)c1ccc(F)cc1,0
TOX21SRP53-01746,OC(c1ccccc1)(c1ccccc1)C1CN2CCC1CC2,0
TOX21SRP53-01747,COc1ccc(/C=N\NC(=O)c2ccncc2)c(C(=O)O)c1OC,0
TOX21SRP53-01748,CCN(CC)CCOc1ccc2nc(N(C)C)sc2c1,0
TOX21SRP53-01749,CCN(CC)CCC(=O)N1c2ccccc2Sc2ccc(Cl)cc21,0
TOX21SRP53-01750,CN1CCN(CCC(=O)N2c3ccccc3Sc3ccc(C(F)(F)F)cc32)CC1,0
TOX21SRP53-01751,CCN(CC)CCOc1ccccc1C(=O)CCc1ccccc1,0
TOX21SRP53-01752,Cc1nc(-c2ccc3c(c2)CCN(CCC2CCC(NC(=O)/C=C/c4ccc(F)cc4)CC2)CC3)no1,1
TOX21SRP53-01753,OCC(CO)n1cnc(-c2ccc(F)cc2)c1-c1ccnc(Oc2ccccc2)n1,0
TOX21SRP53-01754,CCn1nc(Cc2ccccc2)cc1C1CCN(C[C@H]2C[C@H](N(C)[C@@H](C(=O)O)C(C)C)C[C@@H]2c2cccc(F)c2)CC1,0
TOX21SRP53-01755,Cc1cc2c(cc1C(F)(F)F)N(C(=O)Nc1ccc(Oc3cccnc3C)nc1)CC2,0
TOX21SRP53-01756,Cc1cnc(C(=O)NCCc2ccc(S(=O)(=O)NC(=O)NC3CCCCC3)cc2)cn1,0
TOX21SRP53-01757,CC1(C)O[C@@H]2C[C@H]3[C@@H]4C[C@H](F)C5=CC(=O)C=C[C@]5(C)[C@@]4(F)[C@@H](O)C[C@]3(C)[C@]2(C(=O)CO)O1,0
TOX21SRP53-01758,CCC1=C(C)CN(C(=O)NCCc2ccc(S(=O)(=O)NC(=O)N[C@H]3CC[C@H](C)CC3)cc2)C1=O,0
TOX21SRP53-01759,COC(=O)Nc1nc2cc(Sc3ccccc3)ccc2[nH]1,1
TOX21SRP53-01760,COC1=C(OC)C(=O)C(CCCCCCCCCCO)=C(C)C1=O,1
TOX21SRP53-01761,CC(C)Oc1ccc2c(=O)c(-c3ccccc3)coc2c1,0
TOX21SRP53-01762,C#Cc1cccc(Nc2ncnc3cc(OCCOC)c(OCCOC)cc23)c1,0
TOX21SRP53-01763,CC[C@H]1OC(=O)[C@H](C)C(=O)[C@H](C)[C@@H](O[C@@H]2O[C@H](C)C[C@H](N(C)C)[C@H]2O)[C@](C)(OC)C[C@@H](C)C(=O)[C@H](C)[C@H]2N(CCCCn3cnc(-c4cccnc4)c3)C(=O)O[C@]12C,0
TOX21SRP53-01764,Cc1cccc(C)c1OCC(=O)N[C@@H](Cc1ccccc1)[C@@H](O)C[C@H](Cc1ccccc1)NC(=O)[C@H](C(C)C)N1CCCNC1=O,0
TOX21SRP53-01765,Cc1ccc(-c2ncc(Cl)cc2-c2ccc(S(C)(=O)=O)cc2)cn1,0
TOX21SRP53-01766,CCCCCOC(=O)Nc1nc(=O)n([C@@H]2O[C@H](C)[C@@H](O)[C@H]2O)cc1F,0
TOX21SRP53-01767,C[C@]12CC[C@H]3[C@@H](CC[C@H]4NC(=O)C=C[C@]34C)[C@@H]1CC[C@@H]2C(=O)Nc1cc(C(F)(F)F)ccc1C(F)(F)F,0
TOX21SRP53-01768,NC[C@H]1CC[C@H](C(=O)Oc2ccc(CCC(=O)O)cc2)CC1,0
TOX21SRP53-01769,N[C@H](Cc1c[nH]c2ccccc12)C(=O)O,0
TOX21SRP53-01770,CCOP(=S)(OCC)Oc1cc(C)nc(N(CC)CC)n1,0
TOX21SRP53-01771,CC(C)(C)NC(N)=O,0
TOX21SRP53-01772,CC(C)c1ccc(O)cc1,0
TOX21SRP53-01773,Cc1cccc(N)c1N,0
TOX21SRP53-01774,O=C([O-])COc1ccc(Cl)cc1Cl,0
TOX21SRP53-01775,CC(C)(N=C=O)c1cccc(C(C)(C)N=C=O)c1,0
TOX21SRP53-01776,CCO[Si](CCCNC(N)=O)(OCC)OCC,0
TOX21SRP53-01777,COC(=O)c1sccc1S(N)(=O)=O,0
TOX21SRP53-01778,NC(=O)CN1CCCC1=O,0
TOX21SRP53-01779,O=C(c1ccccc1)c1ccc(O)c(O)c1O,0
TOX21SRP53-01780,CCCCCOC(=O)CCCCC,0
TOX21SRP53-01781,Oc1cccc(O)c1,0
TOX21SRP53-01782,CCCCCCOC(=O)CC,0
TOX21SRP53-01783,CC/C=C\CCOC(=O)C(C)C,0
TOX21SRP53-01784,CCCCCC(=O)OCCc1ccccc1,0
TOX21SRP53-01785,CC/C=C\CCCCCO,0
TOX21SRP53-01786,CCCCCc1cccc(=O)o1,0
TOX21SRP53-01787,O=C([O-])c1ccccc1-c1c2cc(I)c(=O)c(I)c-2oc2c(I)c([O-])c(I)cc12,0
TOX21SRP53-01788,Cc1cc(C)c(/N=N/c2c(O)c(S(=O)(=O)[O-])cc3cc(S(=O)(=O)[O-])ccc23)cc1C,0
TOX21SRP53-01789,COC(=O)[C@H]1[C@H]2C[C@@H]3c4[nH]c5cc(OC)ccc5c4CCN3C[C@H]2C[C@@H](OC(=O)c2cc(OC)c(OC)c(OC)c2)[C@@H]1OC,0
TOX21SRP53-01790,COc1ccc2cc3[n+](cc2c1OC)CCc1cc2c(cc1-3)OCO2,1
TOX21SRP53-01791,CCN(CC)c1cc2[o+]c3cc(N(CC)CC)c(C)cc3c(-c3ccc(S(=O)(=O)[O-])cc3S(=O)(=O)[O-])c2cc1C,0
TOX21SRP53-01792,CC[N+](C)(CC)CC,0
TOX21SRP53-01793,O=C(NS(=O)(=O)/C=C/c1cccs1)c1ccc(F)cc1Br,1
TOX21SRP53-01794,CN1C(=O)N(c2ccccc2Br)Cc2cnc(Nc3ccc4c(c3)OCC(CO)O4)nc21,1
TOX21SRP53-01795,O=C([N-]S(=O)(=O)/C=C/c1ccccc1)c1ccc(F)cc1Cl,1
TOX21SRP53-01796,CS(=O)(=O)c1ccc([C@@H](C[C@H]2CCC(=O)C2)C(=O)Nc2cnccn2)cc1Cl,0
TOX21SRP53-01797,CCCC[C@H]1CN(CC2CCOCC2)C(=O)OC12CCN(C1(C)CCN(C(=O)c3c(C)ncnc3C)CC1)CC2,0
TOX21SRP53-01798,O=C1C(Cl)C(CCl)CN1c1cccc(C(F)(F)F)c1,0
TOX21SRP53-01799,CN(C)[C@@H]1C(O)=C(C(N)=O)C(=O)[C@@]2(O)C(O)=C3C(=O)c4c(O)cccc4[C@@](C)(O)[C@H]3[C@H](O)[C@@H]12,0
TOX21SRP53-01800,Nc1ccc(Oc2ccc(N)cc2)cc1,0
TOX21SRP53-01801,CCOC(=O)COC(=O)c1cc(Oc2ccc(C(F)(F)F)cc2Cl)ccc1[N+](=O)[O-],0
TOX21SRP53-01802,C=CCOc1ccccc1OCC(O)CNC(C)C,0
TOX21SRP53-01803,O=C(O)CF,0
TOX21SRP53-01804,CCCN1C[C@H](CSC)C[C@@H]2c3cccc4[nH]cc(c34)C[C@H]21,0
TOX21SRP53-01805,CN1C(C(=O)Nc2ccccn2)C(=O)c2sc(Cl)cc2S1(=O)=O,0
TOX21SRP53-01806,O=C1CCCCCCCCCCCCCCO1,0
TOX21SRP53-01807,COc1ccc(C2NC(=S)N3C(c4ccc(OC)c(OC)c4)NC(=S)N23)cc1OC,0
TOX21SRP53-01808,C[N+](C)(CCCCCC[N+](C)(C)C1c2ccccc2-c2ccccc21)C1c2ccccc2-c2ccccc21,0
TOX21SRP53-01809,c1ccc(CNCc2ccccc2)cc1,0
TOX21SRP53-01810,COc1cc2[nH]c(C)c(CCN3CCN(c4ccccc4)CC3)c2cc1OC,0
TOX21SRP53-01811,C/N=C(\NC)NCc1ccccc1.C/N=C(\NC)NCc1ccccc1,0
TOX21SRP53-01812,OCCNCc1ccccc1,0
TOX21SRP53-01813,O=C(Nc1ccc(S(=O)(=O)N2CCOCC2)cc1)c1cc(Cl)ccc1NS(=O)(=O)c1ccc(Cl)s1,1
TOX21SRP53-01814,CN[C@@]1(c2ccccc2Cl)CCCCC1=O,0
TOX21SRP53-01815,ClCCN(CCCl)CCCl,1
TOX21SRP53-01816,COC(=O)Cc1ccccc1,0
TOX21SRP53-01817,CO/N=C(\C(=O)N[C@@H]1C(=O)N2C(C(=O)O)=C(CSc3nnnn3C)CS[C@H]12)c1csc(N)n1.CO/N=C(\C(=O)N[C@@H]1C(=O)N2C(C(=O)O)=C(CSc3nnnn3C)CS[C@H]12)c1csc(N)n1,0
TOX21SRP53-01818,CC[N+]1(C)CCCC1.O=S(=O)([N-]S(=O)(=O)C(F)(F)F)C(F)(F)F,0
TOX21SRP53-01819,CC[N+]1(C)CCCC1,0
TOX21SRP53-01820,CCCC[N+]1(C)CCCC1,0
TOX21SRP53-01821,CCCC[N+]1(C)CCCC1.N#CN=C=[N-],0
TOX21SRP53-01822,CCC[N+]1(C)CCCC1.O=S(=O)([N-]S(=O)(=O)C(F)(F)F)C(F)(F)F,0
TOX21SRP53-01823,O=S(=O)(O)c1cc(I)c(O)c2ncccc12,0
TOX21SRP53-01824,CCCCCCCCCCCCCC/C(O)=N\C(CO)CCCCCCCCCCCCCC,0
TOX21SRP53-01825,CO[C@@]1(NC(=O)C2SC(=C(C(N)=O)C(=O)O)S2)C(=O)N2C(C(=O)O)=C(CSc3nnnn3C)CS[C@@H]21,0
TOX21SRP53-01826,CO[C@@]1(NC(=O)Cc2cccs2)C(=O)N2C(C(=O)O)=C(COC(N)=O)CS[C@@H]21,0
TOX21SRP53-01827,CN1CCC(=C2c3ccccc3CCc3sccc32)CC1,0
TOX21SRP53-01828,CO[C@H](C(=O)[C@@H](O)[C@@H](C)O)C1Cc2cc3cc(O[C@H]4C[C@@H](O[C@H]5C[C@@H](O)[C@H](O)[C@@H](C)O5)[C@@H](O)[C@@H](C)O4)c(C)c(O)c3c(O)c2C(=O)[C@H]1O[C@H]1C[C@@H](O[C@H]2C[C@@H](O[C@H]3C[C@](C)(O)[C@H](O)[C@@H](C)O3)[C@H](O)[C@@H](C)O2)[C@H](O)[C@@H](C)O1,1
TOX21SRP53-01829,C[n+]1ccccc1/C=N/O,0
TOX21SRP53-01830,CCCN[C@H]1CCc2nc(N)sc2C1,0
TOX21SRP53-01831,CC(C(=O)O)c1ccc2c(c1)Cc1cccnc1O2,0
TOX21SRP53-01832,O=C(Cl)CCl,0
TOX21SRP53-01833,CC(=O)Nc1nnc(S(N)(=O)=O)s1,0
TOX21SRP53-01834,CC(=O)CC(c1ccc([N+](=O)[O-])cc1)c1c(O)c2ccccc2oc1=O,0
TOX21SRP53-01835,COc1ccc2c(c1)c(CC(=O)OCC(=O)O)c(C)n2C(=O)c1ccc(Cl)cc1,0
TOX21SRP53-01836,CC(=O)Nc1ccccc1,0
TOX21SRP53-01837,CC1=C2N=C(C=C3N=C(C(C)=C4[C@@H](CCC(N)=O)[C@](C)(CC(N)=O)[C@](C)([C@@H]5N=C1[C@](C)(CCC(=O)NC[C@@H](C)OP(=O)([O-])O[C@@H]1[C@@H](CO)O[C@H](n6cnc7cc(C)c(C)cc76)[C@@H]1O)[C@H]5CC(N)=O)N4[Co+]C#N)[C@@](C)(CC(N)=O)[C@@H]3CCC(N)=O)C(C)(C)[C@@H]2CCC(N)=O,0
TOX21SRP53-01838,CCNc1cc(O)ccc1C,0
TOX21SRP53-01839,CC(C)C(C(=O)OC(C#N)c1cccc(Oc2ccccc2)c1)c1ccc(Cl)cc1,0
TOX21SRP53-01840,COP(=S)(OC)Oc1ccc(SC)c(C)c1,0
TOX21SRP53-01841,[Fe+3],0
TOX21SRP53-01842,CC(C)(C)NC(=O)[C@H]1CC[C@H]2[C@@H]3CC[C@H]4NC(=O)C=C[C@]4(C)[C@H]3CC[C@]12C,0
TOX21SRP53-01843,CN(C)C(=S)[S-].CN(C)C(=S)[S-].CN(C)C(=S)[S-].[Fe+3],0
TOX21SRP53-01844,OC(Cn1cncn1)(Cn1cncn1)c1ccc(F)cc1F,0
TOX21SRP53-01845,O=C(NCC1CCCCN1)c1cc(OCC(F)(F)F)ccc1OCC(F)(F)F,0
TOX21SRP53-01846,O=C(Nc1ccc2c(c1)Cc1ccccc1-2)C(F)(F)F,0
TOX21SRP53-01847,CN(C)C(=O)Nc1cccc(C(F)(F)F)c1,0
TOX21SRP53-01848,CCCCOCCOC(=O)COc1nc(Cl)c(Cl)cc1Cl,0
TOX21SRP53-01849,Cc1c(F)c(F)c(COC(=O)C2C(/C=C(\Cl)C(F)(F)F)C2(C)C)c(F)c1F,0
TOX21SRP53-01850,C#CCC1=C(C)[C@H](OC(=O)[C@H]2[C@H](C=C(C)C)C2(C)C)CC1=O,0
TOX21SRP53-01851,Cc1c(Cl)cccc1Nc1ccccc1C(=O)O,1
TOX21SRP53-01852,CCCCCCCCCCOC(=O)c1ccccc1C(=O)OCCCCCCCCCC,0
TOX21SRP53-01853,O=C1NC(=O)C2CC=CCC12,0
TOX21SRP53-01854,C[C@H]1c2cccc(O)c2C(=O)C2=C(O)[C@]3(O)C(=O)C(C(N)=O)=C(O)[C@@H](N(C)C)[C@@H]3[C@@H](O)[C@@H]21,0
TOX21SRP53-01855,O=C1OC(=O)C2CC=CCC12,0
TOX21SRP53-01856,O=C1NC(=O)c2ccccc21,0
TOX21SRP53-01857,O=C1OC(=O)C2CCCCC12,0
TOX21SRP53-01858,C#CCN1CC(=O)N(COC(=O)[C@@H]2[C@@H](C=C(C)C)C2(C)C)C1=O,0
TOX21SRP53-01859,C=CCOC(Cn1ccnc1)c1ccc(Cl)cc1Cl,1
TOX21SRP53-01860,COCc1cnc(C2=NC(C)(C(C)C)C(=O)N2)c(C(=O)O)c1,0
TOX21SRP53-01861,CC(C)C1(C)N=C(c2ncccc2C(=O)O)NC1=O,0
TOX21SRP53-01862,CCBr,0
TOX21SRP53-01863,ClC(Cl)Br,0
TOX21SRP53-01864,O=[N+]([O-])c1cc(N(CCO)CCO)ccc1NCCO,0
TOX21SRP53-01865,O=C1/C(=C2\Nc3ccc(S(=O)(=O)[O-])cc3C2=O)Nc2ccc(S(=O)(=O)[O-])cc21,0
TOX21SRP53-01866,CC(C)C[C@H]1C(=O)N2CCC[C@H]2[C@]2(O)O[C@](NC(=O)[C@@H]3C=C4c5cccc6[nH]c(Br)c(c56)C[C@H]4N(C)C3)(C(C)C)C(=O)N12,0
TOX21SRP53-01867,OB(O)O,0
TOX21SRP53-01868,C[C@@H](O)[C@H]1C(=O)N2C(C(=O)O)=C(SCCNC=N)C[C@H]12,0
TOX21SRP53-01869,Nc1ccc(S(=O)(=O)Nc2cnc3ccccc3n2)cc1,0
TOX21SRP53-01870,O[C@H]1[C@H](O)[C@@H](O)[C@H](O)[C@@H](O)[C@H]1O,0
TOX21SRP53-01871,O=C(O)[C@H](O)[C@@H](O)C(=O)O,0
TOX21SRP53-01872,CC1(C)C(/C=C\C=C/C=C\C=C2\N(CCCCS(=O)(=O)[O-])c3ccc4ccccc4c3C2(C)C)=[N+](CCCCS(=O)(=O)[O-])c2ccc3ccccc3c21,0
TOX21SRP53-01873,CC(=O)N(CC(C)C(=O)O)c1c(I)cc(I)c(N)c1I,0
TOX21SRP53-01874,COc1cc([C@@H]2c3cc4c(cc3C(O[C@@H]3O[C@@H]5COC(c6cccs6)O[C@H]5[C@H](O)[C@H]3O)C3COC(=O)[C@@H]32)OCO4)cc(OC)c1O,1
TOX21SRP53-01875,CCCC[N+]1(C)CCCCC1.O=S(=O)([N-]S(=O)(=O)C(F)(F)F)C(F)(F)F,0
TOX21SRP53-01876,COCC(O)CO,0
TOX21SRP53-01877,O=C(Nc1ccc([N+](=O)[O-])cc1)Nc1ccc([N+](=O)[O-])cc1,0
TOX21SRP53-01878,CN1C(=O)C[C@@H](C(=O)N[C@@H](Cc2c[nH]cn2)C(=O)N2CCC[C@H]2C(N)=O)NC1=O,0
TOX21SRP53-01879,CC(=O)Nc1cc(S(=O)(=O)[O-])cc2cc(S(=O)(=O)[O-])c(N=Nc3ccccc3)c(O)c12,0
TOX21SRP53-01880,C[C@@H]1O[C@@H](O[C@H]2C[C@@H](O)[C@]3(CO)[C@H]4[C@H](O)C[C@]5(C)[C@@H](C6=CC(=O)OC6)CC[C@]5(O)[C@@H]4CC[C@]3(O)C2)[C@H](O)[C@H](O)[C@H]1O,0
TOX21SRP53-01881,CC(C)OC(=O)CCCCC(=O)OC(C)C,0
TOX21SRP53-01882,O=C(O)CC(O)C(=O)O,0
TOX21SRP53-01883,C=C(C)C(=O)OCCC[Si](Cl)(Cl)Cl,0
TOX21SRP53-01884,CCOP(=O)(SC(C)CC)N1CCSC1=O,0
TOX21SRP53-01885,COC(=O)c1ccccc1S(=O)(=O)NC(=O)Nc1nc(C)cc(C)n1,0
TOX21SRP53-01886,Cn1c(=O)c2[nH]c(Br)nc2n(C)c1=O,0
TOX21SRP53-01887,COc1cccc2c1C(=O)c1c(O)c3c(c(O)c1C2=O)C[C@@](O)(C(=O)CO)C[C@@H]3O[C@H]1C[C@H](N)[C@H](O)[C@H](C)O1,1
TOX21SRP53-01888,CC(C=O)Cc1ccc(C(C)C)cc1,0
TOX21SRP53-01889,O=C(CCl)Nc1ccccc1,0
TOX21SRP53-01890,COc1ccc(OC)c(Cl)c1,0
TOX21SRP53-01891,CCCCC(CC)(CO)CO,0
TOX21SRP53-01892,Cc1cc(O)c(Cl)cc1C,0
TOX21SRP53-01893,NC(=O)c1ccc([N+](=O)[O-])cc1Cl,0
TOX21SRP53-01894,CC1=CCC2C(C1)C2(C)C,0
TOX21SRP53-01895,O=C1CC2CC1C1CCCC21,0
TOX21SRP53-01896,Nc1cccnc1,0
TOX21SRP53-01897,CC(C)OCCO,0
TOX21SRP53-01898,CCc1nccnc1C,0
TOX21SRP53-01899,CC(C)c1ccc2ncccc2c1,0
TOX21SRP53-01900,Cc1cccc(C(C)(C)C)c1O,0
TOX21SRP53-01901,CN(C)CCCN(C)C,0
TOX21SRP53-01902,CC(C)CCO,0
TOX21SRP53-01903,C=C(C)C(=O)OCC(C)C,0
TOX21SRP53-01904,C=C(C)C(=O)OCCCCCCCC(C)C,0
TOX21SRP53-01905,CC(C)CCCCCCCOP(=O)(Oc1ccccc1)Oc1ccccc1,0
TOX21SRP53-01906,O=C=NC1CCCCC1,0
TOX21SRP53-01907,COS(=O)(=O)[O-].C[N+]1(C)CCC(=C(c2ccccc2)c2ccccc2)CC1,0
TOX21SRP53-01908,CC(=O)c1cccc([N+](=O)[O-])c1,0
TOX21SRP53-01909,CC(=O)c1ccccc1[N+](=O)[O-],0
TOX21SRP53-01910,CC(=O)c1ccc([N+](=O)[O-])cc1,0
TOX21SRP53-01911,Nc1cccc([N+](=O)[O-])c1,0
TOX21SRP53-01912,Nc1ccccc1[N+](=O)[O-],0
TOX21SRP53-01913,CC(C)(C)NCC(O)CSc1nc(-c2ccc(C(N)=O)s2)cs1,0
TOX21SRP53-01914,COc1nc(N)nc2c1ncn2[C@@H]1O[C@H](CO)[C@@H](O)[C@@H]1O,0
TOX21SRP53-01915,COc1ccc2c(=O)c(C)c(-c3ccccc3)oc2c1CN(C)C,0
TOX21SRP53-01916,CC(=O)CCl,0
TOX21SRP53-01917,CCCOC(C(=O)OC1CCN(C)CC1)(c1ccccc1)c1ccccc1,0
TOX21SRP53-01918,COC(=O)[C@H]1[C@H]2C[C@@H]3c4[nH]c5cc(OC)ccc5c4CCN3C[C@H]2C[C@H](OC)[C@@H]1OC,0
TOX21SRP53-01919,C=C(C)c1ccccc1,0
TOX21SRP53-01920,O=C(Cl)c1c(Cl)cccc1Cl,0
TOX21SRP53-01921,CCCCCCCCCCCCN1CCOCC1,0
TOX21SRP53-01922,C1CN(CCOCCN2CCOCC2)CCO1,0
TOX21SRP53-01923,COc1ccc(C=O)cc1OC,0
TOX21SRP53-01924,CCCCCCC(=O)OCC,0
TOX21SRP53-01925,CCCC(=O)OCC,0
TOX21SRP53-01926,CCOC(=O)CC,0
TOX21SRP53-01927,Sc1nnc(S)s1,0
TOX21SRP53-01928,C=CC(=O)NC(C)(C)C,0
TOX21SRP53-01929,[Cu+2],0
TOX21SRP53-01930,CCOP(=S)(OCC)O/N=C(\C#N)c1ccccc1,0
TOX21SRP53-01931,COC(=O)CCCCC(=O)OC,0
TOX21SRP53-01932,COCCOC(=O)c1ccccc1C(=O)OCCOC,0
TOX21SRP53-01933,COc1cc(CCN)c(OC)cc1Br,0
TOX21SRP53-01934,COc1cc(C[C@@H](C)N)c(OC)cc1Br,0
TOX21SRP53-01935,Cc1nc2ccccc2c(=O)n1-c1ccccc1Cl,0
TOX21SRP53-01936,C=CCC1([C@@H](C)CCC)C(=O)NC(=O)NC1=O,0
TOX21SRP53-01937,CC[C@H]1C[C@@H]2C[C@H]3c4[nH]c5ccc(OC)cc5c4CCN(C2)[C@@H]13,0
TOX21SRP53-01938,CCC(N)Cc1c[nH]c2ccccc12,0
TOX21SRP53-01939,COc1cc(CCN)cc(OC)c1OC,0
TOX21SRP53-01940,CCCSc1cc(OC)c(CCN)cc1OC,1
TOX21SRP53-01941,COc1cc(C[C@H](C)N)c(OC)cc1Br,0
TOX21SRP53-01942,COc1cc(CC(C)C)cc(OC)c1OC,0
TOX21SRP53-01943,CCCN(CCC)c1c([N+](=O)[O-])cc(C(F)(F)F)cc1[N+](=O)[O-],0
TOX21SRP53-01944,CN1C(=O)OC(C)(C)C1=O,0
TOX21SRP53-01945,Cc1ccc(OP(=O)(Oc2ccc(C)cc2)Oc2ccc(C)cc2)cc1,0
TOX21SRP53-01946,ClCC(Cl)CCl,0
TOX21SRP53-01947,OCCOCCOCCO,0
TOX21SRP53-01948,OCCN(CCO)CCO,0
TOX21SRP53-01949,CC(C)NCC(O)c1ccc(O)c(O)c1,0
TOX21SRP53-01950,Cc1cc(C)c(N)cc1C,0
TOX21SRP53-01951,N#CN,0
TOX21SRP53-01952,CN1C(C(=O)Nc2ccccn2)=C(O)c2ccccc2S1(=O)=O,0
TOX21SRP53-01953,CC(=O)Nc1ccccc1C,0
TOX21SRP53-01954,CC(=O)Nc1cccc(C)c1,0
TOX21SRP53-01955,CCCCCCCC/C=C/CCCCCCCC(=O)OCCOCC(OCCO)C1OC(OCCO)CC1OCCO,0
TOX21SRP53-01956,Brc1cc(-c2ccc(Br)c(Br)c2Br)cc(Br)c1Br,0
TOX21SRP53-01957,CC(=O)Nc1ccc(OCC(O)CNC(C)C)cc1,0
TOX21SRP53-01958,COc1ccc(-c2ccccc2)cc1NNC(=O)OC(C)C,0
TOX21SRP53-01959,C=CCCCCCCC=C,0
TOX21SRP53-01960,CC1=C2[C@H](/C=C(\C)C(=O)O)CC[C@@H](C)[C@H]2[C@H](O)C1,0
TOX21SRP53-01961,Cl[In](Cl)Cl,0
TOX21SRP53-01962,CCCCOC(=O)CO,0
TOX21SRP53-01963,CCCC(=O)[O-],0
TOX21SRP53-01964,CN(C1CCCCC1)C1CCCCC1,0
TOX21SRP53-01965,Cc1ccnc(N)c1,0
TOX21SRP53-01966,CN(C)C(C)(C)CO,0
TOX21SRP53-01967,CC(=O)CC(=O)Nc1ccc(S(=O)(=O)[O-])cc1,0
TOX21SRP53-01968,[As]#[In],0
TOX21SRP53-01969,CC1(C)CC(N=C=O)CC(C)(CN=C=O)C1,0
TOX21SRP53-01970,CN(C)CCCO[C@H]1[C@@H](C(O)CO)O[C@@H]2OC(C)(C)O[C@H]12,0
TOX21SRP53-01971,CCN(CC)CCOC(=O)C(c1ccccc1)c1ccccc1,0
TOX21SRP53-01972,COS(=O)(=O)[O-],0
TOX21SRP53-01973,CCCCC(CC)COC(=O)/C=C/c1ccc(OC)cc1,0
TOX21SRP53-01974,COCCOC(=O)CC#N,0
TOX21SRP53-01975,CCCC(=O)OC(C)(C)Cc1ccccc1,0
TOX21SRP53-01976,COC(C)=O,0
TOX21SRP53-01977,N#CCCN(CCO)CCO,0
TOX21SRP53-01978,CN1CCN(C(c2ccccc2)c2ccc(Cl)cc2)CC1,0
TOX21SRP53-01979,OCC1CC=CCC1,0
TOX21SRP53-01980,COC[C@H](c1ccc(C(F)(F)F)cc1)N1CCN(C2(C)CCN(C(=O)c3c(C)ncnc3C)CC2)C[C@H]1C,0
TOX21SRP53-01981,C[C@@H]1C[C@H]2[C@@H]3CCC4=CC(=O)C=C[C@]4(C)[C@@]3(F)[C@@H](O)C[C@]2(C)[C@@]1(O)C(=O)CO,0
TOX21SRP53-01982,Cc1c(-c2ccc(O)cc2)n(Cc2ccc(OCCN3CCCCCC3)cc2)c2ccc(O)cc12,0
TOX21SRP53-01983,COC(=O)[C@H]1[C@H]2C[C@@H]3c4[nH]c5ccccc5c4CCN3C[C@H]2C[C@@H](OC(=O)c2cc(OC)c(OC)c(OC)c2)[C@@H]1OC,0
TOX21SRP53-01984,CC(=O)O[C@H]1CC[C@@]2(C)C(=CC[C@H]3[C@@H]4CCC(=O)[C@@]4(C)CC[C@@H]32)C1,0
TOX21SRP53-01985,N#CCCCC(C#N)CCC#N,0
TOX21SRP53-01986,CC1=CC=C(C(C)C)CC1,0
TOX21SRP53-01987,COc1nc(C)nc(N)n1,0
TOX21SRP53-01988,CC(C)c1cc(C(C)C)cc(C(C)C)c1,0
TOX21SRP53-01989,NCC1CCCC(CN)C1,0
TOX21SRP53-01990,CC(O)CC(C)O,0
TOX21SRP53-01991,c1ccc(OCCOc2ccccc2)cc1,0
TOX21SRP53-01992,Cc1ccc(S(=O)(=O)O)cc1,0
TOX21SRP53-01993,CCCNC(C)C(=O)Nc1ccccc1C,0
TOX21SRP53-01994,FCOC(C(F)(F)F)C(F)(F)F,0
TOX21SRP53-01995,COS(=O)(=O)[O-].C[N+]1(C)CCCCC1COC(=O)C(O)(c1ccccc1)c1ccccc1,0
TOX21SRP53-01996,FC(F)(F)C(F)(F)C(F)(F)C(F)(F)C(F)(F)F,0
TOX21SRP53-01997,O=C1c2cccc3c2[C@H](CCC3)CN1[C@@H]1CN2CCC1CC2,0
TOX21SRP53-01998,C=CCNC1=C2C[C@@H](C)C[C@H](OC)[C@H](O)[C@@H](C)C=C(C)[C@H](OC(N)=O)[C@@H](OC)C=CC=C(C)C(=O)NC(=CC1=O)C2=O,1
TOX21SRP53-01999,c1ccc2c(c1)ccc1ccccc12,0
TOX21SRP53-02000,CCOP(=S)(OCC)SCn1c(=O)oc2cc(Cl)ccc21,0
TOX21SRP53-02001,CCCCC/C=C\C/C=C\CCCCCCCC(=O)OCC,0
TOX21SRP53-02002,CC1=C2[C@H](/C=C(\C)C(=O)O)CC[C@@H](C)[C@H]2CC1,0
TOX21SRP53-02003,C=C[Si](OC(C)=O)(OC(C)=O)OC(C)=O,0
TOX21SRP53-02004,C#C[C@]1(O)C=C[C@H]2[C@@H]3CCC4=CC(=O)CC[C@@H]4[C@H]3CC[C@@]21CC,0
TOX21SRP53-02005,CC(=C\c1ccccc1)/C=C1/SC(=S)N(CC(=O)O)C1=O,0
TOX21SRP53-02006,COc1cccc(N(C)C(=S)Oc2ccc3c(c2)CCCC3)n1,0
TOX21SRP53-02007,CC(CCc1ccc(O)cc1)NCC(O)c1ccc(O)cc1,0
TOX21SRP53-02008,O=C([O-])c1ccc(NC(=O)[C@H](Cc2ccc(O)cc2)NC(=O)c2ccccc2)cc1,0
TOX21SRP53-02009,COc1cc(C(=O)N2CCCCCCC2)cc(OC)c1OC,0
TOX21SRP53-02010,CN1C(=O)N(C)C(O)C1O,0
TOX21SRP53-02011,CC(C)c1ccc(S(=O)(=O)O)cc1,0
TOX21SRP53-02012,CC(C)(c1ccc(OCC2CO2)cc1)c1ccc(OCC2CO2)cc1,0
TOX21SRP53-02013,c1ccc(SCCSc2ccccc2)cc1,0
TOX21SRP53-02014,COCCOCCOC,0
TOX21SRP53-02015,CCCCNC(=O)OCC#CI,1
TOX21SRP53-02016,O=C(O)C1=NN(c2ccc(S(=O)(=O)O)cc2)C(=O)C1,0
TOX21SRP53-02017,NC(=O)NNC(N)=O,0
TOX21SRP53-02018,COC(=O)/C=C/C=C(C)/C=C/C=C(C)/C=C/C=C(C)/C=C/C=C(C)\C=C/C(=O)O,0
TOX21SRP53-02019,CCOC(=O)NC(C)(C)Cc1ccc(Cl)cc1,0
TOX21SRP53-02020,CC(=O)C(=O)[O-],0
TOX21SRP53-02021,COc1cc(S(C)=O)ccc1-c1nc2ncccc2[nH]1,0
TOX21SRP53-02022,COCCCCCCCCOCCC[Si](C)(O[Si](C)(C)C)O[Si](C)(C)C,0
TOX21SRP53-02023,CC(=O)OC1C2(C)CCC(C2)C1(C)C,0
TOX21SRP53-02024,O=S(=O)([O-])[O-].[Li+].[Li+],0
TOX21SRP53-02025,O=Cc1c2ccccc2c(Cl)c2ccccc12,0
TOX21SRP53-02026,CCCCCBr,0
TOX21SRP53-02027,CCCC[n+]1ccc(C)cc1,0
TOX21SRP53-02028,CC[N+]1(C)CCCC1.F[B-](F)(F)F,0
TOX21SRP53-02029,Cc1[nH]nc2c1N=C(c1ccccc1Cl)c1cc([N+](=O)[O-])ccc1N2,1
TOX21SRP53-02030,COC(=O)Nc1nc2cc(S(=O)c3ccccc3)ccc2[nH]1,1
TOX21SRP53-02031,CC1CCC(=O)C1=O,0
TOX21SRP53-02032,CCN1C(=O)c2ccccc2C1Nc1ccc(OCCN2CCCCC2)cc1,0
TOX21SRP53-02033,O=C1CCCCCCCCCCOCCCCO1,0
TOX21SRP53-02034,CSSc1ccoc1C,0
TOX21SRP53-02035,Cc1occc(=O)c1OC(=O)C(C)C,0
TOX21SRP53-02036,CCCc1ccccc1O,0
TOX21SRP53-02037,CCC(=O)OCc1ccc(OC)cc1,0
TOX21SRP53-02038,CCCC1CCOC(C)S1,0
TOX21SRP53-02039,CC(C)C[C@H]1C(=O)N2CCC[C@H]2[C@]2(O)O[C@](NC(=O)[C@@H]3C[C@@H]4c5cccc6[nH]cc(c56)C[C@H]4N(C)C3)(C(C)C)C(=O)N12,0
TOX21SRP53-02040,CC(C)C[C@H](NC(=O)[C@H](CCc1ccccc1)NC(=O)CN1CCOCC1)C(=O)N[C@@H](Cc1ccccc1)C(=O)N[C@@H](CC(C)C)C(=O)[C@@]1(C)CO1,1
TOX21SRP53-02041,COC(=O)N[C@H](C(=O)N[C@@H](Cc1ccccc1)[C@@H](O)CN(Cc1ccc(-c2ccccn2)cc1)NC(=O)[C@@H](NC(=O)OC)C(C)(C)C)C(C)(C)C,0
TOX21SRP53-02042,O=C(Nc1ccc(Cl)cc1)Nc1ccc(Cl)c(C(F)(F)F)c1,1
TOX21SRP53-02043,CC(=O)OCC(=O)[C@@]1(O)CCC2C3CCC4=CC(=O)CC[C@]4(C)C3[C@@H](O)C[C@@]21C,0
TOX21SRP53-02044,C1CN(P2(N3CC3)=NP(N3CC3)(N3CC3)=NP(N3CC3)(N3CC3)=N2)CCO1,1
TOX21SRP53-02045,CC(C)NCC(O)c1ccc([N+](=O)[O-])cc1,0
TOX21SRP53-02046,O=C1CC2(CCCC2)CC(=O)N1CCCCN1CCN(c2ncccn2)CC1,0
TOX21SRP53-02047,CS(=O)(=O)Cl,0
TOX21SRP53-02048,Cc1cccc(C(=O)O)c1,0
TOX21SRP53-02049,O=C(O)c1cccc(O)c1,0
TOX21SRP53-02050,Cc1ccc(C(=O)O)cc1,0
TOX21SRP53-02051,CCC(C(=O)OCCN(CC)CC)c1ccccc1,0
TOX21SRP53-02052,C[C@]12CC[C@H]3[C@@H](CCC4=CC(=O)CC[C@@]43C)[C@@H]1CC[C@]2(O)C(=O)CO,0
TOX21SRP53-02053,COc1cc([C@@H]2c3cc4c(cc3[C@H](O)[C@H]3COC(=O)[C@H]23)OCO4)cc(OC)c1OC,0
TOX21SRP53-02054,NNS(=O)(=O)c1ccc(Oc2ccc(S(=O)(=O)NN)cc2)cc1,0
TOX21SRP53-02055,C[C@@H]1C[C@H]2[C@@H]3CCC4=CC(=O)C=C[C@]4(C)[C@@]3(F)[C@@H](O)C[C@]2(C)[C@H]1C(=O)CO,0
TOX21SRP53-02056,CC(=O)OC(C)(C)C1CC=C(C)CC1,0
TOX21SRP53-02057,Cl[Si](Cl)(c1ccccc1)c1ccccc1,0
TOX21SRP53-02058,COCCOC,0
TOX21SRP53-02059,CCOCCOCC,0
TOX21SRP53-02060,O=[N+]([O-])c1cccc2ccccc12,0
TOX21SRP53-02061,O=C(O)CCC(=O)C(=O)O,0
TOX21SRP53-02062,S=C([S-])NCCNC(=S)[S-],0
TOX21SRP53-02063,O=C1NCCN1,0
TOX21SRP53-02064,C[N+](=O)[O-],0
TOX21SRP53-02065,CCCCC(CC)COC(=O)c1ccccc1C(=O)OCC(CC)CCCC,0
TOX21SRP53-02066,O=[N+]([O-])c1ccc(Oc2ccc(Cl)cc2Cl)cc1,0
TOX21SRP53-02067,CCCCC(CC)CO,0
TOX21SRP53-02068,C1CC2OC2CC1C1CO1,0
TOX21SRP53-02069,CC(C)N(C(=O)COc1nnc(C(F)(F)F)s1)c1ccc(F)cc1,0
TOX21SRP53-02070,CCN(Cc1c(F)cccc1Cl)c1c([N+](=O)[O-])cc(C(F)(F)F)cc1[N+](=O)[O-],0
TOX21SRP53-02071,Cc1nn(C)c(Oc2ccccc2)c1/C=N/OCc1ccc(C(=O)OC(C)(C)C)cc1,0
TOX21SRP53-02072,O=[N+]([O-])c1cc(C(F)(F)F)c(Cl)c([N+](=O)[O-])c1Nc1ncc(C(F)(F)F)cc1Cl,1
TOX21SRP53-02073,COC(=O)CSc1cc(/N=c2\sc(=O)n3n2CCCC3)c(F)cc1Cl,0
TOX21SRP53-02074,CCCCCOC(=O)COc1cc(N2C(=O)C3=C(CCCC3)C2=O)c(F)cc1Cl,0
TOX21SRP53-02075,C#CCN1C(=O)COc2cc(F)c(N3C(=O)C4=C(CCCC4)C3=O)cc21,0
TOX21SRP53-02076,CC1(C)[C@@H](/C=C(\Cl)C(F)(F)F)[C@H]1C(=O)O[C@H](C#N)c1cccc(Oc2ccccc2)c1,0
TOX21SRP53-02077,CCCCN(CCCC)CCC(O)c1cc2c(Cl)cc(Cl)cc2c2cc(C(F)(F)F)ccc12,0
TOX21SRP53-02078,CN[C@@H]1[C@@H](O[C@H]2O[C@H](CO)[C@@H](N)[C@H](O)[C@H]2O)O[C@H]2C[C@@H](N)[C@@H](O[C@@H]3[C@@H](N)C[C@@H](N)[C@H](O)[C@H]3O)O[C@@H]2[C@@H]1O,0
TOX21SRP53-02079,CCOC(=O)OC(C)OC(=O)[C@@H]1N2C(=O)[C@@H](NC(=O)[C@H](N)c3ccccc3)[C@H]2SC1(C)C,0
TOX21SRP53-02080,CC(C)(C)NC[C@H](O)COc1ccccc1C1CCCC1.CC(C)(C)NC[C@H](O)COc1ccccc1C1CCCC1,0
TOX21SRP53-02081,C[C@@H]1C[C@H]2[C@@H]3C[C@H](F)C4=CC(=O)C=C[C@]4(C)[C@@]3(Cl)[C@@H](O)C[C@]2(C)[C@H]1C(=O)COC(=O)C(C)(C)C,0
TOX21SRP53-02082,CCCC(=O)Nc1ccc(OCC(O)CNC(C)C)c(C(C)=O)c1,0
TOX21SRP53-02083,Cc1cc(NC(=O)C2=C(O)c3ccccc3S(=O)(=O)N2C)no1,0
TOX21SRP53-02084,CCC(=O)O[C@H]1[C@H](C)O[C@@H](O[C@@H]2[C@@H](C)O[C@@H](O[C@@H]3[C@@H](OC)[C@H](OC(=O)CC)CC(=O)O[C@H](C)CC=CC=C[C@H](O)[C@H](C)C[C@@H]3CC=O)[C@H](O)[C@H]2N(C)C)C[C@@]1(C)O,0
TOX21SRP53-02085,CC(C(=O)O)c1ccc(C(=O)c2cccs2)cc1,0
TOX21SRP53-02086,COc1ccc2c(c1)N(C[C@H](C)CN(C)C)c1ccccc1S2,0
TOX21SRP53-02087,FC(F)(F)C(F)(F)C(F)(F)C(F)(F)C(F)(F)C(F)(F)C(F)(F)C(F)(F)C(F)(F)C(F)(F)F,0
TOX21SRP53-02088,CCCCOCCOCCOCCCC,0
TOX21SRP53-02089,CNC(=O)Oc1ccccc1OC(C)C,0
TOX21SRP53-02090,C#CC(C)(C)O,0
TOX21SRP53-02091,CCCCCCCCCCO,0
TOX21SRP53-02092,CCCCCCCCCCCCCO,0
TOX21SRP53-02093,CCCCCCCCO,0
TOX21SRP53-02094,CCOCCOCCO,0
TOX21SRP53-02095,CCCCCCCCCC(C)=O,0
TOX21SRP53-02096,CCCCCCCCCCCCCOC(=O)CCSCCC(=O)OCCCCCCCCCCCCC,0
TOX21SRP53-02097,CC12CCCC=C1C(=O)OC2=O,0
TOX21SRP53-02098,O=C1C(CCS(=O)c2ccccc2)C(=O)N(c2ccccc2)N1c1ccccc1,0
TOX21SRP53-02099,COc1cc(NS(=O)(=O)c2ccc(N)cc2)nc(C)n1,0
TOX21SRP53-02100,Cc1nnc(NS(=O)(=O)c2ccc(N)cc2)s1,0
TOX21SRP53-02101,Cc1ccnc(NS(=O)(=O)c2ccc(N)cc2)n1,0
TOX21SRP53-02102,COc1cnc(NS(=O)(=O)c2ccc(N)cc2)nc1,0
TOX21SRP53-02103,COc1ccc(NS(=O)(=O)c2ccc(N)cc2)nn1,0
TOX21SRP53-02104,CC(=O)CC(=O)Nc1ccccc1,0
TOX21SRP53-02105,CC(=O)O,0
TOX21SRP53-02106,CC(=O)OC(C)=O,0
TOX21SRP53-02107,CC(=O)Nc1ccc(C(=O)O)cc1,0
TOX21SRP53-02108,CC(=O)C(C)O,0
TOX21SRP53-02109,COc1ccc(NC(C)=O)cc1N,0
TOX21SRP53-02110,CCCCC(CC)COC(=O)c1ccc(C(=O)OCC(CC)CCCC)cc1,0
TOX21SRP53-02111,O=P(O)(O)CN(CP(=O)(O)O)CP(=O)(O)O,0
TOX21SRP53-02112,CCC(C)S,0
TOX21SRP53-02113,CC1=C2C[C@H]3[C@@H](CC=C4C[C@@H](O)CC[C@@]43C)[C@@H]2CC[C@]12O[C@@H]1C[C@H](C)CN[C@H]1[C@H]2C,0
TOX21SRP53-02114,Nc1ccc(S(=O)(=O)Nc2ccccc2)cc1,0
TOX21SRP53-02115,CCc1nnc(NS(=O)(=O)c2ccc(N)cc2)s1,0
TOX21SRP53-02116,Cc1c(Cn2ccnc2)c2ccccc2n1CCC(=O)O,0
TOX21SRP53-02117,O=C(COc1ccc(Cl)cc1)OCCNC12CC3CC(CC(C3)C1)C2,0
TOX21SRP53-02118,COC(c1ccccc1)(c1ccccc1)[C@H](Oc1nc(C)cc(C)n1)C(=O)O,0
TOX21SRP53-02119,CCOC(=O)c1c(C)n(C)c2ccc(O)cc12,0
TOX21SRP53-02120,CN1CCN(C(=O)C2CCCCC2)CC1,0
TOX21SRP53-02121,ICCc1ccccc1,0
TOX21SRP53-02122,NCCCNCCCN,0
TOX21SRP53-02123,O=[N+]([O-])c1cccc(I)c1,0
TOX21SRP53-02124,CCCCCCCCCCCCCCCCCCO,0
TOX21SRP53-02125,C=CCCCCCCCCCCCCCCCC,0
TOX21SRP53-02126,COc1ccc(NC(=O)CC(C)=O)cc1,0
TOX21SRP53-02127,CCCCCCCCCCCCCCCC(=O)OC,0
TOX21SRP53-02128,COC(=O)CC(=O)OC,0
TOX21SRP53-02129,CN1CCOCC1,0
TOX21SRP53-02130,CCCC(C)C,0
TOX21SRP53-02131,[Ni+2].c1cc[cH-]c1.c1cc[cH-]c1,0
TOX21SRP53-02132,Cc1cccc(C)c1NC(=O)C1CCCCN1C,0
TOX21SRP53-02133,CN1CCC[C@@H]1Cc1c[nH]c2ccc(CCS(=O)(=O)c3ccccc3)cc12,0
TOX21SRP53-02134,O=C(C[C@@H]1NCCC[C@H]1O)Cn1cnc2cc(Br)c(Cl)cc2c1=O,0
TOX21SRP53-02135,C/C(=C\c1csc(C)n1)C1C[C@@H]2O[C@]2(C)CCC[C@H](C)C(O)[C@@H](C)C(=O)C(C)(C)[C@@H](O)CC(=O)O1,1
TOX21SRP53-02136,N=C(N)NCCC[C@H](NC(=O)[C@@H]1CCCN1C(=O)[C@@H]1CSSCCC(=O)N[C@@H](Cc2ccc(O)cc2)C(=O)N[C@@H](Cc2ccccc2)C(=O)N[C@@H](CCC(N)=O)C(=O)N[C@@H](CC(N)=O)C(=O)N1)C(=O)NCC(N)=O,0
TOX21SRP53-02137,CCCCC[C@@H](O)C1C(=O)OC(C)[C@H](O)C=CC=CC=CC=CC=C(C)C(O)C(O)C(O)C[C@H](O)C[C@H](O)C[C@H](O)C[C@H](O)C[C@@H]1O,0
TOX21SRP53-02138,CNC(C)CCC=C(C)C,0
TOX21SRP53-02139,NC(=S)NS(=O)(=O)c1ccc(N)cc1,0
TOX21SRP53-02140,COC(=O)/C=C/c1ccccc1,0
TOX21SRP53-02141,CN(C)c1ccc(/N=N/c2ccccc2C(=O)O)cc1,0
TOX21SRP53-02142,CON(C)C(=O)Nc1ccc(Br)cc1,0
TOX21SRP53-02143,CO[C@H]1[C@H]([C@]2(C)O[C@@H]2CC=C(C)C)[C@]2(CC[C@H]1OC(=O)NC(=O)CCl)CO2,1
TOX21SRP53-02144,CCCC(=O)Nc1c(I)cc(I)c(CC(CC)C(=O)[O-])c1I,0
TOX21SRP53-02145,COC(=O)[C@H]1[C@@H](O)CC[C@H]2CN3CCc4c([nH]c5ccccc45)[C@@H]3C[C@@H]21,0
TOX21SRP53-02146,CC[C@]12CCCN3CCc4c(n(c5ccccc45)[C@@](O)(C(=O)OC)C1)[C@@H]32,0
TOX21SRP53-02147,CC(=NC#N)N(C)Cc1ccc(Cl)nc1,0
TOX21SRP53-02148,CCCCCCC(C)OC(=O)COc1nc(F)c(Cl)c(N)c1Cl,0
TOX21SRP53-02149,C=CC(=O)Nc1cc2c(Nc3ccc(F)c(Cl)c3)ncnc2cc1OCCCN1CCOCC1,1
TOX21SRP53-02150,CC(=O)O[C@H]1CC[C@@]2(C)C(=CC[C@H]3[C@@H]4CC[C@H](C(C)=O)[C@@]4(C)CC[C@@H]32)C1,0
TOX21SRP53-02151,c1cnc2cc3c(cc2n1)C1CNCC3C1,0
TOX21SRP53-02152,Clc1ccc([C@@H]2C[C@H]3CC[C@@H]2N3)cn1,0
TOX21SRP53-02153,CCC(=O)N(c1ccccc1)C1CCN(CCc2cccs2)CC1,0
TOX21SRP53-02154,CCC(=O)N(c1ccccc1)C1CCN(Cc2cccs2)CC1,0
TOX21SRP53-02155,CCC(=O)N(c1ccccc1)C1CCN(C(C)Cc2cccs2)CC1,0
TOX21SRP53-02156,CCC(=O)N(c1ccccc1)C1CCN(CC(O)c2ccccc2)CC1,0
TOX21SRP53-02157,Nc1c(Cl)cc(Cl)cc1Cl,0
TOX21SRP53-02158,O=C(O)C(Cl)(Cl)Cl,0
TOX21SRP53-02159,FC(F)(Cl)C(F)(Cl)Cl,0
TOX21SRP53-02160,CCCCCCCC(=O)OCC(COC(=O)CCCCCCC)OC(=O)CCCCCCC,0
TOX21SRP53-02161,BrC(Br)Br,0
TOX21SRP53-02162,Nc1nc(N)c2nc(-c3ccccc3)c(N)nc2n1,1
TOX21SRP53-02163,Nc1ccc(Oc2ccc(N)c(N)c2)cc1,0
TOX21SRP53-02164,CC1(C)O[C@@H]2C[C@H]3[C@@H]4CCC5=CC(=O)C=C[C@]5(C)[C@@]4(F)[C@@H](O)C[C@]3(C)[C@]2(C(=O)CO)O1,0
TOX21SRP53-02165,O=S1OC[C@@H]2[C@H](CO1)[C@]1(Cl)C(Cl)=C(Cl)[C@@]2(Cl)C1(Cl)Cl,0
TOX21SRP53-02166,Nc1cc([N+](=O)[O-])cc([N+](=O)[O-])c1O,0
TOX21SRP53-02167,Cc1cc2nc(N)sc2cc1C,0
TOX21SRP53-02168,Nc1cc(Cl)ccc1O,1
TOX21SRP53-02169,Nc1cc(Cl)c([N+](=O)[O-])cc1O,0
TOX21SRP53-02170,Nc1nc2c(Cl)cccc2s1,0
TOX21SRP53-02171,Cc1cc(=O)n(-c2ccccc2)n1C,0
TOX21SRP53-02172,CCOc1ccc(NC(C)=O)cc1,0
TOX21SRP53-02173,Nc1cc(Cl)cc(S(=O)(=O)O)c1O,0
TOX21SRP53-02174,CC/C=C/CCO,0
TOX21SRP53-02175,O=Cc1ccc(Cl)cc1Cl,0
TOX21SRP53-02176,c1ccc(SSc2ccccc2)cc1,0
TOX21SRP53-02177,CCOC(=O)c1cccc(N)c1,0
TOX21SRP53-02178,CC/C=C\CCO,0
TOX21SRP53-02179,O=C(O)CNC(=O)c1ccc(CO)o1,0
TOX21SRP53-02180,COc1ccc(OC)c(NC(=O)CC(C)=O)c1,0
TOX21SRP53-02181,COP(=O)(NC(C)=O)SC,0
TOX21SRP53-02182,C1=Cc2cccc3cccc1c23,0
TOX21SRP53-02183,ON(Cc1ccccc1)Cc1ccccc1,0
TOX21SRP53-02184,N#Cc1ccc(Cl)cc1,0
TOX21SRP53-02185,CC(C)CCCC(=O)O,0
TOX21SRP53-02186,COC(=O)c1ccccc1Cl,0
TOX21SRP53-02187,NCCN1CCNC1=O,0
TOX21SRP53-02188,CC1=C(Br)C(=O)C(Br)=C/C1=C(\c1ccccc1S(=O)(=O)[O-])c1cc(Br)c(O)c(Br)c1C,0
TOX21SRP53-02189,O=S(=O)([O-])c1cc(O)c(O)c(S(=O)(=O)[O-])c1,0
TOX21SRP53-02190,COC(C)(C)CCCC(C)CC=O,0
TOX21SRP53-02191,NC(=O)c1ccc(N)cc1,0
TOX21SRP53-02192,CCC(Cl)CC(Cl)C(Cl)C(Cl)C(Cl)C(C)Cl,0
TOX21SRP53-02193,C=C[Si](C)(C)O[Si](C)(C)C=C,0
TOX21SRP53-02194,NNC(=O)c1cccc(C(=O)NN)c1,0
TOX21SRP53-02195,O=[N+]([O-])C=Cc1ccccc1,1
TOX21SRP53-02196,COP(=O)(OC)O/C(=C\Cl)c1cc(Cl)c(Cl)cc1Cl,0
TOX21SRP53-02197,CCOP(=O)(Sc1ccccc1)Sc1ccccc1,0
TOX21SRP53-02198,CN1CCCCC1CCN1c2ccccc2Sc2ccc(S(C)=O)cc21,0
TOX21SRP53-02199,c1ccc2c(c1)Sc1ccccc1N2CC1CN2CCC1CC2,0
TOX21SRP53-02200,CCCC(C)(COC(N)=O)COC(N)=O,0
TOX21SRP53-02201,C[C@H]1C[C@H]2[C@@H]3CCC4=CC(=O)C=C[C@]4(C)[C@H]3C(=O)C[C@]2(C)[C@@]1(O)C(=O)CO,0
TOX21SRP53-02202,Cc1cc(C)cc(OCC2CNC(=O)O2)c1,0
TOX21SRP53-02203,N#CSCc1ccccc1,1
TOX21SRP53-02204,O=C(O[C@@H](C(=O)O)[C@@H](OC(=O)c1ccccc1)C(=O)O)c1ccccc1,0
TOX21SRP53-02205,O=C([O-])[C@H](O)[C@@H](O)[C@H](O)[C@H](O)CO.O=C([O-])[C@H](O)[C@@H](O)[C@H](O)[C@H](O)CO.[Ba+2],0
TOX21SRP53-02206,O=C(CO)[C@@H](O)[C@H](O)[C@@H](O)C(=O)[O-].O=C(CO)[C@@H](O)[C@H](O)[C@@H](O)C(=O)[O-],0
TOX21SRP53-02207,O=S(=O)(O)c1cc(Cl)c(Cl)cc1Cl,0
TOX21SRP53-02208,CNC.O=C(O)COc1ccc(Cl)cc1Cl,0
TOX21SRP53-02209,Nc1ccn([C@@H]2O[C@H](CO)[C@@H](O)[C@@H]2O)c(=O)n1,1
TOX21SRP53-02210,Cc1ccc(C(C)(C)O)cc1,0
TOX21SRP53-02211,CCCC(=O)OC(=O)CCC,0
TOX21SRP53-02212,CC(C)=CCC/C(C)=C\CO,0
TOX21SRP53-02213,COc1cc(-c2ccc(N)c(OC)c2)ccc1N,0
TOX21SRP53-02214,CCCCCCC(O)CCCCCCCCCCC(=O)O,0
TOX21SRP53-02215,CC(C)=CCC/C(C)=C/CO,0
TOX21SRP53-02216,CC(C)=CCCC(C)CCO,0
TOX21SRP53-02217,CCCCCCCC[N+](C)(C)CCCCCCCC,0
TOX21SRP53-02218,CCCCON=O,0
TOX21SRP53-02219,CN1[C@H]2CC[C@@H]1C[C@H](OC(=O)C(CO)c1ccccc1)C2.CN1[C@H]2CC[C@@H]1C[C@H](OC(=O)C(CO)c1ccccc1)C2,0
TOX21SRP53-02220,C[C@@H](O)[C@H]1C(=O)N2C(C(=O)O)=C(S[C@@H]3CN[C@H](CNS(N)(=O)=O)C3)[C@H](C)[C@H]12,0
TOX21SRP53-02221,c1cnccn1,0
TOX21SRP53-02222,C1CS1,0
TOX21SRP53-02223,O=c1[nH]cnc2ccccc12,0
TOX21SRP53-02224,O=C(C(=O)c1ccco1)c1ccco1,0
TOX21SRP53-02225,CC(=O)OCC(=O)NCCCOc1cccc(CN2CCCCC2)c1,0
TOX21SRP53-02226,CNC[C@H](O)c1ccc(O)c(O)c1,0
TOX21SRP53-02227,O=c1cccccc1O,0
TOX21SRP53-02228,N=C(N)NCCCC[C@@H]1NC(=O)CCSSC[C@@H](C(N)=O)NC(=O)[C@@H]2CCCN2C(=O)[C@H](Cc2c[nH]c3ccccc23)NC(=O)[C@H](CC(=O)O)NC(=O)CNC1=O,0
TOX21SRP53-02229,CCCN(CCOc1c(Cl)cc(Cl)cc1Cl)C(=O)n1ccnc1,0
TOX21SRP53-02230,CSc1nc(NC(C)C)nc(NC(C)C)n1,0
TOX21SRP53-02231,CC(C)N(C(=O)CCl)c1ccccc1,1
TOX21SRP53-02232,N[C@@H](Cc1ccc(N(CCCl)CCCl)cc1)C(=O)O,1
TOX21SRP53-02233,C[C@@]12C=CC[C@H]1[C@@H]1CC[C@H]3CC(=O)CC[C@]3(C)[C@H]1CC2,0
TOX21SRP53-02234,C=CCc1cc(OC)c(O)c(C(=O)NCCO)c1,0
TOX21SRP53-02235,Nc1nc(=O)c2ncn(CCC(CO)CO)c2[nH]1,0
TOX21SRP53-02236,CC(C)C[C@H](NC(=O)[C@@H](Cc1c[nH]c2ccccc12)NC(=O)[C@H](Cc1ccc(O)cc1)NC(=O)[C@H](CO)NC(=O)[C@H](Cc1c[nH]c2ccccc12)NC(=O)[C@H](Cc1c[nH]cn1)NC(=O)[C@@H]1CCC(=O)N1)C(=O)N[C@@H](CCCNC(=N)N)C(=O)N1CCC[C@@H]1C(=O)NCC(N)=O.O=C(O)c1cc2ccccc2c(Cc2c(O)c(C(=O)O)cc3ccccc23)c1O,0
TOX21SRP53-02237,Cn1c(NCCN(CCO)CCCc2ccc([N+](=O)[O-])cc2)cc(=O)n(C)c1=O,0
TOX21SRP53-02238,CCCCC(=O)OCC(=O)[C@]1(O)Cc2c(O)c3c(c(O)c2[C@@H](O[C@H]2C[C@H](NC(=O)C(F)(F)F)[C@H](O)[C@H](C)O2)C1)C(=O)c1c(OC)cccc1C3=O,1
TOX21SRP53-02239,O=C(CS(=O)C(c1ccccc1)c1ccccc1)NO,0
TOX21SRP53-02240,CCOC(=O)COc1ccc2c(C)c(CCN(CC)CC)c(=O)oc2c1Cl,0
TOX21SRP53-02241,CO[C@H]1C=CO[C@@]2(C)Oc3c(C)c(O)c4c(c3C2=O)C2=NC3(CCN(CC(C)C)CC3)NC2=C(NC(=O)C(C)=CC=C[C@H](C)[C@H](O)[C@@H](C)[C@@H](O)[C@@H](C)[C@H](OC(C)=O)[C@@H]1C)C4=O,0
TOX21SRP53-02242,CCOC(=O)c1ccccc1OC,0
TOX21SRP53-02243,CCCCCCCOC(C)=O,0
TOX21SRP53-02244,CCCCn1cc[n+](C)c1.O=S(=O)([N-]S(=O)(=O)C(F)(F)F)C(F)(F)F,0
TOX21SRP53-02245,Brc1ccc(-c2ccccc2)cc1,0
TOX21SRP53-02246,OCC(CBr)(CBr)CBr,0
TOX21SRP53-02247,O=C(O)C(Cl)Br,0
TOX21SRP53-02248,O=C(O)C(Cl)(Cl)Br,0
TOX21SRP53-02249,Nc1c(Br)cc([N+](=O)[O-])cc1[N+](=O)[O-],0
TOX21SRP53-02250,NC(CCC(=O)O)C(=O)O,0
TOX21SRP53-02251,CC[n+]1ccccc1,0
TOX21SRP53-02252,CCCC[n+]1ccccc1.F[B-](F)(F)F,0
TOX21SRP53-02253,OCCCCCCCl,0
TOX21SRP53-02254,COC(=O)C(C)N(C(=O)Cc1ccccc1)c1c(C)cccc1C,0
TOX21SRP53-02255,c1ccc(-c2ccccn2)nc1,0
TOX21SRP53-02256,Clc1ccc(C2(Cn3cncn3)OCCO2)c(Cl)c1,0
TOX21SRP53-02257,CCCCCCCCCCCCCCCC(=O)OC[C@H](O)[C@H]1OC(=O)C(O)=C1O,0
TOX21SRP53-02258,O=C[C@@H](O)[C@H](O)[C@H](O)CO,0
TOX21SRP53-02259,O=C(Nc1cccc(Cl)c1)OCC#CCCl,1
TOX21SRP53-02260,CSc1nc(N=[N+]=[N-])nc(NC(C)C)n1,0
TOX21SRP53-02261,Nc1ccc(S(=O)(=O)Nc2ccnn2-c2ccccc2)cc1,0
TOX21SRP53-02262,Nc1ccc(S(=O)(=O)Nc2ncccn2)cc1,0
TOX21SRP53-02263,CC1CN(c2cc3c(cc2F)c(=O)c(C(=O)O)cn3-c2ccc(F)cc2F)CCN1,0
TOX21SRP53-02264,c1ccc2c(c1)sc1ccccc12,0
TOX21SRP53-02265,Oc1ccccc1F,0
TOX21SRP53-02266,Fc1ccccc1-c1ccccc1,0
TOX21SRP53-02267,Oc1cccc(Nc2ccccc2)c1,0
TOX21SRP53-02268,CC(C)=CC(=O)C=C(C)C,0
TOX21SRP53-02269,CC(C)(CCC(=O)O)C(=O)O,0
TOX21SRP53-02270,CC(=O)CCC=C(C)CCC=C(C)C,0
TOX21SRP53-02271,CC(C)(CC(=O)O)C(=O)O,0
TOX21SRP53-02272,CC(=O)C(C)=O,0
TOX21SRP53-02273,CC(=O)C1=C(C)[C@@H]2C[C@]3(C1)[C@@H](CC[C@H]3C)C2(C)C,0
TOX21SRP53-02274,C=COCC(C)C,0
TOX21SRP53-02275,C=C(C)C(=O)OCCOCCOCCOC(=O)C(=C)C,0
TOX21SRP53-02276,CC(C)=CC=O,0
TOX21SRP53-02277,CC(C)(C#N)C(C)(C)C#N,0
TOX21SRP53-02278,CN(C)c1ccc(N(C)C)cc1,0
TOX21SRP53-02279,CN(C)CCN(C)C,0
TOX21SRP53-02280,Cc1cc(-c2cc(C)c(N)c(C)c2)cc(C)c1N,0
TOX21SRP53-02281,CSSC,0
TOX21SRP53-02282,CCOc1ccccc1N,0
TOX21SRP53-02283,CC1=C(/C=C/C(C)=C/C=C/C(C)=C/C=C\C=C(C)\C=C\C=C(C)\C=C\C2=C(C)C(=O)CCC2(C)C)C(C)(C)CCC1=O,0
TOX21SRP53-02284,CC(C)C(C)C,0
TOX21SRP53-02285,CCC(C)(C)C,0
TOX21SRP53-02286,CC(Cl)(Cl)[N+](=O)[O-],0
TOX21SRP53-02287,CCCCCCCCC=O,0
TOX21SRP53-02288,CC(C)C(=O)O,0
TOX21SRP53-02289,CCC(C)C(C)=O,0
TOX21SRP53-02290,CC(C)C=O,0
TOX21SRP53-02291,CC(CCC(=O)O)C(=O)O,0
TOX21SRP53-02292,CCCC(C)C(=O)O,0
TOX21SRP53-02293,Cc1cc(N)no1,0
TOX21SRP53-02294,O=C(O)Cc1nn(Cc2ccc(Br)cc2F)c(=O)c2ccccc12,0
TOX21SRP53-02295,C=CCN1C[C@H](C)N([C@H](c2ccc(C(=O)N(CC)CC)cc2)c2cccc(OC)c2)C[C@H]1C,0
TOX21SRP53-02296,CNCCCCOc1ccccc1Cc1ccccc1,0
TOX21SRP53-02297,Cc1ccc2c(c1)c1c3n2CCNC3CCC1,0
TOX21SRP53-02298,CCN(CC)CCOc1ccc(Cc2ccccc2)cc1,0
TOX21SRP53-02299,CCN1CCC[C@H]1CNC(=O)c1c(OC)ccc(Br)c1OC,0
TOX21SRP53-02300,CCCCCCCC/C=C\CCCCCCCC(=O)NCc1ccc(O)c(OC)c1,0
TOX21SRP53-02301,CCC1(c2ccc(N)cc2)CCC(=O)NC1=O,0
TOX21SRP53-02302,Nc1nc(N)c2nc(CNc3ccc(C(=O)N[C@@H](CCC(=O)O)C(=O)O)cc3)cnc2n1,0
TOX21SRP53-02303,CCOC(=O)Nc1cccc(OC(=O)Nc2ccccc2)c1,0
TOX21SRP53-02304,CC[N+](CC)(CCNC(=O)C(=O)NCC[N+](CC)(CC)Cc1ccccc1Cl)Cc1ccccc1Cl,0
TOX21SRP53-02305,CC1(C)S[C@@H]2[C@H](/N=C/N3CCCCCC3)C(=O)N2[C@H]1C(=O)O,0
TOX21SRP53-02306,Cc1ccc([N+](=O)[O-])cc1N,0
TOX21SRP53-02307,NCC[C@H](O)C(=O)N[C@@H]1C[C@H](N)[C@@H](O[C@H]2O[C@H](CN)[C@@H](O)[C@H](O)[C@H]2O)[C@H](O)[C@H]1O[C@H]1O[C@H](CO)[C@@H](O)[C@H](N)[C@H]1O,0
TOX21SRP53-02308,O=P(O)(O)c1ccccc1,0
TOX21SRP53-02309,C(=C/C=N/c1ccccc1)\C=C\Nc1ccccc1,0
TOX21SRP53-02310,C[C@]12CC[C@H]3[C@@H](CCC4=CC(=O)CC[C@@]43C)[C@@H]1CC[C@@H]2OC(=O)CCc1ccccc1,0
TOX21SRP53-02311,CC(=O)OCC(=O)[C@@]1(O)[C@H](OC(C)=O)C[C@H]2[C@@H]3CCC4=CC(=O)C=C[C@]4(C)[C@@]3(F)[C@@H](O)C[C@@]21C,0
TOX21SRP53-02312,CC(C)c1ccccc1O,0
TOX21SRP53-02313,CNC(=S)NN,0
TOX21SRP53-02314,CC(=N\O)/C(C)=N/O,0
TOX21SRP53-02315,COc1ccc2ccccc2c1,0
TOX21SRP53-02316,CCCCCCCCCCCCBr,0
TOX21SRP53-02317,CC(=O)N[C@@H](C=O)[C@H](O)[C@H](O)[C@@H](O)CO,0
TOX21SRP53-02318,O=S(=O)(O)C(F)(F)F,0
TOX21SRP53-02319,COCCOCCOCCOCCOC,0
TOX21SRP53-02320,O=C(OCCOCCO)c1ccccc1Nc1cccc(C(F)(F)F)c1,0
TOX21SRP53-02321,c1ccc([Bi](c2ccccc2)c2ccccc2)cc1,0
TOX21SRP53-02322,Nc1c(Br)cc(Br)cc1CN[C@H]1CC[C@H](O)CC1,0
TOX21SRP53-02323,CC(=O)OCC(=O)[C@H]1CC[C@H]2[C@@H]3CC[C@H]4C[C@H](O)CC[C@]4(C)[C@H]3C(=O)C[C@]12C,0
TOX21SRP53-02324,CC(C)(Sc1cc(C(C)(C)C)c(O)c(C(C)(C)C)c1)Sc1cc(C(C)(C)C)c(O)c(C(C)(C)C)c1,0
TOX21SRP53-02325,CN1CCOC(c2ccccc2)c2ccccc2C1,0
TOX21SRP53-02326,CCO[Si](C)(OCC)OCC,0
TOX21SRP53-02327,CCCCC[Si](OCC)(OCC)OCC,0
TOX21SRP53-02328,CCCNC(C)C(=O)Nc1c(C)csc1C(=O)OC,0
TOX21SRP53-02329,CC(=O)OC1CC(C)OC(C)O1,0
TOX21SRP53-02330,COc1ccc(N)c(OC)c1,0
TOX21SRP53-02331,COc1cc(-c2ccc(N=C=O)c(OC)c2)ccc1N=C=O,0
TOX21SRP53-02332,O=C(O)CCCCCCCCCCC(=O)O,0
TOX21SRP53-02333,CCC(C)NC(N)=O,0
TOX21SRP53-02334,CCSCCCl,0
TOX21SRP53-02335,C=C(C)C(=O)OCC(CC)CCCC,0
TOX21SRP53-02336,CO[Si](OC)(OC)OC,0
TOX21SRP53-02337,[C-]#N.[Cu+],0
TOX21SRP53-02338,COc1nc(C)nc(NC(=O)NS(=O)(=O)c2ccccc2Cl)n1,0
TOX21SRP53-02339,O=C1c2ccccc2C(=O)C1c1ccccc1,0
TOX21SRP53-02340,Clc1ccc(Cl)c(Cl)c1,0
TOX21SRP53-02341,OCCN(CCO)c1ccccc1,0
TOX21SRP53-02342,O=C(c1ccccc1)c1ccccc1,0
TOX21SRP53-02343,CCOc1cc(C=O)ccc1O,0
TOX21SRP53-02344,COc1cc(C=O)ccc1O,0
TOX21SRP53-02345,CC(C)(C)C(=O)CCl,0
TOX21SRP53-02346,COC1[C@@H](O[C@@H]2O[C@H](C)[C@@H](O[C@H]3C[C@@](C)(O)[C@H](OC(=O)CC(C)C)[C@H](C)O3)[C@H](N(C)C)[C@H]2O)[C@@H](CC=O)C[C@@H](C)[C@@H](O)C=CC=CC[C@@H](C)OC(=O)C[C@H]1OC(C)=O,0
TOX21SRP53-02347,CCC(C)n1ncn(-c2ccc(N3CCN(c4ccc(OC[C@H]5CO[C@](Cn6cncn6)(c6ccc(Cl)cc6Cl)O5)cc4)CC3)cc2)c1=O,0
TOX21SRP53-02348,O=C(c1ccc(F)cc1)C1CCN(CCn2c(=O)[nH]c3ccccc3c2=O)CC1,0
TOX21SRP53-02349,CCC(C)(C#N)/N=N/C(C)(C#N)CC,0
TOX21SRP53-02350,CC(S)C(=O)NCC(=O)O,0
TOX21SRP53-02351,Clc1ccc2nsnc2c1NC1=NCCN1,0
TOX21SRP53-02352,O=C(O)COc1ccc(C(=O)c2cccs2)c(Cl)c1Cl,0
TOX21SRP53-02353,COC1CC(=C(c2cccs2)c2cccs2)C[N+](C)(C)C1,0
TOX21SRP53-02354,O=C(CCCN1CCC(n2c(=S)[nH]c3ccccc32)CC1)c1ccc(F)cc1,0
TOX21SRP53-02355,CC(C)(C)NC[C@H](O)COc1nsnc1N1CCOCC1,0
TOX21SRP53-02356,CCS(=O)(=O)CCn1c([N+](=O)[O-])cnc1C,0
TOX21SRP53-02357,C=CCCCCCCCCC(=O)O,0
TOX21SRP53-02358,O=C1CCCO1,0
TOX21SRP53-02359,CC(C)(C)c1ccc(O)cc1,0
TOX21SRP53-02360,CC(C)(C)c1cc(O)ccc1O,0
TOX21SRP53-02361,CC1CC(=O)O1,0
TOX21SRP53-02362,CCCCNC(N)=O,0
TOX21SRP53-02363,CCN(CC)c1ccc(C(=O)c2ccccc2C(=O)O)c(O)c1,0
TOX21SRP53-02364,Nc1cc(S(=O)(=O)[O-])cc2cc(S(=O)(=O)O)cc(O)c12,0
TOX21SRP53-02365,N#CCN(CC#N)CCN(CC#N)CC#N,0
TOX21SRP53-02366,CC(O)C(CO)C(C)O,0
TOX21SRP53-02367,COCCOCCOCCOCCOCCO,0
TOX21SRP53-02368,O=C(O)c1cc(Cl)cc([N+](=O)[O-])c1Cl,0
TOX21SRP53-02369,CCCCCC=CCC1CC(=O)OC1=O,0
TOX21SRP53-02370,CCCCCCCCCCCCCN1CC(C)OC(C)C1,0
TOX21SRP53-02371,COc1cc(C(C)(C)C)c(O)c(C(C)(C)C)c1,0
TOX21SRP53-02372,Clc1cc(Cl)nc(Cl)n1,0
TOX21SRP53-02373,C[n+]1ccn(CCO)c1.F[B-](F)(F)F,0
TOX21SRP53-02374,CC(CC(=O)Cl)CC(C)(C)C,0
TOX21SRP53-02375,CC[n+]1ccccc1.O=S(=O)([O-])C(F)(F)F,0
TOX21SRP53-02376,CCCCCCn1cc[n+](C)c1.O=S(=O)([N-]S(=O)(=O)C(F)(F)F)C(F)(F)F,0
TOX21SRP53-02377,CCCC[N+]1(C)CCCCC1,0
TOX21SRP53-02378,CC[C@H](N)c1ccccc1,0
TOX21SRP53-02379,Clc1ccnc(Cl)n1,0
TOX21SRP53-02380,CCCC[n+]1ccccc1.O=S(=O)([O-])C(F)(F)F,0
TOX21SRP53-02381,CC/C=C\CCCCCCCCCCOC(C)=O,0
TOX21SRP53-02382,CC(C)(c1ccccc1)c1cc(-n2nc3ccccc3n2)c(O)c(C(C)(C)c2ccccc2)c1,0
TOX21SRP53-02383,CC/C=C/C/C=C/C/C=C/CCCCCCCC(=O)OCC,0
TOX21SRP53-02384,CC(=O)c1ccc2c(c1)Cc1ccccc1-2,0
TOX21SRP53-02385,NC(=O)c1cnccn1,0
TOX21SRP53-02386,CCCCC(CC)COCC1CO1,0
TOX21SRP53-02387,CC(=O)Oc1cccc2c1C(=O)c1c(OC(C)=O)cc(C(=O)O)cc1C2=O,0
TOX21SRP53-02388,CC(C)(C)C(=O)C1C(=O)c2ccccc2C1=O,0
TOX21SRP53-02389,C=C(C)C(=O)OCC(C)O,0
TOX21SRP53-02390,CN1C(CSCC(F)(F)F)Nc2cc(Cl)c(S(N)(=O)=O)cc2S1(=O)=O,0
TOX21SRP53-02391,CCCCCCCCBr,0
TOX21SRP53-02392,CCCCCCCCCCCCO,0
TOX21SRP53-02393,C=CCCCCCCCCCC,0
TOX21SRP53-02394,CCCCCCCCCCCO,0
TOX21SRP53-02395,COCCOCCOCCO,0
TOX21SRP53-02396,CCCCCCCCCCCC,0
TOX21SRP53-02397,COc1cc(S(=O)(=O)[O-])c(C)cc1/N=N/c1c(O)ccc2cc(S(=O)(=O)[O-])ccc12,0
TOX21SRP53-02398,CC1=C(/C=C/C(C)=C/C=C/C(C)=C/C=C/C=C(C)/C=C/C=C(C)/C=C/C2=C(C)C[C@@H](O)CC2(C)C)C(C)(C)C[C@H](O)C1,1
TOX21SRP53-02399,CC(C)CCC(=O)O[C@H]1CC[C@H]2[C@@H]3CCC4=CC(=O)CC[C@]4(C)[C@H]3CC[C@]12C,0
TOX21SRP53-02400,CC(=O)OCC(=O)[C@@]1(O)CC[C@H]2[C@@H]3CCC4=CC(=O)CC[C@]4(C)C3=CC[C@@]21C,0
TOX21SRP53-02401,COc1ccc(-c2nc3cc(C4=NNC(=O)CC4C)ccc3[nH]2)cc1,1
TOX21SRP53-02402,Nc1nc(=O)c(Br)c(-c2ccccc2)[nH]1,0
TOX21SRP53-02403,CN(c1nccc(=O)[nH]1)C1CCN(c2nc3ccccc3n2Cc2ccc(F)cc2)CC1,0
TOX21SRP53-02404,C[C@]12CC[C@H](O)C[C@H]1CC[C@@H]1[C@@H]2CC[C@]2(C)[C@@H](c3ccc(=O)oc3)C[C@H]3O[C@@]312,1
TOX21SRP53-02405,Cc1oc(C)c(C(=O)Nc2ccccc2)c1C,0
TOX21SRP53-02406,C[N+](C)(C)CC(O)CCl,0
TOX21SRP53-02407,CC1=C(/C=C/C(C)=C\C=C/C(C)=C/C(=O)O)C(C)(C)CCC1,0
TOX21SRP53-02408,C=C(C)C(=O)NCCCN(C)C,0
TOX21SRP53-02409,OC[C@H]1O[C@@H](Oc2ccc(O)cc2)[C@H](O)[C@@H](O)[C@@H]1O,0
TOX21SRP53-02410,O=C(NCNC(=O)NC1C(=O)NC(=O)N1CO)NC1C(=O)NC(=O)N1CO,0
TOX21SRP53-02411,C=C(C)C(=O)OCC(CC)(COC(=O)C(=C)C)COC(=O)C(=C)C,0
TOX21SRP53-02412,O=P(Cl)(Oc1ccccc1)Oc1ccccc1,0
TOX21SRP53-02413,Oc1ccc(Cc2ccccc2O)cc1,0
TOX21SRP53-02414,CC[C@H](OC(C)=O)C(C[C@@H](C)NC)(c1ccccc1)c1ccccc1,0
TOX21SRP53-02415,CO[Si](CCCn1c(=O)n(CCC[Si](OC)(OC)OC)c(=O)n(CCC[Si](OC)(OC)OC)c1=O)(OC)OC,0
TOX21SRP53-02416,CCC(CO)CO,0
TOX21SRP53-02417,CC(CN)CC(C)(C)CCN,0
TOX21SRP53-02418,CC(C)(C)OC(=O)c1ccc(O)cc1,0
TOX21SRP53-02419,C=Cc1ccc(OC(C)=O)cc1,0
TOX21SRP53-02420,CC(C)CC(C)(N)C#N,0
TOX21SRP53-02421,CC(C)=CCN1CC[C@]2(C)c3cc(O)ccc3C[C@H]1[C@H]2C.O=C(O)CCC(=O)O,0
TOX21SRP53-02422,CC(=O)OC1(c2ccccc2)CCN(CCc2ccccc2)CC1,0
TOX21SRP53-02423,O=S(=O)([O-])c1ccc2cc(O)ccc2c1,0
TOX21SRP53-02424,CNC(=S)[S-],0
TOX21SRP53-02425,CC(C)COC(=O)CC(C(=O)OCC(C)C)S(=O)(=O)[O-],0
TOX21SRP53-02426,CC1(C)C(=O)N(Br)C(=O)N1Cl,0
TOX21SRP53-02427,CCCCCCCCCCCCCCCCCC(=O)OCC(O)CO,0
TOX21SRP53-02428,[SnH2+2],0
TOX21SRP53-02429,COCCO,0
TOX21SRP53-02430,C1=CCC([Ti+2]C2=CC=CC2)=C1,0
TOX21SRP53-02431,COC(=O)Cl,0
TOX21SRP53-02432,CC(=O)Oc1c(C)c(C)c2c(c1C)CC[C@@](C)(CCC[C@H](C)CCC[C@H](C)CCCC(C)C)O2,0
TOX21SRP53-02433,CC(=O)Nc1ccc(N)cc1,0
TOX21SRP53-02434,CC(=O)Nc1cccc(N)c1,0
TOX21SRP53-02435,Nc1cccc(N)c1,0
TOX21SRP53-02436,CCCCC1C(=O)N(c2ccccc2)N(c2ccccc2)C1=O,0
TOX21SRP53-02437,c1ccc(Nc2ccc3ccccc3c2)cc1,0
TOX21SRP53-02438,CC1=NN(c2ccccc2)C(=O)C1,0
TOX21SRP53-02439,N=C(N)NC(=O)c1nc(Cl)c(N)nc1N,1
TOX21SRP53-02440,Nc1ccc(N)cc1,0
TOX21SRP53-02441,CC1=CC[C@H]2C[C@@H]1C2(C)C,0
TOX21SRP53-02442,CCCCCCCCCCCCCCCCCCOCCO,0
TOX21SRP53-02443,CN1C(=O)c2ccccc2C1=O,0
TOX21SRP53-02444,CCCCCCCCCCCCCCCC,0
TOX21SRP53-02445,COC(=O)C(C)O,0
TOX21SRP53-02446,C1=CCC=C1,0
TOX21SRP53-02447,CCNc1nc(NC(C)C)nc(SC)n1,0
TOX21SRP53-02448,COC(=O)c1ccccc1S(=O)(=O)NC(=O)Nc1nc(C)nc(OC)n1,0
TOX21SRP53-02449,CCOC(=O)[C@H](CCc1ccccc1)N[C@@H](C)C(=O)N1CC2(C[C@H]1C(=O)O)SCCS2,0
TOX21SRP53-02450,CNC(=O)O/N=C/C(C)(C)S(C)(=O)=O,0
TOX21SRP53-02451,O=C1OC[C@H](Cc2cccc(O)c2)[C@H]1Cc1cccc(O)c1,0
TOX21SRP53-02452,CC(C)(C)c1ccc(N)cc1,0
TOX21SRP53-02453,CCCc1ccc(N)cc1,0
TOX21SRP53-02454,COc1cc(NS(C)(=O)=O)ccc1Nc1c2ccccc2nc2ccccc12,1
TOX21SRP53-02455,CCCCc1nc2cccnc2n1Cc1ccc(-c2ccccc2-c2nnn[n-]2)cc1,0
TOX21SRP53-02456,CCCCc1oc2ccccc2c1C(=O)c1cc(I)c(OCCN(CC)CC)c(I)c1,0
TOX21SRP53-02457,CN1CCc2cccc3c2[C@H]1Cc1ccc(O)c(O)c1-3.CN1CCc2cccc3c2[C@H]1Cc1ccc(O)c(O)c1-3,0
TOX21SRP53-02458,C=C1C[C@H]2[C@@H]3C=C(C)C4=CC(=O)CC[C@]4(C)[C@H]3CC[C@]2(C)[C@@]1(OC(C)=O)C(C)=O,0
TOX21SRP53-02459,CC(C)COC(=O)C=Cc1ccccc1,0
TOX21SRP53-02460,O=C(C=Cc1ccccc1)OCC=Cc1ccccc1,0
TOX21SRP53-02461,C=CC(Cl)CCl,0
TOX21SRP53-02462,Oc1ccccc1Cc1ccccc1O,0
TOX21SRP53-02463,CCC(=O)Nc1ccc(Cl)c(Cl)c1,0
TOX21SRP53-02464,NC12CC3CC(CC(C3)C1)C2,0
TOX21SRP53-02465,CCC(C)(c1ccc(O)cc1)c1ccc(O)cc1,1
TOX21SRP53-02466,CCc1cccc(C)c1N(C(=O)CCl)C(C)COC,0
TOX21SRP53-02467,Fc1ccccc1,0
TOX21SRP53-02468,CC(O)C1CCCCC1,0
TOX21SRP53-02469,CNC1(C)C2CCC(C2)C1(C)C,0
TOX21SRP53-02470,Cc1cccc(Nc2ccccc2C(=O)O)c1C,0
TOX21SRP53-02471,CNC[C@H](O)[C@@H](O)[C@H](O)[C@H](O)CO,0
TOX21SRP53-02472,C[N+](C)(C)CCCCCC[N+](C)(C)C,0
TOX21SRP53-02473,O=C(Cn1cnnn1)N[C@@H]1C(=O)N2C(C(=O)[O-])=C(CSc3nncs3)CS[C@H]12,0
TOX21SRP53-02474,COC(=O)C1(O)c2ccccc2-c2ccccc21,0
TOX21SRP53-02475,COc1ccc2c3c1O[C@H]1[C@H](O)CC[C@H]4[C@@H](C2)N(C)CC[C@@]341,0
TOX21SRP53-02476,CS(=O)(=O)c1cc(C(F)(F)F)ccc1C(=O)c1cnoc1C1CC1,0
TOX21SRP53-02477,Cc1c(C(=O)c2cnn(C)c2O)ccc(S(C)(=O)=O)c1C1=NOCC1,0
TOX21SRP53-02478,CC(C)(C)c1ccc(CCC=O)cc1,0
TOX21SRP53-02479,CCCCC(=O)OCC(=O)[C@H]1[C@H](C)C[C@H]2[C@@H]3C[C@H](F)C4=CC(=O)C=C[C@]4(C)[C@@]3(F)[C@@H](O)C[C@@]21C,0
TOX21SRP53-02480,NCCCC[C@H](NC(=O)[C@@H]1CCCN1C(=O)[C@@H]1CSSC[C@H](N)C(=O)N[C@@H](Cc2ccccc2)C(=O)N[C@@H](Cc2ccccc2)C(=O)N[C@@H](CCC(N)=O)C(=O)N[C@@H](CC(N)=O)C(=O)N1)C(=O)NCC(N)=O,0
TOX21SRP53-02481,C1CC(COCC2CO2)CCC1COCC1CO1,0
TOX21SRP53-02482,COC(=O)CCCCCCCCC(=O)OC,0
TOX21SRP53-02483,O=[Se]([O-])[O-],0
TOX21SRP53-02484,CCC(=O)O[C@](Cc1ccccc1)(c1ccccc1)[C@H](C)CN(C)C,0
TOX21SRP53-02485,COC(=O)CCCCCCCC(=O)OC,0
TOX21SRP53-02486,CCOC(=S)[S-],0
TOX21SRP53-02487,CCCCN(CCCC)C(=S)[S-],0
TOX21SRP53-02488,O=C(CCCN1CCC(C(=O)c2ccc(F)cc2)CC1)c1ccc(F)cc1,0
TOX21SRP53-02489,CC(C)(CO)[C@@H](O)C(=O)NCCCC(=O)[O-].CC(C)(CO)[C@@H](O)C(=O)NCCCC(=O)[O-],0
TOX21SRP53-02490,O=C(O)CCC/C=C\C[C@H]1[C@@H](O)C[C@@H](O)[C@@H]1/C=C/[C@@H](O)COc1cccc(C(F)(F)F)c1,0
TOX21SRP53-02491,COc1ccc(-c2cc(=S)ss2)cc1,0
TOX21SRP53-02492,O=C1CCC(=O)N1CO,0
TOX21SRP53-02493,NC(=O)[C@@H]1C[C@]2(NC(=O)NC2=O)c2cc(F)ccc2O1,0
TOX21SRP53-02494,CCCCCCCCCCCCCCCCBr,0
TOX21SRP53-02495,CC1=C(C=O)C(C)(C)CC=C1,0
TOX21SRP53-02496,CC[C@@]1(O)C[C@H](O[C@H]2C[C@H](N(C)C)[C@H](O[C@H]3C[C@H](O)[C@H](O[C@H]4CCC(=O)[C@H](C)O4)[C@H](C)O3)[C@H](C)O2)c2c(cc3c(c2O)C(=O)c2c(O)cccc2C3=O)[C@H]1C(=O)OC,1
TOX21SRP53-02497,CC(C)(C)C(=O)CC(=O)C(C)(C)C,0
TOX21SRP53-02498,CCCCC/C(=C/c1ccccc1)CO,0
TOX21SRP53-02499,CCCCCCCCCCCCCC[P+](CCCC)(CCCC)CCCC.CCCCCCCCCCCCc1ccccc1S(=O)(=O)[O-],1
TOX21SRP53-02500,O=[N+]([O-])c1ccc(CBr)cc1,0
TOX21SRP53-02501,CC(C)C[C@H](NC(=O)[C@H](Cc1ccccc1)NC(=O)c1cnccn1)B(O)O,1
TOX21SRP53-02502,CCN(CC)C(=O)C(C)Oc1cccc2ccccc12,0
TOX21SRP53-02503,Clc1cccc(C(Cl)(Cl)Cl)n1,0
TOX21SRP53-02504,CC(C)Cc1ccc([C@H](C)C(=O)O)cc1,0
TOX21SRP53-02505,CC(C)COC(=O)COc1ccc(Cl)cc1Cl,0
TOX21SRP53-02506,CCOC(=O)COc1ccc(Cl)cc1Cl,0
TOX21SRP53-02507,CCOC(=O)C=CC(=O)O,0
TOX21SRP53-02508,Oc1ccc(C2(c3ccc(O)cc3)c3ccccc3-c3ccccc32)cc1,1
TOX21SRP53-02509,N#CCNCC#N,0
TOX21SRP53-02510,Nc1cc2c3c(c1)C(c1ccccc1)=N[C@@H](NC(=O)c1cccnc1)C(=O)N3CC2,0
TOX21SRP53-02511,CSc1ccc(Oc2ccc(S(N)(=O)=O)cc2CN(C)C)cc1C,0
TOX21SRP53-02512,NCC1(Cc2noc(=O)[nH]2)CCCCC1,0
TOX21SRP53-02513,CC(C)c1nnc2ccc(-c3ocnc3-c3cc(F)ccc3F)cn12,0
TOX21SRP53-02514,O=C(O)Cn1c(=O)n(Cc2ccc(Br)cc2F)c(=O)c2ccc(Cl)cc21,0
TOX21SRP53-02515,CCOc1cccc([C@]2(N3CCN(c4ccccc4)CC3)CC[C@@H](C)CC2)c1,0
TOX21SRP53-02516,CC(=O)NCCCS(=O)(=O)[O-].CC(=O)NCCCS(=O)(=O)[O-],0
TOX21SRP53-02517,Cc1ccc(Br)cc1,0
TOX21SRP53-02518,OCCCCO,0
TOX21SRP53-02519,CCCC=NO,0
TOX21SRP53-02520,CC[S+](C)CC.O=S(=O)([N-]S(=O)(=O)C(F)(F)F)C(F)(F)F,0
TOX21SRP53-02521,CC(=O)OC(C)c1ccccc1,0
TOX21SRP53-02522,Cc1ccc(S(=O)(=O)[O-])c(C)c1,0
TOX21SRP53-02523,OCCCc1ccccc1,0
TOX21SRP53-02524,CCCCCCCCOC(=O)c1ccc(O)cc1,0
TOX21SRP53-02525,CN1CC[C@H](c2c(O)cc(O)c3c(=O)cc(-c4ccccc4Cl)oc23)[C@H](O)C1,0
TOX21SRP53-02526,Cn1cnc2ncnc(N)c21,0
TOX21SRP53-02527,NC(=O)n1c(O)c(C(=O)c2cccs2)c2cc(Cl)ccc21,1
TOX21SRP53-02528,NCCNCCNCCNCCN,0
TOX21SRP53-02529,COc1ccc(Br)c(C)c1,0
TOX21SRP53-02530,O=[N+]([O-])c1ccc(S(=O)(=O)O)c([N+](=O)[O-])c1,0
TOX21SRP53-02531,CCCCCC1=CCCC1=O,0
TOX21SRP53-02532,O=C1OC(=O)c2c(Cl)c(Cl)c(Cl)c(Cl)c21,0
TOX21SRP53-02533,O=C[O-],0
TOX21SRP53-02534,CN(C)c1ccc(N=O)cc1,1
TOX21SRP53-02535,CC(C)(C)OC(=O)c1cccc(N)c1,0
TOX21SRP53-02536,Cc1ccc2ccccc2c1C,0
TOX21SRP53-02537,Cc1ccc([N+](=O)[O-])cc1C,0
TOX21SRP53-02538,Cc1cccc([N+](=O)[O-])c1C,0
TOX21SRP53-02539,Cc1ccc([N+](=O)[O-])c(C)c1,0
TOX21SRP53-02540,Cc1cccc(C)c1[N+](=O)[O-],0
TOX21SRP53-02541,Cc1ccc(C)c([N+](=O)[O-])c1,0
TOX21SRP53-02542,Cc1cc(C)cc([N+](=O)[O-])c1,0
TOX21SRP53-02543,CCO[Si](CC)(OCC)OCC,0
TOX21SRP53-02544,CCOc1cc(OP(=S)(OC)OC)nc(CC)n1,0
TOX21SRP53-02545,COP(=S)(OC)Oc1ccc(S(=O)(=O)N(C)C)cc1,0
TOX21SRP53-02546,CCC=O,0
TOX21SRP53-02547,O=C(O)CC(=O)O,0
TOX21SRP53-02548,COC(=O)[C@@H]1[C@@H](O)CC[C@@H]2CN3CCc4c([nH]c5ccccc45)[C@@H]3C[C@@H]21,0
TOX21SRP53-02549,CC(=O)C(=O)O,0
TOX21SRP53-02550,CC(C)(O)[C@H]1[C@@H]2C(=O)O[C@H]1[C@H]1OC(=O)[C@@]34O[C@@H]3C[C@]2(O)[C@@]14C,0
TOX21SRP53-02551,CCCCCCCCCCCCCCC(=O)O,0
TOX21SRP53-02552,CO[C@]12C[C@@H](COC(=O)c3cncc(Br)c3)CN(C)[C@@H]1Cc1cn(C)c3cccc2c13,0
TOX21SRP53-02553,NCCCC[C@H](N[C@@H](CCc1ccccc1)C(=O)O)C(=O)N1CCC[C@H]1C(=O)O,0
TOX21SRP53-02554,CCCCC(=O)O,0
TOX21SRP53-02555,O=C(O)Cc1ccccc1,0
TOX21SRP53-02556,CO/N=C(\C(=O)N[C@@H]1C(=O)N2C(C(=O)O)=C(C[N+]3(C)CCCC3)CS[C@H]12)c1csc(N)n1,0
TOX21SRP53-02557,O=C(O)/C=C/c1c[nH]cn1,0
TOX21SRP53-02558,C[Si](Cn1cncn1)(c1ccc(F)cc1)c1ccc(F)cc1,0
TOX21SRP53-02559,NNC(=O)c1cccnc1,0
TOX21SRP53-02560,O=C(O)c1cccnc1,0
TOX21SRP53-02561,O=[N+]([O-])[O-].[Na+],0
TOX21SRP53-02562,O=C(O)CN(CC(=O)O)CC(=O)O,0
TOX21SRP53-02563,N#CCCC(Br)(C#N)CBr,0
TOX21SRP53-02564,CC(CCC(=O)O)(c1ccc(O)cc1)c1ccc(O)cc1,0
TOX21SRP53-02565,CC[C@H]1OC(=O)C[C@@H](O)[C@H](C)[C@@H](O[C@@H]2O[C@H](C)[C@@H](O[C@H]3C[C@@](C)(O)[C@@H](O)[C@H](C)O3)[C@H](N(C)C)[C@H]2O)[C@@H](CC=O)C[C@@H](C)C(=O)C=CC(C)=C[C@@H]1CO[C@@H]1O[C@H](C)[C@@H](O)[C@@H](OC)[C@H]1OC,0
TOX21SRP53-02566,O=C(O)c1cn(-c2ccc(F)cc2)c2cc(N3CCNCC3)c(F)cc2c1=O,0
TOX21SRP53-02567,O=C(NC(Cc1cc(=O)[nH]c2ccccc12)C(=O)O)c1ccc(Cl)cc1,0
TOX21SRP53-02568,Cc1ncc([N+](=O)[O-])n1CC(C)O,0
TOX21SRP53-02569,CCn1cc(C(=O)O)c(=O)c2cc(F)c(N3CCN(C)CC3)cc21,0
TOX21SRP53-02570,C[C@]12CC[C@H]3[C@@H](C=CC4=CC(=O)CC[C@@]43C)[C@@H]1CC[C@@]21CCC(=O)O1,0
TOX21SRP53-02571,CC(C)NCC(O)COc1cccc2[nH]ccc12,0
TOX21SRP53-02572,O=C(O)c1ccccc1C(=O)Nc1ccc(S(=O)(=O)Nc2nccs2)cc1,0
TOX21SRP53-02573,CNC(=O)Oc1ccc2c(c1)[C@]1(C)CCN(C)[C@@H]1N2C,0
TOX21SRP53-02574,CC(=O)O[C@H]1C[C@@H]2CC[C@@H]3[C@H](CC[C@@]4(C)[C@H]3C[C@H](N3CC[N+](C)(C)CC3)[C@@H]4OC(C)=O)[C@@]2(C)C[C@@H]1N1CC[N+](C)(C)CC1,0
TOX21SRP53-02575,CCn1cc(C(=O)O)c(=O)c2cnc(N3CCNCC3)nc21,0
TOX21SRP53-02576,C=Cc1cccc(CCl)c1,0
TOX21SRP53-02577,CCOP(=O)(OCC)SCCSCC,0
TOX21SRP53-02578,C=Cc1ccc(C(C)(C)C)cc1,0
TOX21SRP53-02579,CCCCN,0
TOX21SRP53-02580,CC(C)[C@H](C(=O)OC(C#N)c1cccc(Oc2ccccc2)c1)c1ccc(OC(F)F)cc1,0
TOX21SRP53-02581,CCNCC,0
TOX21SRP53-02582,O=c1c(-c2ccc(O)cc2)coc2cc(O)cc(O)c12,1
TOX21SRP53-02583,CCCCCCCCCC(=O)N(C)C,0
TOX21SRP53-02584,C=CC(=O)[O-].C=CC(=O)[O-].[Zn+2],0
TOX21SRP53-02585,Nc1nc2nc[nH]c2c(=S)[nH]1,1
TOX21SRP53-02586,CS(=O)(=O)c1ccc([C@@H](O)[C@@H](COC(=O)CN)NC(=O)C(Cl)Cl)cc1,0
TOX21SRP53-02587,CC1(C)C2=CCCC(C)(C)[C@]23CC[C@H]1C3,0
TOX21SRP53-02588,CC(CCO)CCCC(C)(C)O,0
TOX21SRP53-02589,Nc1nc2c(ncn2COC(CO)CO)c(=O)[nH]1,0
TOX21SRP53-02590,Cc1cc(N)n(-c2ccccc2)n1,0
TOX21SRP53-02591,C=C(C)C(=O)OCCOCCOCCOCCOC(=O)C(=C)C,0
TOX21SRP53-02592,Nc1ccc(S(=O)(=O)Nc2ccccn2)cc1,0
TOX21SRP53-02593,Cc1cc(NS(=O)(=O)c2ccc(N)cc2)no1,0
TOX21SRP53-02594,COc1ccc2c(c1)c1c3n2CCN(C)C3=NCC1,0
TOX21SRP53-02595,CCN(CC)c1ccc(C(=C2C=CC(=[N+](CC)CC)C=C2)c2ccc(S(=O)(=O)[O-])cc2S(=O)(=O)[O-])cc1,0
TOX21SRP53-02596,CCCCOC(=O)c1ccc(O)cc1,0
TOX21SRP53-02597,CCC(C)c1cc([N+](=O)[O-])cc([N+](=O)[O-])c1O,0
TOX21SRP53-02598,CCCCCl,0
TOX21SRP53-02599,CCCCOC(=O)c1ccccc1C(=O)OCc1ccccc1,0
TOX21SRP53-02600,CCC[C@@H]1O[C@@H]2C[C@H]3[C@@H]4CCC5=CC(=O)C=C[C@]5(C)[C@H]4[C@@H](O)C[C@]3(C)[C@]2(C(=O)CO)O1,0
TOX21SRP53-02601,OCCBr,0
TOX21SRP53-02602,O=C([O-])CCCOc1ccc(Cl)cc1Cl,0
TOX21SRP53-02603,CCCCCC[n+]1ccccc1.F[B-](F)(F)F,0
TOX21SRP53-02604,Clc1nnc(Cl)c2ccccc12,0
TOX21SRP53-02605,CC(C)CCCO,0
TOX21SRP53-02606,CC/C=C/CCCCCCCCCCOC(C)=O,0
TOX21SRP53-02607,C/C=C/C/C=C\CCCCCCCCOC(C)=O,0
TOX21SRP53-02608,C/C=C/C=C/CCCCCCCO,0
TOX21SRP53-02609,O=[N+]([O-])/C=C/c1ccccc1,1
TOX21SRP53-02610,COC(=O)c1c(C(F)F)nc(C(F)(F)F)c(C2=NCCS2)c1CC(C)C,0
TOX21SRP53-02611,CCCCn1cc[n+](C)c1,0
TOX21SRP53-02612,CCCCCCI,0
TOX21SRP53-02613,Cc1cccc2c1cc1ccc3cccc4ccc2c1c34,1
TOX21SRP53-02614,CCCCCCCCCCCCCCCBr,0
TOX21SRP53-02615,CCOP(=S)(Oc1cnc(C(C)(C)C)nc1)OC(C)C,0
TOX21SRP53-02616,CCOC(=O)CS,1
TOX21SRP53-02617,CCCCCC[n+]1ccccc1.O=S(=O)([O-])C(F)(F)F,0
TOX21SRP53-02618,CCCOC(=O)C(C)O,0
TOX21SRP53-02619,CC(O)CN(CCN(CC(C)O)CC(C)O)CC(C)O,0
TOX21SRP53-02620,CCCCCCC(C=O)=Cc1ccccc1,0
TOX21SRP53-02621,c1ccc(-c2ccc(-c3ccccc3)cc2)cc1,0
TOX21SRP53-02622,OC(CCCN1CCCCC1)(c1ccccc1)c1ccccc1,0
TOX21SRP53-02623,CC(C)(C#N)/N=N/C(C)(C)C#N,0
TOX21SRP53-02624,CCCCC(CC)COC(=O)c1c(Br)c(Br)c(Br)c(Br)c1C(=O)OCC(CC)CCCC,0
TOX21SRP53-02625,CCC(C)(C)c1cc(-n2nc3ccccc3n2)c(O)c(C(C)(C)CC)c1,0
TOX21SRP53-02626,CC/C=C\C#N,0
TOX21SRP53-02627,CC(C)S,0
TOX21SRP53-02628,CC(C)OCC1CO1,0
TOX21SRP53-02629,CC(C)OC(=O)Cc1ccccc1,0
TOX21SRP53-02630,COP(=S)(OC)Oc1cc(Cl)c(Cl)cc1Cl,0
TOX21SRP53-02631,CC(C)Nc1ccc(Nc2ccccc2)cc1,1
TOX21SRP53-02632,Fc1ccc(Oc2ccnc3cc(Cl)cc(Cl)c23)cc1,1
TOX21SRP53-02633,COP(OC)OC,0
TOX21SRP53-02634,Cc1ccc([N+](=O)[O-])cc1S(=O)(=O)O,0
TOX21SRP53-02635,CC(C)(C)CC(C)(C)c1ccc(OCCO)cc1,0
TOX21SRP53-02636,OCCO[C@H]1[C@@H](O)O[C@H](CO)[C@@H](O)[C@@H]1O,0
TOX21SRP53-02637,CCCCCCCCC1CO1,0
TOX21SRP53-02638,CNC(=O)[C@H](Cc1c[nH]c2ccccc12)NC(=O)[C@@H](CC(=O)NO)CC(C)C,0
TOX21SRP53-02639,C[Se]CC[C@H](N)C(=O)O,0
TOX21SRP53-02640,O=C(O[C@@H]1C[C@@H]2C[C@@H]3C[C@H](C1)N2CC3=O)c1c[nH]c2ccccc12,0
TOX21SRP53-02641,O[C@@H]1[C@H](O)CN2CCC[C@@H](O)[C@H]12,0
TOX21SRP53-02642,C=CC[C@@H]1C=C(C)C[C@H](C)C[C@H](OC)[C@H]2O[C@@](O)(C(=O)C(=O)N3CCCC[C@H]3C(=O)O[C@H](/C(C)=C/[C@@H]3CC[C@@H](O)[C@H](OC)C3)[C@H](C)[C@@H](O)CC1=O)[C@H](C)C[C@@H]2OC,0
TOX21SRP53-02643,Nc1ncnc2c1ncn2[C@@H]1O[C@H](COP(=O)(O)O)[C@@H](O)[C@H]1O,0
TOX21SRP53-02644,CCOC(=O)N(C)C(=O)CSP(=S)(OCC)OCC,0
TOX21SRP53-02645,CC/C=C\CC/C=C/CO,0
TOX21SRP53-02646,C=C(C)CCC[C@H](C)CCO,0
TOX21SRP53-02647,CCCCCCCCC1CCC(=O)O1,0
TOX21SRP53-02648,C=CC(C)(CCC=C(C)C)OC(=O)c1ccccc1,0
TOX21SRP53-02649,CC1CCc2nccnc21,0
TOX21SRP53-02650,CCCCCCCCCCCCCCC1CO1,0
TOX21SRP53-02651,CC1CCC(C(C)(C)S)C(=O)C1,0
TOX21SRP53-02652,CCCC(C)C(=O)OCC,0
TOX21SRP53-02653,CCCc1ccc(O)c(OC)c1,0
TOX21SRP53-02654,CN(C)C(=S)SC(=S)N(C)C,0
TOX21SRP53-02655,CN(C)C(=S)SSC(=S)N(C)C,0
TOX21SRP53-02656,OC[P+](CO)(CO)CO.OC[P+](CO)(CO)CO,0
TOX21SRP53-02657,OC[P+](CO)(CO)CO,0
TOX21SRP53-02658,c1ccc2[nH]c(-c3cscn3)nc2c1,0
TOX21SRP53-02659,Cn1c(=O)c2[nH]cnc2n(C)c1=O,0
TOX21SRP53-02660,O=[N+]([O-])C([N+](=O)[O-])([N+](=O)[O-])[N+](=O)[O-],0
TOX21SRP53-02661,S=P(N1CC1)(N1CC1)N1CC1,1
TOX21SRP53-02662,CS(=O)(=O)c1ccc([C@@H](O)[C@@H](CO)NC(=O)C(Cl)Cl)cc1,0
TOX21SRP53-02663,Cc1ccc(S(N)(=O)=O)cc1,0
TOX21SRP53-02664,CON(C)C(=O)Nc1ccc(Cl)cc1,0
TOX21SRP53-02665,O=C(O)c1cc(C(=O)O)cc(C(=O)O)c1,0
TOX21SRP53-02666,COP(=O)(OC)Oc1ccc([N+](=O)[O-])cc1,0
TOX21SRP53-02667,CNC(=O)N(C)c1nc2ccccc2s1,0
TOX21SRP53-02668,O=C(O)c1cccc(C(=O)O)c1,0
TOX21SRP53-02669,O=C(O)c1ccccc1C(=O)O,0
TOX21SRP53-02670,O=C(O)c1ccc(C(=O)O)c(C(=O)O)c1,0
TOX21SRP53-02671,O=C(O)c1cccc(C(=O)O)c1C(=O)O,0
TOX21SRP53-02672,CC(C)OC(=O)c1cc(C(=O)OC(C)C)cc([N+](=O)[O-])c1,0
TOX21SRP53-02673,CC1CCCO1,0
TOX21SRP53-02674,O=C(O)c1ccc(S(=O)(=O)O)cc1C(=O)O,0
TOX21SRP53-02675,Nn1cnnc1,0
TOX21SRP53-02676,O=C1O[C@H]([C@H](O)CO)C(O)=C1O,0
TOX21SRP53-02677,COc1ccnc(CS(=O)c2nc3cc(OC(F)F)ccc3[n-]2)c1OC,0
TOX21SRP53-02678,CCCCc1ncc(/C=C(\Cc2cccs2)C(=O)O)n1Cc1ccc(C(=O)O)cc1,0
TOX21SRP53-02679,CC(C)[C@H](N)C(=O)OCCOCn1cnc2c(=O)[nH]c(N)nc21,0
TOX21SRP53-02680,CNC(=O)Oc1cc(C)cc(C(C)C)c1,0
TOX21SRP53-02681,Cc1ccsc1C(=CCCN1CCC[C@@H](C(=O)O)C1)c1sccc1C,0
TOX21SRP53-02682,COc1cc(C)nc(-n2nc(C)cc2OC)n1,0
TOX21SRP53-02683,CCN(CC)CC#CCOC(=O)C(O)(c1ccccc1)C1CCCCC1,0
TOX21SRP53-02684,OC(CCN1CCCC1)(c1ccccc1)C1CCCCC1,0
TOX21SRP53-02685,CC(=O)Oc1ccc(C(c2ccc(OC(C)=O)cc2)c2ccccn2)cc1,1
TOX21SRP53-02686,Cc1cc2c(OCC(CNC(C)(C)C)OC(=O)c3ccccc3)cccc2[nH]1,0
TOX21SRP53-02687,CC[N+](C)(C)Cc1ccccc1Br,0
TOX21SRP53-02688,CSC(=O)c1cccc2nnsc12,0
TOX21SRP53-02689,CCCCC1CCC(O)CC1,0
TOX21SRP53-02690,CCC(=O)c1ccc(Cl)cc1,0
TOX21SRP53-02691,Cc1cc(C)c(C(=O)O)c(C)c1,0
TOX21SRP53-02692,CCCCOc1ccc(N)cc1,0
TOX21SRP53-02693,CC(C)C(=O)c1ccccc1,0
TOX21SRP53-02694,O=C(c1ccccc1)C1CCC1,0
TOX21SRP53-02695,CC(C)(C)c1ccc(S)cc1,0
TOX21SRP53-02696,CCCCCCOc1ccc(O)cc1,1
TOX21SRP53-02697,CCCC1CCC(=O)CC1,0
TOX21SRP53-02698,CCCC(CC)CCCCCCCN,0
TOX21SRP53-02699,CC(=O)OC[C@H]1O[C@@H](O)[C@H](OC(=O)c2ccccc2C(=O)O)[C@@H](O)[C@@H]1O[C@@H]1O[C@H](COC(C)=O)[C@@H](O)[C@H](OC(=O)c2ccccc2C(=O)O)[C@H]1O,0
TOX21SRP53-02700,C=C(C)C(=O)OCC,0
TOX21SRP53-02701,CCOS(C)(=O)=O,0
TOX21SRP53-02702,CC=C1CC2C=CC1C2,0
TOX21SRP53-02703,COP(=O)(O)OP(=O)(O)OC,0
TOX21SRP53-02704,CCCCC(CC)COCCCN,0
TOX21SRP53-02705,CCCCC(CC)COC(=O)C=Cc1ccc(OC)cc1,0
TOX21SRP53-02706,CCCCC(CC)COCCC#N,0
TOX21SRP53-02707,CCCCC(CC)COP(=O)(Oc1ccccc1)Oc1ccccc1,0
TOX21SRP53-02708,Oc1ccc(CCNCCCCCCNCCc2ccccc2)cc1O,0
TOX21SRP53-02709,CCCCc1nc(Cl)c(CO)n1Cc1ccc(-c2ccccc2-c2nnn[nH]2)cc1,0
TOX21SRP53-02710,O=C1Nc2ccc(Cl)cc2C(c2ccccc2Cl)=NC1O,0
TOX21SRP53-02711,CCOC(=O)N1CCC(=C2c3ccc(Cl)cc3CCc3cccnc32)CC1,1
TOX21SRP53-02712,COc1cc(OC)nc(Sc2cccc(Cl)c2C(=O)[O-])n1,0
TOX21SRP53-02713,CCCSP(=S)(OCC)Oc1ccc(SC)cc1,0
TOX21SRP53-02714,Cc1cnc(C2=NC(=O)C(C)(C(C)C)N2)c(C(=O)O)c1,0
TOX21SRP53-02715,Cc1cc(Cl)ccc1OCC(=O)[O-],0
TOX21SRP53-02716,O=C(CS)Nc1ccccc1,1
TOX21SRP53-02717,COc1ccc(CCN(C)CCCC(C#N)(c2ccc(OC)c(OC)c2)C(C)C)cc1OC,0
TOX21SRP53-02718,C[Si](C)(C)O[Si](C)(C)C,0
TOX21SRP53-02719,C=C(C)CC(C)(C)C,0
TOX21SRP53-02720,CC(C)=CC(C)(C)C,0
TOX21SRP53-02721,CC(=O)OCC1=C(C(=O)O)N2C(=O)[C@@H](NC(=O)Cc3ccccc3)[C@H]2SC1,0
TOX21SRP53-02722,COc1cc(C(=S)N2CCOCC2)ccc1O,0
TOX21SRP53-02723,Cn1c(=N)[nH]c2[nH]cnc2c1=O,0
TOX21SRP53-02724,O=C(O)c1ccc(NC2OC[C@@H](O)[C@H](O)[C@H]2O)cc1,0
TOX21SRP53-02725,O=C(O)COc1ccc(CCNS(=O)(=O)c2ccccc2)s1,0
TOX21SRP53-02726,COc1cc2[nH]c(=O)[nH]c(=O)c2cc1OC,0
TOX21SRP53-02727,C[C@H]1[C@@H](c2ccccc2)N=C(O)N1C,0
TOX21SRP53-02728,CCOC(=O)CC(=O)c1cc(F)c(Cl)nc1Cl,0
TOX21SRP53-02729,CCC(C=O)CC,0
TOX21SRP53-02730,CC(=O)NC(=O)c1ccccc1O,0
TOX21SRP53-02731,CCCCN1CCCC1C(=O)Nc1c(C)cc(C)cc1C,0
TOX21SRP53-02732,BrCC(Br)C1CCC(Br)C(Br)C1,0
TOX21SRP53-02733,CNc1cnn(-c2cccc(C(F)(F)F)c2)c(=O)c1Cl,0
TOX21SRP53-02734,Brc1cc(Oc2cc(Br)c(Br)c(Br)c2Br)c(Br)c(Br)c1Br,0
TOX21SRP53-02735,OCC(Br)=C(Br)CO,0
TOX21SRP53-02736,BrC/C=C/CBr,0
TOX21SRP53-02737,N#CC(Br)Br,0
TOX21SRP53-02738,CC(C)Oc1cc(-n2nc(C(C)(C)C)oc2=O)c(Cl)cc1Cl,0
TOX21SRP53-02739,CCCCCCCCCCCCCCCCCC[N+](C)(C)CCC[Si](OC)(OC)OC,0
TOX21SRP53-02740,C=C(C#N)CCC#N,0
TOX21SRP53-02741,BrCc1cccc(Oc2ccccc2)c1,0
TOX21SRP53-02742,CC1(C)Cc2cccc(O)c2O1,0
TOX21SRP53-02743,SC1CCCCC1,0
TOX21SRP53-02744,CCCCOCCOCCOCCOCCO,0
TOX21SRP53-02745,O=S(=O)([O-])CCO,0
TOX21SRP53-02746,Cc1ccc(OC(=O)c2ccccc2O)cc1,0
TOX21SRP53-02747,C=CCOCC(O)CS(=O)(=O)[O-],0
TOX21SRP53-02748,N[C@@H](Cc1cc(I)c(Oc2ccc(O)c(I)c2)c(I)c1)C(=O)[O-],0
TOX21SRP53-02749,COc1ccc(C)cc1N,0
TOX21SRP53-02750,CC[Hg]Sc1ccccc1C(=O)[O-],1
TOX21SRP53-02751,C=C(C)C(=O)O,0
TOX21SRP53-02752,CC(C/N=C/c1ccccc1O)/N=C/c1ccccc1O,0
TOX21SRP53-02753,CN1CCC(CN2c3ccccc3Sc3ccccc32)C1,0
TOX21SRP53-02754,CC1(C)[C@H](C=C(Cl)Cl)[C@@H]1C(=O)O[C@@H](C#N)c1cccc(Oc2ccccc2)c1,0
TOX21SRP53-02755,O=C(O)c1cc(Br)c(O)c(Br)c1,0
TOX21SRP53-02756,CCCCC(CC)COC(=O)c1ccccc1,0
TOX21SRP53-02757,COC(=O)c1c(C)cc(O)c(C)c1O,0
TOX21SRP53-02758,CCCCCC1CCCC(=O)O1,0
TOX21SRP53-02759,N#Cc1ccc(C(=O)O)cc1,0
TOX21SRP53-02760,NCCc1cc[nH]n1,0
TOX21SRP53-02761,O=C(O)c1cn(C2CC2)c2cc(N3CCNCC3)c(F)cc2c1=O,0
TOX21SRP53-02762,CN1CCC[C@@H]1CCO[C@](C)(c1ccccc1)c1ccc(Cl)cc1,0
TOX21SRP53-02763,Cc1c(-c2ccccc2)oc2c(C(=O)OCCN3CCCCC3)cccc2c1=O,0
TOX21SRP53-02764,COc1cc(N)c(Cl)cc1C(=O)NC1CCN(Cc2ccccc2)CC1,0
TOX21SRP53-02765,CCOC(=O)Nc1ccc2c(c1)N(C(=O)CCN1CCOCC1)c1ccccc1S2,0
TOX21SRP53-02766,N[C@@H]1C[C@H]1c1ccccc1,0
TOX21SRP53-02767,CNC(C)(C)Cc1ccccc1.CNC(C)(C)Cc1ccccc1,0
TOX21SRP53-02768,CC(=O)c1ccc2c(c1)N(CCCN(C)C)c1ccccc1S2,0
TOX21SRP53-02769,NS(=O)(=O)C(F)(F)C(F)(F)C(F)(F)C(F)(F)C(F)(F)C(F)(F)C(F)(F)C(F)(F)F,1
TOX21SRP53-02770,CCC(C)c1cc(C(C)(C)C)c(O)c(C(C)(C)C)c1,0
TOX21SRP53-02771,C=CC(C)CCCC(C)(C)O,0
TOX21SRP53-02772,Cc1cccc(C#N)c1,0
TOX21SRP53-02773,CC(C)(C)CC(C)(C)c1ccc(Nc2ccc(C(C)(C)CC(C)(C)C)cc2)cc1,0
TOX21SRP53-02774,Cc1ccccc1N,0
TOX21SRP53-02775,NCc1cccc(CN)c1,0
TOX21SRP53-02776,COC(=O)CCC(=O)OC,0
TOX21SRP53-02777,COP(=O)(O)OC,0
TOX21SRP53-02778,CNC(=O)NC,0
TOX21SRP53-02779,Cl[Dy](Cl)Cl,0
TOX21SRP53-02780,CC1CCc2cc(F)cc3c(=O)c(C(=O)O)cn1c23,0
TOX21SRP53-02781,O=C(O)CCNC(=O)c1ccccc1,0
TOX21SRP53-02782,OCC(O)CN1CCN(c2ccccc2)CC1,0
TOX21SRP53-02783,CCCOc1ccc2[nH]c(NC(=O)OC)nc2c1,1
TOX21SRP53-02784,CCC[C@@H]1C[C@@H](C(=O)N[C@H]([C@H](C)Cl)[C@H]2O[C@H](SC)[C@H](O)[C@@H](O)[C@H]2O)N(C)C1,0
TOX21SRP53-02785,O=c1cc(CO)occ1O,0
TOX21SRP53-02786,Nc1nc(N)nc(-c2cc(Cl)ccc2Cl)n1,0
TOX21SRP53-02787,NC(=S)Nc1cccc2ccccc12,0
TOX21SRP53-02788,c1ccc2cc(Nc3ccc(Nc4ccc5ccccc5c4)cc3)ccc2c1,0
TOX21SRP53-02789,c1ccc2ccccc2c1,0
TOX21SRP53-02790,CCn1cc(C(=O)O)c(=O)c2ccc(C)nc21,0
TOX21SRP53-02791,CC(C)(Oc1ccc(C2CCCc3ccccc32)cc1)C(=O)O,0
TOX21SRP53-02792,CS(=O)(=O)OCCCCOS(C)(=O)=O,0
TOX21SRP53-02793,NCCNc1cccc2ccccc12,1
TOX21SRP53-02794,Nc1cccc2c(N)cccc12,0
TOX21SRP53-02795,O=C(O)Cc1cccc2ccccc12,0
TOX21SRP53-02796,NC(=O)Cc1cccc2ccccc12,0
TOX21SRP53-02797,CCOC(=O)C1=C[C@@H](OC(CC)CC)[C@H](NC(C)=O)[C@@H](N)C1,0
TOX21SRP53-02798,CCCSSCCC,0
TOX21SRP53-02799,C=Cc1c(C)c2cc3nc(c(CC(=O)[O-])c4[n-]c(cc5nc(cc1[n-]2)c(C)c5CC)c(C)c4C(=O)[O-])C(CCC(=O)[O-])C3C.[Cu+2],0
TOX21SRP53-02800,CCC1(c2cccc(O)c2)CCCCN(C)C1,0
TOX21SRP53-02801,CC(C)C[C@H](CN)CC(=O)O,0
TOX21SRP53-02802,CCC(=O)NCCC1CCc2ccc3c(c21)CCO3,0
TOX21SRP53-02803,NC[C@H]1O[C@H](O[C@@H]2[C@@H](N)C[C@@H](N)C(O)[C@H]2O[C@@H]2O[C@H](CO)[C@@H](O)[C@H]2O)[C@H](N)[C@@H](O)[C@@H]1O,0
TOX21SRP53-02804,CCc1c2c(nc3ccc(OC(=O)N4CCC(N5CCCCC5)CC4)cc13)-c1cc3c(c(=O)n1C2)COC(=O)[C@]3(O)CC,1
TOX21SRP53-02805,O=C(CCCCCCCCCCCCC1CCCC1)Nc1ccc(S(=O)(=O)c2ccc(NC(=O)CCCCCCCCCCCCC3CCCC3)cc2)cc1,0
TOX21SRP53-02806,Nc1cc(C(Cl)=C(Cl)Cl)c(S(N)(=O)=O)cc1S(N)(=O)=O,0
TOX21SRP53-02807,CC(=O)Oc1ccc(C2(c3ccc(OC(C)=O)cc3)C(=O)Nc3ccccc32)cc1,1
TOX21SRP53-02808,CC(=O)O[C@H]1C[C@@H]2CC[C@@H]3[C@H](CC[C@@]4(C)[C@H]3C[C@H]([N+]3(C)CCCCC3)[C@@H]4OC(C)=O)[C@@]2(C)C[C@@H]1[N+]1(C)CCCCC1,0
TOX21SRP53-02809,COc1ccnc(CS(=O)c2nc3cc(OC(F)F)ccc3[nH]2)c1OC,0
TOX21SRP53-02810,CC1(C)NC(=O)NC1=O,0
TOX21SRP53-02811,CC1OC(C)OC(C)O1,0
TOX21SRP53-02812,CCN(CC)CCCC(C)Nc1ccnc2cc(Cl)ccc12,0
TOX21SRP53-02813,NCCCN(CCO)CCO,0
TOX21SRP53-02814,Nc1ccccn1,0
TOX21SRP53-02815,CCOc1ccc(OCC)c(Cl)c1,0
TOX21SRP53-02816,O=C([O-])C1=NN(c2ccc(S(=O)(=O)O)cc2)C(=O)C1,0
TOX21SRP53-02817,N#CC(Cl)(Cl)Cl,0
TOX21SRP53-02818,NC(=O)C(Cl)(Cl)Cl,0
TOX21SRP53-02819,Nc1nc(-c2ccccc2)cs1,0
TOX21SRP53-02820,CC(=O)C(Cl)(Cl)Cl,0
TOX21SRP53-02821,C(=C(c1ccccc1)c1ccccc1)c1ccccc1,0
TOX21SRP53-02822,CCOCCOC(C)=O,0
TOX21SRP53-02823,CCCCCCBr,0
TOX21SRP53-02824,C[C@@H]1O[C@@H](OC[C@H]2O[C@@H](Oc3c(-c4ccc(O)c(O)c4)oc4cc(O)cc(O)c4c3=O)[C@H](O)[C@@H](O)[C@@H]2O)[C@H](O)[C@H](O)[C@H]1O,0
TOX21SRP53-02825,CCNCCO,0
TOX21SRP53-02826,C1CCCCC1,0
TOX21SRP53-02827,Nc1cc(S(=O)(=O)O)ccc1O,0
TOX21SRP53-02828,c1ccncc1,0
TOX21SRP53-02829,C1OCOCO1,0
TOX21SRP53-02830,O=S(=O)([O-])c1ccc(Nc2nc(Nc3ccc(/C=C/c4ccc(Nc5nc(Nc6ccc(S(=O)(=O)[O-])cc6)nc(N(CCO)CCO)n5)cc4S(=O)(=O)[O-])c(S(=O)(=O)[O-])c3)nc(N(CCO)CCO)n2)cc1,1
TOX21SRP53-02831,FB(F)F,0
TOX21SRP53-02832,CCCCOCCCC,0
TOX21SRP53-02833,O=C1c2ccccc2C(=O)c2cc(S(=O)(=O)[O-])ccc21,0
TOX21SRP53-02834,CC(=O)Oc1ccc(C(C)=O)cc1,0
TOX21SRP53-02835,CC(C)c1ccc2c(C(C)C)cc(C(C)C)c(S(=O)(=O)[O-])c2c1,0
TOX21SRP53-02836,CCCCC(CC)CNCC(CC)CCCC,0
TOX21SRP53-02837,CCCCn1cc[n+](C)c1C,0
TOX21SRP53-02838,CN(C)N=O,0
TOX21SRP53-02839,CCN(CC)N=O,0
TOX21SRP53-02840,CCC(Cl)CCC(Cl)C(Cl)CC(Cl)C(Cl)C(Cl)CCl,0
TOX21SRP53-02841,O=C(O)C1C(C(=O)O)C2(Cl)C(Cl)=C(Cl)C1(Cl)C2(Cl)Cl,0
TOX21SRP53-02842,OC(O)C(Cl)(Cl)Cl,0
TOX21SRP53-02843,C[C@H](CCC(=O)O)[C@H]1CC[C@H]2[C@H]3[C@H](CC[C@@]21C)[C@@]1(C)CC[C@@H](O)C[C@H]1C[C@H]3O,0
TOX21SRP53-02844,O=C(O)CCCc1ccc(N(CCCl)CCCl)cc1,1
TOX21SRP53-02845,Nc1cc(Cl)cc(C(=O)O)c1Cl,0
TOX21SRP53-02846,O=C(N[C@H](CO)[C@H](O)c1ccc([N+](=O)[O-])cc1)C(Cl)Cl,0
TOX21SRP53-02847,O=C1C(Cl)=C(Cl)C(=O)C(Cl)=C1Cl,1
TOX21SRP53-02848,CCCCCCn1cc[n+](C)c1.F[B-](F)(F)F,0
TOX21SRP53-02849,CCCn1cc[n+](C)c1.F[B-](F)(F)F,0
TOX21SRP53-02850,CCCn1cc[n+](C)c1C,0
TOX21SRP53-02851,c1ccc2cc3c4ccccc4c4ccccc4c3cc2c1,0
TOX21SRP53-02852,CCCC[P+](CC)(CCCC)CCCC.CCOP(=O)([O-])OCC,0
TOX21SRP53-02853,CCC(C)(CCCC(C)C)OC(C)=O,0
TOX21SRP53-02854,CC/C=C\CCOC(C)=O,0
TOX21SRP53-02855,CC(C)=C1CC[C@@H](C)CC1=O,0
TOX21SRP53-02856,CC/C=C1/OC(=O)c2ccccc21,0
TOX21SRP53-02857,Cc1ccccc1C(=O)O,0
TOX21SRP53-02858,CN1CCN(c2cc3c(cc2F)c(=O)c(C(=O)O)cn3-c2ccc(F)cc2)CC1,0
TOX21SRP53-02859,N=C(N)NCCC[C@H](NC(=O)[C@@H]1CCCN1C(=O)[C@@H]1CSSC[C@H](N)C(=O)N[C@@H](Cc2ccc(O)cc2)C(=O)N[C@@H](Cc2ccccc2)C(=O)N[C@@H](CCC(N)=O)C(=O)N[C@@H](CC(N)=O)C(=O)N1)C(=O)NCC(N)=O,0
TOX21SRP53-02860,CCN1C(=CC=Cc2sc3ccccc3[n+]2CC)Sc2ccccc21,1
TOX21SRP53-02861,CC(C)=CCC/C(C)=C/C=C\C(C)=C\C=C\C(C)=C\C=C/C=C(C)/C=C/C=C(C)/C=C\C=C(/C)CCC=C(C)C,0
TOX21SRP53-02862,O=C1c2ccccc2C(=O)N1CO,0
TOX21SRP53-02863,O=c1[nH]c2ccccc2c(=O)o1,0
TOX21SRP53-02864,O=C(O)c1ccc2cc(O)ccc2c1,0
TOX21SRP53-02865,CCn1cc(C(=O)O)c(=O)c2cnc(N3CCCC3)nc21,0
TOX21SRP53-02866,Cc1ccc(C#N)cc1,0
TOX21SRP53-02867,Oc1ccc(Cc2ccccc2)cc1,0
TOX21SRP53-02868,CCC(O)C(C)(C)C,0
TOX21SRP53-02869,CCC(C)(C)C(=O)O,0
TOX21SRP53-02870,Cc1cc(O)c2c3c4c(cc(O)c13)C(C)(C)C(=O)c1c(O)cc(O)c(c1-4)C2=O,1
TOX21SRP53-02871,CC1CN(c2ccccc2)NC1=O,0
TOX21SRP53-02872,CCN1CCCC1=O,0
TOX21SRP53-02873,O=S(=O)([O-])c1cc(O)ccc1O,0
TOX21SRP53-02874,ClC(Cl)=C(Cl)Cl,0
TOX21SRP53-02875,ClC(Cl)C(Cl)Cl,0
TOX21SRP53-02876,Clc1cc2c(cc1Cl)Oc1cc(Cl)c(Cl)cc1O2,0
TOX21SRP53-02877,Nc1cc(Cl)c(-c2cc(Cl)c(N)cc2Cl)cc1Cl,1
TOX21SRP53-02878,ClCC(Cl)(Cl)Cl,0
TOX21SRP53-02879,O=S(=O)(c1ccc(Cl)cc1)c1cc(Cl)c(Cl)cc1Cl,1
TOX21SRP53-02880,O=C=NCCCCCCN=C=O,0
TOX21SRP53-02881,Nc1ccc(-c2ccc(N)c(N)c2)cc1N,0
TOX21SRP53-02882,OCC1CCCO1,0
TOX21SRP53-02883,O=C(OC(=O)c1ccccc1)c1ccccc1,0
TOX21SRP53-02884,Oc1ccc(-c2ccc(O)cc2)cc1,1
TOX21SRP53-02885,CCOC(=O)C(C)O,0
TOX21SRP53-02886,Cc1cc(C)c(C)cc1C,0
TOX21SRP53-02887,CN(C)C(=O)Nc1ccccc1,0
TOX21SRP53-02888,Nc1nc(N)nc(Cl)n1,0
TOX21SRP53-02889,O=[N+]([O-])c1ccc(Oc2ccc(C(F)(F)F)cc2[N+](=O)[O-])cc1,0
TOX21SRP53-02890,Nc1ccc(O)cc1,1
TOX21SRP53-02891,CC(C)(c1cc(Br)c(OCCO)c(Br)c1)c1cc(Br)c(OCCO)c(Br)c1,1
TOX21SRP53-02892,Nc1nc2ccc([N+](=O)[O-])cc2s1,0
TOX21SRP53-02893,Nc1cccc(O)c1,0
TOX21SRP53-02894,CC(C)(C)C1=CC(=O)C=C(C(C)(C)C)C1=O,0
TOX21SRP53-02895,COC(=O)c1cc(Cl)ccc1[N+](=O)[O-],0
TOX21SRP53-02896,CCC1(CO)COCOC1,0
TOX21SRP53-02897,Clc1ccc(Nc2nnc(Cc3ccncc3)c3ccccc23)cc1,0
TOX21SRP53-02898,COc1ccc(C[C@@H](C)NC[C@H](O)c2ccc(O)c(NC=O)c2)cc1.COc1ccc(C[C@@H](C)NC[C@H](O)c2ccc(O)c(NC=O)c2)cc1,0
TOX21SRP53-02899,C=CC(=O)OCC1CC2CC1C1CCC(COC(=O)C=C)C21,1
TOX21SRP53-02900,CC[C@@H]([C@H](C)O)n1ncn(-c2ccc(N3CCN(c4ccc(OCC5CO[C@@](Cn6cncn6)(c6ccc(F)cc6F)C5)cc4)CC3)cc2)c1=O,0
TOX21SRP53-02901,O[C@@H](CNC[C@H](O)[C@H]1CCc2cc(F)ccc2O1)[C@@H]1CCc2cc(F)ccc2O1,0
TOX21SRP53-02902,CNS(=O)(=O)CCc1ccc2[nH]cc(C3CCN(C)CC3)c2c1,0
TOX21SRP53-02903,Cc1cc(CCC(=O)OCCOCCOCCOC(=O)CCc2cc(C)c(O)c(C(C)(C)C)c2)cc(C(C)(C)C)c1O,0
TOX21SRP53-02904,OCCSCSCCO,0
TOX21SRP53-02905,C=CC(=O)N1CCOCC1,0
TOX21SRP53-02906,C[C@H]1C[C@H]2[C@@H]3CCC4=CC(=O)C=C[C@]4(C)[C@@]3(F)[C@@H](O)C[C@]2(C)[C@@]1(O)C(=O)CO,0
TOX21SRP53-02907,Cl[Zr](Cl)(C1=CC=CC1)C1C=CC=C1,0
TOX21SRP53-02908,CC(=O)N1CCN(c2ccc(OC[C@H]3CO[C@](Cn4ccnc4)(c4ccc(Cl)cc4Cl)O3)cc2)CC1,0
TOX21SRP53-02909,[O-][n+]1ccccc1S[Zn]Sc1cccc[n+]1[O-],1
TOX21SRP53-02910,O=S1(=O)OC(c2ccc(O)cc2)(c2ccc(O)cc2)c2ccccc21,0
TOX21SRP53-02911,O=S(=O)(c1ccc(O)cc1)c1ccc(O)cc1,0
TOX21SRP53-02912,C=C(C)C(=O)OCC1CO1,0
TOX21SRP53-02913,COc1ccc(C(=O)c2ccccc2O)c(O)c1,0
TOX21SRP53-02914,O=C(c1ccccc1O)c1ccccc1O,0
TOX21SRP53-02915,COc1ccc(C(=O)c2ccccc2)c(O)c1,0
TOX21SRP53-02916,O=C(c1ccccc1)c1ccc(O)cc1O,0
TOX21SRP53-02917,Nc1nnc(N)[nH]1,0
TOX21SRP53-02918,CC1(C)CCC(=Cc2ccc(Cl)cc2)C1(O)Cn1cncn1,0
TOX21SRP53-02919,C=C(C)CN(CC)c1c([N+](=O)[O-])cc(C(F)(F)F)cc1[N+](=O)[O-],0
TOX21SRP53-02920,CC(=O)[C@H]1CC[C@H]2[C@@H]3CC=C4C[C@@H](O)CC[C@]4(C)[C@H]3CC[C@]12C,0
TOX21SRP53-02921,C[N+]1(CCCCC[N+]2(C)CCCC2)CCCC1,0
TOX21SRP53-02922,Cc1cccc(C)c1NC(=O)C(C)N,0
TOX21SRP53-02923,CCCc1ncc(C[n+]2ccccc2C)c(N)n1,0
TOX21SRP53-02924,O=C1OC2(c3cc(Br)c([O-])cc3Oc3c2cc(Br)c([O-])c3[Hg]O)c2ccccc21,0
TOX21SRP53-02925,C[C@@H](Cc1ccccc1)NCCC(c1ccccc1)c1ccccc1.C[C@H](O)C(=O)O,0
TOX21SRP53-02926,COC1=CC(=O)OC(CCc2ccccc2)C1,0
TOX21SRP53-02927,COc1cc(OC)nc(NC(=O)NS(=O)(=O)c2ncccc2C(=O)N(C)C)n1,0
TOX21SRP53-02928,C[C@H](CCC(=O)[O-])[C@H]1CC[C@H]2[C@@H]3CC[C@@H]4C[C@H](O)CC[C@]4(C)[C@H]3C[C@H](O)[C@@]21C,0
TOX21SRP53-02929,CCCCCCCCC(=O)NCc1ccc(O)c(OC)c1,0
TOX21SRP53-02930,O=P1(N(CCCl)CCCl)NC(OO)CCO1,0
TOX21SRP53-02931,CC(=O)/C(C)=C/C1C(C)=CCCC1(C)C,0
TOX21SRP53-02932,CC(=O)[O-].[Na+],0
TOX21SRP53-02933,CC(=O)[O-].[K+],0
TOX21SRP53-02934,CC(C)CC(C)(O)C#CC(C)(O)CC(C)C,0
TOX21SRP53-02935,C=C1CCC2CC1C2(C)C,0
TOX21SRP53-02936,O=[N+]([O-])c1cccc(S(=O)(=O)[O-])c1,0
TOX21SRP53-02937,C=CCN1CC[C@]23CCCC[C@H]2[C@H]1Cc1ccc(O)cc13,0
TOX21SRP53-02938,CN(C)CCOC1=Cc2ccccc2Sc2ccc(Cl)cc21,0
TOX21SRP53-02939,O=C1Cc2cc(CCN3CCN(c4nsc5ccccc45)CC3)c(Cl)cc2N1,0
TOX21SRP53-02940,CC(c1cc2ccccc2s1)N(O)C(N)=O,0
TOX21SRP53-02941,N#Cc1ccc(C(c2ccc(C#N)cc2)n2cncn2)cc1,0
TOX21SRP53-02942,CCCCCCCCCCCC(=O)O[Sn](CCCC)(CCCC)OC(=O)CCCCCCCCCCC,0
TOX21SRP53-02943,O=C(Cl)C(Cl)Cl,0
TOX21SRP53-02944,Nc1cc(Cl)ccc1Cl,0
TOX21SRP53-02945,Nc1ccc(Cl)cc1Cl,0
TOX21SRP53-02946,CC12CC1(C)C(=O)N(c1cc(Cl)cc(Cl)c1)C2=O,0
TOX21SRP53-02947,CC(C(=O)O)c1ccc(-c2ccccc2)c(F)c1,0
TOX21SRP53-02948,CC(=O)OC/C=C(\C)CC/C=C(\C)CCC=C(C)C,0
TOX21SRP53-02949,N[C@H]1C(O)O[C@H](CO)[C@@H](O)[C@@H]1O,0
TOX21SRP53-02950,COc1ccc(Cl)cc1C(=O)NCCc1ccc(S(=O)(=O)NC(=O)NC2CCCCC2)cc1,0
TOX21SRP53-02951,C=C(C)[C@@H]1CC[C@@H](C)C[C@@H]1O,0
TOX21SRP53-02952,O=[PH](O)c1ccccc1,0
TOX21SRP53-02953,CN(C)CCC#N,0
TOX21SRP53-02954,CO[Si](CCCNCCN)(OC)OC,0
TOX21SRP53-02955,CC(C)=CCCC(C)=CC(=O)O,0
TOX21SRP53-02956,CCCCO[PH](=O)OCCCC,0
TOX21SRP53-02957,Cc1c([N+](=O)[O-])cc2c(c1[N+](=O)[O-])C(C)(C)CC2(C)C,0
TOX21SRP53-02958,CCCCCCCCCCCCn1cc[n+](C)c1,0
TOX21SRP53-02959,c1csc(C2(N3CCCCC3)CCCCC2)c1,0
TOX21SRP53-02960,CCCCCCCCCCCCCCCC(=O)OCC(COC(=O)CCCCCCCCCCCCCCC)OC(=O)CCCCCCCCCCCCCCC,0
TOX21SRP53-02961,Cc1cccc(C)c1NC(=O)NC1=CCCN1C,0
TOX21SRP53-02962,[O-][n+]1cc[n+]([O-])c2ccccc21,0
TOX21SRP53-02963,N=C(N)NCC1COc2ccccc2O1,0
TOX21SRP53-02964,CCOC(=O)Cc1ccc(-c2ccccc2)cc1,0
TOX21SRP53-02965,O=C(O)CNC(=O)c1ccccc1I,0
TOX21SRP53-02966,CC(C)(C)C(=O)NCCCC(=O)O,0
TOX21SRP53-02967,CCNC(=O)NCc1cccc(Cl)c1,0
TOX21SRP53-02968,Oc1ccc2c(c1)Cc1ccccc1-2,1
TOX21SRP53-02969,Cc1nnc(-c2ccccc2)c(=O)n1N,0
TOX21SRP53-02970,CCC(C)C(=O)OCCc1ccccc1,0
TOX21SRP53-02971,FC(F)(F)C(F)(F)C(F)(F)C(F)(F)C(F)(F)C(F)(F)CCI,0
TOX21SRP53-02972,C/C=C(\C)C(=O)OCC/C=C\CC,0
TOX21SRP53-02973,CC/C=C\CCOC(=O)CCCCC,0
TOX21SRP53-02974,Cc1ccccc1C(N)=O,0
TOX21SRP53-02975,CC(=O)O[C@@H]1CC2CCC1(C)C2(C)C,0
TOX21SRP53-02976,COC(=O)c1ccccc1N,0
TOX21SRP53-02977,CC1=CC[C@@H]2C[C@H]1C2(C)C,0
TOX21SRP53-02978,COc1c2ccoc2cc2oc(=O)ccc12,0
TOX21SRP53-02979,CC(C)(c1ccc(Oc2ccc3c(c2)C(=O)OC3=O)cc1)c1ccc(Oc2ccc3c(c2)C(=O)OC3=O)cc1,0
TOX21SRP53-02980,CC1(C)S[C@@H]2[C@H](NC(=O)Cc3ccccc3)C(=O)N2[C@H]1C(=O)O.CC1(C)S[C@@H]2[C@H](NC(=O)Cc3ccccc3)C(=O)N2[C@H]1C(=O)O.c1ccc(CNCCNCc2ccccc2)cc1,0
TOX21SRP53-02981,CCC[C@@H]1C[C@@H](C(=O)N[C@H]([C@@H](C)O)[C@H]2O[C@H](SC)[C@H](O)[C@@H](O)[C@H]2O)N(C)C1,0
TOX21SRP53-02982,CN[C@]1(c2ccccc2Cl)CCCCC1=O,0
TOX21SRP53-02983,CC(CN(C)C)C(C)(O)Cc1ccc(Cl)cc1,0
TOX21SRP53-02984,CC1(C)NC(=O)N(c2ccc([N+](=O)[O-])c(C(F)(F)F)c2)C1=O,0
TOX21SRP53-02985,NC(=O)C(c1ccccc1)(c1ccccc1)[C@@H]1CCN(CCc2ccc3c(c2)CCO3)C1,0
TOX21SRP53-02986,C#C[C@]1(O)CC[C@H]2[C@@H]3CCC4=CC(=O)CC[C@@H]4[C@H]3C(=C)C[C@@]21CC,0
TOX21SRP53-02987,O=C(O[C@H]1CN2CCC1CC2)N1CCc2ccccc2[C@@H]1c1ccccc1,0
TOX21SRP53-02988,CC(C)[C@H](N)C(=O)OCC(CO)OCn1cnc2c(=O)nc(N)[nH]c21,0
TOX21SRP53-02989,CCN(CC)C(=O)[C@]1(c2ccccc2)C[C@@H]1CN,0
TOX21SRP53-02990,CN1CC(=O)N2[C@H](Cc3c([nH]c4ccccc34)[C@H]2c2ccc3c(c2)OCO3)C1=O,0
TOX21SRP53-02991,N#CC(c1ccc(Cl)cc1)c1c(Cl)cc(-n2ncc(=O)[nH]c2=O)cc1Cl,1
TOX21SRP53-02992,CC(C)=CCC[C@](C)(O)[C@@H]1CC=C(C)CC1,0
TOX21SRP53-02993,OC[C@H](O)[C@H](O)[C@@H](O)[C@H](O)CO,0
TOX21SRP53-02994,O=C(O)C=Cc1ccc(C=CC(=O)O)cc1,0
TOX21SRP53-02995,CN1C(C(=O)Nc2ccccn2)=C(O)c2sccc2S1(=O)=O,0
TOX21SRP53-02996,CC(C)[C@]12CC(=O)[C@H](C)[C@H]1C2,0
TOX21SRP53-02997,CC(CO)Oc1ccccc1,0
TOX21SRP53-02998,COc1ccc(CN(CCN(C)C)c2ncccn2)cc1,0
TOX21SRP53-02999,CC(CCO)CC(C)(C)C,0
TOX21SRP53-03000,N=C(Nc1ccccc1)Nc1ccccc1,0
TOX21SRP53-03001,Cc1ccc(C)o1,0
TOX21SRP53-03002,C=CC(C)(O)CC/C=C(\C)CCC=C(C)C,0
TOX21SRP53-03003,CC(=O)c1cc2c(cc1C)C(C)(C)C(C)CC2(C)C,0
TOX21SRP53-03004,CC[C@@]1(O)C(=O)OCc2c1cc1n(c2=O)Cc2cc3c(CN(C)C)c(O)ccc3nc2-1,1
TOX21SRP53-03005,OCCN1CCOCC1,0
TOX21SRP53-03006,CCSC(=O)N(CC)CC,0
TOX21SRP53-03007,CCCCc1c(C)nc(NCC)nc1O,0
TOX21SRP53-03008,CCCCC(CC)COCCO,0
TOX21SRP53-03009,COCCCOCCCOC,0
TOX21SRP53-03010,CC(=O)CC(c1ccccc1)c1c([O-])c2ccccc2oc1=O,0
TOX21SRP53-03011,CCCc1ccc(OC)cc1,0
TOX21SRP53-03012,CCCCCC[C@@H](O)C/C=C\CCCCCCCC(=O)[O-],0
TOX21SRP53-03013,O=N[O-],0
TOX21SRP53-03014,O=C(CBr)c1ccc(O)cc1,0
TOX21SRP53-03015,O=[N+]([O-])c1ccc(Oc2ccc(N=C=S)cc2)cc1,1
TOX21SRP53-03016,CCO[C@H](Cc1ccc(OCCc2ccc(OS(C)(=O)=O)cc2)cc1)C(=O)O,0
TOX21SRP53-03017,C1CCNCC1.O=c1[nH]cnc2[nH]cc(CN3CCCCC3)c12,0
TOX21SRP53-03018,CCOc1ccc(/N=C(\C)Nc2ccc(OCC)cc2)cc1,0
TOX21SRP53-03019,c1ccc2c(c1)Sc1ccccc1N2C[C@@H]1CN2CCC1CC2,0
TOX21SRP53-03020,CC(=O)[C@@]1(O)CC[C@H]2[C@@H]3CCC4=CC(=O)CC[C@]4(C)C3(F)[C@@H](O)C[C@@]21C,0
TOX21SRP53-03021,CCCCCCCCCC(=O)N[O-],0
TOX21SRP53-03022,CN(C)CCOc1ccccc1Cc1ccccc1.Nc1ccc(C(=O)O)c(O)c1,0
TOX21SRP53-03023,FC(F)(F)c1ccccc1Cl,0
TOX21SRP53-03024,ClCCBr,0
TOX21SRP53-03025,O=C(O)c1cccc(Cl)c1,0
TOX21SRP53-03026,O=C(O)c1ccccc1Cl,0
TOX21SRP53-03027,O=C(O)c1ccc(Cl)cc1,0
TOX21SRP53-03028,FC(F)(F)c1cccc(Cl)c1,0
TOX21SRP53-03029,C1COCCO1,0
TOX21SRP53-03030,Cc1cc([N+](=O)[O-])c(O)c([N+](=O)[O-])c1,0
TOX21SRP53-03031,COC(=O)C(C)(C)C,0
TOX21SRP53-03032,Cc1cccc([N+](=O)[O-])c1[N+](=O)[O-],0
TOX21SRP53-03033,CC(Br)C(=O)O,0
TOX21SRP53-03034,Brc1ccc(Oc2ccccc2)cc1,0
TOX21SRP53-03035,CC(=O)CCCCn1c(=O)c2c(ncn2C)n(C)c1=O,0
TOX21SRP53-03036,CCCC(C)C1(CC)C(=O)N=C(O)NC1=O,0
TOX21SRP53-03037,CCCCCCCCCCC(=O)O,0
TOX21SRP53-03038,O=C(O)c1ccccc1Nc1cccc(C(F)(F)F)c1,1
TOX21SRP53-03039,COc1nc(NC(C)C)nc(NC(C)C)n1,0
TOX21SRP53-03040,CC(C)(Oc1ccc(CCNC(=O)c2ccc(Cl)cc2)cc1)C(=O)O,0
TOX21SRP53-03041,CC(=O)CCc1ccccc1,0
TOX21SRP53-03042,Cc1ccc(N)cc1C,0
TOX21SRP53-03043,CCOC(=O)[C@H](CCc1ccccc1)N[C@@H](C)C(=O)N1[C@H](C(=O)O)C[C@H]2CCCC[C@@H]21,0
TOX21SRP53-03044,COc1ccc(/C=C/C(=O)Nc2ccccc2C(=O)O)cc1OC,0
TOX21SRP53-03045,Cc1cccc(Nc2ccncc2S(=O)(=O)NC(=O)NC(C)C)c1,0
TOX21SRP53-03046,COc1cccc([C@@]2(O)CCCC[C@@H]2CN(C)C)c1,0
TOX21SRP53-03047,CCOC(=O)CC(SP(=S)(OC)OC)C(=O)OCC,0
TOX21SRP53-03048,CCOC(=O)CC(SP(=O)(OC)OC)C(=O)OCC,0
TOX21SRP53-03049,O=c1ccc(=O)[nH][nH]1,0
TOX21SRP53-03050,S=C([S-])NCCNC(=S)[S-].[Mn+2],0
TOX21SRP53-03051,NS(=O)(=O)c1cc2c(cc1Cl)NC(C(Cl)Cl)NS2(=O)=O,0
TOX21SRP53-03052,CN(C)C(=O)Oc1cccc([N+](C)(C)C)c1,0
TOX21SRP53-03053,O=C([O-])c1cc(=O)c2c(OCC(O)COc3cccc4oc(C(=O)[O-])cc(=O)c34)cccc2o1,0
TOX21SRP53-03054,Cc1ccccc1S(=O)(=O)[O-],0
TOX21SRP53-03055,COc1c(C)c2c(c(O)c1C/C=C(\C)CCC(=O)O)C(=O)OC2,1
TOX21SRP53-03056,CCCN(CC1CC1)c1c([N+](=O)[O-])cc(C(F)(F)F)cc1[N+](=O)[O-],0
TOX21SRP53-03057,C[C@H]1CC[C@]2(NC1)O[C@H]1C[C@H]3[C@@H]4CC[C@H]5C[C@@H](O)CC[C@]5(C)[C@H]4CC[C@]3(C)[C@H]1[C@@H]2C,0
TOX21SRP53-03058,OC[C@@H](O)C(O)[C@H](O)CO,0
TOX21SRP53-03059,C=C(C)C(=O)NCCC[N+](C)(C)C,0
TOX21SRP53-03060,Oc1ccc(Cl)c2cccnc12,0
TOX21SRP53-03061,CC(=O)Oc1cccc(C(=O)O)c1OC(C)=O,0
TOX21SRP53-03062,COc1ccc(-c2cc(C(F)F)nn2-c2ccc(S(N)(=O)=O)cc2)cc1F,0
TOX21SRP53-03063,O=C1C2CC=CCC2C(=O)N1SC(Cl)(Cl)Cl,1
TOX21SRP53-03064,COc1cc(CNC(=O)CCCC/C=C/C(C)C)ccc1O,0
TOX21SRP53-03065,O=C1CCCCCN1,0
TOX21SRP53-03066,CNC(=O)Oc1cccc2ccccc12,0
TOX21SRP53-03067,NC(=O)Nc1ccc([As](=O)(O)O)cc1,0
TOX21SRP53-03068,NC(=O)NNc1ccccc1,0
TOX21SRP53-03069,NNC(N)=O,0
TOX21SRP53-03070,CNC(=O)Oc1cccc2c1OC(C)(C)C2,0
TOX21SRP53-03071,c1ccc2c(c1)[nH]c1ccccc12,0
TOX21SRP53-03072,N#CC(c1ccccc1)c1ccccc1,0
TOX21SRP53-03073,O=C(Nc1cccc2c(=O)cc(-c3nnn[nH]3)oc12)c1ccc(OCCCCc2ccccc2)cc1,0
TOX21SRP53-03074,COc1cc(S(=O)(=O)Nc2ccccc2)c(OC)cc1N,0
TOX21SRP53-03075,O=C(O)c1cc(I)cc(I)c1I,0
TOX21SRP53-03076,O=C(CC(=O)C(F)(F)F)c1ccccc1,0
TOX21SRP53-03077,O=C1CCCc2c1cc1ccc3cccc4ccc2c1c34,1
TOX21SRP53-03078,O=Cc1cc(O)ccc1Br,0
TOX21SRP53-03079,CCn1cc[n+](C)c1C.F[B-](F)(F)F,0
TOX21SRP53-03080,OCCCCCCCCCCCCBr,1
TOX21SRP53-03081,COS(=O)(=O)C(F)(F)F,0
TOX21SRP53-03082,CO[C@@H]1[C@@H](O[C@@H]2O[C@H](C)[C@@H](O[C@H]3C[C@@](C)(O)[C@@H](OC(=O)CC(C)C)[C@H](C)O3)[C@H](N(C)C)[C@H]2O)[C@@H](CC=O)C[C@@H](C)[C@@H](O)C=CC=CC[C@@H](C)OC(=O)C[C@H]1O,0
TOX21SRP53-03083,Cc1ccc2cc(C)ccc2c1,0
TOX21SRP53-03084,CC(C)(C)c1cc(Cc2cc(C(C)(C)C)c(O)c(C(C)(C)C)c2)cc(C(C)(C)C)c1O,0
TOX21SRP53-03085,CCCCNc1c(C(=O)OCC)c(C)nc2c1cnn2CC,0
TOX21SRP53-03086,Cc1scc2c1N(C(=O)CN1CCN(C)CC1)c1ccccc1NC2=O,0
TOX21SRP53-03087,Cc1c(C(N)=O)cc([N+](=O)[O-])cc1[N+](=O)[O-],0
TOX21SRP53-03088,CN/C(=N\c1ccc(C2=NNC(=O)CC2C)cc1)NC#N,0
TOX21SRP53-03089,CC(C)COC(=O)OCN1C(=O)CN(CCN2CC(=O)N(COC(=O)OCC(C)C)C(=O)C2)CC1=O,1
TOX21SRP53-03090,O=C(CCCN1CCC2(CC1)C(=O)NCN2c1ccccc1)c1ccc(F)cc1,0
TOX21SRP53-03091,O=c1[nH]oc2c1CCNC2,0
TOX21SRP53-03092,CC(COCCO)OCCO,0
TOX21SRP53-03093,CCCCCCCCc1ccc(S(=O)(=O)[O-])cc1,0
TOX21SRP53-03094,O=Nc1ccc(O)cc1,0
TOX21SRP53-03095,O=C(Cn1ccnc1[N+](=O)[O-])NCc1ccccc1,0
TOX21SRP53-03096,CN(C)c1ccc(C(=C2C=CC(=[N+](C)C)C=C2)c2c(O)c(S(=O)(=O)[O-])cc3cc(S(=O)(=O)[O-])ccc23)cc1,0
TOX21SRP53-03097,O=C(OCCc1ccccc1)c1ccccc1,0
TOX21SRP53-03098,OC[C@@H](O)[C@H]1O[C@@H]2O[C@@H](C(Cl)(Cl)Cl)O[C@@H]2[C@H]1O,0
TOX21SRP53-03099,Cc1cn([C@H]2C[C@H](F)[C@@H](CO)O2)c(=O)[nH]c1=O,0
TOX21SRP53-03100,O=S(=O)([O-])c1cc(O)c2c(N=Nc3ccc(Nc4ccccc4)c4c(S(=O)(=O)[O-])cccc34)cc(S(=O)(=O)[O-])cc2c1,0
TOX21SRP53-03101,CC(C)CCCCCCc1ccc(OCCOCCO)cc1,0
TOX21SRP53-03102,OCC#CCO,0
TOX21SRP53-03103,CCCN1CCC[C@@H]2Cc3nc(N)ncc3C[C@H]21,0
TOX21SRP53-03104,O=C1CC[C@@]2(O)[C@H]3Cc4ccc(O)c5c4[C@@]2(CCN3CC2CC2)[C@H]1O5,0
TOX21SRP53-03105,O=C(O)C(Br)CBr,0
TOX21SRP53-03106,CCN1C[C@@]2(COC)[C@H]3[C@@H](OC)[C@H]4C1[C@]3([C@@H](OC)C[C@H]2O)[C@@H]1C[C@]2(O)[C@@H](OC)[C@H](O)[C@@]4(OC(C)=O)[C@H]1[C@H]2OC(=O)c1ccccc1,0
TOX21SRP53-03107,CCNS(=O)(=O)C(F)(F)C(F)(F)C(F)(F)C(F)(F)C(F)(F)C(F)(F)C(F)(F)C(F)(F)F,0
TOX21SRP53-03108,N#CSCSc1nc2ccccc2s1,1
TOX21SRP53-03109,C=CC(=O)NC(C)(C)CS(=O)(=O)[O-],0
TOX21SRP53-03110,Clc1ccc(C(Cl)(Cl)Cl)cc1,0
TOX21SRP53-03111,CCCCCCCCS(=O)(=O)[O-],0
TOX21SRP53-03112,Cc1ccc(/N=N/c2c(O)c(C(=O)[O-])cc3ccccc23)c(S(=O)(=O)[O-])c1,0
TOX21SRP53-03113,CCc1cccc(C)c1N,0
TOX21SRP53-03114,O=C([O-])CS,0
TOX21SRP53-03115,CC(C)OB(OC(C)C)OC(C)C,0
TOX21SRP53-03116,C[C@]12C(=O)OC(=O)[C@H]1[C@H]1C=C[C@@H]2C1,0
TOX21SRP53-03117,CC(C)CCCCCOC(=O)CS,0
TOX21SRP53-03118,CC(COc1ccc(Oc2ccccc2)cc1)Oc1ccccn1,0
TOX21SRP53-03119,O=C(O)c1c(Cl)ccc2cc(Cl)cnc12,0
TOX21SRP53-03120,CCC(O)OCC(C)OC(O)CC,0
TOX21SRP53-03121,COc1ccc(/C=N/NC(=O)c2ccncc2)cc1OC,0
TOX21SRP53-03122,C=CC(=O)OCCC(=O)O,0
TOX21SRP53-03123,CCOCC(O)COc1ccc(NC(=O)CC[S+](C)C)cc1,0
TOX21SRP53-03124,CCOC(=O)C(C)OC(=O)c1cc(Oc2ccc(C(F)(F)F)cc2Cl)ccc1[N+](=O)[O-],0
TOX21SRP53-03125,CC[C@@]1(c2ccccc2)NC(=O)N(C)C1=O,0
TOX21SRP53-03126,COC(=O)c1ccccc1CS(=O)(=O)NC(=O)Nc1nc(OC)cc(OC)n1,0
TOX21SRP53-03127,O=C1C=CC(=O)O1,0
TOX21SRP53-03128,C[C@H](CSC(=O)c1ccccc1)C(=O)N1C[C@@H](Sc2ccccc2)C[C@H]1C(=O)[O-].C[C@H](CSC(=O)c1ccccc1)C(=O)N1C[C@@H](Sc2ccccc2)C[C@H]1C(=O)[O-],0
TOX21SRP53-03129,CC(C)NCC(O)c1ccc2ccccc2c1,0
TOX21SRP53-03130,CC(CN1c2ccccc2Sc2ccccc21)N(C)C,0
TOX21SRP53-03131,Nc1ccc2cc3ccc(N)cc3nc2c1,1
TOX21SRP53-03132,CNNCc1ccc(C(=O)NC(C)C)cc1,0
TOX21SRP53-03133,CC(C)Nc1nc(Cl)nc(NC(C)C)n1,0
TOX21SRP53-03134,O=S1(=O)CCCO1,0
TOX21SRP53-03135,CCC(C)(CCC(C)C)C(=O)[O-].CCC(C)(CCC(C)C)C(=O)[O-].[Zn+2],0
TOX21SRP53-03136,C=CCON/C(CCC)=C1\C(=O)CC(C)(C)C(C(=O)OC)=C1[O-],0
TOX21SRP53-03137,CC(=O)/C=C/C1C(C)=CCC(C)C1(C)C,0
TOX21SRP53-03138,O=S(=O)([O-])SSS(=O)(=O)[O-],0
TOX21SRP53-03139,CCCCCCCCCCCC(=O)OCC,0
TOX21SRP53-03140,C=C1[C@H]2CC[C@@H]3[C@H]2C(C)(C)CCC[C@]13C,0
TOX21SRP53-03141,CCCCOC(=O)C(C)CC,0
TOX21SRP53-03142,COC(=O)Nc1nc2cc(C(=O)c3cccs3)ccc2[nH]1,1
TOX21SRP53-03143,Nc1c(S(=O)(=O)O)cc(Br)c2c1C(=O)c1ccccc1C2=O,0
TOX21SRP53-03144,Cc1cc(Cl)c(C)cc1Cl,0
TOX21SRP53-03145,Clc1nc(C(Cl)(Cl)Cl)c(Cl)c(Cl)c1Cl,0
TOX21SRP53-03146,O=S(=O)(O)c1cc(O)c2ccc(Nc3ccccc3)cc2c1,0
TOX21SRP53-03147,C=C(C)C(=O)OCCC(C)OC(=O)C(=C)C,0
TOX21SRP53-03148,CC1=NN(c2cccc(S(=O)(=O)O)c2)C(=O)C1,0
TOX21SRP53-03149,CC(C)CC(C)N(c1ccccc1)c1ccc(N)cc1,1
TOX21SRP53-03150,OCC1(CO)COCOC1,0
TOX21SRP53-03151,O=S(=O)(O)c1ccc2ccccc2c1,0
TOX21SRP53-03152,Nc1cccc(S(=O)(=O)c2cccc(N)c2)c1,0
TOX21SRP53-03153,CC1=NN(c2ccc(C(=O)O)cc2)C(=O)C1,0
TOX21SRP53-03154,Nc1ccc(C(=O)OCCCOC(=O)c2ccc(N)cc2)cc1,0
TOX21SRP53-03155,CC(C)C1OCCN1CCOC(=O)NCCCCCCNC(=O)OCCN1CCOC1C(C)C,0
TOX21SRP53-03156,Clc1ccc(Cl)c(Cl)c1Cl,0
TOX21SRP53-03157,NS(=O)(=O)c1cc2c(cc1C(F)(F)F)NC(Cc1ccccc1)NS2(=O)=O,0
TOX21SRP53-03158,CCN(CC)CCOC(=O)C(O)(c1ccccc1)c1ccccc1,0
TOX21SRP53-03159,CCC1(CC)C(=O)NC(=O)NC1=O,0
TOX21SRP53-03160,C[C@H]1[C@H](NC(=O)C(=NOC(C)(C)C(=O)O)c2csc(N)n2)C(=O)N1S(=O)(=O)O,0
TOX21SRP53-03161,Nc1nc(=O)c2c([nH]1)NCC(CNc1ccc(C(=O)N[C@@H](CCC(=O)[O-])C(=O)[O-])cc1)N2C=O,0
TOX21SRP53-03162,O=C(O)c1ccc(C(=O)O)cc1,0
TOX21SRP53-03163,CC(C)(c1cc(Br)c(O)c(Br)c1)c1cc(Br)c(O)c(Br)c1,1
TOX21SRP53-03164,BrCC(Br)(Br)Br,1
TOX21SRP53-03165,BrC(Br)C(Br)Br,0
TOX21SRP53-03166,O=C1OC(=O)c2c(Br)c(Br)c(Br)c(Br)c21,0
TOX21SRP53-03167,CC(=O)Nc1ccc(OC(=O)c2ccccc2OC(C)=O)cc1,0
TOX21SRP53-03168,CC(=O)c1c(C)c([N+](=O)[O-])c(C(C)(C)C)c([N+](=O)[O-])c1C,0
TOX21SRP53-03169,C=CC(=C)CCC=C(C)C,0
TOX21SRP53-03170,C=CCc1cc(OC)c2c(c1)OCO2,0
TOX21SRP53-03171,CS(C)=O,0
TOX21SRP53-03172,CO,0
TOX21SRP53-03173,CCCO,0
TOX21SRP53-03174,CNC(=O)OCC[N+](C)(C)C,0
TOX21SRP53-03175,c1ccc2cc(CC3=NCCN3)ccc2c1,0
TOX21SRP53-03176,C[C@]12N[C@H](Cc3ccccc31)c1ccccc12,0
TOX21SRP53-03177,CC1(C)CCC(NC(=O)[C@@H](N)CCC(=O)O)CC1,0
TOX21SRP53-03178,Cc1c(C)c2c(c(C)c1O)CC[C@@](C)(CCC[C@H](C)CCC[C@H](C)CCCC(C)C)O2,0
TOX21SRP53-03179,CC[N+](CC)(CC)CCOc1ccc(/C=C/c2ccccc2)cc1,0
TOX21SRP53-03180,Cc1cccc(C)c1OCC(C)N,0
TOX21SRP53-03181,COc1ccc(OC)c(C(O)C(C)N)c1,0
TOX21SRP53-03182,Nc1ccc(Cc2ccc(N)cc2)cc1,0
TOX21SRP53-03183,CN1CCN(CCCN2c3ccccc3Sc3ccccc32)CC1,0
TOX21SRP53-03184,COc1ccc2[nH]cc(CCNC(C)=O)c2c1,0
TOX21SRP53-03185,CC(=O)OCc1ccco1,0
TOX21SRP53-03186,OCc1ccco1,0
TOX21SRP53-03187,O=C(c1ccc(O)cc1)c1ccc(O)cc1,0
TOX21SRP53-03188,CN1CCCC(OC(=O)C(O)(c2ccccc2)c2ccccc2)C1,0
TOX21SRP53-03189,COC(=O)N(OC)c1ccccc1COc1ccn(-c2ccc(Cl)cc2)n1,1
TOX21SRP53-03190,CC1=NNC(=O)N(/N=C/c2cccnc2)C1,0
TOX21SRP53-03191,CC[C@@H](C(=O)[C@@H](C)[C@@H](O)[C@H](C)[C@@H]1O[C@@H]([C@@H](CC)C(=O)O)[C@@H](C)C[C@@H]1C)[C@H]1O[C@]2(C=C[C@@H](O)[C@]3(CC[C@@](C)([C@H]4CC[C@](O)(CC)[C@H](C)O4)O3)O2)[C@H](C)C[C@@H]1C,1
TOX21SRP53-03192,COCC(=O)N(c1c(C)cccc1C)N1CCOC1=O,0
TOX21SRP53-03193,c1ccc(CNc2[nH]cnc3ncnc2-3)cc1,0
TOX21SRP53-03194,CC1(C)S[C@@H]2[C@H](NC(=O)[C@H](C(=O)[O-])c3ccsc3)C(=O)N2[C@H]1C(=O)[O-],0
TOX21SRP53-03195,C[C@@H](CN(C)C)CN1c2ccccc2Sc2ccccc21.C[C@@H](CN(C)C)CN1c2ccccc2Sc2ccccc21,0
TOX21SRP53-03196,CCC(=O)O[C@@](Cc1ccccc1)(c1ccccc1)[C@@H](C)CN(C)C.O=S(=O)(O)c1ccc2ccccc2c1,0
TOX21SRP53-03197,CCN(CCCc1ccccc1)CCCc1ccccc1.O=C(O)CC(O)(CC(=O)O)C(=O)O,0
TOX21SRP53-03198,Cc1ccc(Cl)c(Nc2ccccc2C(=O)[O-])c1Cl,1
TOX21SRP53-03199,CN1CCc2c(c3ccccc3n2Cc2ccccc2)C1.CN1CCc2c(c3ccccc3n2Cc2ccccc2)C1.O=S(=O)(O)c1cccc2c(S(=O)(=O)O)cccc12,0
TOX21SRP53-03200,COc1ccc2c(c1)[C@@]13CCCCC1[C@@H](C2)N(C)CC3,0
TOX21SRP53-03201,CCN(CC)Cc1cc(Nc2ccnc3cc(Cl)ccc23)ccc1O,0
TOX21SRP53-03202,CCN(CC)c1ccc(N=Nc2ccc(S(=O)(=O)N(C)C)cc2)c(S(=O)(=O)NCC[n+]2ccccc2)c1,0
TOX21SRP53-03203,CO[C@@H]1[C@@H](O[C@@H]2O[C@H](C)[C@@H](O[C@H]3C[C@@](C)(O)[C@@H](O)[C@H](C)O3)[C@H](N(C)C)[C@H]2O)[C@@H](CC=O)C[C@@H](C)[C@@H](O[C@@H]2CC[C@H](N(C)C)[C@@H](C)O2)C=CC=CC[C@@H](C)OC(=O)C[C@H]1O,0
TOX21SRP53-03204,C1CCN2C[C@@H]3C[C@@H](CN4CCCC[C@H]34)[C@@H]2C1,0
TOX21SRP53-03205,C[C@H]1CN(c2c(F)c(N)c3c(=O)c(C(=O)O)cn(C4CC4)c3c2F)C[C@@H](C)N1,0
TOX21SRP53-03206,CC1(C)OC[C@@H](COC(=O)CCc2ccc(OC[C@@H](O)CNCCNC(=O)N3CCOCC3)cc2)O1,0
TOX21SRP53-03207,CCCCOC(=O)CCCCCCCCC(=O)OCCCC,0
TOX21SRP53-03208,N#C/C(=C1/SC[C@@H](c2ccc(Cl)cc2Cl)S1)n1ccnc1,0
TOX21SRP53-03209,O=C([O-])c1ccccc1Nc1cc(Cl)ccc1C(=O)[O-],0
TOX21SRP53-03210,CCCCCCCCN(C)C,0
TOX21SRP53-03211,Oc1ccc2ccccc2c1,0
TOX21SRP53-03212,CCCCCCCCCCCC(=O)N(C)CC(=O)[O-],0
TOX21SRP53-03213,CCC(C)CO,0
TOX21SRP53-03214,Nc1ncnc2c1ncn2[C@H]1CC[C@@H](CO)O1,0
TOX21SRP53-03215,O=C1[N-]C(=O)C(c2ccccc2)(c2ccccc2)N1,0
TOX21SRP53-03216,O=C(OCC1(COC(=O)c2cccnc2)CCCC(COC(=O)c2cccnc2)(COC(=O)c2cccnc2)C1O)c1cccnc1,0
TOX21SRP53-03217,CN1CSC(=S)N(C)C1,0
TOX21SRP53-03218,O=C1c2ccccc2C(=O)C1c1ccc2ccccc2n1,0
TOX21SRP53-03219,CCOC(=O)OC1=C(c2cc(C)ccc2C)C(=O)NC12CCC(OC)CC2,1
TOX21SRP53-03220,[O-]c1cc(Cl)c(Cl)cc1Cl,0
TOX21SRP53-03221,CCCCCC/C=C\CCCCCCCC(=O)O,0
TOX21SRP53-03222,C=C(C)[C@@H]1CC=C(C=O)CC1,0
TOX21SRP53-03223,COc1ccc(C(C)=O)cc1,0
TOX21SRP53-03224,COc1cc(Cl)ccc1Cl,0
TOX21SRP53-03225,CC(=O)CC(=O)N(C)C,0
TOX21SRP53-03226,Cc1cccc(C)c1NC(=O)CN1CCCCCC1,0
TOX21SRP53-03227,C[C@@H](Cc1ccccc1)N(C)C,0
TOX21SRP53-03228,O=C(CN1CCNCC1)NC1CCCCC1,0
TOX21SRP53-03229,CCCCNCC(O)c1ccc(O)cc1,0
TOX21SRP53-03230,CC(Cc1ccccc1)NCc1ccccc1Cl,0
TOX21SRP53-03231,COC(=O)C1=C(C)NC(C)=C(C(=O)OC)C1c1ccccc1OC(F)F,0
TOX21SRP53-03232,COC(CC(C)CCCC(C)(C)O)OC,0
TOX21SRP53-03233,COC(=O)C(C)N(C(=O)c1ccco1)c1c(C)cccc1C,0
TOX21SRP53-03234,CO/C=C(/C(=O)OC)c1ccccc1COc1cccc(C(F)(F)F)n1,1
TOX21SRP53-03235,C=CC(C)(O)CC/C=C(/C)CCC=C(C)C,0
TOX21SRP53-03236,CCOC(=O)CC1(C)OCC(C)O1,0
TOX21SRP53-03237,O=C(O)CCCCC1CCSS1,0
TOX21SRP53-03238,COC(=O)CC(C(C)=O)C(=O)OC,0
TOX21SRP53-03239,CC(C)N(Cc1ccccc1)C(=O)C(C)(C)C,0
TOX21SRP53-03240,C=CC(C)(O)CCC=C(C)C,0
TOX21SRP53-03241,C=CC(C)(CCC=C(C)C)OC(=O)c1ccccc1N,0
TOX21SRP53-03242,CCCCC/C=C\C/C=C\CCCCCCCC(=O)O,0
TOX21SRP53-03243,CC/C=C\C/C=C\C/C=C\CCCCCCCC(=O)O,0
TOX21SRP53-03244,COCCC#N,0
TOX21SRP53-03245,O=C(O)CCSSCCC(=O)O,0
TOX21SRP53-03246,CCCC[n+]1ccccc1,0
TOX21SRP53-03247,CCOP(=S)(OCC)Oc1ncn(-c2ccccc2)n1,0
TOX21SRP53-03248,CSc1ccc(C=O)cc1,0
TOX21SRP53-03249,Cc1c([N+](=O)[O-])c(C)c([N+](=O)[O-])c(C(C)(C)C)c1[N+](=O)[O-],0
TOX21SRP53-03250,CNC(=S)N(C)C,0
TOX21SRP53-03251,CCCOCCC,0
TOX21SRP53-03252,CCCSP(=S)(OCC)Oc1ccc(Cl)cc1Cl,0
TOX21SRP53-03253,CSC(C)(C)/C=N\O,0
TOX21SRP53-03254,Cc1ccc2ccccc2n1,0
TOX21SRP53-03255,CCOP(=S)(OCC)Oc1ccc(Cl)cc1Cl,0
TOX21SRP53-03256,N#CCCCl,0
TOX21SRP53-03257,ClCBr,0
TOX21SRP53-03258,O=C([O-])C(=O)[O-].[Ca+2],0
TOX21SRP53-03259,C=CC(C)(C)C,0
TOX21SRP53-03260,CCc1cccc(CC)c1N,0
TOX21SRP53-03261,O=C([O-])c1ccccc1,0
TOX21SRP53-03262,c1ccc2c(c1)-c1cccc3c1c-2cc1ccccc13,1
TOX21SRP53-03263,c1ccc2cc3c(ccc4ccccc43)cc2c1,0
TOX21SRP53-03264,CCCCNC(=O)n1c(NC(=O)OC)nc2ccccc21,1
TOX21SRP53-03265,CC(C)N1C(=O)c2ccccc2NS1(=O)=O,0
TOX21SRP53-03266,c1cc2ccc3ccc4ccc5cccc6c(c1)c2c3c4c56,1
TOX21SRP53-03267,c1ccc2cc3c(cc2c1)-c1cccc2cccc-3c12,1
TOX21SRP53-03268,Cc1ccc(C)c(S(=O)(=O)[O-])c1,0
TOX21SRP53-03269,O=C(C(Cl)Cl)N1CCOC12CCCCC2,0
TOX21SRP53-03270,CC1=CC(C)C(C=O)CC1,0
TOX21SRP53-03271,Br[Ca]Br,0
TOX21SRP53-03272,CCOC(=O)CC(CC(=O)OCC)(OC(C)=O)C(=O)OCC,0
TOX21SRP53-03273,CC(C)c1cccc(O)c1,0
TOX21SRP53-03274,NCCN,0
TOX21SRP53-03275,CCC(C)(C)C1CCCCC1OC(C)=O,0
TOX21SRP53-03276,OCCC(F)(F)C(F)(F)C(F)(F)C(F)(F)C(F)(F)C(F)(F)F,0
TOX21SRP53-03277,COc1ccc(CCN(C)CCCC(C#N)(c2cc(OC)c(OC)c(OC)c2)C(C)C)cc1OC,0
TOX21SRP53-03278,COc1cc2c(cc1OC)-c1cc3ccc(OC)c(OC)c3c[n+]1CC2,0
TOX21SRP53-03279,CCCC[P+](C)(CCCC)CCCC.COS(=O)(=O)[O-],0
TOX21SRP53-03280,CCCCCCn1cc[n+](C)c1.O=S(=O)([O-])C(F)(F)F,0
TOX21SRP53-03281,C[n+]1ccn(CCO)c1,0
TOX21SRP53-03282,C[C@@H]([C@H](O)c1ccccc1)N(C)C,0
TOX21SRP53-03283,OC[C@H]1O[C@@H](n2cnc3c(O)ncnc32)[C@H](O)[C@@H]1O,0
TOX21SRP53-03284,CO[C@H]1C=CO[C@@]2(C)Oc3c(C)c(O)c4c(O)c(c5c(nc6cc(C)ccn65)c4c3C2=O)NC(=O)C(C)=CC=C[C@H](C)[C@H](O)[C@@H](C)[C@@H](O)[C@@H](C)[C@H](OC(C)=O)[C@@H]1C,0
TOX21SRP53-03285,CN(C)N,0
TOX21SRP53-03286,CN(C)C=O,0
TOX21SRP53-03287,CN(C)C(=O)Cl,0
TOX21SRP53-03288,Cc1c2ccccc2c(C)c2c1ccc1ccccc12,1
TOX21SRP53-03289,O=C1NCN(c2ccccc2)C12CCN(CC1COc3ccccc3O1)CC2,0
TOX21SRP53-03290,CN/C(=C\[N+](=O)[O-])NCCSCc1ccc(CN(C)C)o1,0
TOX21SRP53-03291,Nc1nc2ccc(OC(F)(F)F)cc2s1,1
TOX21SRP53-03292,Cc1nc2n(c(=O)c1CCN1CCC(c3noc4cc(F)ccc34)CC1)CCCC2,0
TOX21SRP53-03293,CCCN(CCC)CCc1cccc2c1CC(=O)N2,0
TOX21SRP53-03294,COc1ccccc1OCC(O)CN1CCN(CC(=O)Nc2c(C)cccc2C)CC1,0
TOX21SRP53-03295,C[C@]12CC[C@H]3[C@@H](CC[C@H]4CC(=O)CC[C@@]43C)[C@@H]1CC[C@@H]2O,0
TOX21SRP53-03296,C[C@]12CC[C@@H]3c4ccc(O)cc4CC[C@H]3[C@@H]1CCC2=O,0
TOX21SRP53-03297,C[C@]12CC[C@@H]3c4ccc(O)cc4CC[C@H]3[C@@H]1C[C@@H](O)[C@@H]2O,0
TOX21SRP53-03298,C=CC1(C)OC(=O)N(c2cc(Cl)cc(Cl)c2)C1=O,0
TOX21SRP53-03299,C[C@]12CC[C@@H]3c4ccc(O)cc4C[C@@H](CCCCCCCCCS(=O)CCCC(F)(F)C(F)(F)F)[C@H]3[C@@H]1CC[C@@H]2O,0
TOX21SRP53-03300,CC(=O)NC(Cc1ccccc1)C(=O)O,0
TOX21SRP53-03301,C#C[C@]1(O)CC[C@H]2[C@@H]3CCC4=CC(=O)CC[C@]4(C)[C@H]3CC[C@@]21C,0
TOX21SRP53-03302,CCN(CC)S(=O)(=O)c1ccc(C(=O)O)cc1,0
TOX21SRP53-03303,CCC1(C)CC(=O)NC1=O,0
TOX21SRP53-03304,BrCCCCCCBr,0
TOX21SRP53-03305,O=c1[nH]c(=O)c2[nH]c(=O)[nH]c2[nH]1,0
TOX21SRP53-03306,CC(C)CC(=O)C1C(=O)c2ccccc2C1=O,0
TOX21SRP53-03307,O=C([O-])c1cc2cc(Cc3cccnc3)ccc2o1,0
TOX21SRP53-03308,NC(=O)Nc1ccccc1,0
TOX21SRP53-03309,CCCOc1ccccc1-c1nc2[nH]nnc2c(=O)[nH]1,0
TOX21SRP53-03310,O=P([O-])(O)C(Cl)(Cl)P(=O)([O-])O,0
TOX21SRP53-03311,O=C(NCCNCC(O)COc1ccc(O)cc1)N1CCOCC1,0
TOX21SRP53-03312,CCCCOC(CC)OC(C)COC(O)CC,0
TOX21SRP53-03313,CCN(Cc1ccncc1)C(=O)C(CO)c1ccccc1,0
TOX21SRP53-03314,CC(C)(C)C1CCC(O)CC1,0
TOX21SRP53-03315,O=c1[nH]cnc2c1ncn2[C@H]1CC[C@@H](CO)O1,0
TOX21SRP53-03316,CCc1nc(C)c[nH]1,0
TOX21SRP53-03317,CC1(C)C(=O)C(C)(C)C1=O,0
TOX21SRP53-03318,NC(=O)C1c2ccccc2CCc2ccccc21,0
TOX21SRP53-03319,NCCOCCOCCN,0
TOX21SRP53-03320,C#C[C@]1(O)CC[C@H]2[C@@H]3CCc4cc(OC5CCCC5)ccc4[C@H]3CC[C@@]21C,0
TOX21SRP53-03321,CC[C@H](C)[C@@H]1NC(=O)[C@H](Cc2ccc(O)cc2)NC(=O)[C@@H](N)CSSC[C@@H](C(=O)N2CCC[C@H]2C(=O)N[C@@H](CC(C)C)C(=O)NCC(N)=O)NC(=O)[C@H](CC(N)=O)NC(=O)[C@H](CCC(N)=O)NC1=O,0
TOX21SRP53-03322,CC(C)(C)C(=O)C(Oc1ccc(Cl)cc1)n1ccnc1,0
TOX21SRP53-03323,O=C(O)Cn1c2ccccc2c(=O)c2ccccc21,1
TOX21SRP53-03324,O=C(NC(=O)c1c(F)cccc1F)Nc1ccc(Cl)c(Oc2ncc(C(F)(F)F)cc2Cl)c1,1
TOX21SRP53-03325,CN1CCN(C(=O)O[C@H]2c3nccnc3C(=O)N2c2ccc(Cl)cn2)CC1,0
TOX21SRP53-03326,CCCCCCCCCCCCc1ccccc1,0
TOX21SRP53-03327,C=CC1=C(C(=O)O)N2C(=O)[C@@H](NC(=O)/C(=N/O)c3csc(N)n3)[C@H]2SC1,0
TOX21SRP53-03328,CCOC(=O)C1=C(C)NC(C)=C(C(=O)OC)C1c1cccc([N+](=O)[O-])c1,0
TOX21SRP53-03329,Cc1cc(OI)c(C(C)C)cc1-c1cc(C(C)C)c(OI)cc1C,0
TOX21SRP53-03330,CCOP(OCC)OCC,0
TOX21SRP53-03331,CC(C)CC(=O)CC(C)CC(C)C,0
TOX21SRP53-03332,CCc1nn(CCCN2CCN(c3cccc(Cl)c3)CC2)c(=O)n1CCOc1ccccc1,0
TOX21SRP53-03333,O=[N+]([O-])c1ccc2ncccc2c1,0
TOX21SRP53-03334,O=[N+]([O-])c1cccc2cccnc12,0
TOX21SRP53-03335,C=O,0
TOX21SRP53-03336,O=c1[nH]cc(F)c(=O)[nH]1,1
TOX21SRP53-03337,C[C@]12Cc3nonc3C[C@@H]1CC[C@@H]1[C@@H]2CC[C@@]2(C)[C@H]1CC[C@]2(C)O,0
TOX21SRP53-03338,Cn1c(CCCC(=O)O)nc2cc(N(CCCl)CCCl)ccc21,1
TOX21SRP53-03339,O=C(NNCS(=O)(=O)[O-])c1ccncc1,0
TOX21SRP53-03340,CCCCCCCCCC(=O)NO,1
TOX21SRP53-03341,CC(C)c1cc2c(cc1S(=O)(=O)O)[C@@]1(C)CCC[C@@](C)(C(=O)O)[C@@H]1CC2,0
TOX21SRP53-03342,C[N+](C)(C)CC[N+]1(C)Cc2c(Cl)c(Cl)c(Cl)c(Cl)c2C1,0
TOX21SRP53-03343,CCCCCCC(C)(C)S,0
TOX21SRP53-03344,Cc1nnc2n1-c1ccc(Cl)cc1C(c1ccccc1)=NC2,0
TOX21SRP53-03345,CCc1ccccc1CC,0
TOX21SRP53-03346,CCOP(=O)(NC(C)C)Oc1ccc(SC)c(C)c1,0
TOX21SRP53-03347,COC(=O)c1ccccc1S(=O)(=O)NC(=O)N(C)c1nc(C)nc(OC)n1,0
TOX21SRP53-03348,CCOC(=O)COC(=O)c1ccccc1C(=O)OCC,0
TOX21SRP53-03349,Cn1cc(-c2ccccc2)c(=O)c(-c2cccc(C(F)(F)F)c2)c1,0
TOX21SRP53-03350,c1ccc2c(c1)Cc1ccccc1-2,0
TOX21SRP53-03351,c1ccc2c(c1)-c1cccc3cccc-2c13,0
TOX21SRP53-03352,CC(=O)CC(C)(C)C1CCCCC1,0
TOX21SRP53-03353,CC(C)Oc1cccc(NC(=O)c2ccccc2C(F)(F)F)c1,0
TOX21SRP53-03354,CC(C)C(O)(c1ccc(OC(F)(F)F)cc1)c1cncnc1,0
TOX21SRP53-03355,CC1(C)CCC[C@@]2(C)[C@H]1CC[C@@]1(C)OC(=O)C[C@H]21,0
TOX21SRP53-03356,O=C1O[C@H]([C@@H](O)CO)C([O-])=C1O.O=C1O[C@H]([C@@H](O)CO)C([O-])=C1O,0
TOX21SRP53-03357,C/C=C(\C)C(=O)OCCc1ccccc1,0
TOX21SRP53-03358,CN1[C@H]2CC[C@@H]1C[C@H](OC(=O)C(O)c1ccccc1)C2,0
TOX21SRP53-03359,CCNc1nc(NC(C)CC)nc(OC)n1,0
TOX21SRP53-03360,CCNc1nc(NCC)nc(SC)n1,0
TOX21SRP53-03361,C#CC(C)N(C)C(=O)Nc1ccc(Cl)cc1,0
TOX21SRP53-03362,CC(=O)OC/C=C(/C)CCC=C(C)C,0
TOX21SRP53-03363,CCCC(=O)C(C)=O,0
TOX21SRP53-03364,Cc1ccnc2ccccc12,0
TOX21SRP53-03365,O=C(O)CCc1ccccc1,0
TOX21SRP53-03366,COc1ccccc1OC,0
TOX21SRP53-03367,CCC/C=C/CO,0
TOX21SRP53-03368,COc1cccc(OC)c1,0
TOX21SRP53-03369,CCCCCCCCCCCCCCCCC,0
TOX21SRP53-03370,C=C[C@@]1(C)CC(=O)[C@@]2(O)[C@](C)(O1)[C@@H](OC(C)=O)[C@@H](O)[C@H]1C(C)(C)CC[C@H](O)[C@@]12C,0
TOX21SRP53-03371,O=S(=O)(O)c1ccc2[nH]c(-c3ccccc3)nc2c1,0
TOX21SRP53-03372,CCC(C)c1nccnc1OC,0
TOX21SRP53-03373,Cc1cc(C(=C2C=CC(=Nc3ccc(S(=O)(=O)[O-])cc3S(=O)(=O)O)C=C2)c2ccc(Nc3ccc(S(=O)(=O)[O-])cc3)cc2)ccc1N,0
TOX21SRP53-03374,CC1(C)CC(=O)CC(C)(C)N1[O],0
TOX21SRP53-03375,OCC1CC2CC1C1CCC(CO)C21,0
TOX21SRP53-03376,C=CCOC(=O)c1ccc(C(=O)OCC=C)c(C(=O)OCC=C)c1,0
TOX21SRP53-03377,CCC(C)(CCC(C)C)C(=O)[O-].CCC(C)(CCC(C)C)C(=O)[O-],0
TOX21SRP53-03378,CCOC(=O)/C=C(\C)O[Ti](O/C(C)=C/C(=O)OCC)(OC(C)C)OC(C)C,0
TOX21SRP53-03379,CC1(C)C(O)C(C)(C)C1O,0
TOX21SRP53-03380,CCC1(c2ccccc2)C(=O)N(COC)C(=O)N(COC)C1=O,0
TOX21SRP53-03381,O=C1OC(=O)c2cccc3cccc1c23,0
TOX21SRP53-03382,CN(C)[C@@H]1C(O)=C(C(=O)NCN[C@@H](CCCCN)C(=O)O)C(=O)[C@@]2(O)C(O)=C3C(=O)c4c(O)cccc4[C@@](C)(O)C3C[C@@H]12,0
TOX21SRP53-03383,CCOC(=O)CCC(=O)O[C@H]1[C@H](O[C@@H]2[C@@H](C)[C@H](O[C@H]3C[C@@](C)(OC)[C@@H](O)[C@H](C)O3)[C@@H](C)C(=O)O[C@H](CC)[C@@](C)(O)[C@H](O)[C@@H](C)C(=O)[C@H](C)C[C@@]2(C)O)O[C@H](C)C[C@@H]1N(C)C,0
TOX21SRP53-03384,O=C(O)CC(C(=O)O)S(=O)(=O)O,0
TOX21SRP53-03385,CO[C@H]1[C@@H](O)[C@H](N)[C@@H](O[C@H]2O[C@H]([C@H](C)N)CC[C@H]2N)[C@H](O)[C@@H]1N(C)C(=O)CN,0
TOX21SRP53-03386,CC(C)NCC(O)COc1ccc(CC(N)=O)cc1,0
TOX21SRP53-03387,CCCNC(C)(C)COC(=O)c1ccccc1,0
TOX21SRP53-03388,C[C@]12CC[C@@H]3c4ccc(OC(=O)c5ccccc5)cc4CC[C@H]3[C@@H]1CC[C@@H]2O,0
TOX21SRP53-03389,C[C@]12CC[C@@H]3c4ccc(O)cc4CC[C@H]3[C@@H]1CC[C@@H]2OC(=O)CCC1CCCC1,0
TOX21SRP53-03390,CC(=O)OC[C@H]1O[C@H](O[C@]2(COC(C)=O)O[C@H](COC(C)=O)[C@@H](OC(C)=O)[C@@H]2OC(C)=O)[C@H](OC(C)=O)[C@@H](OC(C)=O)[C@@H]1OC(C)=O,0
TOX21SRP53-03391,OCC(O)c1ccccc1,0
TOX21SRP53-03392,CC1=CC(=O)c2ccccc2C1=O,1
TOX21SRP53-03393,Cc1cc(O)ccc1Cl,0
TOX21SRP53-03394,Oc1c(Cl)cc(Cl)c(Cl)c1Cl,1
TOX21SRP53-03395,c1ccc(CC2=NCCN2)cc1,0
TOX21SRP53-03396,COC(=O)[C@@H](N)Cc1ccc(O)c(O)c1,0
TOX21SRP53-03397,CCc1cccc(N(C)C(=N)Nc2cccc3ccccc23)c1,0
TOX21SRP53-03398,CCOC(=O)c1cnc2c(cnn2CC)c1NN=C(C)C,0
TOX21SRP53-03399,CCCCCCCCCCCCCCCCCCOC[C@H](COP(=O)([O-])OCC[N+](C)(C)C)OC,0
TOX21SRP53-03400,NCCCC(N)(C(=O)O)C(F)F,0
TOX21SRP53-03401,C[C@]12CC[C@H]3[C@@H](CC=C4C[C@@H](OS(=O)(=O)[O-])CC[C@@]43C)[C@@H]1CCC2=O,0
TOX21SRP53-03402,CCc1cc(Cl)c(OC)c(C(=O)NC[C@@H]2CCCN2CC)c1O,0
TOX21SRP53-03403,CCCCCCCCCCCCCCC[C@H](O)[C@@H](N)CO,0
TOX21SRP53-03404,CCCCCCC(O)CO,0
TOX21SRP53-03405,C=C(C)C(=O)OCc1ccccc1,0
TOX21SRP53-03406,C=C(C)C(=O)OCC1CCCO1,0
TOX21SRP53-03407,C=CC(=O)OCCCCCC,0
TOX21SRP53-03408,Cc1ccn2nc(S(=O)(=O)Nc3c(F)cccc3F)nc2n1,0
TOX21SRP53-03409,CCCN(CCCl)c1c([N+](=O)[O-])cc(C(F)(F)F)cc1[N+](=O)[O-],0
TOX21SRP53-03410,CCCSP(=O)(OCC)SCCC,0
TOX21SRP53-03411,CCOc1ccc(C(C)(C)COCc2cccc(Oc3ccccc3)c2)cc1,0
TOX21SRP53-03412,COP(=S)(OC)Oc1ccc([N+](=O)[O-])c(C)c1,0
TOX21SRP53-03413,CC(C)(C)N(NC(=O)c1ccc(Cl)cc1)C(=O)c1ccccc1,0
TOX21SRP53-03414,O=C(O)/C=C/c1ccc(Cn2ccnc2)cc1,0
TOX21SRP53-03415,CCOC(=O)O[C@]1(C(=O)COC(=O)CC)CC[C@H]2[C@@H]3CCC4=CC(=O)C=C[C@]4(C)[C@H]3[C@@H](O)C[C@@]21C,0
TOX21SRP53-03416,CS(=O)(=O)c1ccc([C@@H](O)[C@@H](CF)NC(=O)C(Cl)Cl)cc1,0
TOX21SRP53-03417,CC(=O)[C@@]1(O)CC[C@H]2[C@@H]3C[C@H](C)C4=CC(=O)CC[C@]4(C)[C@H]3CC[C@@]21C,0
TOX21SRP53-03418,C[C@@H]1CN([C@H]2CC[C@](C#N)(c3ccc(F)cc3)CC2)CC[C@]1(C(=O)O)c1ccccc1,0
TOX21SRP53-03419,O=C(O)c1cc(O)c2c(c1)[C@H]([C@H]1c3cc(C(=O)O)cc(O)c3C(=O)c3c(O[C@@H]4O[C@H](CO)[C@@H](O)[C@H](O)[C@H]4O)cccc31)c1cccc(O[C@@H]3O[C@H](CO)[C@@H](O)[C@H](O)[C@H]3O)c1C2=O,0
TOX21SRP53-03420,O=C(Oc1ccccc1C(=O)O)c1ccccc1O,0
TOX21SRP53-03421,OCc1cc(C(O)CNCCCCCCOCCCCc2ccccc2)ccc1O,0
TOX21SRP53-03422,CCC(=O)OC(=O)CC,0
TOX21SRP53-03423,Cc1c(C)c2c(c(C)c1O)CCC(C)(COc1ccc(CC3SC(=O)NC3=O)cc1)O2,1
TOX21SRP53-03424,Cc1ccc(/C(=C\CN2CCCC2)c2ccccn2)cc1,0
TOX21SRP53-03425,COc1cc(C(=O)N2CCOCC2)cc(OC)c1OC,0
TOX21SRP53-03426,COc1cc(Cc2cnc(N)nc2N)cc(OC)c1OC,0
TOX21SRP53-03427,Cc1cc2cc3c(C)cc(=O)oc3c(C)c2o1,0
TOX21SRP53-03428,CCOP(=S)(OCC)Oc1cnc2ccccc2n1,0
TOX21SRP53-03429,NC1CCC(CC2CCC(N)CC2)CC1,0
TOX21SRP53-03430,N#C/C(N)=C(/N)C#N,0
TOX21SRP53-03431,NCCCCCCN,0
TOX21SRP53-03432,C[C@H]1[C@H](c2ccc(Cl)cc2)SC(=O)N1C(=O)NC1CCCCC1,0
TOX21SRP53-03433,CC(CCl)OC(C)CCl,0
TOX21SRP53-03434,OCC(CO)(CBr)CBr,0
TOX21SRP53-03435,Cc1c(COC(=O)C2C(/C=C(\Cl)C(F)(F)F)C2(C)C)cccc1-c1ccccc1,0
TOX21SRP53-03436,CC1(C)C(=O)N(Br)C(=O)N1Br,0
TOX21SRP53-03437,ClCCOCCCl,0
TOX21SRP53-03438,O=C(O)CN(CCN(CC(=O)O)CC(=O)O)CC(=O)O,0
TOX21SRP53-03439,Nc1c2c(nc3ccccc13)CCCC2,0
TOX21SRP53-03440,CNC(=O)c1ccccc1,0
TOX21SRP53-03441,CN1C(=O)c2ccc([N+](=O)[O-])cc2C1=O,0
TOX21SRP53-03442,Cc1ccc(O)c(-n2nc3ccccc3n2)c1,0
TOX21SRP53-03443,CCCCCCCCCCCCCCCl,0
TOX21SRP53-03444,COc1ccc(Cl)cc1C,0
TOX21SRP53-03445,Oc1ccc(Cl)cc1C1CCCC1,0
TOX21SRP53-03446,Cc1cc(Cl)ccc1N,0
TOX21SRP53-03447,Cc1occc(=O)c1O,0
TOX21SRP53-03448,CCC(CC)Nc1ccc(C)c(C)c1,0
TOX21SRP53-03449,CC(=O)O[C@]1(C(C)=O)CC[C@H]2[C@@H]3C[C@H](C)C4=CC(=O)CC[C@]4(C)[C@H]3CC[C@@]21C,0
TOX21SRP53-03450,O=C(CCCN1CC=C(n2c(=O)[nH]c3ccccc32)CC1)c1ccc(F)cc1,0
TOX21SRP53-03451,CCCCN=C=O,0
TOX21SRP53-03452,C1CCCNCC1,0
TOX21SRP53-03453,OCCSCCO,0
TOX21SRP53-03454,P#[In],0
TOX21SRP53-03455,CCN(CC)c1ccc2c(-c3ccccc3C(=O)O)c3ccc(N(CC)CC)cc3[o+]c2c1,0
TOX21SRP53-03456,O=C(NCc1cccnc1)Nc1ccc([N+](=O)[O-])cc1,0
TOX21SRP53-03457,Cc1cnc2c(C(=O)O)c(Cl)ccc2c1,0
TOX21SRP53-03458,CCOc1ccc2c(c1)C(C)CC(C)(C)N2,0
TOX21SRP53-03459,CC(=O)NCc1c(I)c(NC(C)=O)c(I)c(C(=O)O)c1I,0
TOX21SRP53-03460,CON(C)C(=O)Nc1ccc(Br)c(Cl)c1,0
TOX21SRP53-03461,O=C(CCCCC(=O)Nc1c(I)cc(I)c(C(=O)O)c1I)Nc1c(I)cc(I)c(C(=O)O)c1I,0
TOX21SRP53-03462,O=C(O)c1c(Cl)ccc(Cl)c1Cl,0
TOX21SRP53-03463,O=C(O)CC(Cl)C(=O)O,0
TOX21SRP53-03464,N#CCCl,0
TOX21SRP53-03465,Cc1cccc2sc3nncn3c12,0
TOX21SRP53-03466,CC(=O)c1cc(C)oc1C,0
TOX21SRP53-03467,C=C(C)C1CC=C(C)C(OC(C)=O)C1,0
TOX21SRP53-03468,C=C1CCC=C(C)CC[C@@H]2[C@@H]1CC2(C)C,0
TOX21SRP53-03469,CCCC(C)(COC(N)=O)COC(=O)NC(C)C,0
TOX21SRP53-03470,C=C(C)C1CC=C(C)C(O)C1,0
TOX21SRP53-03471,CCCCCCCCCCCCCCCO,0
TOX21SRP53-03472,[Mn+2],0
TOX21SRP53-03473,CCC(C)Cl,0
TOX21SRP53-03474,CCCCO,0
TOX21SRP53-03475,CC1=CC(=O)CC(C)(C)C1,0
TOX21SRP53-03476,Nc1cccc(C(F)(F)F)c1,0
TOX21SRP53-03477,NNC(=O)c1ccncc1,0
TOX21SRP53-03478,O=C(O)c1ccncc1,0
TOX21SRP53-03479,NC(=O)c1ccncc1,0
TOX21SRP53-03480,CC(C)CON=O,0
TOX21SRP53-03481,OC[C@H]1O[C@H](OC[C@@H](O)[C@@H](O)[C@H](O)[C@H](O)CO)[C@H](O)[C@@H](O)[C@@H]1O,0
TOX21SRP53-03482,FC(F)OC(Cl)C(F)(F)F,0
TOX21SRP53-03483,c1ccc(C[n+]2cccc3ccccc32)cc1,0
TOX21SRP53-03484,CCCCN1C(=O)c2ccccc2C1=O,0
TOX21SRP53-03485,Cc1cc(C)c(C(=O)P(=O)(C(=O)c2c(C)cc(C)cc2C)c2ccccc2)c(C)c1,0
TOX21SRP53-03486,CC(C)(C)C(=O)/C=C/c1ccc(Cl)cc1,0
TOX21SRP53-03487,CCCCCCCCOCCC#N,0
TOX21SRP53-03488,CC1(C)S[C@@H]2[C@H](NC(=O)[C@H](N)c3ccc(O)cc3)C(=O)N2[C@H]1C(=O)O,0
TOX21SRP53-03489,Cc1cc(C(C)(C)c2ccc(O)c(C)c2)ccc1O,1
TOX21SRP53-03490,CC(c1ccc(O)cc1)c1ccc(O)cc1,0
TOX21SRP53-03491,CCCCC#N,0
TOX21SRP53-03492,COc1ccc(C(=O)c2cccc(O)c2)c(OC)c1,0
TOX21SRP53-03493,CCn1cc[n+](C)c1.N#C[S-],0
TOX21SRP53-03494,O=C1/C(=C2\Nc3ccccc3C2=O)Nc2ccccc21,0
TOX21SRP53-03495,Nc1ccc(F)cc1F,0
TOX21SRP53-03496,CCCCC(=O)N(C)C,0
TOX21SRP53-03497,CN(C)c1nc(=O)n(C2CCCCC2)c(=O)n1C,0
TOX21SRP53-03498,CCCCCCOC(=O)c1ccccc1C(=O)OCCCCCC,0
TOX21SRP53-03499,CO[C@@H]1[C@@H](OC(N)=O)[C@@H](O)[C@H](Oc2ccc3c([O-])c(NC(=O)c4ccc(O)c(CC=C(C)C)c4)c(=O)oc3c2C)OC1(C)C,0
TOX21SRP53-03500,CC(CCc1ccccc1)NC(C)C(O)c1ccc(O)cc1,0
TOX21SRP53-03501,C#C[C@]1(O)CC[C@H]2[C@@H]3CCC4=CC(=O)CC[C@@H]4[C@H]3CC[C@@]21C,0
TOX21SRP53-03502,O=C1O[C@H]([C@H](O)CO)C([O-])=C1O,0
TOX21SRP53-03503,C[C@]12CC[C@@H]3c4ccc(O)cc4CC[C@H]3[C@@H]1CC[C@@H]2O,1
TOX21SRP53-03504,Clc1ccc2c(c1)C(c1ccccc1)=NCc1nncn1-2,0
TOX21SRP53-03505,Cc1cc2c(s1)Nc1ccccc1N=C2N1CCN(C)CC1,0
TOX21SRP53-03506,CCc1cc(C(N)=S)ccn1,0
TOX21SRP53-03507,C#C[C@]1(O)CC[C@H]2[C@@H]3CCc4cc(O)ccc4[C@H]3CC[C@@]21C,1
TOX21SRP53-03508,CN/C(=N\[N+](=O)[O-])NCc1cnc(Cl)s1,0
TOX21SRP53-03509,CC[C@H](c1ccc(O)cc1)[C@@H](CC)c1ccc(O)cc1,1
TOX21SRP53-03510,CC(=O)OCC(CCn1cnc2cnc(N)nc21)COC(C)=O,0
TOX21SRP53-03511,NC(N)=Nc1nc(CSCC/C(N)=N\S(N)(=O)=O)cs1,0
TOX21SRP53-03512,C=C1C[C@@H]2[C@H](CC[C@]3(C)C(=O)CC[C@@H]23)[C@@]2(C)C=CC(=O)C=C12,0
TOX21SRP53-03513,COc1cc([C@@H]2c3cc4c(cc3C(O[C@@H]3O[C@@H]5CO[C@@H](C)O[C@H]5[C@H](O)[C@H]3O)C3COC(=O)[C@@H]32)OCO4)cc(OC)c1O,1
TOX21SRP53-03514,Cn1c(=O)c2c(ncn2CCOC(=O)C(C)(C)Oc2ccc(Cl)cc2)n(C)c1=O,0
TOX21SRP53-03515,CCOC(=O)c1cncn1C(C)c1ccccc1,0
TOX21SRP53-03516,CCc1cc2c(s1)-n1c(C)nnc1CN=C2c1ccccc1Cl,0
TOX21SRP53-03517,Cn1c(=O)c2c(ncn2CCO)n(C)c1=O,0
TOX21SRP53-03518,Cc1ccccc1NC(=N)Nc1ccccc1C,0
TOX21SRP53-03519,CO[C@H]1O[C@H](CO)[C@@H](O)[C@H](O)[C@H]1O,0
TOX21SRP53-03520,CNC(=O)Oc1cccc(N=CN(C)C)c1,0
TOX21SRP53-03521,O=C1OCCO1,0
TOX21SRP53-03522,C=C(CC(=O)O)C(=O)O,0
TOX21SRP53-03523,CC(C)C(=O)OC(=O)C(C)C,0
TOX21SRP53-03524,O=C1NCCN1c1ncc([N+](=O)[O-])s1,0
TOX21SRP53-03525,Nc1nc2cc(Cl)ccc2o1,0
TOX21SRP53-03526,CN(CCCCCCCCCCN(C)C(=O)Oc1ccccc1[N+](C)(C)C)C(=O)Oc1ccccc1[N+](C)(C)C,0
TOX21SRP53-03527,COc1cc(NC(C)CCCN)c2ncccc2c1,0
TOX21SRP53-03528,Cc1ccc(Cl)cc1N,0
TOX21SRP53-03529,Cc1ccc(N)cc1Cl,0
TOX21SRP53-03530,CC(O)CCl,0
TOX21SRP53-03531,Nc1ccc(N)c(Cl)c1,0
TOX21SRP53-03532,Nc1ccc(Cl)cc1N,0
TOX21SRP53-03533,Nc1ccc(Cl)c(N)c1,0
TOX21SRP53-03534,CCCCN(CCC(=O)OCC)C(C)=O,0
TOX21SRP53-03535,O=[N+]([O-])c1ccccc1Cl,0
TOX21SRP53-03536,COc1cnc(OC)n2nc(NS(=O)(=O)c3c(OCC(F)F)cccc3C(F)(F)F)nc12,0
TOX21SRP53-03537,CC(=O)CCC(=O)[O-].CC(=O)CCC(=O)[O-],0
TOX21SRP53-03538,O=C([O-])[O-].[Sr+2],0
TOX21SRP53-03539,CC(=O)N[C@@H](CCC(=O)O)C(=O)O,0
TOX21SRP53-03540,C=CC(=O)OC(C)(C)C,0
TOX21SRP53-03541,Cn1ccc2cc3c(cc21)CCN3C(=O)Nc1cccnc1,0
TOX21SRP53-03542,CC1(C)CC(O)CC(C)(C)N1,0
TOX21SRP53-03543,Cc1ccccn1,0
TOX21SRP53-03544,Cc1cccnc1,0
TOX21SRP53-03545,OC1CCCCC1,0
TOX21SRP53-03546,Cc1ccncc1,0
TOX21SRP53-03547,CC(C)OC(C)C,0
TOX21SRP53-03548,O=C(O)COc1ccc2ccccc2c1,0
TOX21SRP53-03549,CCCCOC(=O)C(C)O,0
TOX21SRP53-03550,CNC(=S)NC,0
TOX21SRP53-03551,CCCCCCCCCC[N+](C)(C)[O-],0
TOX21SRP53-03552,O=C1CCC(=O)N1Cl,0
TOX21SRP53-03553,CCCCNS(=O)(=O)c1ccc(C)cc1,0
TOX21SRP53-03554,CCN(CCN)c1cccc(C)c1,0
TOX21SRP53-03555,CC(COC(=O)c1ccccc1)OC(=O)c1ccccc1,0
TOX21SRP53-03556,O=C([O-])CNc1ccccc1,0
TOX21SRP53-03557,Cc1ccc2c(c1)C(=O)OC2=O,0
TOX21SRP53-03558,CC(C)(N)C#N,0
TOX21SRP53-03559,CNC(C)Cc1ccccc1OC,0
TOX21SRP53-03560,NCCN1CCOCC1,0
TOX21SRP53-03561,COP(=S)(OC)Oc1ccc(S(N)(=O)=O)cc1,0
TOX21SRP53-03562,CC1CC(C)C(=O)C1=O,0
TOX21SRP53-03563,CC(=O)SCc1ccco1,0
TOX21SRP53-03564,Cc1ccc(C(C)NC(=O)[C@@H](NC(=O)OC(C)C)C(C)C)cc1,0
TOX21SRP53-03565,c1coc(Cn2cccc2)c1,0
TOX21SRP53-03566,Brc1c(Br)c(Br)c(Br)c(Br)c1Br,0
TOX21SRP53-03567,CCCCCCCCCCC=CC#N,0
TOX21SRP53-03568,COC(=O)c1sccc1S(=O)(=O)NC(=O)Nc1nc(C)nc(OC)n1,0
TOX21SRP53-03569,CCCCCCC,0
TOX21SRP53-03570,ClC1=C(Cl)C2(Cl)C3C4OC4C(Cl)C3C1(Cl)C2(Cl)Cl,0
TOX21SRP53-03571,COC(=O)C(C)Oc1ccc(Oc2ncc(C(F)(F)F)cc2Cl)cc1,0
TOX21SRP53-03572,CC1=NN(c2cc(Cl)c(S(=O)(=O)[O-])cc2Cl)C(=O)C1/N=N/c1ccc(S(=O)(=O)[O-])cc1,0
TOX21SRP53-03573,COc1ccccc1/N=N/c1c(S(=O)(=O)[O-])cc2cc(S(=O)(=O)[O-])cc(NC(C)=O)c2c1O,0
TOX21SRP53-03574,CC1(C)[C@@H](O[C@H]2O[C@H](C(=O)O)[C@@H](O)[C@H](O)[C@H]2O[C@@H]2O[C@H](C(=O)O)[C@@H](O)[C@H](O)[C@H]2O)CC[C@@]2(C)[C@H]1CC[C@]1(C)[C@@H]2C(=O)C=C2[C@@H]3C[C@@](C)(C(=O)O)CC[C@]3(C)CC[C@]21C,0
TOX21SRP53-03575,ClCCOCCOCCCl,0
TOX21SRP53-03576,COC(Cc1ccccc1)OC,0
TOX21SRP53-03577,Cc1c(C(=O)O)c(O)cc2c1C(=O)c1c(O)c([C@@H]3O[C@H](CO)[C@@H](O)[C@H](O)[C@H]3O)c(O)c(O)c1C2=O,0
TOX21SRP53-03578,Nc1c(/N=N/c2ccc(-c3ccc(/N=N/c4cc(S(=O)(=O)[O-])c5ccccc5c4N)cc3)cc2)cc(S(=O)(=O)[O-])c2ccccc12,0
TOX21SRP53-03579,Cc1cc(-c2ccc(/N=N/c3ccc4c(S(=O)(=O)[O-])cc(S(=O)(=O)[O-])c(N)c4c3O)c(C)c2)ccc1/N=N/c1ccc2c(S(=O)(=O)[O-])cc(S(=O)(=O)[O-])c(N)c2c1O,0
TOX21SRP53-03580,O=c1[nH]c2cc(Cl)ccc2o1,0
TOX21SRP53-03581,NS(=O)(=O)c1cc(C2(O)NC(=O)c3ccccc32)ccc1Cl,0
TOX21SRP53-03582,CCC(=O)O[C@]1(C(=O)CCl)[C@@H](C)C[C@H]2[C@@H]3C[C@H](F)C4=CC(=O)C=C[C@]4(C)[C@@]3(F)[C@@H](O)C[C@@]21C,0
TOX21SRP53-03583,O=C([O-])c1cc(O)c2c3nc4ccccc4oc-3cc(=O)c2n1,0
TOX21SRP53-03584,CCC(C)(Oc1ccc(C2(c3ccc(OC(C)(CC)C(=O)O)cc3)CCCCC2)cc1)C(=O)O,0
TOX21SRP53-03585,C(=C\c1ccccc1)\c1ccccc1,0
TOX21SRP53-03586,Cc1cccc(C)c1NC(=O)CC12CCCN1CCC2,0
TOX21SRP53-03587,CC(C)=CCC/C(C)=C/CC/C(C)=C/CC/C=C(\C)CC/C=C(\C)CCC=C(C)C,0
TOX21SRP53-03588,C[C@]12CC[C@H]3[C@@H](CC=C4C[C@@H](O)CC[C@@]43C)[C@@H]1CC[C@@H]2O,0
TOX21SRP53-03589,CC[N+](C)(C)c1cccc(O)c1,0
TOX21SRP53-03590,COC(=O)c1ccccc1O,0
TOX21SRP53-03591,Cc1ccc2ccc3cccc4ccc1c2c34,0
TOX21SRP53-03592,Nc1cc(-c2ccncc2)c[nH]c1=O,0
TOX21SRP53-03593,Cc1ccc2cccnc2c1,0
TOX21SRP53-03594,CC(C)(C#N)c1cc(Cn2cncn2)cc(C(C)(C)C#N)c1,0
TOX21SRP53-03595,CC(C)Cc1nccs1,0
TOX21SRP53-03596,Nc1cc(Cl)c(NC2=NCCN2)c(Cl)c1,0
TOX21SRP53-03597,CCN(CC)CCNC(=O)c1ccc(NC(C)=O)cc1,0
TOX21SRP53-03598,O=C(Oc1ccccc1)c1ccccc1C(=O)Oc1ccccc1,0
TOX21SRP53-03599,COP(=O)(OC)OC(c1ccc(Cl)cc1)P(=O)(OC)OC,0
TOX21SRP53-03600,CC1(N)CCC(C(C)(C)N)CC1,0
TOX21SRP53-03601,Cn1nc(N)c2cn([C@@H]3O[C@H](CO)[C@@H](O)[C@H]3O)c3ncnc1c23,0
TOX21SRP53-03602,CCC(CC)(CC(=O)Nc1cccc(/C=C/c2nc(C3CCC3)cs2)c1)C(=O)O,0
TOX21SRP53-03603,Cc1cc2nc3c(=O)[nH]c(=O)nc-3n(C[C@H](O)[C@H](O)[C@H](O)CO)c2cc1C,0
TOX21SRP53-03604,OC(CN1CCC(Cc2ccc(F)cc2)CC1)c1ccc(Cl)cc1,0
TOX21SRP53-03605,Cc1c[nH]c2ccccc12,0
TOX21SRP53-03606,c1cc2c3c(cccc3c1)CC2,0
TOX21SRP53-03607,CC/C(=N\OC/C=C/Cl)C1=C(O)CC(C2CCOCC2)CC1=O,0
TOX21SRP53-03608,CCOP(=O)(OCC)OC(=CCl)c1ccc(Cl)cc1Cl,0
TOX21SRP53-03609,NC(=O)CF,0
TOX21SRP53-03610,CC(C)(C)Cl,0
TOX21SRP53-03611,CC(C)O[Ti](OCCN(CCO)CCO)(OCCN(CCO)CCO)OC(C)C,0
TOX21SRP53-03612,CCCCCCCCCCCCSC,0
TOX21SRP53-03613,O=C1CCCN1CCO,0
TOX21SRP53-03614,CN(C)C=Nc1c(I)cc(I)c(CCC(=O)[O-])c1I,0
TOX21SRP53-03615,CC(=O)Nc1c(I)c(C(=O)[O-])c(I)c(N(C)C(C)=O)c1I,0
TOX21SRP53-03616,CCCCC(CC)COC(=O)OOC(C)(C)C,0
TOX21SRP53-03617,CCCCNC1CC(C)(C)NC(C)(C)C1,0
TOX21SRP53-03618,CCCCC(CC)CO[PH](=O)OCC(CC)CCCC,0
TOX21SRP53-03619,O=C(C(=O)c1ccc(Br)cc1)c1ccc(Br)cc1,0
TOX21SRP53-03620,CCn1cc(C(=O)O)c(=O)c2cc(F)c(N3CCNC(C)C3)c(F)c21,0
TOX21SRP53-03621,C[C@@H](O)[C@H]1C(=O)N2C(C(=O)O)=C(S[C@@H]3CN[C@H](C(=O)N(C)C)C3)[C@H](C)[C@H]12,0
TOX21SRP53-03622,O=C(NCC(O)CO)c1c(I)c(C(=O)NCC(O)CO)c(I)c(N(CCO)C(=O)CO)c1I,0
TOX21SRP53-03623,CC(=O)N(CC(O)CN(C(C)=O)c1c(I)c(C(=O)NCC(O)CO)c(I)c(C(=O)NCC(O)CO)c1I)c1c(I)c(C(=O)NCC(O)CO)c(I)c(C(=O)NCC(O)CO)c1I,0
TOX21SRP53-03624,O=C(O)COC(=O)Cc1ccccc1Nc1c(Cl)cccc1Cl,0
TOX21SRP53-03625,O=S(=O)(O)c1ccccc1O,0
TOX21SRP53-03626,CCCCCCCC/C=C\CCCCCCCC(=O)OC[C@@H](O)[C@H]1OC[C@H](O)[C@H]1O,0
TOX21SRP53-03627,CCC1CCC(CCC(=O)O)C1,0
TOX21SRP53-03628,CC(=O)Oc1cc2c(s1)CCN(C(C(=O)C1CC1)c1ccccc1F)C2,0
TOX21SRP53-03629,Nc1ccccc1S(=O)(=O)c1ccccc1,0
TOX21SRP53-03630,CCOC(=O)[C@H](CCc1ccccc1)N[C@@H](C)C(=O)N1[C@H](C(=O)O)C[C@@H]2CCC[C@@H]21,0
TOX21SRP53-03631,O=C(c1ccc(OCCN2CCCCC2)cc1)c1c(-c2ccc(O)cc2)sc2cc(O)ccc12,1
TOX21SRP53-03632,CCOc1cc(CC(=O)N[C@@H](CC(C)C)c2ccccc2N2CCCCC2)ccc1C(=O)O,0
TOX21SRP53-03633,COC(=O)[C@H]1[C@H]2C[C@@H]3c4[nH]c5cc(OC)ccc5c4CCN3C[C@H]2C[C@@H](OC(=O)C=Cc2cc(OC)c(OC)c(OC)c2)[C@@H]1OC,0
TOX21SRP53-03634,NC(=O)c1ncn([C@@H]2O[C@H](CO)[C@@H](O)[C@H]2O)n1,1
TOX21SRP53-03635,CC1=C(/C=C/C(C)=C/C=C/C(C)=C/CO)C(C)(C)CCC1,0
TOX21SRP53-03636,CCCCCCCC(=O)CC[C@H]1[C@H](O)C[C@H](O)[C@@H]1C/C=C\CCCC(=O)OC(C)C,1
TOX21SRP53-03637,CCN1CCCC1CNC(=O)c1cc(S(=O)(=O)CC)ccc1OC,0
TOX21SRP53-03638,CCCCOCCOCCOC(C)=O,0
TOX21SRP53-03639,O=C1CCCCO1,0
TOX21SRP53-03640,CCCCOC(=O)CC#N,0
TOX21SRP53-03641,COc1ccc(C(CN(C)C)C2(O)CCCCC2)cc1,0
TOX21SRP53-03642,CC(=O)O[C@H]1C[C@@H]2CC[C@@H]3[C@H](CC[C@@]4(C)[C@H]3C[C@H]([N+]3(C)CCCCC3)[C@@H]4OC(C)=O)[C@@]2(C)C[C@@H]1N1CCCCC1,0
TOX21SRP53-03643,CCCC(CCC)C(=O)O,0
TOX21SRP53-03644,O=C(Cc1ccccc1)c1ccccc1,0
TOX21SRP53-03645,CC(C)(C)NCCO,0
TOX21SRP53-03646,C=CC(N)CCC(=O)O,0
TOX21SRP53-03647,CCN(CC)CCOC(=O)c1ccc(N)cc1,0
TOX21SRP53-03648,CC(=O)C1CCOC1=O,0
TOX21SRP53-03649,Nc1cc(N)cc(C(=O)O)c1,0
TOX21SRP53-03650,N#CC(Br)(Br)C(N)=O,0
TOX21SRP53-03651,N#Cc1c(Cl)cccc1Cl,0
TOX21SRP53-03652,c1ccc2occc2c1,0
TOX21SRP53-03653,Nc1nc(N)nc(-c2ccccc2)n1,0
TOX21SRP53-03654,O=C(O)c1ccccc1,0
TOX21SRP53-03655,O=C(c1ccccc1)C(O)c1ccccc1,0
TOX21SRP53-03656,O=C1C=CC(=O)C=C1,0
TOX21SRP53-03657,c1ccc2sc(SSc3nc4ccccc4s3)nc2c1,0
TOX21SRP53-03658,c1ccc2[nH]nnc2c1,0
TOX21SRP53-03659,ClC(Cl)(Cl)c1ccccc1,0
TOX21SRP53-03660,NNC(=O)c1ccccc1,0
TOX21SRP53-03661,CS(=O)(=O)Nc1ccc([N+](=O)[O-])cc1Oc1ccccc1,0
TOX21SRP53-03662,CCCC/C=C/C=C\C=O,0
TOX21SRP53-03663,CC(C)=CCCC(C)CC(=O)O,0
TOX21SRP53-03664,CCc1nccnc1CC,0
TOX21SRP53-03665,COc1ccc(O)cc1,0
TOX21SRP53-03666,c1ccc(Nc2cccc3ccccc23)cc1,0
TOX21SRP53-03667,N#Cc1ccncc1,0
TOX21SRP53-03668,C[C@@H](N)[C@@H](O)c1ccccc1,0
TOX21SRP53-03669,NCCCN1CCOCC1,0
TOX21SRP53-03670,O=[N+]([O-])c1cc[n+]([O-])cc1,0
TOX21SRP53-03671,CC1(C)CC(=O)CC(C)(C)N1,0
TOX21SRP53-03672,O=C(O)C(O)C(O)C(=O)O,0
TOX21SRP53-03673,Sc1ccccc1,0
TOX21SRP53-03674,O=c1c2ccccc2c(=O)c2c1cc(Cl)c1[nH]c3c([nH]c12)c(Cl)cc1c(=O)c2ccccc2c(=O)c13,0
TOX21SRP53-03675,COc1ccc2nc(NC(=O)Nc3ccccc3)sc2c1,0
TOX21SRP53-03676,CCC(C(=O)OCCOCCN(CC)CC)c1ccccc1.O=C(O)CC(O)(CC(=O)O)C(=O)O,0
TOX21SRP53-03677,Cc1ccc(S(=O)(=O)NC(=O)NC2CCCCC2)cc1,0
TOX21SRP53-03678,CC(O)C(=O)O.CCOc1ccc2nc3cc(N)ccc3c(N)c2c1,1
TOX21SRP53-03679,NS(=O)(=O)c1ccc(NC(=O)CCC(=O)O)cc1,0
TOX21SRP53-03680,COc1ccc(S(=O)(=O)Nc2nnc(CC(C)C)s2)cc1,0
TOX21SRP53-03681,CC(C)(O)C(=O)O,0
TOX21SRP53-03682,CC[C@@H]1C[C@H](N(Cc2cc(C(F)(F)F)cc(C(F)(F)F)c2)C(C)=O)c2cc(C(F)(F)F)ccc2N1C(=O)OC(C)C,0
TOX21SRP53-03683,CC(C)(O)c1ccc(CNC(=O)c2cccnc2Oc2ccc(F)cc2)cc1,0
TOX21SRP53-03684,CNCc1ccc(NC(=O)c2c[nH]c3c2C(=O)CCC3)cc1,0
TOX21SRP53-03685,CC(Cc1ccc(OCC(=O)O)cc1)NCC(O)c1csc(C(F)(F)F)n1,0
TOX21SRP53-03686,Cc1nccn1-c1ccc(Sc2cccc(C3(C(N)=O)CCOCC3)c2)cc1,0
TOX21SRP53-03687,O=c1[nH]c2ccc(S(=O)CCN3CCC(Cc4ccc(F)cc4)CC3)cc2o1,0
TOX21SRP53-03688,Nc1cc(Cl)c(O)c(Cl)c1,1
TOX21SRP53-03689,O=C1CCC(C2CCCCC2)CC1,0
TOX21SRP53-03690,OC1CCC(C2CCCCC2)CC1,0
TOX21SRP53-03691,Cc1c(C(=O)NCCO)[n+]([O-])c2ccccc2[n+]1[O-],0
TOX21SRP53-03692,OC(Cn1cncn1)(c1ccc(F)cc1)c1ccccc1F,0
TOX21SRP53-03693,CCCCOP(=O)(O)OCCCC,0
TOX21SRP53-03694,NC(=O)c1ccc([N+](=O)[O-])cc1,0
TOX21SRP53-03695,CCCO[Si](OCCC)(OCCC)OCCC,0
TOX21SRP53-03696,CCCCC[C@H](O)/C=C/[C@H]1[C@H](O)CC(=O)[C@@H]1CCCCCCC(=O)O,0
TOX21SRP53-03697,CCCC(=O)Cl,0
TOX21SRP53-03698,CCCCCCCCCl,0
TOX21SRP53-03699,Oc1ccccc1Cl,0
TOX21SRP53-03700,CC(Cl)C(=O)O,0
TOX21SRP53-03701,O=C(O)CCCl,0
TOX21SRP53-03702,O=[Cd],0
TOX21SRP53-03703,COc1ccc(OC)c(C(O)CNC(=O)CN)c1,0
TOX21SRP53-03704,CSc1cnccn1,0
TOX21SRP53-03705,C=CC(C)(CCC=C(C)C)OC(=O)C(C)C,0
TOX21SRP53-03706,CCCCCCCCCCOC(=O)c1ccccc1C(=O)OCCCCCCCC,0
TOX21SRP53-03707,CC(C)OC=O,0
TOX21SRP53-03708,N#Cc1cccc(C#N)c1,0
TOX21SRP53-03709,CCOC(=O)/C=C/C(=O)OCC,0
TOX21SRP53-03710,CCC(C)COC(C)=O,0
TOX21SRP53-03711,c1ccc(Cc2ccccc2)cc1,0
TOX21SRP53-03712,C[C@H]1CNCCc2ccc(Cl)cc21,0
TOX21SRP53-03713,Cc1nnc(C(=O)NC(C)(C)c2nc(C(=O)NCc3ccc(F)cc3)c(O)c(=O)n2C)o1,0
TOX21SRP53-03714,O=S(=O)(c1ccccc1)c1ccccc1,0
TOX21SRP53-03715,CCC(C)OC(=O)c1ccc(O)cc1,0
TOX21SRP53-03716,Cc1ccc(NC(=O)N(C)C)cc1NC(=O)N(C)C,0
TOX21SRP53-03717,[O-][n+]1ccccc1SSc1cccc[n+]1[O-],1
TOX21SRP53-03718,C=COCC1CCC(COC=C)CC1,0
TOX21SRP53-03719,N#Cc1c(F)cccc1F,0
TOX21SRP53-03720,S=C=S,0
TOX21SRP53-03721,Nc1c(NC/C=C\COc2cc(CN3CCCCC3)ccn2)c(=O)c1=O,0
TOX21SRP53-03722,CN1[C@H]2CC[C@@H]1C[C@H](NC(=O)n1c(=O)[nH]c3ccccc31)C2,0
TOX21SRP53-03723,C1CCc2nnnn2CC1,0
TOX21SRP53-03724,CC(C(=O)O)c1ccc(/C=C2\CCCCC2=O)cc1,0
TOX21SRP53-03725,CCCCCOc1ccc(C2SC(=O)NC2=O)cc1OCC,0
TOX21SRP53-03726,CC[N+](CC)(CC)CCOC(=O)C(C1CCCC1)C1CCCC1,0
TOX21SRP53-03727,CCOC(=O)c1ccc(OCCN2C[C@H](O)[C@@H](O)[C@H](O)[C@H]2CO)cc1,0
TOX21SRP53-03728,CCC(C)N(C)C(=O)c1cc2ccccc2c(-c2ccccc2Cl)n1,0
TOX21SRP53-03729,Cc1ccc(/C=N/n2c(-c3ccccc3)csc2=S)cc1,0
TOX21SRP53-03730,CN(C)CCOC(c1ccc(Cl)cc1)c1ccccn1,0
TOX21SRP53-03731,NC[C@@H]1O[C@H](O[C@@H]2[C@@H](CO)O[C@@H](O[C@@H]3[C@@H](O)[C@H](N)C[C@H](N)[C@H]3O[C@H]3O[C@H](CO)[C@@H](O)[C@H](O)[C@H]3N)[C@@H]2O)[C@H](N)[C@@H](O)[C@@H]1O,0
TOX21SRP53-03732,Clc1ccc(C(Cl)(Cl)Cl)cn1,0
TOX21SRP53-03733,c1ccc(P(c2ccccc2)c2ccccc2)cc1,0
TOX21SRP53-03734,c1ccc(OP(Oc2ccccc2)Oc2ccccc2)cc1,0
TOX21SRP53-03735,CC(CCl)OP(=O)(OC(C)CCl)OC(C)CCl,0
TOX21SRP53-03736,ClCCOP(OCCCl)OCCCl,0
TOX21SRP53-03737,CCOC(=O)OCC,0
TOX21SRP53-03738,CCN(C(=O)N(CC)c1ccccc1)c1ccccc1,0
TOX21SRP53-03739,C=CC(=O)OCCOCCOC(=O)C=C,0
TOX21SRP53-03740,CCOCCOCCOCC,0
TOX21SRP53-03741,CCOP(=S)(OCC)SCCSCC,0
TOX21SRP53-03742,COCCOCCO,0
TOX21SRP53-03743,C1CN2CCN1CC2,0
TOX21SRP53-03744,COc1ccc(OC)cc1,0
TOX21SRP53-03745,CCCCCCCC/C=C\CCCCCCCCO,0
TOX21SRP53-03746,CC(C)OC(=O)C(C)(C)Oc1ccc(C(=O)c2ccc(Cl)cc2)cc1,0
TOX21SRP53-03747,ClC(Cl)(Cl)Br,0
TOX21SRP53-03748,CC(C)(C)NC[C@H](O)COc1cccc2c1CCCC2=O,0
TOX21SRP53-03749,CC(C(=O)O)c1cccc(C(=O)c2ccccc2)c1,0
TOX21SRP53-03750,C=C(C)[C@H]1CC=C(C)CC1,0
TOX21SRP53-03751,Nc1nc(=O)[nH]cc1F,0
TOX21SRP53-03752,O=C(O)Cc1sc(-c2ccccc2)nc1-c1ccc(Cl)cc1,0
TOX21SRP53-03753,CC(C)=CCC1C(=O)N(c2ccccc2)N(c2ccccc2)C1=O,1
TOX21SRP53-03754,O=c1[nH]c(=O)n([C@H]2C[C@H](O)[C@@H](CO)O2)cc1F,1
TOX21SRP53-03755,O=CC1CC=CCC1,0
TOX21SRP53-03756,CS(=O)(=O)c1ccc(C(=O)C2C(=O)CCCC2=O)c([N+](=O)[O-])c1,0
TOX21SRP53-03757,SCc1ccccc1,0
TOX21SRP53-03758,N#Cc1cccnc1,0
TOX21SRP53-03759,CCC1(CC)C(=O)C=CNC1=O,0
TOX21SRP53-03760,COc1c2occc2c(OC)c2c(=O)cc(C)oc12,0
TOX21SRP53-03761,Nc1ccc(S(=O)(=O)Nc2ccc(Cl)nn2)cc1,0
TOX21SRP53-03762,O=C(O)CO,0
TOX21SRP53-03763,O=CC=O,0
TOX21SRP53-03764,CC1CCC(C(C)C)C(O)C1,0
TOX21SRP53-03765,CN(C)CCOC(C)(c1ccccc1)c1ccccn1.O=C(O)CCC(=O)O,0
TOX21SRP53-03766,Sc1nc2ccccc2s1,0
TOX21SRP53-03767,NCCc1ccc(O)c(O)c1,0
TOX21SRP53-03768,O=c1oc2c(O)c(O)cc3c(=O)oc4c(O)c(O)cc1c4c23,0
TOX21SRP53-03769,Cc1cnc(NC(=O)C2=C(O)c3ccccc3S(=O)(=O)N2C)s1,0
TOX21SRP53-03770,Nc1nc(N)nc(N)n1,0
TOX21SRP53-03771,CC[C@H]1CN2CCc3cc(OC)c(OC)cc3[C@@H]2C[C@@H]1C[C@H]1NCCc2cc(OC)c(OC)cc21,0
TOX21SRP53-03772,O=S(=O)([O-])CCS,0
TOX21SRP53-03773,CCn1cc[n+](C)c1C.O=S(=O)([N-]S(=O)(=O)C(F)(F)F)C(F)(F)F,0
TOX21SRP53-03774,CCCCCCCCCCCCSCCOCCO,0
TOX21SRP53-03775,N=C(N)n1cccn1,0
TOX21SRP53-03776,FC(F)(F)COCC(F)(F)F,0
TOX21SRP53-03777,Cc1c(I)c(=O)n(-c2ccccc2)n1C,0
TOX21SRP53-03778,CCC(C(N)=O)N1CCCC1=O,0
TOX21SRP53-03779,CC(=O)N[C@@H](Cc1ccc(O)cc1)C(=O)O,0
TOX21SRP53-03780,OCC(O)CS,0
TOX21SRP53-03781,CC(=O)c1ccc2ccc3ccccc3c2c1,1
TOX21SRP53-03782,Nc1ccc(NCCO)c([N+](=O)[O-])c1,0
TOX21SRP53-03783,Cc1cc(C)c(S(=O)(=O)[O-])cc1N=Nc1cc(S(=O)(=O)[O-])c2ccccc2c1O,0
TOX21SRP53-03784,COc1ccccc1N1CCN(CCCCNC(=O)c2ccc(-c3ccc(C(C)=O)cc3)cc2)CC1,0
TOX21SRP53-03785,[Be+2],0
TOX21SRP53-03786,COCCOCCOCCOCCO,0
TOX21SRP53-03787,Cc1cccc(Oc2ccccc2)c1,0
TOX21SRP53-03788,CCCCCCCCCCCCCCCCCCCl,0
TOX21SRP53-03789,O=C(CC(C(=O)OC1CCCCC1)S(=O)(=O)[O-])OC1CCCCC1,0
TOX21SRP53-03790,CC/C(C)=N/O[Si](C)(O/N=C(\C)CC)O/N=C(\C)CC,0
TOX21SRP53-03791,CC(C)(C)C(=O)C(Cl)Cl,0
TOX21SRP53-03792,CCCOc1nn(C(=O)[N-]S(=O)(=O)c2ccccc2C(=O)OC)c(=O)n1C,0
TOX21SRP53-03793,CCCCCCC(CCCCCCCCCCC(=O)OCC(COC(C)=O)OC(C)=O)OC(C)=O,0
TOX21SRP53-03794,CC(C)CCCCCCOC(=O)C1CCCCC1C(=O)OCCCCCCC(C)C,0
TOX21SRP53-03795,c1ccc2cnccc2c1,0
TOX21SRP53-03796,C=CC(C)(CCC=C(C)C)OC=O,0
TOX21SRP53-03797,Cc1nc(-c2ccccn2)ncc1C(=O)Nn1cc(C)c2cc(F)ccc21,0
TOX21SRP53-03798,CCCCCCCCCCCCOC(C)=O,0
TOX21SRP53-03799,CC1C(C)(C)C2=C(C(=O)CCC2)C1(C)C,0
TOX21SRP53-03800,CC(=O)OCCCc1ccccc1,0
TOX21SRP53-03801,COc1ccc(COC=O)cc1,0
TOX21SRP53-03802,Oc1ccc(Cl)c2c1CCC2,0
TOX21SRP53-03803,CC(C)=CCC/C(C)=C/CC/C(C)=C/CO,0
TOX21SRP53-03804,O=C(NC(=O)c1c(F)cccc1F)Nc1cc(Cl)c(Oc2ncc(C(F)(F)F)cc2Cl)c(Cl)c1,1
TOX21SRP53-03805,OC[C@H](O)[C@@H](O)[C@H](O[C@@H]1O[C@H](CO)[C@H](O)[C@H](O)[C@H]1O)[C@H](O)CO,0
TOX21SRP53-03806,FC1(F)C(F)(F)C(F)(F)C2(F)C(F)(C1(F)F)C(F)(F)C(F)(F)C1(F)C(F)(F)C(F)(F)C(F)(F)C(F)(F)C12F,0
TOX21SRP53-03807,CC1(C)O[C@@H]2CO[C@@]3(COS(N)(=O)=O)OC(C)(C)O[C@H]3[C@@H]2O1,0
TOX21SRP53-03808,CC(C)CC(C)CC(C)CC(C)COC(=O)c1ccccc1C(=O)OCC(C)CC(C)CC(C)CC(C)C,0
TOX21SRP53-03809,F[B-](F)(F)F,0
TOX21SRP53-03810,C=C(Nc1ccc(OCC)cc1)Nc1ccc(OCC)cc1,0
TOX21SRP53-03811,C[N+]12CCC(CC1)C(OC(=O)C(O)(c1ccccc1)c1ccccc1)C2,0
TOX21SRP53-03812,CC(C)/N=c1/cc2n(-c3ccc(Cl)cc3)c3ccccc3nc-2cc1Nc1ccc(Cl)cc1,0
TOX21SRP53-03813,C=CCOC(=O)CCCCCC,0
TOX21SRP53-03814,O=C(Nc1cccc(C(F)(F)F)c1)c1cc(Br)cc(Br)c1O,1
TOX21SRP53-03815,COc1cc(C(=O)NCCCCCC(=O)O)cc(OC)c1OC,0
TOX21SRP53-03816,O=S(=O)(Cl)Cl,0
TOX21SRP53-03817,C=C(Cl)CSC(=S)N(CC)CC,0
TOX21SRP53-03818,OC[C@H]1O[C@H](O[C@]2(CO)O[C@H](CO)[C@@H](O)[C@@H]2O)[C@H](O)[C@@H](O)[C@@H]1O,0
TOX21SRP53-03819,O=S(=O)([O-])[S-],0
TOX21SRP53-03820,CC(=O)NS(=O)(=O)c1ccc(N)cc1,0
TOX21SRP53-03821,CN(N=O)C(=O)N[C@H]1[C@@H](O)O[C@H](CO)[C@@H](O)[C@@H]1O,0
TOX21SRP53-03822,O=C1CCC(=O)O1,0
TOX21SRP53-03823,c1ccc(C2CO2)cc1,0
TOX21SRP53-03824,Nc1ccc(S(=O)(=O)Nc2nccs2)cc1,0
TOX21SRP53-03825,C=Cc1ccccc1,0
TOX21SRP53-03826,Cc1cc(=O)oc2cc(O)ccc12,1
TOX21SRP53-03827,C=CC(C)=O,0
TOX21SRP53-03828,CC(CCc1ccc(O)cc1)NCCc1ccc(O)c(O)c1,0
TOX21SRP53-03829,CCCCCCOc1ccccc1C(N)=O,0
TOX21SRP53-03830,CC(=O)Nc1ccc(S(=O)(=O)Nc2ccc([N+](=O)[O-])cc2)cc1,0
TOX21SRP53-03831,CC[C@@H](C(=O)[C@@H](C)[C@@H](O)[C@H](C)CCc1ccc(C)c(O)c1C(=O)[O-])[C@H]1O[C@](CC)([C@H]2CC[C@](O)(CC)[C@H](C)O2)C[C@@H]1C,1
TOX21SRP53-03832,O=C1C(O)=C(O)C(=O)C(O)=C1O,0
TOX21SRP53-03833,CC(N)CCCC(C)(C)O,0
TOX21SRP53-03834,CCc1cn([C@H]2C[C@H](O)[C@@H](CO)O2)c(=O)[nH]c1=O,0
TOX21SRP53-03835,COc1ccc(-c2cc(=O)c3c(O)cc(O[C@@H]4O[C@H](CO[C@@H]5O[C@@H](C)[C@H](O)[C@@H](O)[C@H]5O)[C@@H](O)[C@H](O)[C@H]4O)cc3o2)cc1O,0
TOX21SRP53-03836,CCc1cccc(O)c1,0
TOX21SRP53-03837,O=C(c1ccccc1)c1ccc(O)cc1,0
TOX21SRP53-03838,O=C(O)/C=C/c1ccccc1,0
TOX21SRP53-03839,O=C(NCCN1CCOCC1)c1ccc(Cl)cc1,0
TOX21SRP53-03840,CCCCCCCCCCCCOCCCN,0
TOX21SRP53-03841,CCc1cccc(CC)c1NC(=O)CN(CC(=O)O)CC(=O)O,0
TOX21SRP53-03842,COc1ccc(C(=O)CCC(=O)O)c2ccccc12,0
TOX21SRP53-03843,O=C(OCCO)c1ccccc1O,0
TOX21SRP53-03844,O=C([O-])CC(S[Au])C(=O)[O-],0
TOX21SRP53-03845,CCC(=O)O[C@H]1CC[C@H]2[C@@H]3CCc4cc(O)ccc4[C@H]3CC[C@]12C,1
TOX21SRP53-03846,O=C(O)c1cc2ccccc2c(Cc2c(O)c(C(=O)O)cc3ccccc23)c1O,0
TOX21SRP53-03847,CCOc1ccc(C[C@H]2NC(=O)CCSSC[C@@H](C(=O)N3CCC[C@H]3C(=O)N[C@@H](CCCN)C(=O)NCC(N)=O)NC(=O)[C@H](CC(N)=O)NC(=O)[C@H]([C@@H](C)O)NC(=O)[C@H]([C@@H](C)CC)NC2=O)cc1,0
TOX21SRP53-03848,CCCC1([C@H](O)C/C=C/[C@H]2[C@H](O)CC(=O)[C@@H]2CCCCCCC(=O)OC)CCC1,1
TOX21SRP53-03849,CSCC[C@H](NC(=O)[C@H](Cc1c[nH]c2ccccc12)NC(=O)CCNC(=O)OC(C)(C)C)C(=O)N[C@@H](CC(=O)O)C(=O)N[C@@H](Cc1ccccc1)C(N)=O,0
TOX21SRP53-03850,C1CNCCN1.C[C@H](CCC(=O)O)[C@H]1CC[C@H]2[C@H]3[C@H](C[C@H](O)[C@@]21C)[C@@]1(C)CC[C@@H](O)C[C@H]1C[C@H]3O,0
TOX21SRP53-03851,CN1[C@H]2CC[C@@H]1C[C@H](OC(c1ccccc1)c1ccccc1)C2,0
TOX21SRP53-03852,CC(C)(C)c1ccc(CN2CCN(C(c3ccccc3)c3ccc(Cl)cc3)CC2)cc1,0
TOX21SRP53-03853,OC(CCN1CCCCC1)(c1ccccc1)c1ccccc1,0
TOX21SRP53-03854,O=C(O)CCc1nc2ccccc2[nH]1,0
TOX21SRP53-03855,CN1CCN(c2c(F)cc3c(=O)c(C(=O)O)cn(CCF)c3c2F)CC1,0
TOX21SRP53-03856,CC(C)=O,0
TOX21SRP53-03857,NC(=O)[C@@H]1CCCN1C(=O)[C@H](Cc1cnc[nH]1)NC(=O)[C@@H]1CCC(=O)N1,0
TOX21SRP53-03858,C[C@@H]1O[C@@H](O[C@@H]2C=C3CC[C@@H]4[C@H](CC[C@]5(C)[C@@H](c6ccc(=O)oc6)CC[C@]45O)[C@@]3(C)CC2)[C@H](O)[C@H](O)[C@H]1O,0
TOX21SRP53-03859,CC(O)Cn1cnc2c1c(=O)n(C)c(=O)n2C,0
TOX21SRP53-03860,O=NN(CCO)CCO,0
TOX21SRP53-03861,CCCCN(CCCC)N=O,0
TOX21SRP53-03862,C#CC1(O)CCCCC1,0
TOX21SRP53-03863,Nc1cccc2c(O)nnc(O)c12,0
TOX21SRP53-03864,OCC(F)(F)F,0
TOX21SRP53-03865,CC(=O)CN(CC(C)=O)N=O,0
TOX21SRP53-03866,CC(=O)C(C)(C)C,0
TOX21SRP53-03867,CC(C)CO,0
TOX21SRP53-03868,CCCCOCCOP(=O)(OCCOCCCC)OCCOCCCC,0
TOX21SRP53-03869,Nc1nc(CC(=O)O)cs1,0
TOX21SRP53-03870,Nc1nccs1,0
TOX21SRP53-03871,CN(C)CCCCl,0
TOX21SRP53-03872,COc1cc(C[C@H](C)N)c(OC)cc1C,0
TOX21SRP53-03873,[N-]=[N+]=C1C=Cc2c(cccc2S(=O)(=O)[O-])C1=O,0
TOX21SRP53-03874,Nc1cc(C(=O)O)ccc1Cl,0
TOX21SRP53-03875,COc1ccccc1OCC(O)COC(N)=O,0
TOX21SRP53-03876,CC(=O)N=c1sc(S(N)(=O)=O)nn1C,0
TOX21SRP53-03877,CCC1(CC)C(=O)NC(=O)N(C)C1=O,0
TOX21SRP53-03878,CC[C@@H](CO)NC(=O)[C@@H]1C=C2c3cccc4[nH]cc(c34)C[C@H]2N(C)C1,0
TOX21SRP53-03879,CN1C(C)(C)CC(O)CC1(C)C,0
TOX21SRP53-03880,CCCCOCCOC(=O)COc1ccc(Cl)cc1Cl,0
TOX21SRP53-03881,CCCC/C=C\CCCCCCCCCC=O,0
TOX21SRP53-03882,CCCC/C=C/CCCCO,0
TOX21SRP53-03883,CCC1(CC)C(=O)N=C([O-])NC1=O,0
TOX21SRP53-03884,O=C1CC(=O)NC(=O)N1,0
TOX21SRP53-03885,COP(=S)(OC)SCn1nnc2ccccc2c1=O,0
TOX21SRP53-03886,c1ccc(N=Nc2ccccc2)cc1,0
TOX21SRP53-03887,[N-]=[N+]=[N-],0
TOX21SRP53-03888,Cc1cn([C@H]2C[C@H](N=[N+]=[N-])[C@@H](CO)O2)c(=O)[nH]c1=O,0
TOX21SRP53-03889,CCCCN(CCO)CCO,0
TOX21SRP53-03890,N#CCc1ccc(Cl)cc1Cl,0
TOX21SRP53-03891,C=C1CC[C@H]2C[C@@H]1C2(C)C,0
TOX21SRP53-03892,CCOC(=O)Cc1ccccc1,0
TOX21SRP53-03893,O=c1[nH]c2ccc(Cl)cc2o1,0
TOX21SRP53-03894,CC1CC(=O)NN=C1c1ccc(NCC(C)(C)NCC(O)COc2cc(Cl)ccc2C#N)cc1,0
TOX21SRP53-03895,CC(C)CCC(=O)CCC(C)C,0
TOX21SRP53-03896,O=C(O)COc1ccccc1,0
TOX21SRP53-03897,c1ccc2nccnc2c1,0
TOX21SRP53-03898,O=C1CCN(c2ccccc2)N1,0
TOX21SRP53-03899,CC(C)=CCC1=C(O)C(=O)c2ccccc2C1=O,1
TOX21SRP53-03900,O=C1c2ccccc2Cc2ccccc21,0
TOX21SRP53-03901,C#CCOc1ccc2c(C)cc(=O)oc2c1,0
TOX21SRP53-03902,Cc1cc(C)c(NC(=O)CN(CC(=O)O)CC(=O)O)c(C)c1Br,0
TOX21SRP53-03903,CC/C=C\CCOC(=O)c1ccccc1O,0
TOX21SRP53-03904,CC(=O)OCC(C)C,0
TOX21SRP53-03905,CC(C)(O)CCC(C)(C)O,0
TOX21SRP53-03906,CCCCCCCCCCCCCC(=O)OC(C)C,0
TOX21SRP53-03907,CC(=O)OC1CCCCC1C(C)(C)C,0
TOX21SRP53-03908,Cc1oncc1C(=O)Nc1ccc(C(F)(F)F)cc1,0
TOX21SRP53-03909,Cc1c(OCC(F)(F)F)ccnc1CS(=O)c1nc2ccccc2[nH]1,0
TOX21SRP53-03910,CC(C)CCC[C@@H](C)[C@H]1CC[C@H]2[C@@H]3CC[C@@H]4C[C@H](O)CC[C@]4(C)[C@H]3CC[C@@]21C,0
TOX21SRP53-03911,C=C[C@]1(C)C[C@@H](OC(=O)CSCCN(CC)CC)[C@]2(C)C(C)CC[C@]3(CCC(=O)[C@H]32)[C@@H](C)[C@@H]1O,0
TOX21SRP53-03912,CO/N=C(\C(=O)N[C@@H]1C(=O)N2C(C(=O)O)=C(CSC(=O)c3ccco3)CS[C@H]12)c1csc(N)n1,0
TOX21SRP53-03913,NC(=O)N[C@@H](CCC(=O)O)C(=O)O,0
TOX21SRP53-03914,O=C1CC[C@@H](C(=O)N[C@H]2C[C@@H]2c2ccccc2)N1,0
TOX21SRP53-03915,CC(=O)Nc1ccc(OC(C)=O)cc1,0
TOX21SRP53-03916,CC1CCCCN1CCCOC(=O)c1ccccc1,0
TOX21SRP53-03917,O=C1C(=Cc2cccs2)CCCC1=Cc1cccs1,0
TOX21SRP53-03918,C(=Cc1ccncc1)c1ccccc1,0
TOX21SRP53-03919,c1ccc2c(c1)Sc1ccccc1N2CCN1CCCC1,0
TOX21SRP53-03920,CNC(=O)Oc1ccccc1C(=O)Nc1ccccc1,0
TOX21SRP53-03921,CCOC(=O)c1cc(-c2ccccc2)nc2ccc(C)cc12,0
TOX21SRP53-03922,OCC1(CO)COC(C(Cl)(Cl)Cl)OC1,0
TOX21SRP53-03923,ON=CC=NO,0
TOX21SRP53-03924,CC(Oc1ccc(Oc2ncc(C(F)(F)F)cc2Cl)cc1)C(=O)O,0
TOX21SRP53-03925,CC(C)c1cccc(C(C)C)c1NC(=O)[N-]S(=O)(=O)c1cc(C(C)(C)O)co1,0
TOX21SRP53-03926,CCOc1ccc2[nH]cc(C(=O)NCc3ccccc3)c(=O)c2n1,0
TOX21SRP53-03927,c1ccc(C(O[C@@H]2CCCN(CCc3ccc4c(c3)OCO4)C2)c2ccccc2)cc1,0
TOX21SRP53-03928,COc1ccc(OC(F)(F)F)cc1CN[C@H]1CCCN[C@H]1c1ccccc1,0
TOX21SRP53-03929,CCc1nn(C2CCCCC2)c2cc([C@]3(C#N)CC[C@@H](C(=O)O)CC3)ccc12,1
TOX21SRP53-03930,O=C(N[C@@H](Cc1ccccc1)[C@@H](O)C(=O)N1C[C@H](O)[C@H](O)C1)c1cc2cc(Cl)ccc2[nH]1,0
TOX21SRP53-03931,Clc1cc(Cl)c2c(c1)N=C1CCCCCN1C2,0
TOX21SRP53-03932,CN(C(=O)Cc1cccc2occc12)[C@H]1CC[C@@]2(CCCO2)C[C@@H]1N1CCCC1,0
TOX21SRP53-03933,CCCCCc1ccc(N)cc1,0
TOX21SRP53-03934,O=C(O)c1cc(-c2ccccc2)nc2ccccc12,0
TOX21SRP53-03935,Cc1ccc(Cl)cc1Cl,0
TOX21SRP53-03936,CC(C)(C)c1ccc(C(=O)O)cc1,0
TOX21SRP53-03937,CO[Si](OC)(OC)c1ccccc1,0
TOX21SRP53-03938,CCOC(=O)CC(O)(CC(=O)OCC)C(=O)OCC,0
TOX21SRP53-03939,CCCCCCc1ccc(N)cc1,0
TOX21SRP53-03940,O=C(O)C1C2CCC(O2)C1C(=O)O,0
TOX21SRP53-03941,CCOP(=S)(OCC)SCSP(=S)(OCC)OCC,0
TOX21SRP53-03942,CCOCCO,0
TOX21SRP53-03943,O=P(O)(O)CCCl,0
TOX21SRP53-03944,O=P(OCCCl)(OCCCl)OCCCl,0
TOX21SRP53-03945,CCCCC(CC)COP(=O)(OCC(CC)CCCC)OCC(CC)CCCC,0
TOX21SRP53-03946,O=Cc1ccc(CO)o1,0
TOX21SRP53-03947,O=c1cc(-c2ccccc2)oc2ccc3ccccc3c12,0
TOX21SRP53-03948,N#CC(Cl)Cl,0
TOX21SRP53-03949,NC(=O)C(Cl)Cl,0
TOX21SRP53-03950,CC(Cl)C(C)Cl,0
TOX21SRP53-03951,C[Si](C)(CCCN)O[Si](C)(C)CCCN,0
TOX21SRP53-03952,COC(=O)c1ccc(C(=O)OC)c(C(=O)OC)c1,0
TOX21SRP53-03953,C=CC(=O)OCCCCO,0
TOX21SRP53-03954,O=CN(CCO)CCO,0
TOX21SRP53-03955,C=CC(=O)OCCCCCCCC,0
TOX21SRP53-03956,On1nnc2ccccc21,0
TOX21SRP53-03957,O=c1n(CCCN2CCN(c3cccc(Cl)c3)CC2)nc2ccccn12,0
TOX21SRP53-03958,O=C(COCCOCCOCC(=O)Nc1c(I)cc(I)c(C(=O)O)c1I)Nc1c(I)cc(I)c(C(=O)O)c1I,0
TOX21SRP53-03959,O=C(O)Cc1cccc(-c2cc(CCCCCCc3ccc(O[C@H]4O[C@H](CO)[C@@H](O)[C@H](O)[C@@H]4O)c(-c4cccc(CC(=O)O)c4)c3)ccc2O[C@H]2O[C@H](CO)[C@@H](O)[C@H](O)[C@@H]2O)c1,0
TOX21SRP53-03960,Cc1ccccc1C(=O)Nc1ccc(C(=O)N2CCCC(O)c3cc(Cl)ccc32)c(C)c1,0
TOX21SRP53-03961,C[N+]1(CC2COC(c3ccccc3)(c3ccccc3)O2)CCCCC1,0
TOX21SRP53-03962,O=C(CCCCCCCCC#CI)Oc1ccccc1,0
TOX21SRP53-03963,O=P(O)(O)C(O)(Cc1cnc2ccccn12)P(=O)(O)O,0
TOX21SRP53-03964,O=C(CCC1CCN(Cc2ccccc2)CC1)c1ccc2c(c1)NCCCC2,0
TOX21SRP53-03965,CCCCNc1ccc(C(=O)OCC[NH+](CC)CC)cc1,0
TOX21SRP53-03966,CCOC(=O)c1ncn2c1CN(C)C(=O)c1c(I)cccc1-2,0
TOX21SRP53-03967,Cc1cccc(C)c1N(CCCc1cccnc1)C(=O)C(C)N,0
TOX21SRP53-03968,CCc1ccc(C(=O)C(C)CN2CCCCC2)cc1,0
TOX21SRP53-03969,[2H]C([2H])([2H])[C@H](N)Cc1ccccc1.[2H]C([2H])([2H])[C@H](N)Cc1ccccc1,0
TOX21SRP53-03970,NC1CCN(c2nc3c(cc2F)c(=O)c(C(=O)O)cn3-c2ccc(F)cc2F)C1,0
TOX21SRP53-03971,CCOC(=O)C1(c2ccccc2)CCN(CCC(C#N)(c2ccccc2)c2ccccc2)CC1,1
TOX21SRP53-03972,C#CCN[C@@H]1CCc2ccccc21,0
TOX21SRP53-03973,Nc1ccn([C@@H]2O[C@H](CO)[C@@H](O)C2(F)F)c(=O)n1,1
TOX21SRP53-03974,Cc1ncc2n1-c1ccc(Cl)cc1C(c1ccccc1F)=NC2,0
TOX21SRP53-03975,C=CCN1CC[C@]23c4c5ccc(O)c4O[C@H]2[C@@H](O)C=C[C@H]3[C@H]1C5,0
TOX21SRP53-03976,O=C(OCCN1CCCCC1)C(O)(c1ccccc1)c1ccccc1,0
TOX21SRP53-03977,CC(=O)c1ccc2c(c1)N(CCCN1CCN(CCO)CC1)c1ccccc1S2,0
TOX21SRP53-03978,CN(C)C,0
TOX21SRP53-03979,CCCC(=O)c1cc(O)c(O)cc1O,0
TOX21SRP53-03980,Oc1cccc2cc3cccc(O)c3c(O)c12,0
TOX21SRP53-03981,CC=C(Cl)Cl,0
TOX21SRP53-03982,O=C(O)c1ccc2c(c1)C(=O)OC2=O,0
TOX21SRP53-03983,C1=CC2C3C=CC(C3)C2C1,0
TOX21SRP53-03984,O=C(OC1CCCCC1)c1ccccc1C(=O)OC1CCCCC1,0
TOX21SRP53-03985,CC1(C)[C@H]2CC[C@]1(C)[C@H](O)C2,0
TOX21SRP53-03986,C=CC(N)=O,0
TOX21SRP53-03987,C=CC(OCC)OCC,0
TOX21SRP53-03988,O=C(O)c1cc(Oc2ccc(C(F)(F)F)cc2Cl)ccc1[N+](=O)[O-],0
TOX21SRP53-03989,C=CC=O,0
TOX21SRP53-03990,CC(=O)Nc1ccc(CC(=O)O)cc1,0
TOX21SRP53-03991,CC(=O)N[C@@H](CS)C(=O)O,0
TOX21SRP53-03992,C=CC#N,0
TOX21SRP53-03993,c1ccc(NNc2ccccc2)cc1,0
TOX21SRP53-03994,NS(=O)(=O)c1cc2c(cc1Cl)NCNS2(=O)=O,0
TOX21SRP53-03995,C[C@]12C[C@H](O)[C@H]3[C@@H](CCC4=CC(=O)CC[C@@]43C)[C@@H]1CC[C@]2(O)C(=O)CO,0
TOX21SRP53-03996,Oc1ccc(OCc2ccccc2)cc1,1
TOX21SRP53-03997,[Zn+2],0
TOX21SRP53-03998,CC[C@@H]1C=C(C)C[C@H](C)C[C@H](OC)[C@H]2O[C@@](O)(C(=O)C(=O)N3CCCC[C@H]3C(=O)O[C@H](/C(C)=C/[C@@H]3CC[C@@H](Cl)[C@H](OC)C3)[C@H](C)[C@@H](O)CC1=O)[C@H](C)C[C@@H]2OC,0
TOX21SRP53-03999,CC(C)(C)C(O)(CCc1ccc(Cl)cc1)Cn1cncn1,0
TOX21SRP53-04000,O=C(O)c1cccnc1Nc1cccc(C(F)(F)F)c1,0
TOX21SRP53-04001,O=[N+]([O-])/N=C1\NCCN1Cc1ccc(Cl)nc1,0
TOX21SRP53-04002,OC(c1ccccc1)(c1ccccc1)C1CCNCC1,0
TOX21SRP53-04003,O=C(O)CCC(=O)Nc1ccc(S(=O)(=O)Nc2nccs2)cc1,0
TOX21SRP53-04004,C=CCOC(=O)/C=C\C(=O)OCC=C,0
TOX21SRP53-04005,Nc1ccc(S(=O)(=O)NC(=O)c2ccccc2)cc1,0
TOX21SRP53-04006,CC(C)c1cccc(C(C)C)c1,0
TOX21SRP53-04007,O=C(Cl)c1cccc(C(=O)Cl)c1,0
TOX21SRP53-04008,O=C(O)c1ccc(O)cc1,0
TOX21SRP53-04009,Cc1ccc(C(C)C)cc1,0
TOX21SRP53-04010,O=C(O)c1cc(-c2ccc(F)cc2F)ccc1O,0
TOX21SRP53-04011,C[SiH](C)O[Si](C)(C)O[Si](C)(C)O[SiH](C)C,0
TOX21SRP53-04012,C[C@H]1O[C@@H](O[C@H]2[C@@H](O)C[C@H](O[C@H]3[C@@H](O)C[C@H](O[C@H]4CC[C@]5(C)[C@H]6CC[C@]7(C)[C@@H](C8=CC(=O)OC8)CC[C@]7(O)[C@@H]6CC[C@@H]5C4)O[C@@H]3C)O[C@@H]2C)C[C@H](O)[C@@H]1O,1
TOX21SRP53-04013,COC(C(=O)O)c1ccccc1,0
TOX21SRP53-04014,O=C(O)C(Br)Br,0
TOX21SRP53-04015,COc1cccc(O)c1O,0
TOX21SRP53-04016,COc1cc2c(cc1N)oc1ccccc12,0
TOX21SRP53-04017,CN(Cc1cnc2nc(N)nc(N)c2n1)c1ccc(C(=O)N[C@@H](CCC(=O)O)C(=O)O)cc1,1
TOX21SRP53-04018,Cn1cc[nH]c1=S,0
TOX21SRP53-04019,CC(=O)Oc1ccccc1C(=O)Nc1ncc([N+](=O)[O-])s1,1
TOX21SRP53-04020,CC(=O)Nc1c(I)cc(I)c(C(=O)O)c1I,0
TOX21SRP53-04021,CCn1cc(C(=O)O)c(=O)c2cc(F)c(N3CCNCC3)cc21,0
TOX21SRP53-04022,CC=CC=O,0
TOX21SRP53-04023,CC(C)[C@@H](C)/C=C/[C@@H](C)[C@H]1CC[C@H]2/C(=C/C=C3\C[C@@H](O)CC[C@@H]3C)CCC[C@@]21C,0
TOX21SRP53-04024,CN(C)c1ccc(C2(c3ccc(N(C)C)cc3)OC(=O)c3cc(N(C)C)ccc32)cc1,1
TOX21SRP53-04025,Cc1ccc(OP(=O)(Oc2ccccc2)Oc2ccccc2)cc1,0
TOX21SRP53-04026,Cc1ccccc1OCC1CO1,0
TOX21SRP53-04027,CC(C)(OO)c1ccccc1,0
TOX21SRP53-04028,CCN(CC)CCN1C(=O)CN=C(c2ccccc2F)c2cc(Cl)ccc21,0
TOX21SRP53-04029,CC(CN1c2ccccc2Sc2ccc(S(=O)(=O)N(C)C)cc21)N(C)C,0
TOX21SRP53-04030,O=C([O-])P(=O)([O-])[O-],0
TOX21SRP53-04031,CC1(C)S[C@@H]2[C@H](NC(=O)[C@H](N)c3ccccc3)C(=O)N2[C@H]1C(=O)O,0
TOX21SRP53-04032,C=CS(=O)(=O)[O-],0
TOX21SRP53-04033,CN(C)CCOCCN(C)C,0
TOX21SRP53-04034,C1=CCC2CC=CC2C1,0
TOX21SRP53-04035,O=C(Oc1cccc2cccnc12)c1ccccc1,0
TOX21SRP53-04036,CC1(C)CC(O)CC(C)(C)N1[O],0
TOX21SRP53-04037,CC(C)(C#N)Nc1nc(Cl)nc(NC2CC2)n1,0
TOX21SRP53-04038,CC(C)CN(C[C@@H](O)[C@H](Cc1ccccc1)NC(=O)O[C@@H]1CCOC1)S(=O)(=O)c1ccc(N)cc1,0
TOX21SRP53-04039,CCOc1ccc(C(=O)OCCN(CC)CC)cc1,0
TOX21SRP53-04040,COC(=O)[C@H]1[C@H](OC(=O)c2ccccc2)C[C@@H]2CC[C@H]1N2C,0
TOX21SRP53-04041,CCCOC(=O)NCCCN(C)C,0
TOX21SRP53-04042,C[C@]12C[C@H](O)[C@H]3[C@@H](C[C@H](F)C4=CC(=O)C=C[C@@]43C)[C@@H]1CC[C@]2(O)C(=O)CO,0
TOX21SRP53-04043,Nc1ccc(C(=O)[O-])c(O)c1,0
TOX21SRP53-04044,C1CCC(SSC2CCCCC2)CC1,0
TOX21SRP53-04045,CCCCCCCCCC(C)C=O,0
TOX21SRP53-04046,CC(=O)c1nccs1,0
TOX21SRP53-04047,C=CCCCCCCCCC(=O)OCCCC,0
TOX21SRP53-04048,O=C1CCCCCCCCCCCCCCCO1,0
TOX21SRP53-04049,CCCCCCOC(=O)CCCCCCCC(=O)OCCCCCC,0
TOX21SRP53-04050,C[C@]12C(=O)OC(=O)[C@@]1(C)C1CCC2O1,1
TOX21SRP53-04051,CCNC(=O)C(C)OC(=O)Nc1ccccc1,0
TOX21SRP53-04052,C[C@@H]1OC(=O)C[C@H](O)C[C@H](O)CC[C@@H](O)[C@H](O)C[C@H](O)C[C@]2(O)C[C@H](O)[C@@H](C(=O)O)[C@H](C[C@@H](O[C@@H]3O[C@H](C)[C@@H](O)[C@H](N)[C@@H]3O)C=CC=CC=CC=CC=CC=CC=C[C@H](C)[C@@H](O)[C@H]1C)O2,0
TOX21SRP53-04053,Cc1ncc(C[n+]2csc(CCOP(=O)(O)O)c2C)c(N)n1,0
TOX21SRP53-04054,Cc1c(C)c2c(c(C)c1OC(=O)c1cccnc1)CC[C@@](C)(CCC[C@H](C)CCC[C@H](C)CCCC(C)C)O2,0
TOX21SRP53-04055,Cc1ccc(S(=O)(=O)NC(=O)NC2CCCC2)cc1,0
TOX21SRP53-04056,Cc1ccc(S(=O)(=O)NC(=O)NC2CCCCCCC2)cc1,0
TOX21SRP53-04057,NC(=S)N/N=C/c1cccnc1,0
TOX21SRP53-04058,CC(=O)Nc1ncc([N+](=O)[O-])s1,0
TOX21SRP53-04059,Cc1cc(NS(=O)(=O)c2ccc(N)cc2)nc(C)n1,0
TOX21SRP53-04060,OC1CCCC1,0
TOX21SRP53-04061,CC(=O)OCC(=O)[C@@]1(O)CC[C@H]2[C@@H]3CCC4=CC(=O)CC[C@]4(C)[C@H]3C(=O)C[C@@]21C,0
TOX21SRP53-04062,CN1CCN(C2=Nc3ccccc3Sc3ccc(Cl)cc32)CC1,0
TOX21SRP53-04063,C[C@]12CC(=O)[C@H]3[C@@H](CCC4=CC(=O)CC[C@@]43C)[C@@H]1CC[C@]2(O)C(=O)CO,0
TOX21SRP53-04064,CN1CCN(C2=Nc3cc(Cl)ccc3Nc3ccccc32)CC1,0
TOX21SRP53-04065,O=c1nc([O-])n(Cl)c(=O)n1Cl,0
TOX21SRP53-04066,CC(C(=O)O)c1ccc2c(c1)[nH]c1ccc(Cl)cc12,0
TOX21SRP53-04067,COC(=O)c1ccc(C=O)cc1,0
TOX21SRP53-04068,Cc1ccco1,0
TOX21SRP53-04069,CC(C#N)CCC#N,0
TOX21SRP53-04070,CC(=O)N[C@@H](CC(C)C)C(=O)O,0
TOX21SRP53-04071,C[C@H]1O[C@@H](O[C@H]2[C@@H](O)C[C@H](O[C@H]3[C@@H](O)C[C@H](O[C@H]4CC[C@]5(C)[C@H]6C[C@@H](O)[C@]7(C)[C@@H](C8=CC(=O)OC8)CC[C@]7(O)[C@@H]6CC[C@@H]5C4)O[C@@H]3C)O[C@@H]2C)C[C@H](O)[C@@H]1O,1
TOX21SRP53-04072,Cc1c[nH]cn1,0
TOX21SRP53-04073,CCCCCC(O)/C=C/C=O,0
TOX21SRP53-04074,Cn1c(=O)c2c(ncn2C)n(C)c1=O.O=C(O)CC(O)(CC(=O)O)C(=O)O,0
TOX21SRP53-04075,CC(CCc1ccccc1)NCC(O)c1ccc(O)c(C(N)=O)c1,0
TOX21SRP53-04076,Cn1c([N+](=O)[O-])cnc1COC(N)=O,0
TOX21SRP53-04077,OC(c1ccc(F)cc1)(c1cncnc1)c1ccccc1Cl,0
TOX21SRP53-04078,c1cc(OCC2CO2)ccc1Cc1ccc(OCC2CO2)cc1,1
TOX21SRP53-04079,C[C@@H]1O[C@@H]1P(=O)([O-])[O-],0
TOX21SRP53-04080,COc1c(N2CCNC(C)C2)c(F)cc2c(=O)c(C(=O)O)cn(C3CC3)c12,0
TOX21SRP53-04081,COC(=O)c1cncn1C(C)c1ccccc1,0
TOX21SRP53-04082,COc1cc(NCCCC(C)N)c2ncccc2c1,1
TOX21SRP53-04083,N[C@H]1[C@@H]2CN(c3nc4c(cc3F)c(=O)c(C(=O)O)cn4-c3ccc(F)cc3F)C[C@H]12,1
TOX21SRP53-04084,c1ccc(-c2nc[nH]c2-c2ccccc2)cc1,1
TOX21SRP53-04085,NC(=O)N1c2ccccc2CC(=O)c2ccccc21,0
TOX21SRP53-04086,CCN(CC)CC(=O)Nc1c(C)cc(C)cc1C,0
TOX21SRP53-04087,CC(=O)NCCCCCC(=O)O,0
TOX21SRP53-04088,O=C(O)c1cc(=O)c2ccccc2o1,0
TOX21SRP53-04089,CN1CCN(c2c(F)cc3c(=O)c(C(=O)O)cn4c3c2SCC4)CC1,0
TOX21SRP53-04090,CNC(=O)OCc1cccc(COC(=O)NC)n1,0
TOX21SRP53-04091,O=C(O)CCCCCCCCCCCBr,0
TOX21SRP53-04092,C=C1C(=O)O[C@H]2[C@H]1CCC(C)=CCC[C@@]1(C)O[C@@H]21,1
TOX21SRP53-04093,CCCN(CC)CC1COC2(CCC(C(C)(C)C)CC2)O1,0
TOX21SRP53-04094,C[C@@H]1C[C@H]2C3C[C@H](F)C4=CC(=O)C=CC4(C)[C@@]3(F)[C@@H](O)CC2(C)[C@@]1(O)C(=O)COC(=O)C(C)(C)C,0
TOX21SRP53-04095,COc1ccc(C(=O)Nc2ccccc2CCC2CCCCN2C)cc1,0
TOX21SRP53-04096,CC(C)C(=O)c1c(C(C)C)nn2ccccc12,0
TOX21SRP53-04097,CCNC(=O)[C@@H]1CCCN1C(=O)[C@H](CCCNC(=N)N)NC(=O)[C@H](CC(C)C)NC(=O)[C@@H](CC(C)C)NC(=O)[C@H](Cc1ccc(O)cc1)NC(=O)[C@H](CO)NC(=O)[C@H](Cc1c[nH]c2ccccc12)NC(=O)[C@H](Cc1cnc[nH]1)NC(=O)[C@@H]1CCC(=O)N1,0
TOX21SRP53-04098,CCCCCCCCCCCCCCCCSCC(COC)COP(=O)([O-])OCC[N+](C)(C)C,0
TOX21SRP53-04099,C[C@@H]1[C@@H]2Cc3ccc(O)cc3[C@@]1(C)CCN2CC1CC1,0
TOX21SRP53-04100,CCN(CC)CCn1c(=O)c(Cc2ccc(OC)cc2)nc2ccccc21,0
TOX21SRP53-04101,C=C(C)C(=O)OCCCC,0
TOX21SRP53-04102,CC(C)(C)OCC1CO1,0
TOX21SRP53-04103,CCCCOCC1CO1,0
TOX21SRP53-04104,CC(C)(C)OC=O,0
TOX21SRP53-04105,CCCCn1cc[n+](C)c1C.O=S(=O)([O-])C(F)(F)F,0
TOX21SRP53-04106,CC(C)(C)OOC(=O)c1ccccc1,0
TOX21SRP53-04107,O=C1[N-]C(=O)c2ccccc21,0
TOX21SRP53-04108,C=C[Si](OCCOC)(OCCOC)OCCOC,0
TOX21SRP53-04109,CCCCCCCCCCCl,0
TOX21SRP53-04110,CC(C)[N+](C)(CCOC(=O)C1c2ccccc2Oc2ccccc21)C(C)C,0
TOX21SRP53-04111,CCCN(CCC)C(=O)C(CCC(=O)O)NC(=O)c1ccccc1,0
TOX21SRP53-04112,CCC1(c2ccccc2)C(=O)NCNC1=O,0
TOX21SRP53-04113,CCC(C)(C)OC,0
TOX21SRP53-04114,C[C@]12CC[C@H]3[C@@H](CCC4=CC(=O)CC[C@@]43C)[C@@H]1CCC2=O,0
TOX21SRP53-04115,CCCCCON=O,0
TOX21SRP53-04116,CN(N=O)C(N)=O,0
TOX21SRP53-04117,COc1cccc(N)c1,0
TOX21SRP53-04118,CC(C)=CCCC(C)CCOC=O,0
TOX21SRP53-04119,CN(C)CCC=C1c2ccccc2CCc2ccccc21,0
TOX21SRP53-04120,CC[C@H]1OC(=O)[C@H](C)[C@@H](O[C@H]2C[C@@](C)(OC)[C@@H](O)[C@H](C)O2)[C@H](C)[C@@H](O[C@@H]2O[C@H](C)C[C@H](N(C)C)[C@H]2O)[C@](C)(O)C[C@@H](C)C(=NOCOCCOC)[C@H](C)[C@@H](O)[C@]1(C)O,0
TOX21SRP53-04121,CCC(=O)c1ccccc1,0
TOX21SRP53-04122,CC(C)(C)c1ccc(OC(=O)c2ccccc2O)cc1,0
TOX21SRP53-04123,CCOC(=O)C(=O)OCC,0
TOX21SRP53-04124,O=S(=O)(O)c1ccc(Cl)cc1,0
TOX21SRP53-04125,CCO[Si](CCCS)(OCC)OCC,0
TOX21SRP53-04126,CNC(=O)Oc1cccc2c1OC(C)(C)O2,0
TOX21SRP53-04127,CC(C)OP(=S)(OC(C)C)SCCNS(=O)(=O)c1ccccc1,0
TOX21SRP53-04128,O=C1O[C@H]([C@@H](O)CO)C([O-])=C1O,0
TOX21SRP53-04129,O=C1O[C@H]([C@@H](O)CO)C(O)=C1O,0
TOX21SRP53-04130,COC(=O)[C@H](Cc1ccccc1)NC(=O)[C@@H](N)CC(=O)O,0
TOX21SRP53-04131,C1C2OC2C2C1C1CC2C2OC12,0
TOX21SRP53-04132,ClC1=C(Cl)[C@]2(Cl)[C@@H]3[C@@H]4C[C@H]([C@@H]3[C@@]1(Cl)C2(Cl)Cl)[C@H]1O[C@@H]41,0
TOX21SRP53-04133,CC(=O)Oc1ccccc1C(=O)O,0
TOX21SRP53-04134,CCOP(=S)(OCC)Oc1nc(Cl)c(Cl)cc1Cl,0
TOX21SRP53-04135,CCN(CC)C(C)=O,0
TOX21SRP53-04136,O=S(=O)([O-])O.[Na+],0
TOX21SRP53-04137,Cc1cc(CC(=O)[O-])n(C)c1C(=O)c1ccc(Cl)cc1,0
TOX21SRP53-04138,N#C[N-]C#N,0
TOX21SRP53-04139,COCCOC(=O)C1=C(C)NC(C)=C(C(=O)OC/C=C/c2ccccc2)C1c1cccc([N+](=O)[O-])c1,0
TOX21SRP53-04140,c1cnc2c(c1)ccc1cccnc12,1
TOX21SRP53-04141,ClSC(Cl)(Cl)Cl,0
TOX21SRP53-04142,CCC=CC#N,0
TOX21SRP53-04143,CC=CCC#N,0
TOX21SRP53-04144,CCCCCC[C@@H](O)C/C=C\CCCCCCCC(=O)O,0
TOX21SRP53-04145,CCC(C)(NC(=O)c1cc(Cl)c(C)c(Cl)c1)C(=O)CCl,1
TOX21SRP53-04146,CO/N=C(/C(=O)OC)c1ccccc1CON=C(C)c1cccc(C(F)(F)F)c1,1
TOX21SRP53-04147,NCCO.O=C(O)c1nc(Cl)ccc1Cl,0
TOX21SRP53-04148,O=c1oc2ccccc2c(O)c1C(CC(O)c1ccc(-c2ccc(Br)cc2)cc1)c1ccccc1,1
TOX21SRP53-04149,N[Pt](N)(Cl)Cl,0
TOX21SRP53-04150,O=C(O)c1cc(Cl)cc(Cl)c1,0
TOX21SRP53-04151,O=C(O)c1ccc(Cl)c(Cl)c1,0
TOX21SRP53-04152,O=S(=O)(c1ccc(Cl)cc1)c1ccc(Cl)cc1,0
TOX21SRP53-04153,CC1(C)C(=O)N(Cl)C(=O)N1Cl,0
TOX21SRP53-04154,C=CCOC(=O)COCCC(C)C,0
TOX21SRP53-04155,CC[C@H](C)COC(=O)/C=C/c1ccc(/N=C/c2ccc(OC)cc2)cc1,0
TOX21SRP53-04156,O=Cc1cccc(Oc2ccccc2)c1,0
TOX21SRP53-04157,CC(C=O)=Cc1ccccc1,0
TOX21SRP53-04158,Cc1ccc2oc(=O)ccc2c1,0
TOX21SRP53-04159,CCOC(=S)SSC(=S)OCC,0
TOX21SRP53-04160,CC(=O)S[C@@H]1CC2=CC(=O)CC[C@]2(C)[C@H]2CC[C@@]3(C)[C@@H](CC[C@@]34CCC(=O)O4)[C@@H]21,1
TOX21SRP53-04161,N[C@H]1C(O)O[C@H](CO)[C@H](O)[C@@H]1O,0
TOX21SRP53-04162,CC[C@H]1CC[C@H](NCc2cc3c(cc2OC)[C@H]2C[C@H]2C(=O)N3C)[C@H](c2ccccc2)N1,1
TOX21SRP53-04163,NC(=O)Oc1ccc(Cc2ccccc2)cc1,0
TOX21SRP53-04164,CC(C)(C)C(=O)Oc1ccc(S(=O)(=O)Nc2ccccc2C(=O)NCC(=O)[O-])cc1,0
TOX21SRP53-04165,FC(F)(F)c1cccc(C2=CCN(CCc3ccc4ccccc4c3)CC2)c1,0
TOX21SRP53-04166,Oc1cn2c(n1)Nc1ccc(Cl)c(Cl)c1C2,0
TOX21SRP53-04167,C[C@@H]1C[C@H]2[C@@H]3CCC4=CC(=O)C=C[C@]4(C)[C@@]3(F)[C@@H](O)C[C@]2(C)[C@@]1(O)C(=O)COC(=O)c1cccc(S(=O)(=O)[O-])c1,0
TOX21SRP53-04168,COc1ccc(C(=O)/C(Br)=C\C(=O)O)cc1,1
TOX21SRP53-04169,CCCCCCCCCCCCCCCC(=O)OC[C@H](COP(=O)([O-])OCC[N+](C)(C)C)OC(=O)CCCCCCCCCCCCCCC,0
TOX21SRP53-04170,COC(=O)[C@H]1[C@H]2C[C@@H]3c4[nH]c5cc(OC)ccc5c4CCN3C[C@H]2C[C@@H](OC(=O)COc2ccc(OC)cc2)[C@@H]1OC,0
TOX21SRP53-04171,CN(Cc1ccccc1)Cc1ccccc1,0
TOX21SRP53-04172,O=C(NNCNNC(=O)c1ccncc1)c1ccncc1,0
TOX21SRP53-04173,O=C([O-])[C@H](CC(=O)N1C[C@H]2CCCC[C@H]2C1)Cc1ccccc1.O=C([O-])[C@H](CC(=O)N1C[C@H]2CCCC[C@H]2C1)Cc1ccccc1,0
TOX21SRP53-04174,CC(C)(COP(=O)([O-])OP(=O)([O-])OC[C@H]1O[C@@H](n2cnc3c(N)ncnc32)[C@H](O)[C@@H]1OP(=O)([O-])O)C(O)C(=O)NCCC(=O)NCCS,0
TOX21SRP53-04175,Clc1cc(Cl)c(Cl)cc1Cl,0
TOX21SRP53-04176,CCCCCCCOC(=O)CCC,0
TOX21SRP53-04177,CCOP(=S)(OCC)OP(=S)(OCC)OCC,0
TOX21SRP53-04178,CC(C)CCCCCCOC(=O)CCCCC(=O)OCCCCCCC(C)C,0
TOX21SRP53-04179,CCC(O)OCCCOC,0
TOX21SRP53-04180,CC(C)(C)c1n[nH]c(=S)n(N)c1=O,0
TOX21SRP53-04181,O=[N+]([O-])c1cc(C2CCCCC2)c(O)c([N+](=O)[O-])c1,0
TOX21SRP53-04182,O=[N+]([O-])c1cccc([N+](=O)[O-])c1,0
TOX21SRP53-04183,O=[N+]([O-])c1ccccc1[N+](=O)[O-],0
TOX21SRP53-04184,CCCc1nc2c(C)cc(-c3nc4ccccc4n3C)cc2n1Cc1ccc(-c2ccccc2C(=O)O)cc1,0
TOX21SRP53-04185,Cc1ccc(O)cc1C,0
TOX21SRP53-04186,Cc1cccc(C)c1O,0
TOX21SRP53-04187,CC(=O)c1ccc(S(=O)(=O)NC(=O)NC2CCCCC2)cc1,0
TOX21SRP53-04188,CC(=O)Nc1ccc(O)cc1,0
TOX21SRP53-04189,CC(N)=O,0
TOX21SRP53-04190,COC(=O)/C=C\C(=O)OC,0
TOX21SRP53-04191,O=C(Nc1ccc(Cl)c(Cl)c1)c1cc(Cl)cc(Cl)c1O,1
TOX21SRP53-04192,CC#N,0
TOX21SRP53-04193,COc1cc(Br)c(C[N+]2(CCOCCC3CCC4CC3C4(C)C)CCOCC2)cc1OC,0
TOX21SRP53-04194,c1ccc(CCCc2ccncc2)cc1,0
TOX21SRP53-04195,CC(=O)Nc1ccc(C)cc1C,0
TOX21SRP53-04196,CC1(C)S[C@@H]2[C@H](NC(=O)[C@@H](c3ccccc3)S(=O)(=O)[O-])C(=O)N2[C@H]1C(=O)[O-],0
TOX21SRP53-04197,N[C@@H](CCC(=O)N[C@@H](CSSC[C@H](NC(=O)CC[C@H](N)C(=O)O)C(=O)NCC(=O)O)C(=O)NCC(=O)O)C(=O)O,0
TOX21SRP53-04198,C[C@]12CCC(=O)C[C@@H]1CC[C@@H]1[C@@H]2CC[C@@]2(C)[C@H]1CC[C@]2(C)O,0
TOX21SRP53-04199,CCOC(=O)CC(C(C)=O)C(C)=O,0
TOX21SRP53-04200,CC(CC(c1ccccc1)c1ccccc1)NC(C)(C)C,0
TOX21SRP53-04201,Cc1cccc(N)n1,0
TOX21SRP53-04202,C=C(C)C(=O)OCC(C)(C)COC(=O)C(=C)C,0
TOX21SRP53-04203,C[C@]12C[C@H](O)[C@H]3[C@@H](CCC4=CC(=O)C=C[C@@]43C)[C@@H]1CC[C@]2(O)C(=O)COC(=O)CCC(=O)O,0
TOX21SRP53-04204,CN(N=O)c1ccc([N+](=O)[O-])cc1,0
TOX21SRP53-04205,COc1cc(C(=O)OC(COCCC(C)C)CN2CCOCC2)cc(OC)c1OC,0
TOX21SRP53-04206,CC(=O)Oc1ccc(C2(c3ccc(OC(C)=O)cc3)Oc3ccccc3NC2=O)cc1,1
TOX21SRP53-04207,COc1ccc2c(C(=S)N(C)CC(=O)O)cccc2c1C(F)(F)F,0
TOX21SRP53-04208,CN1CCC(N(Cc2cccs2)c2ccccc2)CC1,0
TOX21SRP53-04209,O=C1[C@H]2[C@@H]3CC[C@@H](C3)[C@H]2C(=O)N1CCCCN1CCN(c2ncccn2)CC1,0
TOX21SRP53-04210,CC(COc1ccccc1)NN,0
TOX21SRP53-04211,CCCN(CCC)C(=O)C(CCC(=O)OCCCN1CCN(CCOC(=O)Cc2c(C)n(C(=O)c3ccc(Cl)cc3)c3ccc(OC)cc23)CC1)NC(=O)c1ccccc1,0
TOX21SRP53-04212,CC(C)(O)c1ccc(C(C)(C)O)cc1,0
TOX21SRP53-04213,O=C(Nc1ccc(Cl)cc1)Nc1ccc(Cl)c(Cl)c1,1
TOX21SRP53-04214,C1C[C@H]2[C@@H]3CC[C@H](C3)[C@H]2C1,0
TOX21SRP53-04215,C=C[Si](OC)(OC)OC,0
TOX21SRP53-04216,CCCCCCCCCCCCCCCCCC(=O)[O-].OCC[NH+](CCO)CCO,0
TOX21SRP53-04217,CN(C)CCN(C)CCN(C)C,0
TOX21SRP53-04218,Oc1ccc(Cl)c(Cl)c1,0
TOX21SRP53-04219,Oc1c(Cl)cccc1Cl,0
TOX21SRP53-04220,Cc1ccccc1C=O,0
TOX21SRP53-04221,Oc1cccc(Cl)c1Cl,0
TOX21SRP53-04222,Clc1cccc(Cl)c1,0
TOX21SRP53-04223,Oc1cc(Cl)ccc1Cl,0
TOX21SRP53-04224,CCCCSCCCC,0
TOX21SRP53-04225,CCCN(CCC)c1c([N+](=O)[O-])cc(C(C)C)cc1[N+](=O)[O-],0
TOX21SRP53-04226,c1cc2c(c(NC3=NCCN3)c1)CCCC2,0
TOX21SRP53-04227,NS(=O)(=O)c1cc2c(cc1Cl)NC(Cc1ccccc1)NS2(=O)=O,0
TOX21SRP53-04228,CC(C)C1(C)N=C(c2nc3ccccc3cc2C(=O)O)NC1=O,0
TOX21SRP53-04229,O=c1[nH]c2ccccc2n1CCCN1CCC(n2c(=O)[nH]c3cc(Cl)ccc32)CC1,0
TOX21SRP53-04230,Clc1ccccc1-c1nc(-c2ccncc2)no1,0
TOX21SRP53-04231,O=C(O)CCc1nc(-c2ccccc2)c(-c2ccccc2)o1,0
TOX21SRP53-04232,CC[C@]12CCCN3CCc4c(n(c5ccccc45)C(=O)C1)[C@@H]32,1
TOX21SRP53-04233,CCCCOCN(C(=O)CCl)c1c(CC)cccc1CC,0
TOX21SRP53-04234,O=C(O)Cc1c[nH]c2ccccc12,0
TOX21SRP53-04235,O=Cc1ccc(F)cc1,0
TOX21SRP53-04236,CC(C)Cc1ccc(C(C)C(=O)O)cc1,0
TOX21SRP53-04237,Oc1cccc2cccnc12,1
TOX21SRP53-04238,c1ccc2[nH]ccc2c1,0
TOX21SRP53-04239,CCCSP(=O)(OCC)Oc1ccc(Br)cc1Cl,0
TOX21SRP53-04240,CN1C[C@H](CNC(=O)OCc2ccccc2)C[C@@H]2c3cccc4c3c(cn4C)C[C@H]21,0
TOX21SRP53-04241,CCN1CCC[C@H]1CNC(=O)c1cc(S(N)(=O)=O)ccc1OC,0
TOX21SRP53-04242,OCCO,0
TOX21SRP53-04243,CCc1ccccc1,0
TOX21SRP53-04244,CC(C)(CCl)c1ccccc1,0
TOX21SRP53-04245,CCN(N=O)C(N)=O,0
TOX21SRP53-04246,CCOC(=O)C1OC1(C)c1ccccc1,0
TOX21SRP53-04247,O=C(O)[C@H](O)[C@@H](O)[C@H](O)[C@H](O)CO,0
TOX21SRP53-04248,O=S1(=O)OCCO1,0
TOX21SRP53-04249,CC(C)(C)C(=O)C(Oc1ccc(Cl)cc1)n1cncn1,0
TOX21SRP53-04250,CC[C@H](C)[C@H]1O[C@]2(C=C[C@@H]1C)C[C@@H]1C[C@@H](CC=C(C)[C@@H](O[C@H]3C[C@H](OC)[C@@H](O[C@H]4C[C@H](OC)[C@@H](O)[C@H](C)O4)[C@H](C)O3)[C@@H](C)C=CC=C3CO[C@@H]4[C@H](O)C(C)=C[C@@H](C(=O)O1)[C@]34O)O2,0
TOX21SRP53-04251,COc1ccc([C@@H]2CC(=O)c3c(O)cc(O[C@@H]4O[C@H](CO[C@@H]5O[C@@H](C)[C@H](O)[C@@H](O)[C@H]5O)[C@@H](O)[C@H](O)[C@H]4O)cc3O2)cc1OC,0
TOX21SRP53-04252,CCCCC/C=C\C/C=C\CCCCCCCC(=O)OC,0
TOX21SRP53-04253,CC1OC1C1CCC2(C)OC2C1,0
TOX21SRP53-04254,COS(C)(=O)=O,0
TOX21SRP53-04255,C=C(C)C(=O)OC,0
TOX21SRP53-04256,CN(N=O)C(=N)N[N+](=O)[O-],1
TOX21SRP53-04257,NCc1ccccc1,0
TOX21SRP53-04258,O=[N+]([O-])c1ccc(O)cc1,0
TOX21SRP53-04259,CN(C)c1ccc(C=O)cc1,0
TOX21SRP53-04260,CCN(CC)CCO,0
TOX21SRP53-04261,Cc1cccc([N+](=O)[O-])c1,0
TOX21SRP53-04262,Cc1ccc(N(C)C)cc1,0
TOX21SRP53-04263,O=[N+]([O-])[O-].[NH4+],0
TOX21SRP53-04264,CC1=C(C(=O)OCCN(Cc2ccccc2)c2ccccc2)C(c2cccc([N+](=O)[O-])c2)C(P2(=O)OCC(C)(C)CO2)=C(C)N1,0
TOX21SRP53-04265,c1ccsc1,0
TOX21SRP53-04266,C#C[C@]1(O)CC[C@H]2[C@@H]3CCC4=CC(=O)CCC4=C3C=C[C@@]21CC,0
TOX21SRP53-04267,Cc1ccc(S(=O)(=O)NC(=O)NN2CC3CCCC3C2)cc1,0
TOX21SRP53-04268,COc1ccc2c(c1)C(=O)N(CCc1ccc(S(=O)(=O)NC(=O)NC3CCCCC3)cc1)C(=O)C2(C)C,0
TOX21SRP53-04269,Cc1cc(C(=O)NCCc2ccc(S(=O)(=O)NC(=O)NN3CCCCCC3)cc2)no1,0
TOX21SRP53-04270,CC(C)[C@H]1CC[C@@H](C)CC1=O,0
TOX21SRP53-04271,O=C(O)CS,0
TOX21SRP53-04272,CC(CO)(CO)C(=O)O,0
TOX21SRP53-04273,OCCOCCOCCOCCOCCO,0
TOX21SRP53-04274,COC(=O)c1cccnc1,0
TOX21SRP53-04275,CC1=C2N=C(C=C3N=C(C(C)=C4N([Co+]C[C@H]5O[C@@H](n6cnc7c(N)ncnc76)[C@H](O)[C@@H]5O)C(C(CC(N)=O)C4(C)CCC(=O)NCC(C)OP(=O)([O-])O[C@@H]4[C@@H](CO)O[C@H](n5cnc6cc(C)c(C)cc65)[C@@H]4O)C4(C)N=C1C(CCC(N)=O)C4(C)CC(N)=O)C(CCC(N)=O)C3(C)C)C(CCC(N)=O)C2(C)CC(N)=O,0
TOX21SRP53-04276,CC(C)C[C@@H]1NC(=O)[C@H](CCCN)NC(=O)[C@H](C(C)C)NC(=O)[C@@H]2CCCN2C(=O)[C@@H](Cc2ccccc2)NC(=O)[C@H](CC(C)C)NC(=O)[C@H](CCCN)NC(=O)[C@H](C(C)C)NC(=O)[C@@H]2CCCN2C(=O)[C@@H](Cc2ccccc2)NC1=O,1
TOX21SRP53-04277,CNCc1ccccc1,0
TOX21SRP53-04278,CN(C)CCC[C@@]1(c2ccc(F)cc2)OCc2cc(C#N)ccc21,0
TOX21SRP53-04279,CC(C)CC(=O)OCc1ccccc1,0
TOX21SRP53-04280,CC(C)(O)Cc1ccccc1,0
TOX21SRP53-04281,CCC(=O)OC/C=C/c1ccccc1,0
TOX21SRP53-04282,NC(=O)Cn1c(=O)cc(CCN2CCN(c3nccc4sccc34)CC2)c2ccc(F)cc21,0
TOX21SRP53-04283,CCCC(=O)OCCc1ccccc1,0
TOX21SRP53-04284,O=C(C=Cc1ccccc1)OCCc1ccccc1,0
TOX21SRP53-04285,COc1ccc(S(=O)(=O)N2C(=O)[C@@](c3ccccc3OC)(N3C[C@H](O)C[C@H]3C(=O)N(C)C)c3cc(Cl)ccc32)c(OC)c1,0
TOX21SRP53-04286,O=C(Oc1ccc(Br)cc1)N1CCN2CCC1CC2,0
TOX21SRP53-04287,CC(C)C(=O)OCC=Cc1ccccc1,0
TOX21SRP53-04288,CCCCC1CCC(=O)O1,0
TOX21SRP53-04289,NCCS,0
TOX21SRP53-04290,NS(=O)(=O)c1cc2c(cc1Cl)NC(C1CC3C=CC1C3)NS2(=O)=O,0
TOX21SRP53-04291,N[C@@H]1CONC1=O,0
TOX21SRP53-04292,CN1CCC(=C2c3ccccc3C=Cc3ccccc32)CC1,0
TOX21SRP53-04293,O=C(OC1CN2CCC1CC2)c1ccccc1,0
TOX21SRP53-04294,Cc1ccc2c(c1)C1CN(C)CCC1N2,0
TOX21SRP53-04295,COc1ccccc1Oc1c(NS(=O)(=O)c2ccc(C(C)(C)C)cc2)nc(-c2ncccn2)nc1OCCO,0
TOX21SRP53-04296,O=C1CCCCC1CN1CCCCC1,0
TOX21SRP53-04297,CC1=CC(=O)/C(=C(/C)[O-])C(=O)O1,0
TOX21SRP53-04298,Nc1ccc([As](=O)([O-])O)cc1,0
TOX21SRP53-04299,CCCCCCCc1ccc(O)cc1,0
TOX21SRP53-04300,O[C@H]1CO[C@@H]2[C@H](O)CO[C@H]12,0
TOX21SRP53-04301,Fc1ccc(C2(Cn3cncn3)OC2c2ccccc2Cl)cc1,0
TOX21SRP53-04302,O[C@H](CBr)[C@@H](O)[C@H](O)[C@H](O)CBr,0
TOX21SRP53-04303,Cc1cccc([N+](=O)[O-])c1C(=O)O,0
TOX21SRP53-04304,CC(=O)Nc1c(I)c(NC(C)=O)c(I)c(C(=O)[O-])c1I,0
TOX21SRP53-04305,Cc1ccc(N)cc1[N+](=O)[O-],0
TOX21SRP53-04306,OC[C@H]1OC(O)[C@H](O)[C@@H](O)[C@@H]1O,0
TOX21SRP53-04307,Cc1c(C(=O)O)cccc1[N+](=O)[O-],0
TOX21SRP53-04308,CC1=Nc2ccc(Cl)cc2S(=O)(=O)N1,0
TOX21SRP53-04309,NC[C@@H]1CC[C@@H](N)[C@@H](O[C@@H]2[C@@H](N)C[C@@H](N)[C@H](O[C@H]3O[C@H](CO)[C@@H](O)[C@H](N)[C@H]3O)[C@H]2O)O1,0
TOX21SRP53-04310,CCOCCn1c(N2CCCN(C)CC2)nc2ccccc21,0
TOX21SRP53-04311,NS(=O)(=O)c1cc(-c2nnn[nH]2)c(NCc2cccs2)cc1Cl,0
TOX21SRP53-04312,COc1cc2c(cc1OC)CC(=O)N(CCCN(C)C[C@H]1Cc3cc(OC)c(OC)cc31)CC2,0
TOX21SRP53-04313,CCOC(=O)[C@H](CCc1ccccc1)N[C@@H](C)C(=O)N1C(=O)N(C)C[C@H]1C(=O)O,0
TOX21SRP53-04314,CC1(C)C[C@@H]1C(=O)N/C(=C\CCCCSC[C@H](N)C(=O)O)C(=O)[O-],0
TOX21SRP53-04315,CCOC(=O)[C@H](CCc1ccccc1)N[C@H]1CS[C@H](c2cccs2)CN(CC(=O)O)C1=O,0
TOX21SRP53-04316,CCCCC/C=C\CCC(=O)N[C@H]1[C@H](Oc2c3cc4cc2Oc2ccc(cc2Cl)[C@@H](O[C@@H]2O[C@H](CO)[C@@H](O)[C@H](O)[C@H]2NC(C)=O)[C@@H]2NC(=O)[C@H](NC(=O)[C@@H]4NC(=O)[C@H]4NC(=O)[C@@H](Cc5ccc(c(Cl)c5)O3)NC(=O)[C@@H](N)c3ccc(O)c(c3)Oc3cc(O)cc4c3)c3ccc(O)c(c3)-c3c(O[C@H]4O[C@H](CO)[C@@H](O)[C@H](O)[C@@H]4O)cc(O)cc3[C@H](C(=O)O)NC2=O)O[C@H](CO)[C@@H](O)[C@@H]1O,0
TOX21SRP53-04317,S=C(NC1CCCCC1)NC1CCCCC1,0
TOX21SRP53-04318,CCCN(CCC)c1c([N+](=O)[O-])cc(S(C)(=O)=O)cc1[N+](=O)[O-],0
TOX21SRP53-04319,CCCCCCCCN(C)CCCCCCCC,0
TOX21SRP53-04320,CNC(=O)C(c1ccccc1)c1ccccc1,0
TOX21SRP53-04321,CC(Oc1cccc(Cl)c1)C(=O)O,0
TOX21SRP53-04322,O=Cc1ccc(F)c(Br)c1,0
TOX21SRP53-04323,O=C(O)c1cccc(/C=C2/C[C@H]3[C@H](C[C@@H](O)[C@@H]3/C=C/[C@@H](O)C3CCCCC3)O2)c1,0
TOX21SRP53-04324,O=C(O)c1ccccc1S,0
TOX21SRP53-04325,C=COCCOCCOC=C,0
TOX21SRP53-04326,CS(=O)(=O)NC(=O)CCC/C=C\C[C@H]1C(=O)C[C@@H](O)[C@@H]1/C=C/[C@H](O)COc1ccccc1,0
TOX21SRP53-04327,OCC(O)COc1ccc(Cl)cc1,0
TOX21SRP53-04328,CN(C)CCCNCCC#N,0
TOX21SRP53-04329,O=P(O)(O)Oc1ccccc1,0
TOX21SRP53-04330,CN(C1CCCCC1)S(=O)(=O)c1ccccc1N,0
TOX21SRP53-04331,C=CC(=O)OCCOCCOCC,0
TOX21SRP53-04332,C=C(C)[C@H]1Cc2c(ccc3c2O[C@@H]2COc4cc(OC)c(OC)cc4[C@@H]2C3=O)O1,1
TOX21SRP53-04333,N=C1C=CC(=C(c2ccc(N)cc2)c2ccc(N)cc2)C=C1,1
TOX21SRP53-04334,Cc1cc(C(=C2C=CC(=N)C=C2)c2ccc(N)cc2)ccc1N,0
TOX21SRP53-04335,CO[C@H]1C=CO[C@@]2(C)Oc3c(C)c(O)c4c(O)c(c(/C=N/N5CCN(C)CC5)c(O)c4c3C2=O)NC(=O)C(C)=CC=C[C@H](C)[C@H](O)[C@@H](C)[C@@H](O)[C@@H](C)[C@H](OC(C)=O)[C@@H]1C,0
TOX21SRP53-04336,CC/N=c1/cc2oc3cc(NCC)c(C)cc3c(-c3ccccc3C(=O)OCC)c-2cc1C,1
TOX21SRP53-04337,CCCCCCCCCCCCCCCC(=O)OC/C=C(C)/C=C/C=C(C)/C=C/C1=C(C)CCCC1(C)C,0
TOX21SRP53-04338,CC(=O)OC/C=C(C)/C=C/C=C(C)/C=C/C1=C(C)CCCC1(C)C,0
TOX21SRP53-04339,CO[Si](C)(OC)OC,0
TOX21SRP53-04340,O=C1Nc2ccccc2C1=O,0
TOX21SRP53-04341,CCN(CC)C1CCCCC1,0
TOX21SRP53-04342,c1ccc2ncccc2c1,0
TOX21SRP53-04343,CCC(=O)c1c(O)cc(O)cc1O,0
TOX21SRP53-04344,O=[N+]([O-])c1ccccc1O,0
TOX21SRP53-04345,Oc1cccc2ccccc12,0
TOX21SRP53-04346,O=NN1CCCCC1,0
TOX21SRP53-04347,O=c1c2ccccc2oc2ccccc12,0
TOX21SRP53-04348,Cc1ccccc1N=O,0
TOX21SRP53-04349,O=C(O)CN(CC(=O)O)CC1=CC2C(=CC1=O)Oc1cc(O)c(CN(CC(=O)O)CC(=O)O)cc1C21OC(=O)c2ccccc21,0
TOX21SRP53-04350,CN(C)P(=O)(N(C)C)N(C)C,0
TOX21SRP53-04351,CCCCCC(N)=O,0
TOX21SRP53-04352,CCCCCCOc1cc(C)c(O)c(C)c1C,0
TOX21SRP53-04353,Oc1c(Cl)cc(Cl)c(Cl)c1Cc1c(O)c(Cl)cc(Cl)c1Cl,1
TOX21SRP53-04354,CCCCCCC(O)CCCCCCCCCCC(=O)OC,0
TOX21SRP53-04355,CCCCOCCOCCOC(=O)CCCCC(=O)OCCOCCOCCCC,0
TOX21SRP53-04356,CC(C)OC(=S)[S-],0
TOX21SRP53-04357,CNC(=O)ON=C(C)SC,0
TOX21SRP53-04358,COc1ccc([C@@H]2CC(=O)c3c(O)cc(O[C@@H]4O[C@H](CO[C@@H]5O[C@@H](C)[C@H](O)[C@@H](O)[C@H]5O)[C@@H](O)[C@H](O)[C@H]4O)cc3O2)cc1O,0
TOX21SRP53-04359,Cc1ccc([N+](=O)[O-])cc1,0
TOX21SRP53-04360,O=S(=O)([O-])CCN1CCN(CCO)CC1,0
TOX21SRP53-04361,Cc1c(C2(c3cc(Br)c(O)c(Br)c3C)OS(=O)(=O)c3ccccc32)cc(Br)c(O)c1Br,0
TOX21SRP53-04362,N=C(N)c1ccc(OCCCCCOc2ccc(C(=N)N)cc2)cc1.O=S(=O)(O)CCO.O=S(=O)(O)CCO,0
TOX21SRP53-04363,O=C(CCCCCCC(=O)Nc1ccccc1)NO,1
TOX21SRP53-04364,CCCOC(OCCC)OCCC,0
TOX21SRP53-04365,COC(=O)CCCCC(=O)O,0
TOX21SRP53-04366,Nc1cc[nH]c(=O)n1,0
TOX21SRP53-04367,CC[N+](CC)(CC)CC,0
TOX21SRP53-04368,C=C(C)C(=O)OCCCCCCOC(=O)C(=C)C,0
TOX21SRP53-04369,C[C@H](C(=O)[O-])c1cccc(Oc2ccccc2)c1.C[C@H](C(=O)[O-])c1cccc(Oc2ccccc2)c1,0
TOX21SRP53-04370,CCSc1ccc2c(c1)N(CCCN1CCN(C)CC1)c1ccccc1S2.O=C(O)CC(O)C(=O)O.O=C(O)CC(O)C(=O)O,0
TOX21SRP53-04371,NC(=O)c1cc[n+](CC2=C(C(=O)[O-])N3C(=O)[C@@H](NC(=O)[C@H](c4ccccc4)S(=O)(=O)[O-])[C@@H]3SC2)cc1,0
TOX21SRP53-04372,CNC[C@H](O)[C@@H](O)[C@@H](O)[C@H](O)CO.Cc1c(Nc2ncccc2C(=O)O)cccc1C(F)(F)F,0
TOX21SRP53-04373,CCCCC[C@H](O)/C=C/[C@H]1[C@H](O)C[C@H](O)[C@@H]1C/C=C\CCCC(=O)O.COC(N)(CO)CO,0
TOX21SRP53-04374,CC1(C)S[C@@H]2[C@H](NC(=O)[C@@H](NC(=O)N3CCNC3=O)c3ccccc3)C(=O)N2[C@H]1C(=O)[O-],0
TOX21SRP53-04375,c1cc(OCC2CO2)cc(OCC2CO2)c1,1
TOX21SRP53-04376,O=C1CCc2ccccc2O1,0
TOX21SRP53-04377,CC1(C)OC(=O)NC1=O,0
TOX21SRP53-04378,CNC(=O)CSP(=S)(OC)OC,0
TOX21SRP53-04379,Oc1c(Cl)cc(Cl)cc1Sc1cc(Cl)cc(Cl)c1O,1
TOX21SRP53-04380,BrC(Br)C(Br)(Br)Br,1
TOX21SRP53-04381,NS(=O)(=O)c1cc2c(cc1C(F)(F)F)NCNS2(=O)=O,0
TOX21SRP53-04382,Clc1ccc(C(Cl)(Cl)Cl)c(Cl)c1,0
TOX21SRP53-04383,CCCCNc1ccc(C(=O)OCCN(C)C)cc1,0
TOX21SRP53-04384,CCCCOc1ccc(C(=O)CCN2CCCCC2)cc1,0
TOX21SRP53-04385,COC(=O)C1CCC(C(=O)OC)CC1,0
TOX21SRP53-04386,CNC(=O)Oc1c(C(C)(C)C)cc(C)cc1C(C)(C)C,0
TOX21SRP53-04387,CCC(C)(CN(C)C)OC(=O)c1ccccc1,0
TOX21SRP53-04388,CCCCCCCC/C=C\CCCCCCCC(=O)N(CCO)CCO,0
TOX21SRP53-04389,CCCCCCCCCCCCCCCC[N+](C)(C)CCN(Cc1ccc(OC)cc1)c1ncccn1,0
TOX21SRP53-04390,CCCOc1cc(N)ccc1C(=O)OCCN(CC)CC,0
TOX21SRP53-04391,O=C(Nc1ccccc1)OCC(CN1CCCCC1)OC(=O)Nc1ccccc1,0
TOX21SRP53-04392,C#C[C@]1(O)CC[C@H]2[C@@H]3CCC4=CC(=O)CC[C@@H]4[C@H]3CC[C@@]21CC,0
TOX21SRP53-04393,O=[N+]([O-])c1ccccc1[O-],0
TOX21SRP53-04394,CCOC(=O)CBr,0
TOX21SRP53-04395,NCC(O)c1cccc(O)c1,0
TOX21SRP53-04396,CC(O)[C@H]1CC[C@H]2[C@@H]3CC[C@@H]4C[C@@H](O)CC[C@]4(C)[C@H]3CC[C@]12C,0
TOX21SRP53-04397,C=CCn1c(=O)n([C@@H]2O[C@H](CO)[C@@H](O)[C@H]2O)c2nc(N)[nH]c(=O)c21,0
TOX21SRP53-04398,CC1=C[C@H](O)CC(C)(C)[C@H]1/C=C/C(C)=C/C=C/C(C)=C/C=C\C=C(C)\C=C\C=C(C)\C=C\C1=C(C)C[C@@H](O)CC1(C)C,1
TOX21SRP53-04399,CC(C)(Cc1c[nH]c2ccccc12)NCC(O)COc1ccccc1C#N,0
TOX21SRP53-04400,CCOc1cc(-c2nccc3cc(OC)c(OC)cc23)cc(OCC)c1OCC,0
TOX21SRP53-04401,CC(=O)O[C@]1(C(C)=O)CC[C@H]2[C@@H]3CCC4=CC(=O)CC[C@]4(C)[C@@]3(F)[C@@H](O)C[C@@]21C,0
TOX21SRP53-04402,Cc1nc(-c2ccc(Cl)cc2)oc1COC(C)(C)C(=O)O,0
TOX21SRP53-04403,CN1CCC(OC(=O)C(Oc2ccc(Cl)cc2)Oc2ccc(Cl)cc2)CC1,0
TOX21SRP53-04404,N[Pt]1(N)OC(=O)C2(CCC2)C(=O)O1,0
TOX21SRP53-04405,CCC1Nc2cc(Cl)c(S(N)(=O)=O)cc2S(=O)(=O)N1,0
TOX21SRP53-04406,CCCC(=O)OCCC(C)C,0
TOX21SRP53-04407,Cc1ccccc1NC(=N)NC(=N)N,0
TOX21SRP53-04408,C1=Cc2ccccc2C1,0
TOX21SRP53-04409,O=C(O)C(=O)Cc1c[nH]c2ccccc12,0
TOX21SRP53-04410,O=[Se](O)O,1
TOX21SRP53-04411,NC(N)=[Se],0
TOX21SRP53-04412,CCc1oc2ccccc2c1C(=O)c1cc(Br)c(O)c(Br)c1,1
TOX21SRP53-04413,CCCC(=NOCC)C1=C(O)CC(CC(C)SCC)CC1=O,0
TOX21SRP53-04414,O=C([O-])[C@H](O)[C@H](O)[C@@H](O)[C@H](O)[C@H](O)CO,0
TOX21SRP53-04415,CC(C)CCCCCCCCCCCCCCC(=O)O,0
TOX21SRP53-04416,CCOP(=O)(OCC)Oc1ccc([N+](=O)[O-])cc1,0
TOX21SRP53-04417,CCOS(=O)(=O)OCC,0
TOX21SRP53-04418,COS(=O)(=O)[O-].Cn1c(-c2ccccc2)cc(-c2ccccc2)[n+]1C,0
TOX21SRP53-04419,O=C(NC(=O)c1c(F)cccc1F)Nc1ccc(Cl)cc1,0
TOX21SRP53-04420,Cc1ccc(NC=O)c(C)c1,0
TOX21SRP53-04421,Cc1ccc(C=O)s1,0
TOX21SRP53-04422,CC1(C)C2CCC3(C2)[C@H]1C(=O)CCC3(C)C,0
TOX21SRP53-04423,CC(=O)c1ccc2c(c1)CCCC2,0
TOX21SRP53-04424,C=CC(=O)CCCCC,0
TOX21SRP53-04425,CC(=O)CCc1ccc2c(c1)OCO2,0
TOX21SRP53-04426,C=CC(C)(CCC=C(C)C)OC(=O)CC(C)C,0
TOX21SRP53-04427,CNC(C)=O,0
TOX21SRP53-04428,COc1ccc(CCC(C)=O)cc1,0
TOX21SRP53-04429,Cc1ccc2c(c1)OCC(=O)CO2,0
TOX21SRP53-04430,CCCC1CCCC(=O)O1,0
TOX21SRP53-04431,C[C@]12C[C@H](O)[C@@]3(F)[C@@H](CCC4=CC(=O)C=C[C@@]43C)[C@@H]1C[C@@H](O)[C@]2(O)C(=O)CO,0
TOX21SRP53-04432,Cn1sccc1=O,0
TOX21SRP53-04433,CNC(=O)Oc1ccccc1C1OCCO1,0
TOX21SRP53-04434,CC(=O)[C@@]1(O)CC[C@H]2[C@@H]3CCC4=CC(=O)CC[C@]4(C)[C@H]3CC[C@@]21C,0
TOX21SRP53-04435,C=C(C)CS(=O)(=O)[O-],0
TOX21SRP53-04436,NC(=O)Cc1cccc(C(=O)c2ccccc2)c1N,0
TOX21SRP53-04437,C[Si](NC1CCCCC1)(NC1CCCCC1)NC1CCCCC1,0
TOX21SRP53-04438,CCCCOC(=O)CCS,0
TOX21SRP53-04439,CCCCCCCCOCCCN,0
TOX21SRP53-04440,CC(C)OP(=O)(CP(=O)(OC(C)C)OC(C)C)OC(C)C,0
TOX21SRP53-04441,O=Cc1ccc(Cl)c([N+](=O)[O-])c1,0
TOX21SRP53-04442,Nc1nc(=S)[nH][nH]1,0
TOX21SRP53-04443,C=CC(=O)NCOCC(C)C,0
TOX21SRP53-04444,CC1=Nc2ccc3ccccc3c2C1(C)C,0
TOX21SRP53-04445,CC(C)(C)NC(=O)[C@H]1CC[C@H]2[C@@H]3CC=C4C=C(C(=O)O)CC[C@]4(C)[C@H]3CC[C@]12C,0
TOX21SRP53-04446,O=[N+]([O-])c1cccc(C(F)(F)F)c1,0
TOX21SRP53-04447,CCCCCCCCC,0
TOX21SRP53-04448,Cc1ccccc1[N+](=O)[O-],0
TOX21SRP53-04449,O=[N+]([O-])c1ccccc1C(F)(F)F,0
TOX21SRP53-04450,CCOC(=O)N(C)N=O,0
TOX21SRP53-04451,C#C[C@@]1(O)CC[C@H]2[C@@H]3CCC4=CCCC[C@@H]4[C@H]3CC[C@@]21C,0
TOX21SRP53-04452,CC(=O)Nc1ccc2c(c1)Cc1cc(NC(C)=O)ccc1-2,0
TOX21SRP53-04453,O=C1NCCN1CCO,0
TOX21SRP53-04454,CNCCS(=O)(=O)[O-],0
TOX21SRP53-04455,CCc1cc(C(C)(C)C)c(O)c(C(C)(C)C)c1,0
TOX21SRP53-04456,COc1cc(NC(=O)CC(C)=O)c(OC)cc1Cl,0
TOX21SRP53-04457,CCO[Si](CCCCl)(OCC)OCC,0
TOX21SRP53-04458,O=C(Nc1ccccc1-c1ccc(Cl)cc1)c1cccnc1Cl,0
TOX21SRP53-04459,CCCCCCCCCCCC(C)=O,0
TOX21SRP53-04460,OC[C@H]1O[C@](O)(CO)[C@@H](O)[C@@H]1O,0
TOX21SRP53-04461,Clc1ccc(Cn2c(CN3CCCC3)nc3ccccc32)cc1,0
TOX21SRP53-04462,O=C1CCc2cc(OCCCCc3nnnn3C3CCCCC3)ccc2N1,0
TOX21SRP53-04463,Oc1cc(O)c2c(c1)O[C@H](c1ccc(O)c(O)c1)[C@H](O)C2,0
TOX21SRP53-04464,c1ccc(C2CC2)c(OCC2=NCCN2)c1,0
TOX21SRP53-04465,Clc1cccc(N2CCNCC2)c1,0
TOX21SRP53-04466,NC(Cc1ccc(Cl)cc1)C(=O)O,0
TOX21SRP53-04467,Nc1ccc2c(c1)C(=O)c1ccccc1C2=O,0
TOX21SRP53-04468,Nc1cc([N+](=O)[O-])ccc1O,0
TOX21SRP53-04469,Nc1ccc([N+](=O)[O-])cc1O,0
TOX21SRP53-04470,Nc1ncc([N+](=O)[O-])s1,0
TOX21SRP53-04471,Nc1ccc(O)c([N+](=O)[O-])c1,0
TOX21SRP53-04472,Nc1nc(-c2ccc([N+](=O)[O-])cc2)cs1,0
TOX21SRP53-04473,O=C(NN1CCCC1)NS(=O)(=O)c1ccc(Cl)cc1,0
TOX21SRP53-04474,C=CC[N+]1([C@H]2C[C@H]3[C@@H]4CC[C@H]5C[C@H](OC(C)=O)[C@@H](N6CCCCC6)C[C@]5(C)[C@H]4CC[C@]3(C)[C@H]2OC(=O)CC)CCCCC1,0
TOX21SRP53-04475,CCOC(=O)CCC(=O)OCC,0
TOX21SRP53-04476,O=[N+]([O-])c1nccn1CO[C@@H](CO)[C@H](O)CO,0
TOX21SRP53-04477,CC[C@H]1C[C@H]2[C@@H]3CCC4=CC(=O)CC[C@@H]4[C@H]3CC[C@]2(C)[C@H]1O,0
TOX21SRP53-04478,CCCCCC1Nc2cc(C(F)(F)F)c(S(N)(=O)=O)cc2S(=O)(=O)N1,0
TOX21SRP53-04479,CO/N=C(/C(=O)N[C@@H]1C(=O)N2C(C(=O)O)=C(Cn3nnc(C)n3)CS[C@H]12)c1csc(N)n1,0
TOX21SRP53-04480,Cc1cccc(N(C)C(=S)Oc2ccc3c(c2)CCC3)c1,0
TOX21SRP53-04481,CC(=O)OCC(=O)Nc1cc(C#N)cc(NC(=O)COC(C)=O)c1Cl,0
TOX21SRP53-04482,C[C@](N)(Cc1ccc(O)c(O)c1)C(=O)O.C[C@](N)(Cc1ccc(O)c(O)c1)C(=O)O,0
TOX21SRP53-04483,Cc1ccc2cc3c(ccc4ccccc43)c3c2c1CC3,0
TOX21SRP53-04484,Cc1ccc(O)c(O)c1,0
TOX21SRP53-04485,Cc1cc(Cc2ccc(N)c(C)c2)ccc1N,0
TOX21SRP53-04486,FC(F)(F)C(Cl)(Cl)Cl,0
TOX21SRP53-04487,N#CCC(=O)O,0
TOX21SRP53-04488,CCSCC,0
TOX21SRP53-04489,CN(C)c1ccc(Cc2ccc(N(C)C)cc2)cc1,0
TOX21SRP53-04490,ClCCl,0
TOX21SRP53-04491,FC(F)(F)c1ccc(Cl)c(Cl)c1,0
TOX21SRP53-04492,O=C=Nc1cccc(C(F)(F)F)c1,0
TOX21SRP53-04493,CC[C@@H](CO)NC(=O)[C@@H]1C=C2c3cccc4c3c(cn4C)C[C@H]2N(C)C1,0
TOX21SRP53-04494,C[C@H]1C[C@H]2[C@@H]3CC[C@](O)(C(=O)CO)[C@@]3(C)C[C@H](O)[C@@H]2[C@@]2(C)C=CC(=O)C=C12,0
TOX21SRP53-04495,CC(=O)OCC(=O)[C@@]1(O)CC[C@H]2[C@@H]3C[C@H](C)C4=CC(=O)C=C[C@]4(C)[C@H]3[C@@H](O)C[C@@]21C,0
TOX21SRP53-04496,C[C@H]1C[C@H]2[C@@H]3CC[C@](O)(C(=O)COC(=O)CCC(=O)[O-])[C@@]3(C)C[C@H](O)[C@@H]2[C@@]2(C)C=CC(=O)C=C12,0
TOX21SRP53-04497,C=CCOC(=O)C(=C)C,0
TOX21SRP53-04498,OCC(Br)CBr,0
TOX21SRP53-04499,Nc1ccc(Cl)c(Cl)c1,0
TOX21SRP53-04500,NCCCC(=O)O,0
TOX21SRP53-04501,Nc1ccccc1Cl,0
TOX21SRP53-04502,CCC(C)C=O,0
TOX21SRP53-04503,FC(F)(F)c1ccc(Cl)cc1,0
TOX21SRP53-04504,C[Si](C)(C)Cl,0
TOX21SRP53-04505,CCC(Cl)C(Cl)C(Cl)CC(Cl)C(Cl)C(C)Cl,0
TOX21SRP53-04506,C=Cc1ccc(C=C)cc1,0
TOX21SRP53-04507,Nc1ccc([As](=O)(O)O)cc1,0
TOX21SRP53-04508,O=[N+]([O-])C(Cl)(Cl)Cl,0
TOX21SRP53-04509,Clc1ccc(Sc2cc(Cl)c(Cl)cc2Cl)cc1,0
TOX21SRP53-04510,Cc1ccc(C)c2ccccc12,0
TOX21SRP53-04511,O=S(=O)(Oc1ccc(Cl)cc1)c1ccc(Cl)cc1,0
TOX21SRP53-04512,CCC(=O)[O-].CCC(=O)[O-],0
TOX21SRP53-04513,COC(=O)c1cc(C(=O)OC)cc(S(=O)(=O)[O-])c1,0
TOX21SRP53-04514,O=C([O-])CCl,0
TOX21SRP53-04515,CC(C)C(OC(=O)c1ccccc1)C(C)(C)COC(=O)c1ccccc1,0
TOX21SRP53-04516,OCCCO,0
TOX21SRP53-04517,O=C(CC(=O)c1ccccc1)c1ccccc1,0
TOX21SRP53-04518,COC(=O)[C@H](c1ccccc1Cl)N1CCc2sccc2C1,0
TOX21SRP53-04519,CC(C)CCCCOC(=O)c1ccccc1C(=O)OCCCCC(C)C,0
TOX21SRP53-04520,Cc1ncc(CO)c(C=O)c1O,0
TOX21SRP53-04521,NS(=O)(=O)Cc1noc2ccccc12,0
TOX21SRP53-04522,CNC1=Nc2ccc(Cl)cc2C(c2ccccc2)=[N+]([O-])C1,0
TOX21SRP53-04523,O=C(NC(=O)c1cc(F)c(F)cc1Cl)Nc1cc(F)ccc1N1CCC(C(=O)O)CC1,0
TOX21SRP53-04524,O=C(O)c1ccccc1-n1cc(C(=O)O)c(=O)c2cc(Nc3c(F)cc(F)cc3Cl)c(Cl)cc21,0
TOX21SRP53-04525,CC(C)(C)C(=O)CCc1ccc(Cl)cc1,0
TOX21SRP53-04526,CCCCCC(C)OC(=O)COc1ccc(Cl)c2cccnc12,0
TOX21SRP53-04527,Cc1nc(C)c(Cl)c(O)c1Cl,0
TOX21SRP53-04528,CC(C)=CCCC(C)CC=O,0
TOX21SRP53-04529,O=c1oc2ccccc2c(O)c1C1CCCc2ccccc21,0
TOX21SRP53-04530,COCC(C)OC(C)=O,0
TOX21SRP53-04531,Cc1cc(C)cc(C)c1,0
TOX21SRP53-04532,Cc1cccc(N)c1,0
TOX21SRP53-04533,Clc1nc(Cl)nc(Cl)n1,0
TOX21SRP53-04534,CC(=O)OCC(=O)[C@H]1CC[C@H]2[C@@H]3CCC4=CC(=O)CC[C@]4(C)[C@H]3CC[C@]12C,0
TOX21SRP53-04535,CC(C)Nc1cccnc1N1CCN(C(=O)c2cc3cc(NS(C)(=O)=O)ccc3[nH]2)CC1,0
TOX21SRP53-04536,CCCCCCCCCCCCCCCCCCCCCC(=O)Nc1ccn([C@@H]2O[C@H](CO)[C@@H](O)[C@@H]2O)c(=O)n1,1
TOX21SRP53-04537,COc1ccc2[nH]c(S(=O)Cc3ncc(C)c(OC)c3C)nc2n1,0
TOX21SRP53-04538,COc1cc(C)c(Cc2cnc(N)nc2N)cc1OC,0
TOX21SRP53-04539,Oc1ccc(C(O)CNCCCCCCNCC(O)c2ccc(O)c(O)c2)cc1O,0
TOX21SRP53-04540,CC[C@H]1OC(=O)C[C@@H](O)[C@H](C)[C@@H](O[C@@H]2O[C@H](C)[C@@H](O)[C@H](N(C)C)[C@H]2O)[C@@H](CCN2C[C@@H](C)C[C@@H](C)C2)C[C@@H](C)C(=O)C=CC(C)=C[C@@H]1CO[C@@H]1O[C@H](C)[C@@H](O)[C@@H](OC)[C@H]1OC,0
TOX21SRP53-04541,CCC1CCC(=O)O1,0
TOX21SRP53-04542,C=CC(C)(CCC=C(C)C)OC(=O)C=Cc1ccccc1,0
TOX21SRP53-04543,O=C(O)CCCCCCCCCC(=O)O,0
TOX21SRP53-04544,CC(C)[C@H]1CC[C@H](C(=O)N[C@H](Cc2ccccc2)C(=O)O)CC1,0
TOX21SRP53-04545,COc1ccc2cc([C@H](C)C(=O)O)ccc2c1,0
TOX21SRP53-04546,Nc1cc(N2CCCCC2)nc(N)[n+]1[O-],0
TOX21SRP53-04547,CC[C@H](C)C(=O)O[C@H]1CCC=C2C=C[C@H](C)[C@H](CC[C@@H]3C[C@@H](O)CC(=O)O3)[C@H]21,0
TOX21SRP53-04548,CC(=O)O[C@]1(C(C)=O)CC[C@H]2[C@@H]3C=C(C)C4=CC(=O)CC[C@]4(C)[C@H]3CC[C@@]21C,0
TOX21SRP53-04549,COC(=O)Nc1nc2cc(C(=O)c3ccccc3)ccc2[nH]1,1
TOX21SRP53-04550,C[C@@H]1OC(=O)C[C@H](O)C[C@H](O)C[C@H](O)CC[C@@H](O)[C@H](O)C[C@]2(O)C[C@H](O)[C@@H](C(=O)O)C(C[C@@H](O[C@H]3O[C@@H](C)[C@H](O)[C@@H](N)[C@H]3O)C=CC=CC=CC=CCCC=CC=C[C@H](C)[C@@H](O)[C@H]1C)O2,0
TOX21SRP53-04551,COc1cc(OC)c(C(=O)CCCN2CCCC2)c(OC)c1,0
TOX21SRP53-04552,OCCSc1ccccc1,0
TOX21SRP53-04553,CC(C)c1cccc(C(C)C)c1N1C(=O)c2ccc(O)cc2C1=O,1
TOX21SRP53-04554,O=C1Cc2ccccc2N1c1c(Cl)cccc1Cl,0
TOX21SRP53-04555,CCCCCSCCCCC,0
TOX21SRP53-04556,CSc1c(Cl)c(Cl)c(Cl)c(Cl)c1Cl,0
TOX21SRP53-04557,CC(S)C(C)S,0
TOX21SRP53-04558,CC(=O)c1ccc[nH]1,0
TOX21SRP53-04559,CC(=O)c1cnccn1,0
TOX21SRP53-04560,CCCCCC/C=C/C=O,0
TOX21SRP53-04561,COC(=O)c1ccccc1OC,0
TOX21SRP53-04562,CCc1ccc(C=O)cc1,0
TOX21SRP53-04563,CC(C)(C)C1CCCCC1=O,0
TOX21SRP53-04564,CCOP(=S)(OCC)SCSc1cc(Cl)ccc1Cl,0
TOX21SRP53-04565,CCCC(=O)OC,0
TOX21SRP53-04566,CC(CN(CCN(CC(C)OCCO)CC(C)OCCO)CC(C)OCCO)OCCO,0
TOX21SRP53-04567,CO.COc1cc(Nc2c(C#N)cnc3cc(OCCCN4CCN(C)CC4)c(OC)cc23)c(Cl)cc1Cl,1
TOX21SRP53-04568,COC(=O)C1=C(C)NC(C)=C(C(=O)O[C@@H]2CCCN(Cc3ccccc3)C2)[C@@H]1c1cccc([N+](=O)[O-])c1,0
TOX21SRP53-04569,COCCCOc1cc(C[C@@H](C[C@H](N)[C@@H](O)C[C@H](C(=O)NCC(C)(C)C(N)=O)C(C)C)C(C)C)ccc1OC,0
TOX21SRP53-04570,CC(=O)Nc1ccc(S(=O)(=O)Nc2cc(C)on2)cc1,0
TOX21SRP53-04571,CCCN(CCC)C(=O)Cc1c(-c2ccc(Cl)cc2)nc2ccc(Cl)cn12,0
TOX21SRP53-04572,NC(=O)COCCN1CCN(C(c2ccccc2)c2ccc(Cl)cc2)CC1,0
TOX21SRP53-04573,CCNc1nc(Cl)nc(NCC)n1,0
TOX21SRP53-04574,O=[Se]=O,1
TOX21SRP53-04575,Oc1ccc2c(c1)OCO2,0
TOX21SRP53-04576,CN1C(=O)CCS(=O)(=O)C1c1ccc(Cl)cc1,0
TOX21SRP53-04577,S=C(SSSSSSC(=S)N1CCCCC1)N1CCCCC1,0
TOX21SRP53-04578,ClC/C=C\CCl,0
TOX21SRP53-04579,CCc1ncnc2cc(OC)c(OC)cc12,0
TOX21SRP53-04580,CC(C)(C)C(=O)C(=O)O,0
TOX21SRP53-04581,Cc1c(N)cccc1N,0
TOX21SRP53-04582,CCOC(=O)NC(O)C(Cl)(Cl)Cl,0
TOX21SRP53-04583,CC(=O)[C@@]1(O)CC[C@H]2[C@@H]3C=C(Cl)C4=CC(=O)CC[C@]4(C)[C@H]3CC[C@@]21C,0
TOX21SRP53-04584,O=NN1CCCCCC1,0
TOX21SRP53-04585,O=S(=O)(O)c1ccccc1,0
TOX21SRP53-04586,CC[C@@H](C)CCCCC(=O)N[C@H](CCN)C(=O)N[C@@H](C(=O)N[C@H](CCN)C(=O)N[C@@H]1CCNC(=O)C([C@@H](C)O)NC(=O)[C@@H](CCN)NC(=O)[C@@H](CCN)NC(=O)[C@@H](CC(C)C)NC(=O)[C@@H](Cc2ccccc2)NC(=O)[C@@H](CCN)NC1=O)[C@@H](C)O,0
TOX21SRP53-04587,NC(=O)c1cc([N+](=O)[O-])cc([N+](=O)[O-])c1,0
TOX21SRP53-04588,COc1cccc(OC)c1C(=O)N[C@@H]1C(=O)N2[C@@H](C(=O)[O-])C(C)(C)S[C@H]12,0
TOX21SRP53-04589,OC[C@H]1O[C@](O)(CO)[C@@H](O)[C@@H]1O[C@@H]1O[C@H](CO)[C@H](O)[C@H](O)[C@H]1O,0
TOX21SRP53-04590,O=[N+]([O-])O[C@H]1CO[C@H]2[C@@H]1OC[C@H]2O[N+](=O)[O-],0
TOX21SRP53-04591,CC(C(=O)O)c1ccc(N2Cc3ccccc3C2=O)cc1,0
TOX21SRP53-04592,Oc1cc2c(cc1O)[C@H]1c3ccc(O)c(O)c3OC[C@@]1(O)C2,0
TOX21SRP53-04593,COC1=CC(=O)O[C@@H](/C=C/c2ccc3c(c2)OCO3)C1,0
TOX21SRP53-04594,COC1=CC(=O)C[C@@H](C)[C@]12Oc1c(Cl)c(OC)cc(OC)c1C2=O,1
TOX21SRP53-04595,CCN(Cc1cccc(S(=O)(=O)[O-])c1)c1ccc(C(=C2C=CC(=[N+](CC)Cc3cccc(S(=O)(=O)[O-])c3)C=C2)c2ccc(O)cc2S(=O)(=O)[O-])cc1,0
TOX21SRP53-04596,CCCN1CCCC[C@H]1C(=O)Nc1c(C)cccc1C,0
TOX21SRP53-04597,O=C([O-])C(F)(F)C(F)(F)C(F)(F)C(F)(F)C(F)(F)C(F)(F)C(F)(F)F,0
TOX21SRP53-04598,O=S(=O)([O-])C(F)(F)C(F)(F)C(F)(F)C(F)(F)C(F)(F)C(F)(F)F,0
TOX21SRP53-04599,CC1(C)[C@H]2CC[C@](C)(C2)[C@H]1O,0
TOX21SRP53-04600,CC(C)c1c(C(=O)Nc2ccccc2)c(-c2ccccc2)c(-c2ccc(F)cc2)n1CC[C@@H](O)C[C@@H](O)CC(=O)[O-].CC(C)c1c(C(=O)Nc2ccccc2)c(-c2ccccc2)c(-c2ccc(F)cc2)n1CC[C@@H](O)C[C@@H](O)CC(=O)[O-],0
TOX21SRP53-04601,CCOC(=O)C(C)C(C)=O,0
TOX21SRP53-04602,ClCC(Br)CBr,0
TOX21SRP53-04603,c1ccc2c(c1)Oc1ccccc1O2,0
TOX21SRP53-04604,BrCCBr,0
TOX21SRP53-04605,CCCCCCCCCCCOC(=O)c1ccccc1C(=O)OCCCCCCCCCCC,0
TOX21SRP53-04606,C=Cc1ccccc1C=C,0
TOX21SRP53-04607,CCCCCCCCC/C=C/CC1CC(=O)OC1=O,0
TOX21SRP53-04608,NCCCN1CCN(CCCN)CC1,0
TOX21SRP53-04609,C=CC(C)(O)CCC=C(C)CCC=C(C)C,0
TOX21SRP53-04610,CCCCCCCCCCCCOCCO,0
TOX21SRP53-04611,CCCCCCCCCC(CC)c1ccc(S(=O)(=O)[O-])cc1,0
TOX21SRP53-04612,CN(C(=O)CN(CCO)CC(=O)N(C)C(C)(C)Cc1ccccc1)C(C)(C)Cc1ccccc1,0
TOX21SRP53-04613,c1ccc(COCc2ccccc2)cc1,0
TOX21SRP53-04614,COc1ccccc1OCC(O)CO,0
TOX21SRP53-04615,CCCCCCCC/C=C\CCCCCCCC(=O)OC,0
TOX21SRP53-04616,O=C(O)C(=O)O,0
TOX21SRP53-04617,O=C(O)c1cc(O)nc(O)n1,0
TOX21SRP53-04618,Cc1ccccc1C(OCCN(C)C)c1ccccc1,0
TOX21SRP53-04619,O=C1O[C@H](CO)[C@@H](O)[C@H](O)[C@H]1O,0
TOX21SRP53-04620,CN(C)Cc1cc(CN(C)C)c(O)c(CN(C)C)c1,0
TOX21SRP53-04621,IC(I)=C(I)I,1
TOX21SRP53-04622,O=P([O-])([O-])OP(=O)([O-])[O-],0
TOX21SRP53-04623,CC(C)NC[C@@H](O)COc1cccc2ccccc12,0
TOX21SRP53-04624,CC(=O)OCC(=O)[C@@]12OC(C)(C)O[C@@H]1C[C@H]1[C@@H]3C[C@H](F)C4=CC(=O)C=C[C@]4(C)[C@@]3(F)[C@@H](O)C[C@@]12C,0
TOX21SRP53-04625,CC(=O)OCC(=O)[C@@]1(O)CC[C@H]2[C@@H]3CCC4=CC(=O)C=C[C@]4(C)[C@@]3(F)[C@@H](O)C[C@@]21C,0
TOX21SRP53-04626,CNC(=O)ON=C(CSC)C(C)(C)C,0
TOX21SRP53-04627,O=c1nn[nH]c2ccccc12,0
TOX21SRP53-04628,Nc1ccc2cc(S(=O)(=O)O)cc(O)c2c1,0
TOX21SRP53-04629,CCOC(=O)COc1cc(-n2ncc(C(F)(F)F)c(C)c2=O)c(F)cc1Cl,0
TOX21SRP53-04630,CCCCOC(=O)C(C)Oc1ccc(Oc2ccc(C(F)(F)F)cn2)cc1,0
TOX21SRP53-04631,COc1nn(C(=O)[N-]S(=O)(=O)c2ccccc2OC(F)(F)F)c(=O)n1C,0
TOX21SRP53-04632,CCCCCOC(=O)c1ccccc1C(=O)OCCCCC,0
TOX21SRP53-04633,CCCOC(=O)c1ccccc1C(=O)OCCC,0
TOX21SRP53-04634,CCc1ccc(C(=O)NN(C(=O)c2cc(C)cc(C)c2)C(C)(C)C)cc1,0
TOX21SRP53-04635,c1nc[n-]n1,0
TOX21SRP53-04636,CCCCCCCCS,0
TOX21SRP53-04637,N#CCCSCCC#N,0
TOX21SRP53-04638,CCOC(=O)C1=C[C@]2(CC)CCCN3CCc4c(n1c1ccccc41)[C@@H]32,0
TOX21SRP53-04639,Cc1nnc2n1-c1ccc(Cl)cc1C(c1ccccc1Cl)=NC2,0
TOX21SRP53-04640,CCOc1ccc2c3c1O[C@H]1[C@@H](O)C=C[C@H]4[C@@H](C2)N(C)CC[C@]314,0
TOX21SRP53-04641,CC(=O)Oc1ccc2c3c1O[C@H]1[C@@H](OC(C)=O)C=C[C@H]4[C@@H](C2)N(C)CC[C@]314,0
TOX21SRP53-04642,CCC(=O)O[C@]1(c2ccccc2)CCN(C)C[C@H]1C,0
TOX21SRP53-04643,CC(C)Cn1cnc2c1c(=O)n(C)c(=O)n2C,0
TOX21SRP53-04644,Brc1c2ccccc2c(Br)c2ccccc12,1
TOX21SRP53-04645,Cc1nc2ccccc2c(=O)o1,0
TOX21SRP53-04646,CCn1cc[n+](C)c1.COS(=O)(=O)[O-],0
TOX21SRP53-04647,CCOC(=O)c1ccc(I)cc1,0
TOX21SRP53-04648,C/C=C(\C)C=O,0
TOX21SRP53-04649,CN(C)c1ccc(CCO)cc1,0
TOX21SRP53-04650,O=C1c2ccccc2-c2ccccc21,0
TOX21SRP53-04651,CNC(=O)Oc1ccccc1C(C)C,0
TOX21SRP53-04652,CC(C)c1ccc(NC(=O)N(C)C)cc1,0
TOX21SRP53-04653,Cc1ccc(C(C)C)cc1O,0
TOX21SRP53-04654,CCOCCOCCOCCO,0
TOX21SRP53-04655,CC(Cl)C(Cl)Cl,0
TOX21SRP53-04656,CCN(CC)CC,0
TOX21SRP53-04657,CCCCCCCCCCCCCCCC/C=C/C1CC(=O)OC1=O,0
TOX21SRP53-04658,C#CC(C)(O)CC(C)C,0
TOX21SRP53-04659,CC(=O)Nc1ccc(C)cc1,0
TOX21SRP53-04660,CCOP(=S)(OCC)SCn1nnc2ccccc2c1=O,0
TOX21SRP53-04661,CC(C)Nc1nc(N)nc(Cl)n1,0
TOX21SRP53-04662,CCNc1nc(N)nc(Cl)n1,0
TOX21SRP53-04663,CCNc1nc(NC(C)C)nc(OC)n1,0
TOX21SRP53-04664,O=C1CCCCCCCCCCCCCC1,0
TOX21SRP53-04665,CCC(=O)C=Cc1ccc(OC)cc1,0
TOX21SRP53-04666,CC(C)(Cl)[N+](=O)[O-],0
TOX21SRP53-04667,O=[N+]([O-])c1cc(C(F)(F)F)ccc1Cl,0
TOX21SRP53-04668,CC1=C(O)C(=O)CO1,0
TOX21SRP53-04669,C=CC(=C)CCCC(C)(C)OC(C)=O,0
TOX21SRP53-04670,C=CC(C)(O)CC/C=C(\C)CC,0
TOX21SRP53-04671,CCC(=O)Oc1ccc(/C(CC)=C(\CC)c2ccc(OC(=O)CC)cc2)cc1,1
TOX21SRP53-04672,CC(C)C1CCC(O)CC1,0
TOX21SRP53-04673,COc1cc(Cl)c(OC)cc1Cl,0
TOX21SRP53-04674,CC(C)CC=C(C=O)c1ccccc1,0
TOX21SRP53-04675,Clc1cccc2ccccc12,0
TOX21SRP53-04676,CCC(Cl)[N+](=O)[O-],0
TOX21SRP53-04677,CC(=O)OCC(C)OC(C)=O,0
TOX21SRP53-04678,CC(C)CCCC(C)CC=O,0
TOX21SRP53-04679,CC(C)(C)c1cccc(O)c1,0
TOX21SRP53-04680,CC1=CCC(O)(C(C)C)CC1,0
TOX21SRP53-04681,C=C(C)C(=O)[O-],0
TOX21SRP53-04682,CC(CCO)CCc1ccccc1,0
TOX21SRP53-04683,CCOC(=O)C(C#N)=C(c1ccccc1)c1ccccc1,0
TOX21SRP53-04684,COc1ccc(C(=O)CC(=O)c2ccc(C(C)(C)C)cc2)cc1,0
TOX21SRP53-04685,C=CCCCCCCCCC(=O)OCC,0
TOX21SRP53-04686,O=C1NC(=O)c2cc([N+](=O)[O-])ccc21,0
TOX21SRP53-04687,O=C1OC(=O)c2cc([N+](=O)[O-])ccc21,0
TOX21SRP53-04688,O=c1[nH][nH]c(=O)c2cc([N+](=O)[O-])ccc12,0
TOX21SRP53-04689,Nc1ccc([N+](=O)[O-])c(N)c1,0
TOX21SRP53-04690,O=[N+]([O-])c1ccc(NCCO)c(OCCO)c1,0
TOX21SRP53-04691,O=S(=O)([O-])c1ccc(/N=N/c2c(O)ccc3cc(S(=O)(=O)[O-])ccc23)cc1,0
TOX21SRP53-04692,CC(/C=C/C=C(\C)C(=O)O[C@@H]1O[C@H](CO[C@@H]2O[C@H](CO)[C@@H](O)[C@H](O)[C@H]2O)[C@@H](O)[C@H](O)[C@H]1O)=C\C=C\C=C(C)\C=C\C=C(/C)C(=O)O[C@@H]1O[C@H](CO[C@@H]2O[C@H](CO)[C@@H](O)[C@H](O)[C@H]2O)[C@@H](O)[C@H](O)[C@H]1O,0
TOX21SRP53-04693,O=C([O-])c1[nH]n(-c2ccc(S(=O)(=O)[O-])cc2)c(=O)c1/N=N/c1ccc(S(=O)(=O)[O-])cc1,0
TOX21SRP53-04694,COC(=O)c1ccc2cc(C(=O)OC)ccc2c1,0
TOX21SRP53-04695,Cc1cccc[n+]1[O-],0
TOX21SRP53-04696,CC[N+](CC)(CC(=O)Nc1c(C)cccc1C)Cc1ccccc1.O=C([O-])c1ccccc1,0
TOX21SRP53-04697,CCC(C)C1CCCCC1=O,0
TOX21SRP53-04698,NC1CCN(c2cccc(Cl)n2)CC1,0
TOX21SRP53-04699,C#CCC(Cc1cnc2nc(N)nc(N)c2n1)c1ccc(C(=O)N[C@@H](CCC(=O)O)C(=O)O)cc1,1
TOX21SRP53-04700,C/C=C1\NC(=O)[C@H]2CSSCCC=C[C@H](CC(=O)N[C@H](C(C)C)C(=O)N2)OC(=O)[C@H](C(C)C)NC1=O,1
TOX21SRP53-04701,CC1CCC(CO)CC1,0
TOX21SRP53-04702,CCS(=O)(=O)C(C)(C)S(=O)(=O)CC,0
TOX21SRP53-04703,NCCCC[C@H](NC(=O)[C@@H]1CCCN1C(=O)[C@@H]1CSSC[C@H](N)C(=O)N[C@@H](Cc2ccc(O)cc2)C(=O)N[C@@H](Cc2ccccc2)C(=O)N[C@@H](CCC(N)=O)C(=O)N[C@@H](CC(N)=O)C(=O)N1)C(=O)NCC(N)=O,0
TOX21SRP53-04704,CC(=O)SC[C@@H](C)C(=O)N1CCC[C@H]1C(=O)N[C@@H](Cc1ccccc1)C(=O)O,0
TOX21SRP53-04705,CCC(C)(C)OC(=O)N[C@@H](Cc1c[nH]c2ccccc12)C(=O)N[C@@H](CCSC)C(=O)N[C@@H](CC(=O)O)C(=O)N[C@@H](Cc1ccccc1)C(N)=O,0
TOX21SRP53-04706,Nc1c2c(nc3ccccc13)CCCC2O,0
TOX21SRP53-04707,N=C(N)NC(=O)Cc1c(Cl)cccc1Cl,0
TOX21SRP53-04708,O=c1c2ccccc2[se]n1-c1ccccc1,0
TOX21SRP53-04709,Cc1nc2c([nH]1)c(=O)n(C)c(=O)n2Cc1ccco1,0
TOX21SRP53-04710,NC(=O)NC1NC(=O)NC1=O,0
TOX21SRP53-04711,C=CCO,0
TOX21SRP53-04712,C=CCCl,0
TOX21SRP53-04713,C=CCOCC1CO1,0
TOX21SRP53-04714,C=CCN=C=S,0
TOX21SRP53-04715,C=CCOC(=O)CC(C)C,0
TOX21SRP53-04716,[S-]c1nc2ccccc2s1,0
TOX21SRP53-04717,CCCCNCC,0
TOX21SRP53-04718,Cc1[nH]c(=O)c(C#N)cc1-c1ccncc1,0
TOX21SRP53-04719,CN1CCN2c3ncccc3Cc3ccccc3C2C1,0
TOX21SRP53-04720,CC#C[C@]1(O)CC[C@H]2[C@@H]3CCC4=CC(=O)CCC4=C3[C@@H](c3ccc(N(C)C)cc3)C[C@@]21C,1
TOX21SRP53-04721,Cc1cccc2cccnc12,0
TOX21SRP53-04722,O=S([O-])CO,0
TOX21SRP53-04723,Cc1ccc2ncccc2c1,0
TOX21SRP53-04724,COC(=O)C(c1ccccc1)C1CCCCN1,0
TOX21SRP53-04725,NC(=O)CS(=O)C(c1ccccc1)c1ccccc1,0
TOX21SRP53-04726,CCSC(=O)Cl,0
TOX21SRP53-04727,Oc1ccc(Cl)cc1,0
TOX21SRP53-04728,Cc1ccc(N)cc1,0
TOX21SRP53-04729,C=CC(=O)OCC(C)C,0
TOX21SRP53-04730,CCCBr,0
TOX21SRP53-04731,OCCCl,0
TOX21SRP53-04732,CCC#N,0
TOX21SRP53-04733,CCCC(C)C1(CC)C(=O)N=C([S-])NC1=O,0
TOX21SRP53-04734,CCC(=O)OCCc1ccccc1,0
TOX21SRP53-04735,CC1(C)C(=O)NC(=O)N1CO,0
TOX21SRP53-04736,C#C[C@]1(OC(C)=O)CC[C@H]2[C@@H]3CCC4=C[C@@H](OC(C)=O)CC[C@@H]4[C@H]3CC[C@@]21C,1
TOX21SRP53-04737,CCc1cccc2c3c([nH]c12)C(CC)(CC(=O)O)OCC3,0
TOX21SRP53-04738,CCOC(=O)C(C)(C)Oc1ccc(Cl)cc1,0
TOX21SRP53-04739,O=C(O)CC(O)(CC(=O)O)C(=O)O,0
TOX21SRP53-04740,CC(C)(Oc1ccc(C2CC2(Cl)Cl)cc1)C(=O)O,0
TOX21SRP53-04741,Nc1ccccc1C(=O)OCC=Cc1ccccc1,0
TOX21SRP53-04742,CCCCCCCCCCCC[N+](C)(C)CC(=O)[O-],0
TOX21SRP53-04743,CCCCCCCCC(CO)CCCCCC,0
TOX21SRP53-04744,Cc1c(Cl)cccc1[N+](=O)[O-],0
TOX21SRP53-04745,C=CCOCC(O)CCl,0
TOX21SRP53-04746,CCOC(=O)c1nc(C(Cl)(Cl)Cl)n(-c2ccc(Cl)cc2Cl)n1,1
TOX21SRP53-04747,Nc1cc([N+](=O)[O-])ccc1C(=O)O,0
TOX21SRP53-04748,CCC(C(=O)NC(N)=O)c1ccccc1,0
TOX21SRP53-04749,O=C(O)c1cc(/N=N/c2ccc([N+](=O)[O-])cc2)ccc1O,0
TOX21SRP53-04750,CCN1C(=CC=Cc2ccc3ccccc3[n+]2CC)C=Cc2ccccc21,1
TOX21SRP53-04751,N=C(N)NN=C(C=Cc1ccc([N+](=O)[O-])o1)C=Cc1ccc([N+](=O)[O-])o1,1
TOX21SRP53-04752,CCCCCCCCOC(=O)CCCCCCCCC(=O)OCCCCCCCC,0
TOX21SRP53-04753,O=C(OCCCCCCOC(=O)c1ccccc1)c1ccccc1,0
TOX21SRP53-04754,NC(=O)N(O)[C@@H]1COc2cc(OCc3ccccc3)ccc21,0
TOX21SRP53-04755,CC(=O)c1ccc2c(c1)[C@H](NC(=O)c1ccc(F)cc1)[C@@H](O)C(C)(C)O2,0
TOX21SRP53-04756,CCCCN1C(=O)[C@@H]([C@H](O)C2CCCCC2)NC(=O)C12CCN(Cc1ccc(Oc3ccc(C(=O)O)cc3)cc1)CC2,1
TOX21SRP53-04757,CNS(=O)(=O)c1cc(C(=O)N2CCC(CCN3C4CCC3CC(n3c(C)nc5ccccc53)C4)(c3cccc(F)c3)CC2)c(Cl)cc1F,0
TOX21SRP53-04758,N#Cc1ccc(N(CC(N)=O)CC(F)(F)F)cc1C(F)(F)F,0
TOX21SRP53-04759,CCN(C(=O)c1cc(C)cc(OC[C@H](C)Nc2ccncc2)c1)C(C)C,0
TOX21SRP53-04760,O=C(NCCCN1CCOCC1)c1ccc(Cl)cc1,0
TOX21SRP53-04761,CSCC[C@H](NC(=O)[C@H](Cc1ccc(OS(=O)(=O)O)cc1)NC(=O)[C@@H](N)CC(=O)O)C(=O)NCC(=O)N[C@@H](Cc1c[nH]c2ccccc12)C(=O)N[C@@H](CCSC)C(=O)N[C@@H](CC(=O)O)C(=O)N[C@@H](Cc1ccccc1)C(N)=O,0
TOX21SRP53-04762,C[C@]12CC[C@H]3[C@@H](CCC4=CC(=O)CC[C@@]43C)[C@@H]1CC[C@H]2O,0
TOX21SRP53-04763,Cc1ccc(O)c2ncccc12,1
TOX21SRP53-04764,CC(O)C(=O)O.CCCCCCCCCCCCCCNCCO,0
TOX21SRP53-04765,CNCCCC1c2ccccc2C=Cc2ccccc21,0
TOX21SRP53-04766,O=C(Nc1ccc(C(=O)O)c(O)c1)c1ccccc1,0
TOX21SRP53-04767,COc1ccccc1OC(=O)Oc1ccccc1OC,0
TOX21SRP53-04768,CC(=O)CCC=C(C)CC/C=C(\C)CC/C=C(\C)CCC=C(C)C,0
TOX21SRP53-04769,O=C(Nc1ccc(O)cc1)c1ccccc1O,0
TOX21SRP53-04770,CC(C)(C)C1(CCc2ccc(Cl)cc2)CO1,0
TOX21SRP53-04771,O=P([O-])(O)C(Sc1ccc(Cl)cc1)P(=O)([O-])O,0
TOX21SRP53-04772,CCc1ccccc1N,0
TOX21SRP53-04773,CCCCCCCCCCCCCCCC(=O)OCCC1CCN(CCCN2c3ccccc3Sc3ccc(S(=O)(=O)N(C)C)cc32)CC1,0
TOX21SRP53-04774,CS(=O)(=O)Nc1cc2occ(NC=O)c(=O)c2cc1Oc1ccccc1,0
TOX21SRP53-04775,NNc1nncc2ccccc12,0
TOX21SRP53-04776,CC(C)=CCC/C(C)=C/CC/C(C)=C/CC/C(C)=C/CC1=C(C)C(=O)c2ccccc2C1=O,0
TOX21SRP53-04777,CC(=O)OCCN(CCOC(C)=O)c1ccc(/N=N/c2ccc([N+](=O)[O-])cc2C#N)cc1,0
TOX21SRP53-04778,CC(=O)[C@H]1CC[C@H]2[C@@H]3CC[C@H]4C[C@H](O)CC[C@]4(C)[C@H]3CC[C@]12C,0
TOX21SRP53-04779,CCN(CC)CCC(=O)N1c2ccccc2Sc2ccc(C(F)(F)F)cc21,0
TOX21SRP53-04780,CCCOC(=O)c1cc(O)c(O)c(O)c1,0
TOX21SRP53-04781,CC(O)CO,0
TOX21SRP53-04782,Brc1ccc(Oc2ccc(Br)cc2Br)c(Br)c1,0
TOX21SRP53-04783,O=C1CCC(c2ccccc2)(C2CCN(Cc3ccccc3)CC2)C(=O)N1,0
TOX21SRP53-04784,CCCc1cc(=O)[nH]c(=S)[nH]1,0
TOX21SRP53-04785,CCc1cnc(C(=O)O)c(C(=O)O)c1,0
TOX21SRP53-04786,C/C(Cl)=C/CCl,0
TOX21SRP53-04787,CCO[Si](CCC#N)(OCC)OCC,0
TOX21SRP53-04788,CCO[Si](CCCN)(OCC)OCC,0
TOX21SRP53-04789,FC(F)(F)c1ccccc1,0
TOX21SRP53-04790,c1ccc2scnc2c1,0
TOX21SRP53-04791,c1ccc2c(c1)ccc1ncccc12,1
TOX21SRP53-04792,CC(=O)OC(C(=O)c1ccccc1)c1ccccc1,0
TOX21SRP53-04793,CN(C)C/C=C(/c1ccc(Br)cc1)c1cccnc1,0
TOX21SRP53-04794,CI.CN1[C@H]2CC[C@@H]1CC(OC(=O)c1c[nH]c3ccccc13)C2,0
TOX21SRP53-04795,O=C(CCCN1CCC(O)(c2cccc(C(F)(F)F)c2)CC1)c1ccc(F)cc1,0
TOX21SRP53-04796,Cc1[nH]c(=O)c(C#N)cc1-c1ccc2nccn2c1,0
TOX21SRP53-04797,O=C(O)c1cc(O)c(O)c(O)c1,0
TOX21SRP53-04798,Cc1ccc(C)c(OCCCC(C)(C)C(=O)O)c1,0
TOX21SRP53-04799,CC(=O)OC/C=C(\C)CCC=C(C)C,0
TOX21SRP53-04800,C=C1C[C@]23C[C@@]1(O)CC[C@H]2[C@@]12C=C[C@H](O)[C@@](C)(C(=O)O1)[C@H]2[C@@H]3C(=O)O,0
TOX21SRP53-04801,BrCCCCBr,0
TOX21SRP53-04802,OC[C@H]1O[C@H](O[C@H]2O[C@H](CO)[C@@H](O)[C@H](O)[C@H]2O)[C@H](O)[C@@H](O)[C@@H]1O,0
TOX21SRP53-04803,O=C(Cc1ccccc1)OCCc1ccccc1,0
TOX21SRP53-04804,CC(=O)CCc1ccc(O)cc1,0
TOX21SRP53-04805,CC(C)CCCC(C)CCO,0
TOX21SRP53-04806,NNC(=O)CCCCC(=O)NN,0
TOX21SRP53-04807,O=C1CCCC(=O)O1,0
TOX21SRP53-04808,CCCCCCCCCC(=O)OCC,0
TOX21SRP53-04809,CCn1cc[n+](C)c1.O=S(=O)([O-])C(F)(F)F,0
TOX21SRP53-04810,CCn1cc[n+](C)c1.N#CN=C=[N-],0
TOX21SRP53-04811,CCn1cc[n+](C)c1.O=S(=O)([N-]S(=O)(=O)C(F)(F)F)C(F)(F)F,0
TOX21SRP53-04812,O=C(O)c1ccccc1O.OCCN(CCO)CCO,0
TOX21SRP53-04813,CCCC[N+]1(C)CCCC1.O=S(=O)([N-]S(=O)(=O)C(F)(F)F)C(F)(F)F,0
TOX21SRP53-04814,COP(=O)([O-])OC.Cn1cc[n+](C)c1,0
TOX21SRP53-04815,O=S(=O)([O-])OOS(=O)(=O)[O-],0
TOX21SRP53-04816,O=[N+]([O-])[O-].[K+],0
TOX21SRP53-04817,CCCNCCC,0
TOX21SRP53-04818,CCC(O)OC(O)CC,0
TOX21SRP53-04819,Nc1nc(F)nc2c1ncn2[C@@H]1O[C@H](CO)[C@@H](O)[C@@H]1O,1
TOX21SRP53-04820,O=C(Nc1ccccc1)Nc1ccccc1,0
TOX21SRP53-04821,OCCN1CCN(CC/C=C2/c3ccccc3Sc3ccc(C(F)(F)F)cc32)CC1,0
TOX21SRP53-04822,CS(=O)(=O)O,0
TOX21SRP53-04823,C[Si](C)(C)C,0
TOX21SRP53-04824,Nc1nc(=O)c2nc(CNc3ccc(C(=O)N[C@@H](CCC(=O)O)C(=O)O)cc3)cnc2[nH]1,0
TOX21SRP53-04825,CCOC(=O)Cc1cccc2ccccc12,0
TOX21SRP53-04826,BrCC1CO1,0
TOX21SRP53-04827,O=C([O-])c1ccccc1-c1c2cc(Br)c(=O)c(Br)c-2oc2c(Br)c([O-])c(Br)cc12,0
TOX21SRP53-04828,CCOC1Oc2ccc(OS(C)(=O)=O)cc2C1(C)C,0
TOX21SRP53-04829,CCOc1cc(C(C)(C)C)ccc1C1COC(c2c(F)cccc2F)=N1,0
TOX21SRP53-04830,Cc1cc(Cl)ccc1O,0
TOX21SRP53-04831,Cc1cc(O)c2c(c1)C(=O)c1cc(O)cc(O)c1C2=O,1
TOX21SRP53-04832,COC(=O)C1=C(C)NC(C)=C(C(=O)OC(C)C)C1c1cccc2nonc12,0
TOX21SRP53-04833,Cl[Zn]Cl,0
TOX21SRP53-04834,Cc1cc(C(=O)NNCc2ccccc2)no1,0
TOX21SRP53-04835,CC(C)COC(=O)c1ccc(N)cc1,0
TOX21SRP53-04836,O=[N+]([O-])O[C@@H]1CO[C@@H]2[C@@H](O)CO[C@H]12,0
TOX21SRP53-04837,CC(C)[N+](C)(CCC(C(N)=O)(c1ccccc1)c1ccccc1)C(C)C,0
TOX21SRP53-04838,O=c1n(Cl)c(=O)n(Cl)c(=O)n1Cl,0
TOX21SRP53-04839,Nc1ccc2c(O)cc(S(=O)(=O)O)cc2c1,1
TOX21SRP53-04840,Cc1cc(S(=O)(=O)O)c(N)cc1Cl,0
TOX21SRP53-04841,Cc1ccc(N)c(S(=O)(=O)O)c1,0
TOX21SRP53-04842,CC(C)(C)c1ccccc1O,0
TOX21SRP53-04843,Cc1ccc(C(C)(C)C)c(O)c1,0
TOX21SRP53-04844,Cc1cc(N)c(S(=O)(=O)O)cc1Cl,0
TOX21SRP53-04845,C[C@]12CC[C@H]3[C@@H](CC[C@H]4C[C@@H]5S[C@@H]5C[C@@]43C)[C@@H]1CC[C@@H]2O,0
TOX21SRP53-04846,Cc1c(NC(=O)c2cccnc2)c(=O)n(-c2ccccc2)n1C,0
TOX21SRP53-04847,C[C@@H]1C[C@H]2[C@@H]3C[C@H](F)C4=CC(=O)C=C[C@]4(C)[C@@]3(F)[C@@H](O)C[C@]2(C)[C@@]1(O)C(=O)CO,0
TOX21SRP53-04848,O=C(CCCN1CCC(n2c(=O)[nH]c3ccccc32)CC1)c1ccc(F)cc1,0
TOX21SRP53-04849,O=C(CCCN1CCN(c2ccccn2)CC1)c1ccc(F)cc1,0
TOX21SRP53-04850,CCCCCCCCCCCCCCCCOS(=O)(=O)[O-],0
TOX21SRP53-04851,CCCCOc1ccc(CC(=O)NO)cc1,0
TOX21SRP53-04852,ClC/C=C/CCl,0
TOX21SRP53-04853,CCCCc1c(C)nc(NCC)nc1OS(=O)(=O)N(C)C,0
TOX21SRP53-04854,CC(Cl)Cl,0
TOX21SRP53-04855,Clc1ccccc1Cl,0
TOX21SRP53-04856,Clc1ccc(Cl)cc1,0
TOX21SRP53-04857,Nc1ccc(-c2ccc(N)c(Cl)c2)cc1Cl,1
TOX21SRP53-04858,ClCCCl,0
TOX21SRP53-04859,Oc1ccc(Cl)cc1Cl,0
TOX21SRP53-04860,CCCCOC(=O)CCC(=O)OCCCC,0
TOX21SRP53-04861,c1ccc2c(c1)oc1ccccc12,0
TOX21SRP53-04862,NCCN1CCNCC1,0
TOX21SRP53-04863,CCC(=O)[O-],0
TOX21SRP53-04864,CCN(CC)C(=O)c1cccc(C)c1,0
TOX21SRP53-04865,COCCCN,0
TOX21SRP53-04866,CC1(C)C(C=C(Cl)Cl)C1C(=O)OCc1cccc(Oc2ccccc2)c1,0
TOX21SRP53-04867,COc1nc(C)nc(NC(=O)NS(=O)(=O)c2ccccc2OCCCl)n1,0
TOX21SRP53-04868,CC(C)N(C(=O)SCC(Cl)=C(Cl)Cl)C(C)C,0
TOX21SRP53-04869,Brc1ccc(Br)c(Br)c1,0
TOX21SRP53-04870,CCCCN(CCCC)CCCCCCN(CCCC)CCCC,0
TOX21SRP53-04871,CC(COCC(C)OC(=O)c1ccccc1)OC(=O)c1ccccc1,0
TOX21SRP53-04872,CC(C)CCCCCCCOC(=O)CCCCC(=O)OCCCCCCCC(C)C,0
TOX21SRP53-04873,CCCCCCCC[Si](OCC)(OCC)OCC,0
TOX21SRP53-04874,CCCCC(CC)CO[N+](=O)[O-],0
TOX21SRP53-04875,NC(=S)NC(N)=S,0
TOX21SRP53-04876,N#C/N=C1\SCCN1Cc1ccc(Cl)nc1,0
TOX21SRP53-04877,CN1COCN(Cc2cnc(Cl)s2)C1=N[N+](=O)[O-],0
TOX21SRP53-04878,CC1=CC(=O)CC(C)(C)C1(O)/C=C/C(C)=C\C(=O)O,0
TOX21SRP53-04879,CC1=CC(=O)[N-]S(=O)(=O)O1,0
TOX21SRP53-04880,CCOC(C)OCC,0
TOX21SRP53-04881,CC1(C)C(C(=O)OC(C#N)c2cccc(Oc3ccccc3)c2)C1(C)C,0
TOX21SRP53-04882,COC(=O)c1c(Cl)c(Cl)c(C(=O)OC)c(Cl)c1Cl,0
TOX21SRP53-04883,CC(Cl)(Cl)C(=O)[O-],0
TOX21SRP53-04884,C=CC(O)CCCCC,0
TOX21SRP53-04885,C[Sn](Cl)(Cl)Cl,0
TOX21SRP53-04886,C=CCS(=O)(=O)[O-],0
TOX21SRP53-04887,CCCC(C)c1ccccc1O,0
TOX21SRP53-04888,CC(C)CCOCc1ccccc1,0
TOX21SRP53-04889,Cc1cc([N+](=O)[O-])cc([N+](=O)[O-])c1O,1
TOX21SRP53-04890,O=C1O[Pt]2(N[C@@H]3CCCC[C@H]3N2)OC1=O,1
TOX21SRP53-04891,C[C@]12CC[C@H]3C(=CCc4cc(O)ccc43)[C@@H]1CCC2=O,0
TOX21SRP53-04892,CC(=O)[C@@]1(O)CC[C@H]2[C@@H]3C[C@H](C)C4=CC(=O)C=C[C@]4(C)[C@@]3(F)[C@@H](O)C[C@@]21C,0
TOX21SRP53-04893,CC1(C)O[C@@H]2C[C@H]3[C@@H]4C[C@H](F)C5=CC(=O)CC[C@]5(C)[C@H]4[C@@H](O)C[C@]3(C)[C@]2(C(=O)CO)O1,0
TOX21SRP53-04894,CCCCCCC1CCOC1=O,0
TOX21SRP53-04895,C[C@H](CCC(=O)NCC(=O)O)[C@H]1CC[C@H]2[C@H]3[C@H](C[C@H](O)[C@@]21C)[C@@]1(C)CC[C@@H](O)C[C@H]1C[C@H]3O,0
TOX21SRP53-04896,CCC(C)(C)C1CCC(=O)CC1,0
TOX21SRP53-04897,O=P([O-])(O)OP(=O)([O-])O,0
TOX21SRP53-04898,C=CCCCCCCCCOC(C)=O,0
TOX21SRP53-04899,Cc1ccccc1C#N,0
TOX21SRP53-04900,CCCCCCCCCOC(C)=O,0
TOX21SRP53-04901,O=Cc1cc2ccccc2o1,0
TOX21SRP53-04902,CC(=O)c1c(C)cc(C(C)(C)C)cc1C,0
TOX21SRP53-04903,COC(=O)C=C(C)CCC=C(C)C,0
TOX21SRP53-04904,CC(=O)OCC=C(C)C,0
TOX21SRP53-04905,CCN(CC#N)c1cccc(C)c1,0
TOX21SRP53-04906,Oc1cccc2cccnc12.Oc1cccc2cccnc12,1
TOX21SRP53-04907,N[C@@H](Cc1c[nH]c2ccc(O)cc12)C(=O)O,0
TOX21SRP53-04908,CC(=O)OC(C)(C)C,0
TOX21SRP53-04909,NC(=O)NO,0
TOX21SRP53-04910,COC(=O)OC,0
TOX21SRP53-04911,CC1CCCNC1,0
TOX21SRP53-04912,CCc1ccc(C)cc1,0
TOX21SRP53-04913,O=C(O)CNC(=O)c1ccc([N+](=O)[O-])cc1,0
TOX21SRP53-04914,CCCCCC[N+](=O)[O-],0
TOX21SRP53-04915,O=[N+]([O-])CCO,0
TOX21SRP53-04916,CN(CCCl)CCCl,1
TOX21SRP53-04917,C=C(Cl)Cl,0
TOX21SRP53-04918,N=C(N)S(=O)O,0
TOX21SRP53-04919,O=C(O)c1nc(Cl)ccc1Cl,0
TOX21SRP53-04920,Cc1ccc(N)nc1,0
TOX21SRP53-04921,Cc1ccc(C(C)c2ccc(C)c(C)c2)cc1C,0
TOX21SRP53-04922,C=COC(C)=O,0
TOX21SRP53-04923,C=Cc1cccc(C)c1,0
TOX21SRP53-04924,C=CC1CC=CCC1,0
TOX21SRP53-04925,COP(=O)(OC)OC,0
TOX21SRP53-04926,CC(C)(C)c1ccc(CCOc2ncnc3ccccc23)cc1,0
TOX21SRP53-04927,O=C(NC(=O)c1c(F)cccc1F)Nc1cc(Cl)c(OC(F)(F)C(F)C(F)(F)F)cc1Cl,0
TOX21SRP53-04928,O=C(NC(=O)c1ccccc1Cl)Nc1ccc(OC(F)(F)F)cc1,0
TOX21SRP53-04929,O=C(O)c1ccc(-n2nc(-c3ccccc3O)nc2-c2ccccc2O)cc1,0
TOX21SRP53-04930,COc1ccc2c3c1O[C@H]1[C@@H](O)C=C[C@H]4[C@@H](C2)NCC[C@]314,0
TOX21SRP53-04931,Cc1ccc(C)c(C)c1,0
TOX21SRP53-04932,CCC(C)(O)CCC=C(C)C,0
TOX21SRP53-04933,O=P(O)(O)OC(Cn1cncn1)(Cn1cncn1)c1ccc(F)cc1F,0
TOX21SRP53-04934,C[C@H]1[C@@H]2Cc3ccc(O)cc3[C@@]1(C)CCN2C.C[C@H]1[C@@H]2Cc3ccc(O)cc3[C@@]1(C)CCN2C,0
TOX21SRP53-04935,C[C@@H]1[C@H]2Cc3ccc(O)cc3[C@]1(C)CCN2C,0
TOX21SRP53-04936,CC(=O)OC(C)(C)Cc1ccccc1,0
TOX21SRP53-04937,CC(=O)NCCO,0
TOX21SRP53-04938,CCCC(=O)O[C@]1(C(=O)COC(=O)CC)CC[C@H]2[C@@H]3CCC4=CC(=O)CC[C@]4(C)[C@H]3[C@@H](O)C[C@@]21C,0
TOX21SRP53-04939,CCNc1nc(NC(C)C(C)C)nc(SC)n1,0
TOX21SRP53-04940,CON(C)C(=O)Nc1ccc(Cl)c(Cl)c1,0
TOX21SRP53-04941,CCCCOCCOC(=O)CCCCCCCCC(=O)OCCOCCCC,0
TOX21SRP53-04942,O=C1c2c(O)ccc(O)c2C(=O)c2c(NCCNCCO)ccc(NCCNCCO)c21,1
TOX21SRP53-04943,COc1nc(C)nc(Cl)c1NC1=NCCN1,0
TOX21SRP53-04944,CCOC(=O)[N-]c1c[n+](N2CCOCC2)no1,0
TOX21SRP53-04945,COc1ccccc1N1CCN(CC(O)COc2cccc3ccccc23)CC1,0
TOX21SRP53-04946,CC12CC3CC(C)(C1)CC(N)(C3)C2,0
TOX21SRP53-04947,CNCCC(Oc1ccccc1OC)c1ccccc1,0
TOX21SRP53-04948,C[C@@H](Cc1ccc(O)c(O)c1)[C@H](C)Cc1ccc(O)c(O)c1,0
TOX21SRP53-04949,Cc1ncc(CNC(=O)N(CCCl)N=O)c(N)n1,0
TOX21SRP53-04950,Cc1c(N)c(=O)n(-c2ccccc2)n1C,0
TOX21SRP53-04951,CN(C)CCN(Cc1ccc(Cl)cc1)c1ccccn1,0
TOX21SRP53-04952,C[C@H](CN1CCCC1)C(=O)c1ccc(C(F)(F)F)cc1,0
TOX21SRP53-04953,Cc1nccn1CC1CCc2c(c3ccccc3n2C)C1=O,0
TOX21SRP53-04954,CCCCC1C(=O)NC(=O)N(C2CCCCC2)C1=O,0
TOX21SRP53-04955,O=C1CC[C@H](C(=O)N2CCCCC2)N1,0
TOX21SRP53-04956,C=CC[C@]1(O)CC[C@H]2[C@@H]3CCC4=CC(=O)CCC4=C3C=C[C@@]21C,0
TOX21SRP53-04957,C=CCc1ccccc1O,0
TOX21SRP53-04958,N#Cc1cc(Br)c(O)c(Br)c1,1
TOX21SRP53-04959,N#Cc1cc(I)c(O)c(I)c1,1
TOX21SRP53-04960,C=C(C)C(=O)OCCCCCCCCCCCC,0
TOX21SRP53-04961,CCCCCCCCCCCCCCCC(=O)OC(C)C,0
TOX21SRP53-04962,NCCCCCCNCCCCCCN,0
TOX21SRP53-04963,COc1c(C)c2c(c(O)c1C/C=C(\C)CCC(=O)OCCN1CCOCC1)C(=O)OC2,1
TOX21SRP53-04964,CC(C)(C)NCC(O)COc1cccc2c1C[C@H](O)[C@H](O)C2,0
TOX21SRP53-04965,Oc1ccc2c3c1O[C@H]1[C@@H](O)CC[C@@]4(O)[C@@H](C2)N(CC2CCC2)CC[C@]314,0
TOX21SRP53-04966,C=C1CC[C@@]2(O)[C@H]3Cc4ccc(O)c5c4[C@@]2(CCN3CC2CC2)[C@H]1O5,0
TOX21SRP53-04967,C=C(C)C(=O)OCCOc1ccccc1,0
TOX21SRP53-04968,C=CCN1CC[C@]23c4c5ccc(O)c4O[C@H]2C(=O)CC[C@@]3(O)[C@H]1C5,0
TOX21SRP53-04969,CC(CC(C)C)=NO,0
TOX21SRP53-04970,COc1ccc(COC(C)=O)cc1,0
TOX21SRP53-04971,CC(C)(O)C(=O)c1ccc(OCCO)cc1,0
TOX21SRP53-04972,C=CC(=O)OCCC#N,0
TOX21SRP53-04973,O=C1CCCCCCCCCCCC(=O)OCCO1,0
TOX21SRP53-04974,OCCN1CCNCC1,0
TOX21SRP53-04975,CC(C)(O)CCc1ccccc1,0
TOX21SRP53-04976,CCCCc1ccc(N)cc1,0
TOX21SRP53-04977,CCCCCCCCCc1ccc(O)cc1,0
TOX21SRP53-04978,CN(C)Cc1ccccc1,0
TOX21SRP53-04979,CO[Si](CCCNCCC[Si](OC)(OC)OC)(OC)OC,0
TOX21SRP53-04980,Cc1ccccc1OP(=O)(Oc1ccccc1C)Oc1ccccc1C,0
TOX21SRP53-04981,c1coc(CNc2[nH]cnc3ncnc2-3)c1,0
TOX21SRP53-04982,Cc1c(C)c2c(c(C)c1OC(=O)CCC(=O)O)CC[C@@](C)(CCC[C@H](C)CCC[C@H](C)CCCC(C)C)O2,0
TOX21SRP53-04983,O=C(Oc1ccccc1)c1cccc(C(=O)Oc2ccccc2)c1,0
TOX21SRP53-04984,Cc1c(N=C=O)cccc1N=C=O,0
TOX21SRP53-04985,O=C1CCCCC1,0
TOX21SRP53-04986,OC[C@H]1O[C@@H]2O[C@@H]3[C@@H](CO)O[C@H](O[C@@H]4[C@@H](CO)O[C@H](O[C@@H]5[C@@H](CO)O[C@H](O[C@@H]6[C@@H](CO)O[C@H](O[C@@H]7[C@@H](CO)O[C@H](O[C@@H]8[C@@H](CO)O[C@H](O[C@H]1[C@H](O)[C@H]2O)[C@H](O)[C@H]8O)[C@H](O)[C@H]7O)[C@H](O)[C@H]6O)[C@H](O)[C@H]5O)[C@H](O)[C@H]4O)[C@H](O)[C@H]3O,0
TOX21SRP53-04987,O=C1c2ccccc2C(=O)c2c(O)ccc(O)c21,0
TOX21SRP53-04988,CCCCCCCCCCO[C@@H]1O[C@H](CO)[C@@H](O)[C@H](O)[C@H]1O,0
TOX21SRP53-04989,C=C(C)C1CCC(C)(O)CC1,0
TOX21SRP53-04990,C=C[Si](OCC)(OCC)OCC,0
TOX21SRP53-04991,c1csc(-c2ccc(-c3cccs3)s2)c1,1
TOX21SRP53-04992,O=NN([O-])c1ccccc1,0
TOX21SRP53-04993,O=S(=O)([O-])NC1CCCCC1,0
TOX21SRP53-04994,N#CNC(=N)N,0
TOX21SRP53-04995,N=c1ccn2c(n1)O[C@H]1[C@H](O)[C@@H](CO)O[C@H]12,1
TOX21SRP53-04996,CC(CO)c1ccccc1,0
TOX21SRP53-04997,Nc1ccc2c(c1)Cc1ccccc1-2,0
TOX21SRP53-04998,CCCCCCCCCCCC[N+](C)(C)CCCS(=O)(=O)[O-],0
TOX21SRP53-04999,OCc1c2ccccc2cc2ccccc12,0
TOX21SRP53-05000,S=c1nccc[nH]1,0
TOX21SRP53-05001,CCn1cc[n+](C)c1.F[B-](F)(F)F,0
TOX21SRP53-05002,CC(=O)C(=O)CC(C)C,0
TOX21SRP53-05003,CCCC[n+]1ccccc1C,0
TOX21SRP53-05004,CCCCN(CC)C(=O)SCCC,0
TOX21SRP53-05005,CC(C)NCC(O)COc1cccc2ccccc12,0
TOX21SRP53-05006,CC(CN1CC(=O)NC(=O)C1)N1CC(=O)NC(=O)C1,1
TOX21SRP53-05007,Cc1ncc([C@@H](CCCCCCc2ccc3c(n2)NCCC3)CC(=O)O)cn1,0
TOX21SRP53-05008,CC(C)(O)c1cnn2c(-c3ccc(F)c(-c4c(F)cccc4C#N)c3)cnc2n1,0
TOX21SRP53-05009,CCCCc1ccc2c(n1)[C@@H](c1ccc(OC)cc1C[C@H](C)C(=O)[O-])[C@H](C(=O)[O-])[C@H]2c1ccc2c(c1)OCO2,0
TOX21SRP53-05010,Fc1ccccc1[C@@H](F)CO[C@H]1CC[C@H](Nc2[nH]cnc3nncc2-3)CC1,0
TOX21SRP53-05011,CO[C@@H]1COCC[C@@H]1[NH2+][C@@H]1CC[C@@](C(=O)N2CCc3ncc(C(F)(F)F)cc3C2)(C(C)C)C1.O=C([O-])CCC(=O)O,0
TOX21SRP53-05012,OC12N=C(c3ccccc3)SC1Cc1cc(Cl)ccc12,0
TOX21SRP53-05013,CN(C)C(=O)NC1(c2ccccc2)CCN(CC[C@@]2(c3ccc(F)c(F)c3)CN(C(=O)c3ccccc3)CCO2)CC1,0
TOX21SRP53-05014,Cc1cccc(C)c1NC1=NCCCS1,0
TOX21SRP53-05015,CN1[C@H]2CC[C@@H]1C[C@H](OC(=O)C(CO)c1ccccc1)C2,0
TOX21SRP53-05016,Cl[Ni]Cl,0
TOX21SRP53-05017,CCNc1nc(Cl)nc(NC(C)C)n1,0
TOX21SRP53-05018,O=S(=O)(O)c1ccc(O)cc1,0
TOX21SRP53-05019,O=C(CCN1CCN2CCCC2C1)N1c2ccccc2Sc2ccc(Cl)cc21,0
TOX21SRP53-05020,NC(=O)NS(=O)(=O)c1ccc(N)cc1,0
TOX21SRP53-05021,CCN(CC)CCNC(=O)COc1ccc(Cl)cc1,0
TOX21SRP53-05022,CC(C)(C)NCC(O)COc1ccc(NC(=O)NC2CCCCC2)cc1,0
TOX21SRP53-05023,CCOC(=O)C1=C(C)NC(C)=C(C(=O)OCC)C1c1ccccc1/C=C/C(=O)OC(C)(C)C,1
TOX21SRP53-05024,N#C/C(=C1\SCC(c2ccccc2Cl)S1)n1ccnc1,0
TOX21SRP53-05025,Nc1ncn([C@@H]2O[C@H](CO)[C@@H](O)[C@H]2O)c(=O)n1,1
TOX21SRP53-05026,CN(C)c1ccc(C(=N)c2ccc(N(C)C)cc2)cc1,1
TOX21SRP53-05027,CCOP(=S)(Cl)OCC,0
TOX21SRP53-05028,COP(=S)(Cl)OC,0
TOX21SRP53-05029,CO[Si](CCCOCC1CO1)(OC)OC,0
TOX21SRP53-05030,C=CCc1cc(S(=O)(=O)c2ccc(O)c(CC=C)c2)ccc1O,0
TOX21SRP53-05031,CCCCCCOC(=O)C(C)CC,0
TOX21SRP53-05032,Cc1ccc(S(=O)(=O)Oc2ccc(N=Nc3ccc(-c4ccc(N=Nc5c(O)ccc6cc(S(=O)(=O)[O-])cc(S(=O)(=O)[O-])c56)c(C)c4)cc3C)cc2)cc1,0
TOX21SRP53-05033,[Cr+2].c1cc[cH-]c1.c1cc[cH-]c1,0
TOX21SRP53-05034,CCOC(=O)[C@H](CCc1ccccc1)N[C@@H](C)C(=O)N1Cc2ccccc2C[C@H]1C(=O)O,0
TOX21SRP53-05035,CC1=CCC(C(C)C)C=C1,0
TOX21SRP53-05036,Cn1cc(C(=O)[C@@H]2CCc3[nH]cnc3C2)c2ccccc21,0
TOX21SRP53-05037,ON=C1C=CC(=NO)C=C1,0
TOX21SRP53-05038,C[C@@H]1[C@@H]2Cc3ccc(O)cc3[C@@]1(C)CCN2CCc1ccccc1,0
TOX21SRP53-05039,c1coc(-c2nc3ccccc3[nH]2)c1,0
TOX21SRP53-05040,O=C1OCCN1/N=C/c1ccc([N+](=O)[O-])o1,0
TOX21SRP53-05041,Cl[Sb](Cl)Cl,1
TOX21SRP53-05042,CCn1cc(C(=O)O)c(=O)c2cc3c(cc21)OCO3,0
TOX21SRP53-05043,CC(C)NNC(=O)c1ccncc1,0
TOX21SRP53-05044,O=[N+]([O-])c1ccc(Nc2ccc(Nc3ccccc3)c(S(=O)(=O)[O-])c2)c([N+](=O)[O-])c1,0
TOX21SRP53-05045,COc1ccc2[nH]c(S(=O)Cc3ncc(C)c(OC)c3C)nc2c1,0
TOX21SRP53-05046,COCC(C)N,0
TOX21SRP53-05047,O=S(=O)([O-])c1cc(S(=O)(=O)[O-])c2c(/N=N/c3ccccc3)c(O)ccc2c1,0
TOX21SRP53-05048,COc1cc(/C=C/C(=O)O[C@H]2CC[C@]34C[C@]35CC[C@]3(C)[C@@H]([C@H](C)CCC=C(C)C)CC[C@@]3(C)[C@@H]5CC[C@H]4C2(C)C)ccc1O,1
TOX21SRP53-05049,O=C1Nc2ccc(Cl)cc2C(c2ccccc2)=NC1O,0
TOX21SRP53-05050,CNC(=O)ON=C(SC)C(=O)N(C)C,0
TOX21SRP53-05051,COc1ccc(CO)cc1,0
TOX21SRP53-05052,Cc1ccc2c(c1)[C@]13CCCC[C@@H]1[C@H](C2)N(C)CC3,0
TOX21SRP53-05053,O=c1[nH]c(=O)n([C@H]2C[C@H](O)[C@@H](CO)O2)cc1Br,0
TOX21SRP53-05054,CN(C)Cc1ccccc1O,0
TOX21SRP53-05055,CC(=O)N(CC(O)CO)c1c(I)c(C(=O)NCCO)c(I)c(C(=O)NCC(O)CO)c1I,0
TOX21SRP53-05056,CC(C)(C(=O)O)c1ccc(C(O)CCCN2CCC(C(O)(c3ccccc3)c3ccccc3)CC2)cc1,0
TOX21SRP53-05057,COc1ncc(F)c2nc(S(=O)(=O)Nc3c(F)cccc3F)nn12,0
TOX21SRP53-05058,CCOC(=O)Nc1ccc2c(c1)N(C(=O)CN(C)C)c1ccccc1CC2,0
TOX21SRP53-05059,CCN(CCO)CCn1c(Cc2ccccc2)nc2c1c(=O)n(C)c(=O)n2C,0
TOX21SRP53-05060,C=CC1(C)CC(OC(=O)CO)C2(C)C(C)CCC3(CCC(=O)C32)C(C)C1O,0
TOX21SRP53-05061,C=C1CC2C3CCC4=CC(=O)C=C[C@]4(C)[C@@]3(F)[C@@H](O)C[C@]2(C)[C@@]1(O)C(=O)COC(C)=O,0
TOX21SRP53-05062,CCCn1cc[n+](C)c1.O=S(=O)([N-]S(=O)(=O)C(F)(F)F)C(F)(F)F,0
TOX21SRP53-05063,Clc1cc(Cl)cc(Cl)c1,0
TOX21SRP53-05064,Clc1cccc(Cl)c1Cl,0
TOX21SRP53-05065,O=C(CCl)c1ccc(Cl)cc1Cl,1
TOX21SRP53-05066,C=CC1=C(C(=O)O)N2C(=O)[C@@H](NC(=O)/C(=N/OCC(=O)O)c3csc(N)n3)[C@H]2SC1,0
TOX21SRP53-05067,N[C@@H](C(=O)N[C@@H]1C(=O)N2C(C(=O)O)=C(CSc3c[nH]nn3)CS[C@H]12)c1ccc(O)cc1,0
TOX21SRP53-05068,Cc1nnc(SCC2=C(C(=O)O)N3C(=O)[C@@H](NC(=O)Cn4cnnn4)[C@H]3SC2)s1,0
TOX21SRP53-05069,NS(=O)(=O)c1cc(C(=O)O)cc(N2CCCC2)c1Oc1ccccc1,0
TOX21SRP53-05070,CC(=O)c1ccc2c(c1)N(CCCN1CCC(CCO)CC1)c1ccccc1S2,0
TOX21SRP53-05071,CN1CCN(CC(=O)N2c3ccccc3C(=O)Nc3cccnc32)CC1,0
TOX21SRP53-05072,CCCc1ccc(O)cc1,0
TOX21SRP53-05073,CCC(CO)(CO)CO,0
TOX21SRP53-05074,CCC(C)N,0
TOX21SRP53-05075,Cc1cccc(Nc2ncccc2C(=O)O)c1C,0
TOX21SRP53-05076,O=C(NCCO[N+](=O)[O-])c1cccnc1,0
TOX21SRP53-05077,Cc1cccc(C(C)c2c[nH]cn2)c1C,0
TOX21SRP53-05078,CCOc1ccccc1O[C@H](c1ccccc1)[C@H]1CNCCO1,0
TOX21SRP53-05079,COC(C)(C)OC,0
TOX21SRP53-05080,CC(CO)(CO)CO,0
TOX21SRP53-05081,O=C(NCCc1c[nH]c2ccccc12)c1cccnc1,0
TOX21SRP53-05082,CC[n+]1c(-c2ccccc2)c2cc(N)ccc2c2ccc(N)cc21,1
TOX21SRP53-05083,CN(C)c1nc(N(C)C)nc(N(C)C)n1,0
TOX21SRP53-05084,Nc1ccc(-c2ccc(F)cc2)cc1,0
TOX21SRP53-05085,CCC[N+](=O)[O-],0
TOX21SRP53-05086,CC(C)[N+](=O)[O-],0
TOX21SRP53-05087,O=C(O)CC[N+](=O)[O-],0
TOX21SRP53-05088,C=CCN(C1=NCCN1)c1c(Cl)cccc1Cl,0
TOX21SRP53-05089,Oc1ncnc2[nH]ncc12,0
TOX21SRP53-05090,C=CC[C@]1(O)CC[C@H]2[C@@H]3CCC4=CCCC[C@@H]4[C@H]3CC[C@@]21C,0
TOX21SRP53-05091,CC(=O)[C@H]1CC[C@H]2[C@@H]3CC[C@H]4C[C@H](O)CC[C@]4(C)[C@H]3C(=O)C[C@]12C,0
TOX21SRP53-05092,C=C(CC)C(=O)c1ccc(OCC(=O)O)c(Cl)c1Cl,1
TOX21SRP53-05093,Clc1cc(Cl)c(Cl)c(Cl)c1,0
TOX21SRP53-05094,CC1CS(=O)(=O)CCN1N=Cc1ccc([N+](=O)[O-])o1,0
TOX21SRP53-05095,C[C@H](NCCc1ccc(O)cc1)[C@H](O)c1ccc(O)cc1,0
TOX21SRP53-05096,Cc1cccc(CN2CCN(C(c3ccccc3)c3ccc(Cl)cc3)CC2)c1,0
TOX21SRP53-05097,CC[C@@H](CO)NCCN[C@@H](CC)CO,0
TOX21SRP53-05098,N=C(N)NCC1COC2(CCCCC2)O1.N=C(N)NCC1COC2(CCCCC2)O1,0
TOX21SRP53-05099,CCN(CC)C(C)CN1c2ccccc2Sc2ccccc21,0
TOX21SRP53-05100,Cc1cc2c(cc1S(N)(=O)=O)S(=O)(=O)CCC2,0
TOX21SRP53-05101,CC(C)(C)NCC(O)c1cc(O)cc(O)c1.CC(C)(C)NCC(O)c1cc(O)cc(O)c1,0
TOX21SRP53-05102,CC(C=O)Cc1ccc(C(C)(C)C)cc1,0
TOX21SRP53-05103,CC(C)c1c(CN(C)C(C)Cc2ccccc2)n(C)n(-c2ccccc2)c1=O,0
TOX21SRP53-05104,O=C(Cn1ccnc1[N+](=O)[O-])NCCO,0
TOX21SRP53-05105,NCC(CC(=O)O)c1ccc(Cl)cc1,0
TOX21SRP53-05106,CCCCN(CC)c1c([N+](=O)[O-])cc(C(F)(F)F)cc1[N+](=O)[O-],0
TOX21SRP53-05107,Nc1ccc(/N=N/c2ccc(-c3ccc(/N=N/c4c(S(=O)(=O)[O-])cc5cc(S(=O)(=O)[O-])c(/N=N/c6ccccc6)c(O)c5c4N)cc3)cc2)c(N)c1,0
TOX21SRP53-05108,O=[Bi]Cl,0
TOX21SRP53-05109,CC(C)(c1ccc(O)cc1)c1ccc(O)cc1,0
TOX21SRP53-05110,CCCCCCCC/C=C\CCCCCCCC(=O)OCCOC(=O)CCCCCCC/C=C\CCCCCCCC,0
TOX21SRP53-05111,CCCCCCCC/C=C\CCCCCCCC(=O)OCCO,0
TOX21SRP53-05112,O=C1C=CC(=O)N1c1ccc(Cc2ccc(N3C(=O)C=CC3=O)cc2)cc1,1
TOX21SRP53-05113,Oc1c(I)cc(I)c2cccnc12,1
TOX21SRP53-05114,CC(=O)N(CC(O)CO)c1c(I)c(C(=O)NCC(O)CO)c(I)c(C(=O)NCC(O)CO)c1I,0
TOX21SRP53-05115,CC1=C(CC(=O)O)c2cc(F)ccc2/C1=C\c1ccc(S(C)=O)cc1,0
TOX21SRP53-05116,O=S([O-])CNc1ccc(S(=O)(=O)c2ccc(NCS(=O)[O-])cc2)cc1,0
TOX21SRP53-05117,Nc1ccc(S(N)(=O)=O)cc1,0
TOX21SRP53-05118,O=C1OC(c2ccc(O)c(S(=O)(=O)[O-])c2)(c2ccc(O)c(S(=O)(=O)[O-])c2)c2c(Br)c(Br)c(Br)c(Br)c21,0
TOX21SRP53-05119,CCC(Cc1c(I)cc(I)c(N)c1I)C(=O)O,0
TOX21SRP53-05120,C[C@H](O)C(=O)Nc1c(I)c(C(=O)NC(CO)CO)c(I)c(C(=O)NC(CO)CO)c1I,0
TOX21SRP53-05121,CCOC(=O)Oc1c(OC)cc(C(=O)O[C@@H]2C[C@@H]3CN4CCc5c([nH]c6cc(OC)ccc56)[C@H]4C[C@@H]3[C@H](C(=O)OC)[C@H]2OC)cc1OC,0
TOX21SRP53-05122,CNS(=O)(=O)Cc1ccc2[nH]cc(CCN(C)C)c2c1,0
TOX21SRP53-05123,O=C([O-])CCC(=O)OC[C@@H](NC(=O)C(Cl)Cl)[C@H](O)c1ccc([N+](=O)[O-])cc1,0
TOX21SRP53-05124,CC1=CC2C3CC(C=C3C)C2C1,0
TOX21SRP53-05125,Nc1ccc2cc3ccc(N)cc3nc2c1.Nc1ccc2cc3ccc(N)cc3nc2c1,1
TOX21SRP53-05126,C/C(=C\C(C)CC(C)CC(C)C)C1CC(=O)OC1=O,0
TOX21SRP53-05127,O=C(O)C(F)(F)C(F)(F)C(F)(F)C(F)(F)C(F)(F)C(F)(F)F,0
TOX21SRP53-05128,[Br-].[Na+],0
TOX21SRP53-05129,COc1cc2c(c(OC)c1OC)-c1ccc(OC)c(=O)cc1[C@@H](NC(C)=O)CC2,0
TOX21SRP53-05130,CC(CO)(CO)[N+](=O)[O-],0
TOX21SRP53-05131,CCC(C)(C)O,0
TOX21SRP53-05132,[Co+2].c1cc[cH-]c1.c1cc[cH-]c1,0
TOX21SRP53-05133,CC(C)Oc1ccccc1O,0
TOX21SRP53-05134,Cc1ccc2c(c1)C(=O)c1ccccc1C2=O,0
TOX21SRP53-05135,CC12CCC(CC1=O)C2(C)C,0
TOX21SRP53-05136,COC(OC)C(C)c1ccccc1,0
TOX21SRP53-05137,SC1CCCC1,0
TOX21SRP53-05138,O=C1[N-]S(=O)(=O)c2ccccc21.O=C1[N-]S(=O)(=O)c2ccccc21,0
TOX21SRP53-05139,COc1cc(C)ccc1O,0
TOX21SRP53-05140,O=C1OC(=O)C2C3C=CC(C3)C12,0
TOX21SRP53-05141,CC(CC=O)CC(C)(C)C,0
TOX21SRP53-05142,CC1(C)OC[C@@H]2O[C@@]3(C(=O)O)OC(C)(C)O[C@H]3[C@@H]2O1,0
TOX21SRP53-05143,C1CCN(CN2CCCCC2)CC1,0
TOX21SRP53-05144,Clc1ccc2[nH]nnc2c1,0
TOX21SRP53-05145,NC(=O)c1ccccc1[N+](=O)[O-],0
TOX21SRP53-05146,NC(=O)c1cccc([N+](=O)[O-])c1,0
TOX21SRP53-05147,O=C(O)c1cccc([N+](=O)[O-])c1,0
TOX21SRP53-05148,O=C(O)c1ccccc1[N+](=O)[O-],0
TOX21SRP53-05149,CN(C)c1ccc(C(c2ccccc2)c2ccc(N(C)C)cc2)cc1,0
TOX21SRP53-05150,COc1cc(C=CC(=O)N2CCN(CC(=O)N3CCCC3)CC2)cc(OC)c1OC,0
TOX21SRP53-05151,Nc1cccc(S(=O)(=O)O)c1,0
TOX21SRP53-05152,CCN(CC)C(=O)Nc1ccc(OCC(O)CNC(C)(C)C)c(C(C)=O)c1,0
TOX21SRP53-05153,CCCCCCCCCCOc1cc2c(O)c(C(=O)OCC)cnc2cc1OCC,0
TOX21SRP53-05154,CC(C)OC(=O)Nc1ccc2[nH]c(-c3cscn3)nc2c1,1
TOX21SRP53-05155,CC[C@H]1NC(=O)[C@@H](NC(=O)c2ncccc2O)C(C)OC(=O)[C@H](c2ccccc2)NC(=O)C2CC(=O)CCN2C(=O)[C@H](Cc2ccccc2)N(C)C(=O)[C@@H]2CCCN2C1=O,0
TOX21SRP53-05156,Cc1nc(NS(=O)(=O)c2ccc(N)cc2)nc(C)c1Br,0
TOX21SRP53-05157,O=C([O-])c1ccccc1C(=O)O,0
TOX21SRP53-05158,N#C/C=C/C#N,0
TOX21SRP53-05159,Cc1ccc(Nc2ccc(O)c3c2C(=O)c2ccccc2C3=O)cc1,0
TOX21SRP53-05160,COc1ccc(C(O)(c2cncnc2)C2CC2)cc1,0
TOX21SRP53-05161,CCCC(=O)Nc1ncnc2c1ncn2[C@@H]1O[C@@H]2COP(=O)(O)O[C@H]2[C@H]1OC(=O)CCC,0
TOX21SRP53-05162,CC(C)NC(C)C,0
TOX21SRP53-05163,CC(C)N=C=NC(C)C,0
TOX21SRP53-05164,CC(C)CC(=O)CC(C)C,0
TOX21SRP53-05165,CC(C)(C)CCCCCCOC(=O)c1ccccc1C(=O)OCCCCCCC(C)(C)C,0
TOX21SRP53-05166,CC(=O)C=Cc1ccco1,0
TOX21SRP53-05167,COc1cc(CC(C)N)cc2c1OCO2,0
TOX21SRP53-05168,CC(Cc1ccc2c(c1)OCO2)NO,0
TOX21SRP53-05169,CCc1cc(OC)c(C[C@H](C)N)cc1OC,0
TOX21SRP53-05170,CCc1cc(OC)c(C[C@@H](C)N)cc1OC,0
TOX21SRP53-05171,COc1ccc(OC)c(CC(C)N)c1,0
TOX21SRP53-05172,CC1(C)C2CC[C@]3(C)[C@H](C(=O)C=C4[C@@H]5C[C@@](C)(C(=O)O)CC[C@]5(C)CC[C@]43C)[C@@]2(C)CC[C@@H]1O[C@H]1O[C@H](C(=O)[O-])[C@@H](O)[C@H](O)[C@H]1O[C@@H]1O[C@H](C(=O)O)[C@@H](O)[C@H](O)[C@H]1O,0
TOX21SRP53-05173,COc1cc(C[C@@H](C)N)c(OC)cc1C,0
TOX21SRP53-05174,O=C(NC(O)C(Cl)(Cl)Cl)NC(O)C(Cl)(Cl)Cl,0
TOX21SRP53-05175,CCNC(C)Cc1ccc2c(c1)OCO2,0
TOX21SRP53-05176,CNC(C)Cc1ccc2c(c1)OCO2,0
TOX21SRP53-05177,CC=Cc1ccc(OC)cc1,0
TOX21SRP53-05178,C/C=C/c1ccc(OC)cc1,0
TOX21SRP53-05179,CCC1(CCC(C)C)C(=O)NC(=O)NC1=O,0
TOX21SRP53-05180,CC[C@@H](N)CO,0
TOX21SRP53-05181,OC[C@@H](O)[C@H]1O[C@@H]2O[C@H](C(Cl)(Cl)Cl)O[C@@H]2[C@H]1O,0
TOX21SRP53-05182,CC=C(CC)C(=O)NC(N)=O,0
TOX21SRP53-05183,NNCCc1ccccc1,0
TOX21SRP53-05184,c1ccc(OCC2CO2)cc1,0
TOX21SRP53-05185,NNc1ccccc1,0
TOX21SRP53-05186,CNC[C@H](O)c1cccc(O)c1,0
TOX21SRP53-05187,CC(O)CN(CC(C)O)CC(C)O,0
TOX21SRP53-05188,NC(Cc1c[nH]c2ccccc12)C(=O)O,0
TOX21SRP53-05189,N[C@@H](Cc1c[nH]c2ccccc12)C(=O)O,0
TOX21SRP53-05190,C=CC(=O)OCC(C)O,0
TOX21SRP53-05191,COC1=CC(=O)O[C@@H](/C=C/c2ccccc2)C1,0
TOX21SRP53-05192,Nc1cc(S(=O)(=O)O)ccc1S(=O)(=O)O,0
TOX21SRP53-05193,COc1ccc(N)c([N+](=O)[O-])c1,0
TOX21SRP53-05194,CC(C)=CCCC(C)C=O,0
TOX21SRP53-05195,CN1C(=O)CN=C(c2ccccc2)c2cc([N+](=O)[O-])ccc21,0
TOX21SRP53-05196,C=CCOC(=O)CCC1CCCCC1,0
TOX21SRP53-05197,Cc1cn([C@H]2C=C[C@@H](CO)O2)c(=O)[nH]c1=O,0
TOX21SRP53-05198,CC(C)CCOC(=O)CC(C)C,0
TOX21SRP53-05199,CC1=CC[C@H](CC=O)C1(C)C,0
TOX21SRP53-05200,O=C(CCNNC(=O)c1ccncc1)NCc1ccccc1,0
TOX21SRP53-05201,COC(=O)C1=C(C)NC(C)=C(C(=O)OCCN(C)Cc2ccccc2)C1c1cccc([N+](=O)[O-])c1,0
TOX21SRP53-05202,OCc1cccnc1,0
TOX21SRP53-05203,O=C(OCC(COC(=O)c1cccnc1)(COC(=O)c1cccnc1)COC(=O)c1cccnc1)c1cccnc1,0
TOX21SRP53-05204,CCOC(=O)C1=C(COCCN)NC(C)=C(C(=O)OC)C1c1ccccc1Cl.O=S(=O)(O)c1ccccc1,1
TOX21SRP53-05205,CC(C=O)Cc1ccc2c(c1)OCO2,0
TOX21SRP53-05206,CCCCN(CCCC)C(=O)N(CCCC)CCCC,0
TOX21SRP53-05207,OC1OCCOC1O,0
TOX21SRP53-05208,CC(C)(COC(=O)c1ccccc1)COC(=O)c1ccccc1,0
TOX21SRP53-05209,Nc1ccc(S(=O)(=O)c2ccc(N)cc2)cc1,0
TOX21SRP53-05210,CN(C)NC(=O)CCC(=O)O,0
TOX21SRP53-05211,C[C@]12CC[C@H]3[C@@H](CC=C4C[C@@H](O)CC[C@@]43C)[C@@H]1CCC2=O,0
TOX21SRP53-05212,CC(=O)OCC(=O)[C@@]12N=C(C)O[C@@H]1C[C@H]1[C@@H]3CCC4=CC(=O)C=C[C@]4(C)[C@H]3[C@@H](O)C[C@@]12C,0
TOX21SRP53-05213,O=C1NC(=O)[C@@H]2CC=CC[C@H]12,0
TOX21SRP53-05214,OCCCCC(O)CO,0
TOX21SRP53-05215,Nc1ccc(O)c(C(=O)O)c1,0
TOX21SRP53-05216,CCCCCCCCOS(=O)(=O)[O-],0
TOX21SRP53-05217,CN[C@H]1C[C@@H](N)[C@H](O)[C@@H](O[C@@H]2O[C@H](CO)[C@H](O)[C@@H]3OC4(O[C@H]23)O[C@H](C(N)CO)[C@H](O)[C@H](O)[C@H]4O)[C@@H]1O,0
TOX21SRP53-05218,CCCCCCCCCCOS(=O)(=O)[O-],0
TOX21SRP53-05219,Cc1cccn2c(=O)c(-c3nnn[n-]3)cnc12,0
TOX21SRP53-05220,Nc1ncnc(Nc2ccccc2)n1,0
TOX21SRP53-05221,CCC(=O)OC(OP(=O)(CCCCc1ccccc1)CC(=O)N1C[C@H](C2CCCCC2)C[C@H]1C(=O)[O-])C(C)C,0
TOX21SRP53-05222,C[C@]12CC[C@H]3[C@@H](CCC4=C(Cl)C(=O)CC[C@@]43C)[C@@H]1CC[C@@H]2O,0
TOX21SRP53-05223,COc1cc(C(=S)N2CCOCC2)cc(OC)c1OC,0
TOX21SRP53-05224,CC(=O)O[C@H]1CC[C@H]2[C@@H]3CCC4=CC(=O)CCC4=C3C=C[C@]12C,0
TOX21SRP53-05225,CCOc1ccc(NC(=S)Nc2ccc(OCC)cc2)cc1,0
TOX21SRP53-05226,COC(=O)C1=C(C#N)NC(C)=C(C(=O)OC(C)C)C1c1cccc([N+](=O)[O-])c1,0
TOX21SRP53-05227,O=C1CC[C@@H](C(=O)N2CSC[C@H]2C(=O)O)N1,0
TOX21SRP53-05228,CCCCCCCCCC(=O)O[C@H]1CC[C@H]2[C@@H]3CCC4=CC(=O)CC[C@]4(C)[C@H]3CC[C@]12C,0
TOX21SRP53-05229,CCOc1ccccc1OCCN[C@H](C)Cc1ccc(OC)c(S(N)(=O)=O)c1,0
TOX21SRP53-05230,COc1cccc(OC)c1C(=O)O,0
TOX21SRP53-05231,CCCCP(CCCC)CCCC,0
TOX21SRP53-05232,CO/N=C(/C(=O)N[C@@H]1C(=O)N2C(C(=O)[O-])=C(COC(C)=O)CS[C@H]12)c1csc(N)n1,0
TOX21SRP53-05233,CCOC(=N)CC(=O)OCC,0
TOX21SRP53-05234,C=C1[C@@H](n2cnc3c(=O)[nH]c(N)nc32)C[C@H](O)[C@H]1CO,0
TOX21SRP53-05235,C[C@@H]1CC(=O)NN=C1c1ccc(NN=C(C#N)C#N)cc1,1
TOX21SRP53-05236,Nc1nc(NC2CC2)c2ncn([C@@H]3C=C[C@@H](CO)C3)c2n1,0
TOX21SRP53-05237,C#CCOC(C(=O)OCCN(C)C)(c1ccccc1)c1ccccc1,0
TOX21SRP53-05238,O=C(O)C(=O)Cc1ccccc1,0
TOX21SRP53-05239,CCOC(=O)C(SP(=S)(OC)OC)c1ccccc1,0
TOX21SRP53-05240,CCOP(=O)(N=C1SCCS1)OCC,0
TOX21SRP53-05241,O=C1[C@H]2CCCC[C@H]2C(=O)N1CCCCN1CCN(c2nsc3ccccc23)CC1,0
TOX21SRP53-05242,O=C([O-])C[C@H](O)CC(O)/C=C/c1c(C2CC2)nc2ccccc2c1-c1ccc(F)cc1.O=C([O-])C[C@H](O)C[C@H](O)/C=C/c1c(C2CC2)nc2ccccc2c1-c1ccc(F)cc1,0
TOX21SRP53-05243,CC(=O)S[C@H](C(=O)N[C@H]1Cc2ccccc2[C@H]2CCC[C@@H](C(=O)O)N2C1=O)C(C)C,0
TOX21SRP53-05244,Brc1cccc(-c2ccccc2)c1,0
TOX21SRP53-05245,Brc1ccccc1-c1ccccc1,0
TOX21SRP53-05246,Brc1ccccc1,0
TOX21SRP53-05247,OCCN(CCO)c1nc(N2CCCCC2)c2nc(N(CCO)CCO)nc(N3CCCCC3)c2n1,1
TOX21SRP53-05248,CC(C)(Oc1ccc(Cl)cc1)C(=O)O,0
TOX21SRP53-05249,Cc1cc(C(C#N)c2ccc(Cl)cc2)c(Cl)cc1NC(=O)c1cc(I)cc(I)c1O,1
TOX21SRP53-05250,CC=CC(=O)N(CC)c1ccccc1C,0
TOX21SRP53-05251,Cc1c(O)c(=O)ccn1C,0
TOX21SRP53-05252,O=C(O)c1cccc(N(Cc2cccnc2)c2ccc(OC(F)F)c(OC(F)F)c2)c1,0
TOX21SRP53-05253,Cn1c(=O)cc(Oc2ccc(F)cc2F)c2cnc(NCC(C)(C)O)nc21,0
TOX21SRP53-05254,CS(=O)(=O)c1ccc([C@@H](CC2CCCC2)C(=O)Nc2cnccn2)cc1Cl,0
TOX21SRP53-05255,CC(C)CC(O)Cc1ccccc1,0
TOX21SRP53-05256,CC1(C)SC(C)(C)SC(C)(C)S1,0
TOX21SRP53-05257,CC(=O)OC(c1ccccc1)C(Cl)(Cl)Cl,0
TOX21SRP53-05258,C/C=C\c1ccc(OCC)c(O)c1,0
TOX21SRP53-05259,O=C(O)CSCC(=O)NC1CCSC1=O,0
TOX21SRP53-05260,CCCCCCCCCCCCCCCC(=O)O[C@@H]1[C@@H](O)[C@@H](O)[C@@H]([C@H](NC(=O)[C@@H]2C[C@@H](CCC)CN2C)[C@H](C)Cl)O[C@@H]1SC,0
TOX21SRP53-05261,CC(C)=CCOc1c2occc2cc2ccc(=O)oc12,0
TOX21SRP53-05262,CCOC(=O)COc1ccc2c(=O)cc(-c3ccccc3)oc2c1,0
TOX21SRP53-05263,N=C(N)NCCCCNC(=N)N,0
TOX21SRP53-05264,CCN(CC)N(O)N=O.CCNCC,0
TOX21SRP53-05265,O=C(O)[C@@H](O)[C@H](O)[C@H](O)[C@@H](O)C(=O)O,0
TOX21SRP53-05266,COc1cc([C@@H]2c3cc4c(cc3[C@@H](O)[C@H]3COC(=O)[C@H]23)OCO4)cc(OC)c1O,1
TOX21SRP53-05267,C[n+]1ccn(Cc2ccccc2)c1,0
TOX21SRP53-05268,C=CCn1cc[n+](C)c1,0
TOX21SRP53-05269,Cc1ccc(-c2cc(C(F)(F)F)nn2-c2ccc(S(N)(=O)=O)cc2)cc1,0
TOX21SRP53-05270,CON=C(C(=O)N[C@@H]1C(=O)N2C(C(=O)O)=C(COC(N)=O)CS[C@H]12)c1ccco1,0
TOX21SRP53-05271,CCCCCC(=O)O,0
TOX21SRP53-05272,O=C(O)CCCCC(=O)O,0
TOX21SRP53-05273,CCCCCC=O,0
TOX21SRP53-05274,CCCCCC/C=C/CCCCCCCC(=O)O,0
TOX21SRP53-05275,CCCCCCCCCCCCCCCC(=O)O,0
TOX21SRP53-05276,O=C(C(Cl)(Cl)Cl)C(Cl)(Cl)Cl,0
TOX21SRP53-05277,CCCCCCC(=O)O,0
TOX21SRP53-05278,CCCC(=O)CC,0
TOX21SRP53-05279,CC(C)C#N,0
TOX21SRP53-05280,CCOC(=O)c1ccccc1N,0
TOX21SRP53-05281,CCNc1ccccc1,0
TOX21SRP53-05282,Nc1nc2c(ncn2COCCO)c(=O)[nH]1,0
TOX21SRP53-05283,Nc1ncnc2[nH]cnc12,0
TOX21SRP53-05284,Cc1ccc(/C(=C\CN2CCCC2)c2cccc(/C=C/C(=O)O)n2)cc1,0
TOX21SRP53-05285,Nc1ncnc2c1ncn2[C@@H]1O[C@H](CO)[C@@H](O)[C@H]1O,0
TOX21SRP53-05286,N#Cc1ccc(C2CCCc3cncn32)cc1,0
TOX21SRP53-05287,CN(C)c1ccc(N=NS(=O)(=O)[O-])cc1,0
TOX21SRP53-05288,CC[N+](=O)[O-],0
TOX21SRP53-05289,O=C(O)c1ccc([N+](=O)[O-])cc1,0
TOX21SRP53-05290,CCCC[N+](=O)[O-],0
TOX21SRP53-05291,O=[N+]([O-])c1ccccc1,0
TOX21SRP53-05292,O=[N+]([O-])c1ccc2[nH]cnc2c1,0
TOX21SRP53-05293,COc1ccccc1[N+](=O)[O-],0
TOX21SRP53-05294,CNC(=O)O/N=C/C(C)(C)S(C)=O,0
TOX21SRP53-05295,O=[N+]([O-])c1ccc2c3c(cccc13)CC2,0
TOX21SRP53-05296,Nc1ccc([N+](=O)[O-])cc1,0
TOX21SRP53-05297,Cc1nc(N(C)C)nc(OC(=O)N(C)C)c1C,0
TOX21SRP53-05298,CCCCc1ccc2[nH]c(NC(=O)OC)nc2c1,1
TOX21SRP53-05299,Clc1ccc(C(OCCN2CCCCC2)c2ccccc2)cc1,0
TOX21SRP53-05300,C=CC[N@@+]12CC[C@@]34c5ccccc5N5C=C6[C@H]7C[C@H]8[C@@]9(CC[N@@+]8(CC=C)C/C7=C/CO)c7ccccc7N(C=C([C@@H](C[C@@H]31)/C(=C\CO)C2)[C@H]54)[C@@H]69,0
TOX21SRP53-05301,CCc1c(C)[nH]c2c1C(=O)C(CN1CCOCC1)CC2,0
TOX21SRP53-05302,CCN(CC)c1cc(C)nc2ncnn12,0
TOX21SRP53-05303,CC(Cc1ccc(O)cc1)NCC(O)c1cc(O)cc(O)c1,0
TOX21SRP53-05304,CCOP(=S)(OCC)Oc1nc(Cl)n(C(C)C)n1,0
TOX21SRP53-05305,COC(=O)c1ccc(I)cc1S(=O)(=O)[N-]C(=O)Nc1nc(C)nc(OC)n1,0
TOX21SRP53-05306,II,0
TOX21SRP53-05307,Oc1c(Br)cc(Br)cc1Br,1
TOX21SRP53-05308,CCOC(=O)c1ccccc1O,0
TOX21SRP53-05309,O=C(Oc1ccccc1)c1ccccc1O,0
TOX21SRP53-05310,CCCCCCCCOC(=O)c1ccccc1C(=O)OCCCCCCCC,0
TOX21SRP53-05311,CCOP(=S)(OCC)Oc1ccc(S(C)=O)cc1,0
TOX21SRP53-05312,O=P(Oc1ccccc1)(Oc1ccccc1)Oc1ccccc1,0
TOX21SRP53-05313,Cc1ccc(S(=O)(=O)[O-])cc1.[Na+],0
TOX21SRP53-05314,CC1C=[C-]C=C1.[C-]#[O+].[C-]#[O+].[C-]#[O+].[Mn+],0
TOX21SRP53-05315,O=C1C[C@@H]2OCC=C3CN4CC[C@]56c7ccccc7N1[C@H]5[C@H]2[C@H]3C[C@H]46,0
TOX21SRP53-05316,C[N+](C)(C)CCOC(=O)CCC(=O)OCC[N+](C)(C)C,0
TOX21SRP53-05317,O=C(O)CCC(=O)O,0
TOX21SRP53-05318,COc1cc(NS(=O)(=O)c2ccc(N)cc2)nc(OC)n1,0
TOX21SRP53-05319,N=C(N)NS(=O)(=O)c1ccc(N)cc1,0
TOX21SRP53-05320,COc1ncnc(NS(=O)(=O)c2ccc(N)cc2)c1OC,0
TOX21SRP53-05321,CCCCC(CC)COC(=O)CS,0
TOX21SRP53-05322,C=CC(=O)[O-],0
TOX21SRP53-05323,C=C(C)C(=O)O[C@@H]1C[C@H]2CC[C@]1(C)C2(C)C,0
TOX21SRP53-05324,C=CC[N+](C)(C)CC=C,0
TOX21SRP53-05325,COC(C)(C)CCC[C@H](C)C/C=C/C(C)=C/C(=O)OC(C)C,0
TOX21SRP53-05326,CCCCCCCCS(=O)(=O)Cl,0
TOX21SRP53-05327,Cn1nnc2c(C(N)=O)ncn2c1=O,0
TOX21SRP53-05328,O=C([O-])C(Cl)(Cl)Cl,0
TOX21SRP53-05329,CCC(C)(C)C(=O)OC1=C(c2cc(Cl)cc(Cl)c2)C(=O)OC12CCCCC2,1
TOX21SRP53-05330,CCCCCCCCCCC1CO1,0
TOX21SRP53-05331,CCC(CC)C(=O)O,0
TOX21SRP53-05332,CCC(CO)(CO)[N+](=O)[O-],0
TOX21SRP53-05333,CCC(CC)CO,0
TOX21SRP53-05334,Cc1cc(Br)ccc1NC(=O)CCl,1
TOX21SRP53-05335,C=C(C)[C@@H]1CC=C(C)C(=O)C1,0
TOX21SRP53-05336,O=C(CCl)NCO,0
TOX21SRP53-05337,O=C(O)COc1ccccc1/C=N/NC(=O)c1ccncc1,0
TOX21SRP53-05338,NCCC[C@H](N)CC(=O)N[C@H]1CNC(=O)[C@H]([C@H]2C[C@H](O)N=C(N)N2)NC(=O)/C(=C/NC(N)=O)NC(=O)[C@H](CO)NC(=O)[C@H](CO)NC1=O,0
TOX21SRP53-05339,O=C(CN1CCN(Cc2ccc3c(c2)OCO3)CC1)N1c2ccccc2Sc2ccccc21,0
TOX21SRP53-05340,O=[N+]([O-])c1cccc(S(=O)(=O)NCCNS(=O)(=O)c2cccc([N+](=O)[O-])c2)c1,0
TOX21SRP53-05341,CCN(CC)CCOC(=O)C(C)(c1ccccc1)c1ccccc1,0
TOX21SRP53-05342,OC(C#CCN1CCCC1)(c1ccccc1)c1ccccc1,0
TOX21SRP53-05343,O=C1NC(=O)[C@H]2[C@@H]1[C@@H]1C=C[C@H]2C1,0
TOX21SRP53-05344,CCCOC(=O)c1ccc(N)cc1,0
TOX21SRP53-05345,SCCCCCCCCS,0
TOX21SRP53-05346,C#CC1(O)CC[C@H]2[C@@H]3CCC4=CC(=O)CC[C@@H]4[C@H]3CC[C@@]21CC,0
TOX21SRP53-05347,c1csc(SSc2cccs2)c1,0
TOX21SRP53-05348,CC(=O)OC(C)C,0
TOX21SRP53-05349,C=CC(C)(O)CCCC(C)CCCC(C)CCCC(C)C,0
TOX21SRP53-05350,CCCCCCCCCCCCCCN(C)C,0
TOX21SRP53-05351,CCCCCCCCCCCCCCO,0
TOX21SRP53-05352,CCCCCCCCCCCCCCCCN(C)C,0
TOX21SRP53-05353,OCCOCCOCCOCCO,0
TOX21SRP53-05354,CCCCCCOCCOCCO,0
TOX21SRP53-05355,CC(C)CC(C)CC(O)CC(C)C,0
TOX21SRP53-05356,OCCN1CCN(CCO)CC1,0
TOX21SRP53-05357,CCCCCC(C=O)=Cc1ccccc1,0
TOX21SRP53-05358,O=C1CCCC1,0
TOX21SRP53-05359,O=C(OCc1ccccc1)c1ccccc1,0
TOX21SRP53-05360,COc1ccc(C)cc1[N+](=O)[O-],0
TOX21SRP53-05361,CCC(N)(CO)CO,0
TOX21SRP53-05362,COC(=O)C1=C(C)NC(C)=C(C(=O)OC)C1c1ccccc1[N+](=O)[O-],0
TOX21SRP53-05363,O=C1c2ccccc2C(=O)C1(O)O,1
TOX21SRP53-05364,O=C(Cl)C(Cl)(Cl)Cl,0
TOX21SRP53-05365,Oc1ccc([Hg]Cl)cc1,1
TOX21SRP53-05366,COC(COC(N)=O)C1=C(N2CC2)C(=O)C(C)=C(N2CC2)C1=O,1
TOX21SRP53-05367,CC1C(=O)CC2C3(C)CCC2(C(C)C(=O)O)C(=O)C13,0
TOX21SRP53-05368,COC(=O)CC(=O)C(C)(C)C,0
TOX21SRP53-05369,COC(=O)c1cc(Cl)cc(Cl)c1,0
TOX21SRP53-05370,COC(=O)C(Br)CBr,0
TOX21SRP53-05371,COC(=O)Cc1cccc2ccccc12,0
TOX21SRP53-05372,Cc1cccc(NC(=S)N(C)C)c1,0
TOX21SRP53-05373,Nc1cccc(N)n1,0
TOX21SRP53-05374,Nc1ncnc2c1ncn2[C@@H]1O[C@@H]2COP(=O)(O)O[C@H]2[C@H]1O,0
TOX21SRP53-05375,CC(C)(CO)[C@@H](O)C(=O)NCCC(=O)[O-].CC(C)(CO)[C@@H](O)C(=O)NCCC(=O)[O-],0
TOX21SRP53-05376,Nc1nc(=O)n([C@@H]2CS[C@H](CO)O2)cc1F,0
TOX21SRP53-05377,NCCCC[C@H](NC(=O)[C@@H]1CCCN1C(=O)[C@@H]1CSSC[C@H](NC(=O)CNC(=O)CNC(=O)CN)C(=O)N[C@@H](Cc2ccc(O)cc2)C(=O)N[C@@H](Cc2ccccc2)C(=O)N[C@@H](CCC(N)=O)C(=O)N[C@@H](CC(N)=O)C(=O)N1)C(=O)NCC(N)=O,0
TOX21SRP53-05378,C[C@]12CC[C@@H]3c4ccc(OC(=O)N(CCCl)CCCl)cc4CC[C@H]3[C@@H]1CC[C@@H]2OP(=O)([O-])[O-],1
TOX21SRP53-05379,Cc1nnc(C(C)C)n1C1C[C@H]2CC[C@H](C1)N2CC[C@H](NC(=O)C1CCC(F)(F)CC1)c1ccccc1,0
TOX21SRP53-05380,COc1cc2c(c(OC)c1OC)-c1c(cc3c(c1OC)OCO3)C[C@@H](C)[C@](C)(O)C2,0
TOX21SRP53-05381,Cn1cnc2c(F)c(Nc3ccc(Br)cc3Cl)c(C(=O)NOCCO)cc21,0
TOX21SRP53-05382,O=C(NOCC1CC1)c1ccc(F)c(F)c1Nc1ccc(I)cc1Cl,1
TOX21SRP53-05383,CCCCCCCCCCCCCCCCCCOP(=O)([O-])OC1CC[N+](C)(C)CC1,0
TOX21SRP53-05384,COc1cc2c(N3CCN(C(=O)Nc4ccc(OC(C)C)cc4)CC3)ncnc2cc1OCCCN1CCCCC1,1
TOX21SRP53-05385,ClC=C(Cl)Cl,0
TOX21SRP53-05386,ClCC(Cl)Cl,0
TOX21SRP53-05387,CC(Cl)(Cl)Cl,0
TOX21SRP53-05388,Oc1c(Cl)cc(Cl)cc1Cl,0
TOX21SRP53-05389,CC(Oc1cc(Cl)c(Cl)cc1Cl)C(=O)O,0
TOX21SRP53-05390,FC(Cl)(Cl)Cl,0
TOX21SRP53-05391,O=C1c2ccccc2C(=O)N1SC(Cl)(Cl)Cl,1
TOX21SRP53-05392,O=C(O)COc1cc(Cl)c(Cl)cc1Cl,0
TOX21SRP53-05393,COP(=O)(OC)C(O)C(Cl)(Cl)Cl,0
TOX21SRP53-05394,CC(=O)OCC(=O)[C@@]1(OC(C)=O)[C@@H](C)C[C@H]2[C@@H]3C[C@H](F)C4=CC(=O)C=C[C@]4(C)[C@@]3(F)[C@@H](O)C[C@@]21C,0
TOX21SRP53-05395,CN(C)C1CCCCC1,0
TOX21SRP53-05396,O=C(Cl)c1ccccc1,0
TOX21SRP53-05397,CCOP(=O)(OCC)Oc1cc(C)nc(C(C)C)n1,0
TOX21SRP53-05398,CCOc1ccc(NC(=O)OC(C)C)cc1OCC,0
TOX21SRP53-05399,CC(=O)c1ccccn1,0
TOX21SRP53-05400,CCCCOCCOCCOCc1cc2c(cc1CCC)OCO2,0
TOX21SRP53-05401,C1CCNCC1,0
TOX21SRP53-05402,CC[C@@H]1C(=O)OC[C@@H]1Cc1cncn1C,0
TOX21SRP53-05403,C[C@@H]1CC=CC=CC=CC=C[C@H](O[C@@H]2O[C@H](C)[C@@H](O)[C@H](N)[C@@H]2O)C[C@@H]2O[C@](O)(C[C@@H](O)C[C@H]3O[C@@H]3C=CC(=O)O1)C[C@H](O)[C@H]2C(=O)O,0
TOX21SRP53-05404,Nc1c(Cl)c(Cl)nc(C(=O)O)c1Cl,0
TOX21SRP53-05405,C=C(C)C(=O)OCCO,0
TOX21SRP53-05406,C=CC(=O)OCCO,0
TOX21SRP53-05407,O=P(c1ccccc1)(c1ccccc1)c1ccccc1,0
TOX21SRP53-05408,CCOP(=S)(OCC)SCSc1ccc(Cl)cc1,0
TOX21SRP53-05409,C#CC(O)CCCCC,0
TOX21SRP53-05410,C[Si](C)=O,0
TOX21SRP53-05411,CCOc1cc([N+](=O)[O-])c(OCC)cc1N1CCOCC1,0
TOX21SRP53-05412,O=S(=O)([O-])c1cccc(S(=O)(=O)[O-])c1,0
TOX21SRP53-05413,CN(C)CCOCCN(C)CCO,0
TOX21SRP53-05414,O=C([O-])c1cccc([N+](=O)[O-])c1,0
TOX21SRP53-05415,CCOC(=O)C1=NN(c2ccccc2)C(=O)C1,0
TOX21SRP53-05416,C=C[Si]1(C)O[Si](C)(C=C)O[Si](C)(C=C)O[Si](C)(C=C)O1,0
TOX21SRP53-05417,CCCCOC(=O)CCC(C)=O,0
TOX21SRP53-05418,c1ccc(CNc2ncnc3c2ncn3C2CCCCO2)cc1,0
TOX21SRP53-05419,Cc1ccc(N)c([N+](=O)[O-])c1,0
TOX21SRP53-05420,ClCC=CCCl,0
TOX21SRP53-05421,Cc1ccc([N+](=O)[O-])c(N)c1,0
TOX21SRP53-05422,CNc1ccc([N+](=O)[O-])cc1,0
TOX21SRP53-05423,Nc1ccc(/N=N/c2ccc(N)cc2)cc1,0
TOX21SRP53-05424,CC1=CCC2CC1C2(C)C,0
TOX21SRP53-05425,CC(=O)NNC(C)=O,0
TOX21SRP53-05426,C=CCOC(=O)c1ccccc1C(=O)OCC=C,0
TOX21SRP53-05427,Oc1cccc(O)c1O,1
TOX21SRP53-05428,S=C1NCCN1,0
TOX21SRP53-05429,O=[N+]([O-])c1ccc2c(c1)Cc1ccccc1-2,0
TOX21SRP53-05430,CCCCC(CC)COC(=O)CCCCC(=O)OCC(CC)CCCC,0
TOX21SRP53-05431,O=c1c(-c2ccccc2)c1-c1ccccc1,1
TOX21SRP53-05432,O=C(OCc1ccccc1)c1cccnc1,0
TOX21SRP53-05433,O=C1CN(N=Cc2ccc([N+](=O)[O-])o2)C(=O)N1,0
TOX21SRP53-05434,OC1OC[C@@H](O)[C@H](O)[C@@H]1O,0
TOX21SRP53-05435,NC(=O)CCCCC1CCSS1,0
TOX21SRP53-05436,CCOC(=O)CC#N,0
TOX21SRP53-05437,CCCC(C)CO,0
TOX21SRP53-05438,CCOC(=O)CCl,0
TOX21SRP53-05439,COC(=O)CC(C)=O,0
TOX21SRP53-05440,COc1ccc(C)cc1,0
TOX21SRP53-05441,CCc1ccc(CC)cc1,0
TOX21SRP53-05442,OCC1CCC(CO)CC1,0
TOX21SRP53-05443,C=C(C)C(=O)OCCN(CC)CC,0
TOX21SRP53-05444,CCN(CC)CCOCCOC(=O)C(CC)(CC)c1ccccc1.O=C(O)CC(O)(CC(=O)O)C(=O)O,0
TOX21SRP53-05445,O=P([O-])([O-])OC[C@@]1(O)O[C@H](COP(=O)([O-])O)[C@@H](O)[C@@H]1O,0
TOX21SRP53-05446,CN1CCN(c2c(F)cc3c(=O)c(C(=O)O)cn4c3c2OCN4C)CC1,0
TOX21SRP53-05447,NC1CCCCC1.NC1CCCCC1.O=P(O)(O)OC[C@H](O)CO,0
TOX21SRP53-05448,O=c1[nH]c(=O)n([C@H]2C[C@H](O)[C@@H](CO)O2)cc1C(F)(F)F,1
TOX21SRP53-05449,CCC(=O)O.CCC(=O)O.O=C(Nc1cccc(C2=NCCN2)c1)Nc1cccc(C2=NCCN2)c1,0
TOX21SRP53-05450,O=S(=O)([O-])CC(S)CS,0
TOX21SRP53-05451,CCC(CC)Nc1c([N+](=O)[O-])cc(C)c(C)c1[N+](=O)[O-],0
TOX21SRP53-05452,Brc1ccc(Oc2cc(Br)c(Br)cc2Br)c(Br)c1,0
TOX21SRP53-05453,Clc1cc(Cl)c(Cl)c(Cl)c1Cl,0
TOX21SRP53-05454,CCOc1cc(Oc2ccc(C(F)(F)F)cc2Cl)ccc1[N+](=O)[O-],0
TOX21SRP53-05455,CC(C)(C)C(O)C(Cc1ccc(Cl)cc1)n1cncn1,0
TOX21SRP53-05456,O=C(O)c1ccccc1OP(=O)(O)O,0
TOX21SRP53-05457,COc1c2c(cc3c1OCO3)CCN(C)C2,0
TOX21SRP53-05458,CCCCOc1cc(C(=O)OCCN(CC)CC)ccc1N,0
TOX21SRP53-05459,CN(C)CCOC(=O)C(c1ccccc1)C1(O)CCCC1,0
TOX21SRP53-05460,CC(C)CC(NC(=O)CNC(=O)[C@H](Cc1ccc(O)cc1)NC(=O)[C@@H](CO)NC(=O)[C@@H](Cc1c[nH]c2ccccc12)NC(=O)[C@@H](Cc1c[nH]cn1)NC(=O)[C@H]1CCC(=O)N1)C(=O)N[C@H](CCCNC(=N)N)C(=O)N1CCC[C@@H]1C(=O)NCC(N)=O,0
TOX21SRP53-05461,C[C@]12CC[C@H]3[C@H]([C@@H]1[C@@H]1C[C@@H]1[C@@]21CCC(=O)O1)[C@H]1C[C@H]1C1=CC(=O)CC[C@@]13C,0
TOX21SRP53-05462,NC(=O)OCCCc1ccccc1,0
TOX21SRP53-05463,C[C@H]1CNc2c(cccc2S(=O)(=O)N[C@@H](CCCNC(=N)N)C(=O)N2CC[C@@H](C)C[C@@H]2C(=O)O)C1,0
TOX21SRP53-05464,COC(=O)c1ccccc1C(=O)c1ccc(OCCN2CCCCC2)cc1,0
TOX21SRP53-05465,C[C@@H]1C[C@H]2[C@@H]3C[C@H](F)C4=CC(=O)C(Cl)=C[C@]4(C)[C@@]3(F)[C@@H](O)C[C@]2(C)[C@@]1(O)C(=O)CO,0
TOX21SRP53-05466,CC(C)OC(=O)C(C(=O)OC(C)C)=C1SC=CS1,0
TOX21SRP53-05467,CN[C@@H]1[C@@H](O)[C@@H](O[C@@H]2[C@@H](O)[C@H](O[C@H]3O[C@H](CN)[C@@H](O)[C@H](O)[C@H]3O)[C@@H](N)C[C@H]2NC(=O)C(O)CN)OC[C@]1(C)O,0
TOX21SRP53-05468,Cc1ccnc2c1NC(=O)c1cccnc1N2C1CC1,0
TOX21SRP53-05469,Cc1cc(-n2c(=O)[nH]c(=O)n(C)c2=O)ccc1Oc1ccc(S(=O)(=O)C(F)(F)F)cc1,0
TOX21SRP53-05470,CCOC(=O)[C@H](CCc1ccccc1)N[C@H]1CCCN2CCC[C@@H](C(=O)O)N2C1=O,0
TOX21SRP53-05471,CC(=O)Nc1c(I)c(NC(C)=O)c(I)c(C(=O)O)c1I,0
TOX21SRP53-05472,CCOC(=O)NCCC[Si](OCC)(OCC)OCC,0
TOX21SRP53-05473,CCO[Si](CC(C)C)(OCC)OCC,0
TOX21SRP53-05474,Cc1ccccc1C(OCCN(C)C)c1ccccc1.O=C(O)CC(O)(CC(=O)O)C(=O)O,0
TOX21SRP53-05475,O=[N+]([O-])C(Br)(CO)CO,0
TOX21SRP53-05476,OCCCBr,0
TOX21SRP53-05477,Cc1cccc(Br)c1,0
TOX21SRP53-05478,BrCc1ccccc1,0
TOX21SRP53-05479,C[N+]1(C)[C@H]2C[C@H](OC(=O)[C@H](CO)c3ccccc3)C[C@@H]1[C@H]1O[C@@H]21,0
TOX21SRP53-05480,COP(=S)(NC(C)C)Oc1ccc(C)cc1[N+](=O)[O-],0
TOX21SRP53-05481,CCCCCOC(=O)CCC,0
TOX21SRP53-05482,c1cncc([C@@H]2CCCCN2)c1,0
TOX21SRP53-05483,CCOC(=O)C(Br)c1ccccc1,0
TOX21SRP53-05484,CCCCCC(=O)CC,0
TOX21SRP53-05485,CCN(CCO)CCO,0
TOX21SRP53-05486,COc1ccc(C2CNC(=O)C2)cc1OC1CCCC1,0
TOX21SRP53-05487,CCOC(OCC)OCC,0
TOX21SRP53-05488,CCOC(=O)C(F)(F)F,0
TOX21SRP53-05489,C=C[C@@H](C)CCC=C(C)C,0
TOX21SRP53-05490,NC1=NC(=O)N2CC12,0
TOX21SRP53-05491,SCCSCCS,0
TOX21SRP53-05492,CCCCNC(C)(C)[PH](=O)O,0
TOX21SRP53-05493,N[C@@H](Cc1cc(I)c(O)c(I)c1)C(=O)O,0
TOX21SRP53-05494,CN(C(=O)Cc1ccc(Cl)c(Cl)c1)[C@H]1CC[C@@]2(CCCO2)C[C@@H]1N1CCCC1,0
TOX21SRP53-05495,CCC[C@@H]1C[C@@H](C(=O)N[C@H]([C@H](C)Cl)[C@H]2O[C@H](SC)[C@H](OP(=O)(O)O)[C@@H](O)[C@H]2O)N(C)C1,0
TOX21SRP53-05496,O=C1CC2(CCCC2)CC(=O)N1CCNCC1COc2ccccc2O1,0
TOX21SRP53-05497,O=C(C(=O)c1ccccc1)c1ccccc1,0
TOX21SRP53-05498,N=C(N)c1ccc(OCCCOc2ccc(C(=N)N)cc2)cc1,0
TOX21SRP53-05499,CC(=C(CCO)SSC(CCO)=C(C)N(C=O)Cc1cnc(C)nc1N)N(C=O)Cc1cnc(C)nc1N,0
TOX21SRP53-05500,CCCCCCC#N,0
TOX21SRP53-05501,O=C(O)CCCCCC(=O)O,0
TOX21SRP53-05502,COc1ccc(Nc2ccccc2)c(C)c1,0
TOX21SRP53-05503,CCO[Si](CCCSSSSCCC[Si](OCC)(OCC)OCC)(OCC)OCC,0
TOX21SRP53-05504,C=COC(=O)C(C)(CC)CCC(C)C,0
TOX21SRP53-05505,CCCC[N+]1(C)[C@H]2C[C@H](OC(=O)[C@H](CO)c3ccccc3)C[C@@H]1[C@H]1O[C@@H]21,0
TOX21SRP53-05506,CCCCCCCCSCC,0
TOX21SRP53-05507,O=S(O)CO[Na],0
TOX21SRP53-05508,C=COCCOCCOCCOC=C,0
TOX21SRP53-05509,CCC(C)C(=O)O,0
TOX21SRP53-05510,CC(C)CC#N,0
TOX21SRP53-05511,Cc1ccc(C(=O)O)o1,0
TOX21SRP53-05512,CC(C)c1ccc(CO)cc1,0
TOX21SRP53-05513,CC(=O)CCC=C(C)C,0
TOX21SRP53-05514,CCC(C)C(C(=O)OCC[N+](C)(CC)CC)c1ccccc1,0
TOX21SRP53-05515,Nc1ncnc(Nc2ccc(Cl)cc2)n1,0
TOX21SRP53-05516,CN(C)CCCSc1ccccc1NC(=O)/C=C/c1ccccc1,0
TOX21SRP53-05517,CC(C)NCC(O)c1ccc(N)c(C#N)c1,0
TOX21SRP53-05518,CN1C(=O)COc2c(C(=O)NC3CN4CCC3CC4)cc(Cl)cc21,0
TOX21SRP53-05519,C=C1C2CCC(C2)C1(C)C,0
TOX21SRP53-05520,CC(C(O)c1ccc(O)cc1)N1CCC(Cc2ccccc2)CC1,0
TOX21SRP53-05521,O=C(O)CN1C(=O)c2cccc3cccc(c23)C1=O,0
TOX21SRP53-05522,NP(N)(=O)NC(=O)c1ccc(F)cc1,0
TOX21SRP53-05523,CC(=O)OC1CN2CCC1CC2,0
TOX21SRP53-05524,CCCCC(CC)COC(=O)C(C#N)=C(c1ccccc1)c1ccccc1,0
TOX21SRP53-05525,CCCC=C(C=O)CC,0
TOX21SRP53-05526,C=CC(=O)OCC(CC)CCCC,0
TOX21SRP53-05527,CCCCC(C=O)CC,0
TOX21SRP53-05528,CCCC(O)C(CC)CO,0
TOX21SRP53-05529,CCCCC(CC)C(=O)O,0
TOX21SRP53-05530,O=[N+]([O-])c1ccc(-c2nnc(O)o2)o1,0
TOX21SRP53-05531,O=C(O)c1cccc(Oc2ccccc2)c1,0
TOX21SRP53-05532,COc1ccc([N+](=O)[O-])cc1N,0
TOX21SRP53-05533,NC(=O)N/N=C/c1ccc([N+](=O)[O-])o1,0
TOX21SRP53-05534,O=C(O)Cc1ccc(-c2ccccc2)cc1,0
TOX21SRP53-05535,NC(=O)c1cc[n+](CC2=C(C(=O)[O-])N3C(=O)[C@@H](NC(=O)Cc4cccs4)[C@H]3SC2)cc1,0
TOX21SRP53-05536,CCOc1nc(C(Cl)(Cl)Cl)ns1,0
TOX21SRP53-05537,O=C1OC(CN2CCOCC2)CN1N=Cc1ccc([N+](=O)[O-])o1,0
TOX21SRP53-05538,CCN(CC)CCNC(=O)c1cc(Br)c(N)cc1OC,0
TOX21SRP53-05539,C=C1c2cccc(O)c2C(=O)C2=C(O)[C@]3(O)C(=O)C(C(N)=O)=C(O)[C@@H](N(C)C)[C@@H]3[C@@H](O)[C@H]12,0
TOX21SRP53-05540,CC(=O)N[C@@H](CC(=O)N[C@@H](CCC(=O)O)C(=O)O)C(=O)O,0
TOX21SRP53-05541,C[N+]1([O-])[C@H]2CC[C@@H]1C[C@H](OC(=O)C(CO)c1ccccc1)C2,0
TOX21SRP53-05542,C[C@H]1CCC[C@@H](C)N1,0
TOX21SRP53-05543,CCCCCCCCN1CCCC1=O,0
TOX21SRP53-05544,COc1ccc2cc(CCC(C)=O)ccc2c1,0
TOX21SRP53-05545,Cc1cc(-n2nc3ccc(Cl)cc3n2)c(O)c(C(C)(C)C)c1,0
TOX21SRP53-05546,CN[C@@H]1[C@@H](O)[C@@H](O[C@@H]2[C@@H](O)[C@H](OC3OC(CN)=CCC3N)[C@@H](N)C[C@H]2N)OC[C@]1(C)O.CN[C@@H]1[C@@H](O)[C@@H](O[C@@H]2[C@@H](O)[C@H](OC3OC(CN)=CCC3N)[C@@H](N)C[C@H]2N)OC[C@]1(C)O,0
TOX21SRP53-05547,CC(C)(C)NCC(O)COc1cccc2c1CCC(=O)N2,0
TOX21SRP53-05548,O=C(O)c1cc2ccccc2nc1C(=O)O,0
TOX21SRP53-05549,CCCCCCCCCCCCCCCCCC#N,0
TOX21SRP53-05550,CN(C)c1ccc(N=Nc2ccccc2)cc1,0
TOX21SRP53-05551,Cc1ncc([N+](=O)[O-])n1C,0
TOX21SRP53-05552,COP(C)(=O)OC,0
TOX21SRP53-05553,C/C=C(C)/C=C/C=C(C)C,0
TOX21SRP53-05554,COC(=O)c1ccc(C(=O)OC)cc1,0
TOX21SRP53-05555,CC(=O)N(C)C,0
TOX21SRP53-05556,CCNc1nc(Cl)nc(NC(C)(C)C#N)n1,0
TOX21SRP53-05557,CC1(C)[C@H](/C=C(\Cl)C(F)(F)F)[C@@H]1C(=O)O[C@H](C#N)c1cccc(Oc2ccccc2)c1,0
TOX21SRP53-05558,Nc1nc(N)nc(NC2CC2)n1,0
TOX21SRP53-05559,CC1(C)C(C=C(Cl)Cl)C1C(=O)OC(C#N)c1cccc(Oc2ccccc2)c1,0
TOX21SRP53-05560,NC(=O)NC(=O)Cc1ccccc1,0
TOX21SRP53-05561,OCCN1CCN(CCCN2c3ccccc3Sc3ccc(Cl)cc32)CC1,0
TOX21SRP53-05562,CCC[C@H](N[C@@H](C)C(=O)N1[C@H](C(=O)O)C[C@@H]2CCCC[C@@H]21)C(=O)OCC,0
TOX21SRP53-05563,CNC(=O)O/N=C(\C)C(C)S(C)(=O)=O,0
TOX21SRP53-05564,CC(=O)CC(C)=O,0
TOX21SRP53-05565,CN(C)C(=S)[S-].CN(C)C(=S)[S-].[Zn+2],1
TOX21SRP53-05566,O=[N+]([O-])c1cccc(Cl)c1,0
TOX21SRP53-05567,c1ccc(Nc2ccccc2)cc1,0
TOX21SRP53-05568,CC(C)c1ccc(C=O)cc1,0
TOX21SRP53-05569,CCc1ccc(O)cc1,0
TOX21SRP53-05570,CCCCN(CCCC)C(=S)[S-].CCCCN(CCCC)C(=S)[S-].[Zn+2],1
TOX21SRP53-05571,CC(C)C(C)(N)C#N,0
TOX21SRP53-05572,C[C@H]1CCCC(=O)CCCC=Cc2cc(O)cc(O)c2C(=O)O1,1
TOX21SRP53-05573,OCc1cccc(Oc2ccccc2)c1,0
TOX21SRP53-05574,CC(=O)O[C@H]1C[C@H](O[C@H]2[C@@H](O)C[C@H](O[C@H]3[C@@H](O)C[C@H](O[C@H]4CC[C@]5(C)[C@H]6C[C@@H](O)[C@]7(C)[C@@H](C8=CC(=O)OC8)CC[C@]7(O)[C@@H]6CC[C@@H]5C4)O[C@@H]3C)O[C@@H]2C)O[C@H](C)[C@H]1O[C@@H]1O[C@H](CO)[C@@H](O)[C@H](O)[C@H]1O,1
TOX21SRP53-05575,Clc1ccccc1CN1CCc2sccc2C1,0
TOX21SRP53-05576,CCN(CC)CCOC(=O)C(c1ccccc1)C1CCCCC1,0
TOX21SRP53-05577,CN1CCC(=C2c3ccccc3CC(=O)c3sccc32)CC1,0
TOX21SRP53-05578,Cc1cn([C@H]2C[C@H](O)[C@@H](CO)O2)c(=O)[nH]c1=O,0
TOX21SRP53-05579,CCN(CC)CCSC(=O)C(c1ccccc1)c1ccccc1,0
TOX21SRP53-05580,C#C[C@]1(O)CC[C@H]2[C@H]3[C@H](CC[C@@]21C)C1=C(CC(=O)CC1)C[C@H]3C,0
TOX21SRP53-05581,Nc1ccn([C@H]2CS[C@@H](CO)O2)c(=O)n1,0
TOX21SRP53-05582,CC(C(=O)O)c1ccc(C(=O)c2ccccc2)s1,0
TOX21SRP53-05583,CC(=O)O[C@H]1C[C@H](O[C@H]2[C@@H](O)C[C@H](O[C@H]3[C@@H](O)C[C@H](OC4CC[C@]5(C)[C@H]6CC[C@]7(C)[C@@H](C8=CC(=O)OC8)CC[C@]7(O)[C@@H]6CC[C@@H]5C4)O[C@@H]3C)O[C@@H]2C)O[C@H](C)[C@H]1O[C@@H]1O[C@H](CO)[C@@H](O)[C@H](O)[C@H]1O,1
TOX21SRP53-05584,CC(O)C(=O)[O-].CC(O)C(=O)[O-],0
TOX21SRP53-05585,[Ca+2].[Cl-].[Cl-],0
TOX21SRP53-05586,Cn1c(=O)c2c(ncn2C)n(C)c1=O,0
TOX21SRP53-05587,CCC(C)OC(C)CC,0
TOX21SRP53-05588,O=C(O)C=Cc1ccc(O)c(O)c1,0
TOX21SRP53-05589,CCCOCCOCCO,0
TOX21SRP53-05590,CN(C)C(=O)COC(=O)Cc1ccc(OC(=O)c2ccc(NC(=N)N)cc2)cc1,0
TOX21SRP53-05591,CC(CC(=O)O)CC(C)(C)C,0
TOX21SRP53-05592,c1cc(N(CC2CO2)CC2CO2)ccc1OCC1CO1,1
TOX21SRP53-05593,CC(=O)c1ccc2ccccc2c1,0
TOX21SRP53-05594,C=C(C)C(=O)OCCOC(=O)CC(C)=O,0
TOX21SRP53-05595,COC(=O)[C@H]1CC[C@H](C(=O)OC)CC1,0
TOX21SRP53-05596,CCOC(=O)C(C)(C)C,0
TOX21SRP53-05597,O=C/C=C/c1ccco1,0
TOX21SRP53-05598,CCCCCCCCCCCCCCCCCl,0
TOX21SRP53-05599,CCCCCCCCCI,0
TOX21SRP53-05600,CCCCCCCCCCCCI,0
TOX21SRP53-05601,CN(C)c1ccc(/C=C/c2ccc([N+](=O)[O-])cc2)cc1,0
TOX21SRP53-05602,COC(=O)/C=C\C(=O)O,0
TOX21SRP53-05603,CC(C)c1ccc2cc(C(C)C)ccc2c1,0
TOX21SRP53-05604,CCOC(=O)c1ccccc1,0
TOX21SRP53-05605,CC(=O)OCCC(C)C,0
TOX21SRP53-05606,CC(C)CCOC(=O)C=Cc1ccccc1,0
TOX21SRP53-05607,O=c1[nH]ncc2ccccc12,0
TOX21SRP53-05608,CCOCCOCCOC(C)=O,0
TOX21SRP53-05609,CCCCOCCOC(C)=O,0
TOX21SRP53-05610,CCCCCCCCCCCCN(C)C,0
TOX21SRP53-05611,CCCCCCOCCO,0
TOX21SRP53-05612,CC(=O)C=C(C)C,0
TOX21SRP53-05613,CN1c2c(O)nc(N)nc2NCC1CNc1ccc(C(=O)NC(CCC(=O)[O-])C(=O)[O-])cc1,0
TOX21SRP53-05614,CC(C)(CO)C(O)C(=O)NCCC(=O)NCCSSCCNC(=O)CCNC(=O)C(O)C(C)(C)CO,0
TOX21SRP53-05615,CCCCCCCCCCCCCC(=O)OCC(COP(=O)([O-])OCC[N+](C)(C)C)OC(=O)CCCCCCCCCCCCC,0
TOX21SRP53-05616,Clc1cccc(C(c2ccc3nc[nH]c3c2)n2ccnc2)c1,0
TOX21SRP53-05617,Cc1ccc2nc(N)[nH]c(=O)c2c1Sc1ccncc1,1
TOX21SRP53-05618,CC1(C)[C@H](C=C(Cl)Cl)[C@H]1C(=O)OCc1c(F)c(F)cc(F)c1F,0
TOX21SRP53-05619,CCCCC(O)c1ccccc1,0
TOX21SRP53-05620,CCN(CC)CCOC[C@H]1O[C@@H](O)[C@H](OCCN(CC)CC)[C@@H](O)[C@@H]1O,0
TOX21SRP53-05621,CC#Cc1cc(C)nc(Nc2ccccc2)n1,0
TOX21SRP53-05622,Cl[Hg]c1ccccc1,1
TOX21SRP53-05623,C[N+](C)(C)CC(O)CC(=O)[O-],0
TOX21SRP53-05624,O=NN1CCCC1,0
TOX21SRP53-05625,C[C@H]1[C@H]2Cc3ccc(O)cc3[C@]1(C)CCN2CCc1ccccc1,1
TOX21SRP53-05626,CCC(=O)N(c1ccccc1)C1(COC)CCN(CCn2nnn(CC)c2=O)CC1,0
TOX21SRP53-05627,CC(C)=CCN1CC[C@@]2(C)c3cc(O)ccc3C[C@@H]1[C@@H]2C.O=C(O)CCC(=O)O,0
TOX21SRP53-05628,O=Cc1ccccc1O,0
TOX21SRP53-05629,CCC(=O)N(c1ccccc1)[C@@H]1CCN(CCc2ccccc2)C[C@@H]1C,0
TOX21SRP53-05630,CCC(=O)N(c1ccccc1)[C@H]1CCN(CCc2ccccc2)C[C@@H]1C,0
TOX21SRP53-05631,CCC(=O)N(c1ccccc1)C1(COC)CCN(CCc2cccs2)CC1.O=C(O)CC(O)(CC(=O)O)C(=O)O,0
TOX21SRP53-05632,CCC(=O)N(c1ccc(F)cc1)C1CCN(CCc2ccccc2)CC1,0
TOX21SRP53-05633,CC(=O)N[C@H]1C(O)O[C@H](CO)[C@@H](O)[C@@H]1O,0
TOX21SRP53-05634,CCC(=O)N(c1ccccc1)C1CCN(C(C)Cc2ccccc2)CC1,0
TOX21SRP53-05635,CCC(=O)N(c1ccccc1)C1CCN(Cc2ccccc2)CC1,0
TOX21SRP53-05636,CC(C)Br,0
TOX21SRP53-05637,C=CCSCC1Nc2cc(Cl)c(S(N)(=O)=O)cc2S(=O)(=O)N1,0
TOX21SRP53-05638,Cc1ccc(NC(N)=O)cc1,0
TOX21SRP53-05639,CN(C)CCOc1ccc(/C(=C(/CCCl)c2ccccc2)c2ccccc2)cc1.O=C(O)CC(O)(CC(=O)O)C(=O)O,0
TOX21SRP53-05640,Cc1ccccc1,0
TOX21SRP53-05641,Cc1ccc(N=C=O)cc1N=C=O,0
TOX21SRP53-05642,Cc1ccccc1S(N)(=O)=O,0
TOX21SRP53-05643,C[SiH](O[Si](C)(C)C)O[Si](C)(C)C,0
TOX21SRP53-05644,CCOc1ccccc1OCC,0
TOX21SRP53-05645,C1N2CN3CN1CN(C2)C3,0
TOX21SRP53-05646,Cc1cc(Cl)ccc1N=CN(C)C,0
TOX21SRP53-05647,[SbH6+3],0
TOX21SRP53-05648,O=[N+]([O-])OCC(CO[N+](=O)[O-])(CO[N+](=O)[O-])CO[N+](=O)[O-],0
TOX21SRP53-05649,CCCCCCCCCCCc1ccccc1,0
TOX21SRP53-05650,Cn1c(N)c(N=O)c(=O)n(C)c1=O,0
TOX21SRP53-05651,C[N+]1([O-])CCOCC1,0
TOX21SRP53-05652,CCOP(=S)(OCC)Oc1ccc([N+](=O)[O-])cc1,0
TOX21SRP53-05653,CC(Cc1cccc(C(F)(F)F)c1)NCCOC(=O)c1ccccc1,0
TOX21SRP53-05654,CC1(C)S[C@@H]2[C@H](NC(=O)COc3ccccc3)C(=O)N2[C@H]1C(=O)[O-],0
TOX21SRP53-05655,COc1c(Cl)c(Cl)c(Cl)c(Cl)c1Cl,0
TOX21SRP53-05656,ClC(Cl)C(Cl)(Cl)Cl,0
TOX21SRP53-05657,O=[N+]([O-])c1c(Cl)c(Cl)c(Cl)c(Cl)c1Cl,0
TOX21SRP53-05658,Nc1ccc(C(=O)O)cc1,0
TOX21SRP53-05659,Nc1nc2ccccc2s1,0
TOX21SRP53-05660,COc1ccc(OC)c(C[C@H](C)N)c1,0
TOX21SRP53-05661,CCCCCCc1ccc(O)cc1O,0
TOX21SRP53-05662,CC(=O)N(O)CCCCCNC(=O)CCC(=O)N(O)CCCCCNC(=O)CCC(=O)N(O)CCCCCN,0
TOX21SRP53-05663,O=C([O-])c1cc(Oc2ccc(C(F)(F)F)cc2Cl)ccc1[N+](=O)[O-],0
TOX21SRP53-05664,CCCOC(=O)c1c(Cl)c(Cl)c(Cl)c(Cl)c1C(=O)OCCC,0
TOX21SRP53-05665,COc1ccc(/N=N/c2cc(C)c(/N=N/c3ccc(S(=O)(=O)[O-])cc3)cc2OC)cc1,0
TOX21SRP53-05666,CC1(C)Cc2cccc(N)c2O1,0
TOX21SRP53-05667,NC(=O)CC[C@H](Nc1ccc([N+](=O)[O-])cc1)C(=O)O,0
TOX21SRP53-05668,CCCCC(C)C(=O)O,0
TOX21SRP53-05669,O=C1CCCN1C1CCCCC1,0
TOX21SRP53-05670,Cc1ccc(Cl)c(N)c1Cl,0
TOX21SRP53-05671,Nc1ccc2cc(S(=O)(=O)[O-])cc(O)c2c1/N=N/c1ccccc1C(F)(F)F,0
TOX21SRP53-05672,COCc1ccc(COC)cc1,0
TOX21SRP53-05673,Nc1cc(C(=O)O)c(O)c(S(=O)(=O)O)c1,0
TOX21SRP53-05674,C=CCCC(=O)/C=C/C1C(C)=CCCC1(C)C,0
TOX21SRP53-05675,O=CN1CCCCC1,0
TOX21SRP53-05676,C[C@@H]1CC2(OC3C[C@@]4(C)C5=CC[C@H]6C(C)(C)C(O[C@@H]7OC[C@@H](O)[C@H](O)[C@H]7O)CC[C@@]67C[C@@]57CC[C@]4(C)C31)OC(O)C1(C)OC21,0
TOX21SRP53-05677,O=C(/C=C/c1ccc(O)c(O)c1)O[C@@H](C(=O)O)[C@@H](OC(=O)/C=C/c1ccc(O)c(O)c1)C(=O)O,0
TOX21SRP53-05678,O=C1c2ccccc2C(=O)N1CCc1noc(-c2ccc(CN3CCCCCC3)s2)n1,0
TOX21SRP53-05679,COc1cc(C=O)cc2c1[C@H](COC(N)=O)[C@]1(OC(C)=O)ON2C[C@H]2[C@@H]1N2C(C)=O,1
TOX21SRP53-05680,Cc1[nH]cnc1C[C@H]1CCc2c(C)c3ccccc3n2C1=O,0
TOX21SRP53-05681,Cc1oc2c(NC(=O)c3c(Cl)cccc3Cl)cccc2c1C(C)(C)O,0
TOX21SRP53-05682,COc1ccc(-n2nc(C(F)F)cc2-c2ccc(S(C)=O)cc2)cc1,0
TOX21SRP53-05683,OCCc1ccccc1,0
TOX21SRP53-05684,NC=O,0
TOX21SRP53-05685,COC(=O)c1ccccc1C(=O)OC,0
TOX21SRP53-05686,NC(Cc1ccc(F)cc1)C(=O)O,0
TOX21SRP53-05687,O=[N+]([O-])c1ccc(F)c([N+](=O)[O-])c1,0
TOX21SRP53-05688,O=C(Cl)c1ccccc1F,0
TOX21SRP53-05689,CCCCCCC1CCC(=O)O1,0
TOX21SRP53-05690,O=CNc1ccccc1,0
TOX21SRP53-05691,CC(=O)OC(C)C[N+](C)(C)C,0
TOX21SRP53-05692,Cc1ccccc1-n1c(C)nc2ccccc2c1=O,0
TOX21SRP53-05693,CC(C)=CC1C(C(=O)OCc2cccc(Oc3ccccc3)c2)C1(C)C,0
TOX21SRP53-05694,COC(=O)/C=C(\C)OP(=O)(OC)OC,0
TOX21SRP53-05695,CCCC(=O)c1ccccc1,0
TOX21SRP53-05696,O=P1(N(CCCl)CCCl)NCCCO1,0
TOX21SRP53-05697,C[C@H]1C[C@H](C)C(=O)[C@H]([C@H](O)CC2CC(=O)NC(=O)C2)C1,1
TOX21SRP53-05698,CCS(=O)(=O)CCSP(=O)(OC)OC,0
TOX21SRP53-05699,C1CCC2OC2C1,0
TOX21SRP53-05700,O=C1C=CCCC1,0
TOX21SRP53-05701,C1CCCC1,0
TOX21SRP53-05702,c1cc2c3c(c1)ccc1cccc(c13)C2,0
TOX21SRP53-05703,Cc1ccc(S(=O)(=O)NC2CCCCC2)cc1,0
TOX21SRP53-05704,N#Cc1ccccc1C#N,0
TOX21SRP53-05705,CC1=CC[C@H](C(C)C)C=C1,0
TOX21SRP53-05706,O=C(Cl)OCCOCCOC(=O)Cl,0
TOX21SRP53-05707,CC(=O)CCc1ccc(OC(C)=O)cc1,0
TOX21SRP53-05708,O=c1c(O)c(O)c1=O,0
TOX21SRP53-05709,O=C(O)c1ccccn1,0
TOX21SRP53-05710,CC1=Nc2ccccc2C1(C)C,0
TOX21SRP53-05711,COC(=O)C1=C(C)NC(C)=C(C(=O)OC(C)(C)CN(C)CCC(c2ccccc2)c2ccccc2)C1c1cccc([N+](=O)[O-])c1,0
TOX21SRP53-05712,Nc1cccc2c1CN(C1CCC(=O)NC1=O)C2=O,0
TOX21SRP53-05713,CCCCN(CCCC)CC(O)c1cc(Cl)cc2c1-c1ccc(Cl)cc1/C2=C/c1ccc(Cl)cc1,0
TOX21SRP53-05714,COc1cccc(CCc2ccccc2OCC(CN(C)C)OC(=O)CCC(=O)O)c1,0
TOX21SRP53-05715,COc1nc(N)nc2nc[nH]c12,0
TOX21SRP53-05716,Nc1nc(=O)c2c(CCc3ccc(C(=O)N[C@@H](CCC(=O)[O-])C(=O)[O-])cc3)c[nH]c2[nH]1,0
TOX21SRP53-05717,Cc1nc(Nc2ncc(C(=O)Nc3c(C)cccc3Cl)s2)cc(N2CCN(CCO)CC2)n1,0
TOX21SRP53-05718,CCN(CC)c1nc(C)cc(OP(=S)(OC)OC)n1,0
TOX21SRP53-05719,O=P(O)(O)O,0
TOX21SRP53-05720,COP(=S)(OC)SCN1C(=O)c2ccccc2C1=O,0
TOX21SRP53-05721,C=C(C)C(N)=O,0
TOX21SRP53-05722,CC1CCc2c(N3CCC(O)CC3)c(F)cc3c(=O)c(C(=O)O)cn1c23,0
TOX21SRP53-05723,Cc1nc2ccc(CN(C)c3ccc(C(=O)N[C@@H](CCC(=O)O)C(=O)O)s3)cc2c(=O)[nH]1,1
TOX21SRP53-05724,COc1ccc(-c2ccc3cc(C(=O)O)ccc3c2)cc1C12CC3CC(CC(C3)C1)C2,1
TOX21SRP53-05725,Cc1oc(=O)oc1CN1CCN(c2cc3c(cc2F)c(=O)c(C(=O)O)c2n3C(C)S2)CC1,0
TOX21SRP53-05726,CN(C)CC/C=C1/c2ccccc2COc2ccc(CC(=O)O)cc21,0
TOX21SRP53-05727,C[C@@H](c1ncncc1F)[C@](O)(Cn1cncn1)c1ccc(F)cc1F,0
TOX21SRP53-05728,C[N+]1(CCC(C(N)=O)(c2ccccc2)c2ccccc2)CCCCC1,0
TOX21SRP53-05729,CC(=O)NC[C@H]1CN(c2ccc(N3CCOCC3)c(F)c2)C(=O)O1,0
TOX21SRP53-05730,COCc1c(C(C)C)nc(C(C)C)c(/C=C/[C@@H](O)C[C@@H](O)CC(=O)[O-])c1-c1ccc(F)cc1,0
TOX21SRP53-05731,CC[C@H]1OC(=O)[C@H](C)[C@@H](O[C@H]2C[C@@](C)(OC)[C@@H](O)[C@H](C)O2)[C@H](C)[C@@H](O[C@@H]2O[C@H](C)C[C@H](N(C)C)[C@H]2O)[C@](C)(O)C[C@@H](C)CN(C)[C@H](C)[C@@H](O)[C@]1(C)O,0
TOX21SRP53-05732,OCCOCCN1CCN(C(c2ccccc2)c2ccc(Cl)cc2)CC1,0
TOX21SRP53-05733,CCCCCCCCOC(=O)c1ccc(C(=O)OCCCCCCCC)c(C(=O)OCCCCCCCC)c1,0
TOX21SRP53-05734,CCCCCCOC(=O)CC(CC(=O)OCCCCCC)(OC(=O)CCC)C(=O)OCCCCCC,0
TOX21SRP53-05735,CCCOc1ccc(S(=O)(=O)N2CCN(CC)CC2)cc1-c1nc2c(CC)n(Cc3ccccn3)nc2c(=O)[nH]1,0
TOX21SRP53-05736,COCCOC[C@H](CC1(C(=O)N[C@H]2CC[C@@H](C(=O)O)CC2)CCCC1)C(=O)Oc1ccc2c(c1)CCC2,0
TOX21SRP53-05737,COCc1nnc(-c2ccc[n+]([O-])c2)n1-c1c(Cl)c(Cl)cc2[nH]c(=O)c(=O)[nH]c12,0
TOX21SRP53-05738,O=C(N[C@H]1CN2CCC1CC2)c1cc2ccoc2cn1,0
TOX21SRP53-05739,C=CC(=O)OCCCC,0
TOX21SRP53-05740,C[C@@H](Oc1ccc(CNC(=O)c2cccnc2Oc2ccc3c(c2)OCO3)c(F)c1)C(=O)O,0
TOX21SRP53-05741,O=C(O)CC(C(=O)O)C(CC(=O)O)C(=O)O,0
TOX21SRP53-05742,CC(C)(O)c1ccc(CNC(=O)c2cccnc2Oc2ccc3nonc3c2)cc1,0
TOX21SRP53-05743,C=C(NC(=O)C(=C)NC(=O)c1csc(C2=NC3c4csc(n4)C4NC(=O)c5csc(n5)C(C(C)(O)C(C)O)NC(=O)C5CSC(=N5)/C(=C\C)NC(=O)C(C(C)O)NC(=O)c5csc(n5)C3(CC2)NC(=O)C(C)NC(=O)C(=C)NC(=O)C(C)NC(=O)C(C(C)CC)NC2C=Cc3c(C(C)O)cc(nc3C2O)C(=O)OC4C)n1)C(N)=O,1
TOX21SRP53-05744,Cc1ccc(C=O)cc1C,0
TOX21SRP53-05745,CC(C)NC(=O)c1ccccc1N,0
TOX21SRP53-05746,O=C(O)CONC(=O)c1ccccc1,0
TOX21SRP53-05747,CCOC(=O)CCN(SN(C)C(=O)Oc1cccc2c1OC(C)(C)C2)C(C)C,0
TOX21SRP53-05748,O=C(Nc1ccccc1)c1ccccc1I,0
TOX21SRP53-05749,CCOC(=O)Cn1c(=O)sc2cccc(Cl)c21,0
TOX21SRP53-05750,CC(C)OC(=O)C(C)N(C(=O)c1ccccc1)c1ccc(F)c(Cl)c1,0
TOX21SRP53-05751,O=S(=O)(Oc1ccc(Cl)cc1)c1ccccc1,0
TOX21SRP53-05752,CC12CCC(C1)C(C)(C)C2O,0
TOX21SRP53-05753,CCCCC(CC)C(=O)OC(C)C,0
TOX21SRP53-05754,COc1cc(C(=O)NCc2ccc(OCCN(C)C)cc2)cc(OC)c1OC,0
TOX21SRP53-05755,CC(C)NC(=N)NC(=N)Nc1ccc(Cl)cc1,0
TOX21SRP53-05756,CCCCOc1ccc(OCCCN2CCOCC2)cc1,0
TOX21SRP53-05757,CN1CCC(OC(c2ccccc2)c2ccccc2)CC1,0
TOX21SRP53-05758,CN1CCN(C(c2ccccc2)c2ccccc2)CC1,0
TOX21SRP53-05759,CC(O)CN(CCCN(C)C)CCCN(C)C,0
TOX21SRP53-05760,CN(C)CC/C=C1/c2ccccc2CSc2ccccc21,1
TOX21SRP53-05761,CN(C)CCCNCCCN(C)C,0
TOX21SRP53-05762,Fc1ccc(Br)cc1,0
TOX21SRP53-05763,c1c[nH]cn1,0
TOX21SRP53-05764,O=C([O-])[C@H](O)[C@@H](O)[C@H](O)[C@H](O)CO,0
TOX21SRP53-05765,CCC[N+](CCC)(CCC)CCC,0
TOX21SRP53-05766,O=C(OCCOCCOCCOC(=O)c1ccccc1)c1ccccc1,0
TOX21SRP53-05767,C=C(C)C1CC=C(C)CC1,0
TOX21SRP53-05768,CN1C2=CC(=O)C(=NNC(N)=O)C=C2CC1S(=O)(=O)[O-],0
TOX21SRP53-05769,C[N+](C)(C)CCOC(N)=O,0
TOX21SRP53-05770,NC(=O)N1c2ccccc2C=Cc2ccccc21,0
TOX21SRP53-05771,CCOC(=O)n1ccn(C)c1=S,0
TOX21SRP53-05772,CN(C)c1cccc(O)c1,0
TOX21SRP53-05773,CCN(CC)CCOCCOC(=O)C1(c2ccccc2)CCCC1,0
TOX21SRP53-05774,COc1ccc(C[C@H](C)NC[C@@H](O)c2ccc(O)c(NC=O)c2)cc1.COc1ccc(C[C@H](C)NC[C@@H](O)c2ccc(O)c(NC=O)c2)cc1,0
TOX21SRP53-05775,COC(=O)C[C@](O)(CCCC(C)(C)O)C(=O)O[C@@H]1C(OC)=CC23CCCN2CCc2cc4c(cc2[C@H]13)OCO4,1
TOX21SRP53-05776,CC(=O)CCC(=O)O,0
TOX21SRP53-05777,O=C(C1CCCCC1)N1CC(=O)N2CCc3ccccc3C2C1,0
TOX21SRP53-05778,CCCCCCCC=O,0
TOX21SRP53-05779,CCCCCCCCCCCCCCCCCC(=O)O,0
TOX21SRP53-05780,CCCCCCCCC(=O)O,0
TOX21SRP53-05781,O=C(O)CCCCCCCC(=O)O,0
TOX21SRP53-05782,CCCC(=O)C(=O)O,0
TOX21SRP53-05783,O=C(O)CC(=O)C(=O)O,0
TOX21SRP53-05784,CCCCCCCC(=O)O,0
TOX21SRP53-05785,Cl/C(=C\n1cncn1)c1ccc(Cl)cc1Cl,0
TOX21SRP53-05786,CC(C)c1ccc2oc3nc(N)c(C(=O)O)cc3c(=O)c2c1,0
TOX21SRP53-05787,CC(=O)Nc1ccc(/C=N/NC(N)=S)cc1,0
TOX21SRP53-05788,Nc1ccc(C(=O)NCC(=O)O)cc1,0
TOX21SRP53-05789,CCCCOC(=O)[C@@H](C)Oc1ccc(Oc2ccc(C#N)cc2F)cc1,0
TOX21SRP53-05790,Cc1cccc(C)c1NC(=O)CN1CCCC1=O,0
TOX21SRP53-05791,Nc1cccc2ccccc12,0
TOX21SRP53-05792,Nc1ccc2ccccc2c1,0
TOX21SRP53-05793,CCCCN(CCCC)C(=S)S[Ni]SC(=S)N(CCCC)CCCC,0
TOX21SRP53-05794,[Ni+2],0
TOX21SRP53-05795,NC(=O)c1cccnc1,0
TOX21SRP53-05796,CCCCCCCCCCCCCCCC(=O)OC[C@@H](COP(=O)([O-])OCC[N+](C)(C)C)OC(=O)CCCCCCCCCCCCCCC,0
TOX21SRP53-05797,c1ccc(CCNc2nc(-c3ccccc3)cs2)cc1,0
TOX21SRP53-05798,Nc1nnnn1-c1ccccc1,0
TOX21SRP53-05799,CCOc1ccc(NS(=O)(=O)c2ccc(N)cc2)nn1,0
TOX21SRP53-05800,CN1CCCN=C1COC(=O)C(O)(c1ccccc1)C1CCCCC1,0
TOX21SRP53-05801,CC(C)(C)C(=O)OCOC(=O)[C@@H]1N2C(=O)[C@@H](NC(=O)[C@H](N)c3ccccc3)[C@H]2SC1(C)C,0
TOX21SRP53-05802,CCn1cc(C(=O)O)c(=O)c2cc(F)c(N3CCNCC3)nc21,0
TOX21SRP53-05803,CO[C@H]1C[C@H](O[C@@H]2C(C)=CC[C@@H]3C[C@@H](C[C@]4(CC[C@H](C)[C@@H](C5CCCCC5)O4)O3)OC(=O)[C@@H]3C=C(C)/C(=N/O)[C@H]4OCC(=CC=C[C@@H]2C)[C@@]34O)O[C@@H](C)[C@@H]1O,0
TOX21SRP53-05804,CC(=O)Oc1cccc(O)c1,0
TOX21SRP53-05805,CNc1ccc(C(=O)CC(O)CCC(C)C2OC(=O)CC(O)CC(=O)CC(O)CC(O)CC(O)CC(O)CC3(O)CC(O)C(C(=O)OC)C(CC(O[C@@H]4O[C@H](C)[C@@H](O)[C@H](N)[C@@H]4O)C=CC=CC=CC=CC=CC=CC=CC2C)O3)cc1,0
TOX21SRP53-05806,CCC(=O)O[C@]1(C(=O)CCl)[C@@H](C)C[C@H]2[C@@H]3CCC4=CC(=O)C=C[C@]4(C)[C@@]3(F)[C@@H](O)C[C@@]21C,0
TOX21SRP53-05807,Cc1c(NC(C)C)c(=O)n(-c2ccccc2)n1C,0
TOX21SRP53-05808,CC(C)(C)C(=O)OCOC(=O)[C@@H]1N2C(=O)[C@@H](N=CN3CCCCCC3)[C@H]2SC1(C)C,0
TOX21SRP53-05809,COc1ccc2cc([C@H](C)CO)ccc2c1,0
TOX21SRP53-05810,CO[Si](CCCNc1ccccc1)(OC)OC,0
TOX21SRP53-05811,C#CCN(C)Cc1ccccc1,0
TOX21SRP53-05812,CN1C(=O)CC(c2ccccc2)C1=O,0
TOX21SRP53-05813,NC(Cc1ccccc1)C(=O)O,0
TOX21SRP53-05814,CCCCCC,0
TOX21SRP53-05815,CCCCCC(C)=O,0
TOX21SRP53-05816,CCOC(=O)CCCCCCCCC(=O)OCC,0
TOX21SRP53-05817,CC(=O)CCC(C)C,0
TOX21SRP53-05818,CC1(C)COP(Oc2ccccc2)OC1,0
TOX21SRP53-05819,O=C([O-])CN(CCN(CC(=O)[O-])CC(=O)[O-])CC(=O)[O-].[Fe+3],0
TOX21SRP53-05820,C=CC(=O)NC(C)(C)CS(=O)(=O)O,0
TOX21SRP53-05821,CC(CN)CCCN,0
TOX21SRP53-05822,CN(C)[C@@H]1C(O)=C(C(N)=O)C(=O)[C@@]2(O)C(O)=C3C(=O)c4c(O)cccc4[C@@](C)(O)[C@H]3C[C@@H]12,0
TOX21SRP53-05823,C[C@]12CC[C@H]3[C@@H](CCC4=CC(=O)C=C[C@@]43C)[C@@H]1CCC(=O)O2,0
TOX21SRP53-05824,CN(C/C=C/C#CC(C)(C)C)Cc1cccc2ccccc12,0
TOX21SRP53-05825,CC1(O)CCC(C(C)(C)O)CC1,0
TOX21SRP53-05826,OCCOc1cccc(OCCO)c1,0
TOX21SRP53-05827,O=C1c2ccccc2C(=O)C1c1nc2ccccc2c(Br)c1O,0
TOX21SRP53-05828,CC(=O)OCCc1ccccc1,0
TOX21SRP53-05829,CNCCCC12CCC(c3ccccc31)c1ccccc12,0
TOX21SRP53-05830,CC(C)N1C(=O)c2ccccc2C1=O,0
TOX21SRP53-05831,CCCCN(CCCCO)N=O,0
TOX21SRP53-05832,CC(C)(C)c1cc(CO)cc(C(C)(C)C)c1O,0
TOX21SRP53-05833,CCCCN(N=O)C(=N)N[N+](=O)[O-],1
TOX21SRP53-05834,COc1ccc(O)c(C(C)(C)C)c1,0
TOX21SRP53-05835,Cc1cc(C(C)(C)C)c(O)c(C(C)(C)C)c1,0
TOX21SRP53-05836,COC(=O)C1CC(=O)C(C(=O)OC)CC1=O,0
TOX21SRP53-05837,CC(Cl)COP(=O)(OCC(C)Cl)OCC(C)Cl,0
TOX21SRP53-05838,O=C(O)Cc1ccc(Cl)cc1Cl,0
TOX21SRP53-05839,OCc1ccc(Cl)cc1Cl,0
TOX21SRP53-05840,Nc1c(Cl)cc(Cl)cc1[N+](=O)[O-],0
TOX21SRP53-05841,COc1ccc([N+](=O)[O-])cc1[N+](=O)[O-],0
TOX21SRP53-05842,C[N+](C)(C)CC1CO1,0
TOX21SRP53-05843,CCC1(C)NC(=O)NC1=O,0
TOX21SRP53-05844,CCC[N+]1(C)CCCCC1.O=S(=O)([N-]S(=O)(=O)C(F)(F)F)C(F)(F)F,0
TOX21SRP53-05845,CCOC(=O)C(Cl)C(C)=O,0
TOX21SRP53-05846,O=c1[nH]c2ccccc2o1,0
TOX21SRP53-05847,CCCC[n+]1cccc(C)c1.F[B-](F)(F)F,0
TOX21SRP53-05848,COC(=O)C(C)=O,0
TOX21SRP53-05849,CCOC(=O)c1ccc(N)cc1,0
TOX21SRP53-05850,CC(=O)OCC(COC(C)=O)OC(C)=O,0
TOX21SRP53-05851,CCCCC(CC)COC(C)=O,0
TOX21SRP53-05852,CCCCC(CC)COC(=O)CCCCCCCC(=O)OCC(CC)CCCC,0
TOX21SRP53-05853,C1CN(SSN2CCOCC2)CCO1,0
TOX21SRP53-05854,CC(COc1ccccc1)NC(C)C(O)c1ccc(O)cc1,0
TOX21SRP53-05855,O=Cc1ccc2c(c1)OCO2,0
TOX21SRP53-05856,CC(=O)OCc1ccc2c(c1)OCO2,0
TOX21SRP53-05857,CC1CCC2CC1C2(C)C,0
TOX21SRP53-05858,CCNCC(O)c1cccc(O)c1,0
TOX21SRP53-05859,Cc1ccc(O)c([N+](=O)[O-])c1,0
TOX21SRP53-05860,O=C(OCCOCCOC(=O)c1ccccc1)c1ccccc1,0
TOX21SRP53-05861,CC(CNC1CCCCC1)OC(=O)c1ccccc1,0
TOX21SRP53-05862,Cc1cc(C)c(NC(=O)C[C@H](CC(=O)[O-])c2cccc3ccccc23)c(C(=O)N2CCC3(CCCC3)CC2)c1,0
TOX21SRP53-05863,O=C(NC(=O)c1c(F)cccc1F)Nc1cc(Cl)c(F)c(Cl)c1F,0
TOX21SRP53-05864,CC(=O)CC(=O)Nc1ccccc1C,0
TOX21SRP53-05865,N[C@@H](COP(=O)(O)O)C(=O)O,0
TOX21SRP53-05866,COCC(=O)O,0
TOX21SRP53-05867,CC(C)c1ncc([N+](=O)[O-])n1C,0
TOX21SRP53-05868,CBr.CCN(CC)CCOC(=O)C(O)(c1ccccc1)c1ccccc1,0
TOX21SRP53-05869,CN/C(=N\C#N)NCCSCc1csc(N=C(N)N)n1,0
TOX21SRP53-05870,ClCc1ccccc1.O=C1C[C@@H]2OCC=C3CN4CC[C@]56c7ccccc7N1[C@H]5[C@H]2[C@H]3C[C@H]46,0
TOX21SRP53-05871,O=C(O)c1cc2ccccc2cc1O,0
TOX21SRP53-05872,CNC(C)C(O)c1ccc(O)cc1,0
TOX21SRP53-05873,NC(=O)CC[C@@H](N)C(=O)O,0
TOX21SRP53-05874,CC(C)C[C@@H](N)C(=O)O,0
TOX21SRP53-05875,O=[N+]([O-])c1ccc(F)cc1F,0
TOX21SRP53-05876,NNC(N)=S,0
TOX21SRP53-05877,C=CC(=O)OCC1CCCO1,0
TOX21SRP53-05878,O=C(N=NC(=O)OCc1ccccc1)OCc1ccccc1,0
TOX21SRP53-05879,O=C1OC(=O)c2cc(-c3ccc4c(c3)C(=O)OC4=O)ccc21,0
TOX21SRP53-05880,COC(=O)NCCC[Si](OC)(OC)OC,0
TOX21SRP53-05881,CCCOCCOCCOCCO,0
TOX21SRP53-05882,CCCCS(=O)(=O)Cl,0
TOX21SRP53-05883,C=C(C)C(=O)OCCOCCOC(=O)C(=C)C,0
TOX21SRP53-05884,CCCCC(CC)C(=O)[O-].CCCCC(CC)C(=O)[O-].[Ba+2],0
TOX21SRP53-05885,NC(N)=S,0
TOX21SRP53-05886,CCC(C)(O)CCCC(C)C,0
TOX21SRP53-05887,c1ccc(-c2cccc(-c3ccccc3)c2)cc1,0
TOX21SRP53-05888,Cc1cc(Cl)ccc1OCCCC(=O)O,0
TOX21SRP53-05889,Cc1cc(Cl)ccc1OC(C)C(=O)O,0
TOX21SRP53-05890,Cc1cc(Cl)ccc1OCC(=O)O,0
TOX21SRP53-05891,O=C=Nc1ccc(Cc2ccc(N=C=O)cc2)cc1,0
TOX21SRP53-05892,CCC1(c2ccccc2)C(=O)NC(=O)NC1=O,0
TOX21SRP53-05893,CCC1(c2ccccc2)C(=O)N=C([O-])NC1=O,0
TOX21SRP53-05894,C=CCOC(=O)c1ccccc1N,0
TOX21SRP53-05895,c1ccc2c(c1)Nc1ccccc1S2,0
TOX21SRP53-05896,Oc1ccccc1,0
TOX21SRP53-05897,O=C1OC(c2ccc(O)cc2)(c2ccc(O)cc2)c2ccccc21,0
TOX21SRP53-05898,COc1ccc(CCC(=O)c2c(O)cc(O[C@@H]3O[C@H](CO)[C@@H](O)[C@H](O)[C@H]3O[C@@H]3O[C@@H](C)[C@H](O)[C@@H](O)[C@H]3O)cc2O)cc1O,0
TOX21SRP53-05899,CN(C)N=Nc1ccccc1,0
TOX21SRP53-05900,S=C=Nc1ccccc1,0
TOX21SRP53-05901,CC(=O)OC(C)OC(C)=O,0
TOX21SRP53-05902,C/C=C1/C(=O)C[C@H]2[C@@H]3CCC4=CC(=O)CC[C@]4(C)[C@H]3CC[C@]12C,1
TOX21SRP53-05903,CC(C)Cc1ccccc1,0
TOX21SRP53-05904,CCOC(=O)Cl,0
TOX21SRP53-05905,C[Si]1(C)O[Si](C)(C)O[Si](C)(C)O[Si](C)(C)O[Si](C)(C)O1,0
TOX21SRP53-05906,C[Si]1(C)O[Si](C)(C)O[Si](C)(C)O1,0
TOX21SRP53-05907,c1ccc2cc3ccccc3cc2c1,0
TOX21SRP53-05908,CCOC(=O)[C@H](CCc1ccccc1)N[C@@H](C)C(=O)N1Cc2cc(OC)c(OC)cc2C[C@H]1C(=O)O,0
TOX21SRP53-05909,CNCC[C@@H](Oc1ccccc1C)c1ccccc1,0
TOX21SRP53-05910,O=C(O)COCCN1CCN(C(c2ccccc2)c2ccc(Cl)cc2)CC1,0
TOX21SRP53-05911,Nc1ccncc1,0
TOX21SRP53-05912,Cc1ccc(/N=C/N(C)/C=N/c2ccc(C)cc2C)c(C)c1,0
TOX21SRP53-05913,NS(=O)(=O)[O-],0
TOX21SRP53-05914,COCCl,0
TOX21SRP53-05915,O=C(CCCN1CCC(O)(c2ccc(Br)cc2)CC1)c1ccc(F)cc1,0
TOX21SRP53-05916,Cc1nnc2n1-c1sc(Br)cc1C(c1ccccc1Cl)=NC2,0
TOX21SRP53-05917,CCCCNc1cc(C(=O)O)cc(S(N)(=O)=O)c1Oc1ccccc1,0
TOX21SRP53-05918,C[N+](C)(C)CCCl,0
TOX21SRP53-05919,CC(C)(C)c1ccc(-c2ccc(C(C)(C)C)cc2)cc1,0
TOX21SRP53-05920,CCCCCCC(=O)c1ccccc1,0
TOX21SRP53-05921,CCC(C)(C)C1CCC(OC)CC1,0
TOX21SRP53-05922,Cc1ccc(S)cc1,0
TOX21SRP53-05923,CCCCc1ccc(Cl)cc1,0
TOX21SRP53-05924,CCCCCCCCCCCCOC(=O)c1cc(O)c(O)c(O)c1,1
TOX21SRP53-05925,COC(=O)[C@]1(C)CCC[C@]2(C)[C@H]3CCC(C(C)C)=CC3=CC[C@@H]12,0
TOX21SRP53-05926,ClC(Cl)(Cl)c1ccc(C(Cl)(Cl)Cl)cc1,0
TOX21SRP53-05927,O=C(O)c1ccccc1O,0
TOX21SRP53-05928,CCOP(=S)(OCC)SCCl,0
TOX21SRP53-05929,CCNS(=O)(=O)c1ccc(C)cc1,0
TOX21SRP53-05930,CCN1CCOCC1,0
TOX21SRP53-05931,CCN(Cc1ccccc1)c1ccccc1,0
TOX21SRP53-05932,C[C@]12C[C@H](O)[C@H]3[C@@H](CCC4=CC(=O)CC[C@@]43C)[C@@H]1CC[C@@H]2C(=O)CO,0
TOX21SRP53-05933,CCc1ccccc1O,0
TOX21SRP53-05934,C=CC(=O)CC,0
TOX21SRP53-05935,CCC1(c2ccccc2)C(=O)NC(=O)N(C)C1=O,0
TOX21SRP53-05936,Cc1ccccc1OCC(O)CO,0
TOX21SRP53-05937,COc1ccccc1OCC1CNC(=O)O1,0
TOX21SRP53-05938,C[N+]1(C)CCCC(OC(=O)C(O)(c2ccccc2)c2ccccc2)C1,0
TOX21SRP53-05939,CC(C)[C@H](C(=O)O[C@H](C#N)c1cccc(Oc2ccccc2)c1)c1ccc(Cl)cc1,0
TOX21SRP53-05940,CC(CC(C#N)(c1ccccc1)c1ccccc1)N(C)C,0
TOX21SRP53-05941,CCC(=O)O[C@H]1CC[C@H]2[C@@H]3CCC4=CC(=O)CC[C@]4(C)[C@H]3CC[C@]12C,0
TOX21SRP53-05942,Nc1nc(N)c(N)c(N)n1,0
TOX21SRP53-05943,CC[Ge](Cl)(CC)CC,0
TOX21SRP53-05944,CCN1C=CN(C)C1C,0
TOX21SRP53-05945,CCCC[N+]1(C)CCCCC1.O=S(=O)([O-])C(F)(F)F,0
TOX21SRP53-05946,O=Cc1cccc([N+](=O)[O-])c1,0
TOX21SRP53-05947,Cc1c(C)n(Cc2ccccc2)c2ccc(C(=O)OCCN(C)C)cc12,0
TOX21SRP53-05948,C[C@@H](CSC(=O)c1ccccc1)C(=O)N1C[C@@H](Sc2ccccc2)C[C@H]1C(=O)O,0
TOX21SRP53-05949,CO/N=C(\C(=O)N[C@@H]1C(=O)N2C(C(=O)[O-])=CCS[C@H]12)c1csc(N)n1,0
TOX21SRP53-05950,CCc1oc2ccccc2c1C(=O)c1cc(I)c(O)c(I)c1,1
TOX21SRP53-05951,CCC[N+]1(C)CCCC1.O=S(=O)([O-])C(F)(F)F,0
TOX21SRP53-05952,CCN(CC)CCOc1ccccc1OC,0
TOX21SRP53-05953,CCC1(c2ccccc2)C(=O)NC(=O)N(C(=O)c2ccccc2)C1=O,0
TOX21SRP53-05954,COP(=O)(OC)OC(Br)C(Cl)(Cl)Br,1
TOX21SRP53-05955,Cc1cccc(O)c1,0
TOX21SRP53-05956,CSc1nnc(C(C)(C)C)c(=O)n1N,0
TOX21SRP53-05957,CCSC(=O)N1CCCCCC1,0
TOX21SRP53-05958,CCO,0
TOX21SRP53-05959,CC(C)=CCC/C(C)=C/COC=O,0
TOX21SRP53-05960,CN(C)C(=O)NC1(c2ccccc2)CCN(CCC[C@@]2(c3ccc(Cl)c(Cl)c3)CCCN(C(=O)c3ccccc3)C2)CC1,0
TOX21SRP53-05961,CCN(CC)CCNc1ccc(CNC=O)c2sc3ccc(OC)cc3c(=O)c12,1
TOX21SRP53-05962,N#C[C@@H]1CC(F)(F)CN1C(=O)CNC1CC2CCC(C1)N2c1ncccn1,0
TOX21SRP53-05963,CC(C)(CO)C(O)C(=O)NCCCO,0
TOX21SRP53-05964,CCOP(=O)(Cl)Cl,0
TOX21SRP53-05965,COC(=O)c1cccc(C(=O)OC)c1,0
TOX21SRP53-05966,COC(C)(OC)OC,0
TOX21SRP53-05967,CC(C)CCC[C@@H](C)[C@H]1CC(=O)C2=C3CC[C@H]4C[C@@H](O)CC[C@]4(C)[C@H]3CC[C@@]21C,0
TOX21SRP53-05968,CCOCC(=O)O,0
TOX21SRP53-05969,CC(=O)C1(C)CC2=C(CCCC2(C)C)CC1C,0
TOX21SRP53-05970,O=C1OC(OC(=O)c2cccnc2Nc2cccc(C(F)(F)F)c2)c2ccccc21,0
TOX21SRP53-05971,CCCCCCCCCOC(=O)CCCCC(=O)OCCCCCCC,0
TOX21SRP53-05972,CCCC(=O)OCc1ccccc1,0
TOX21SRP53-05973,CCCCCCCCCCCCCCCC(=O)OCC,0
TOX21SRP53-05974,c1ccc([C@H]2CN3CCSC3=N2)cc1,0
TOX21SRP53-05975,CCCCCCOC(=O)C(C)C,0
TOX21SRP53-05976,COC(C)(C)CC(C)=O,0
TOX21SRP53-05977,CC(C)CCCCCCOC(=O)c1ccc(C(=O)OCCCCCCC(C)C)c(C(=O)OCCCCCCC(C)C)c1,0
TOX21SRP53-05978,COc1ccccc1/C=C/C=O,0
TOX21SRP53-05979,CC1(C)CC(OC(=O)CCCCCCCCC(=O)OC2CC(C)(C)NC(C)(C)C2)CC(C)(C)N1,0
TOX21SRP53-05980,COc1ccc(C(=O)Nc2ccccc2)cc1[N+](=O)[O-],0
TOX21SRP53-05981,CC1=NN(c2cc(S(=O)(=O)[O-])ccc2Cl)C(=O)C1/N=N/c1ccccc1,0
TOX21SRP53-05982,Cc1ccc(C)c(S(=O)(=O)O)c1,0
TOX21SRP53-05983,O=Cc1ccccc1S(=O)(=O)[O-],0
TOX21SRP53-05984,COc1ccc2c3c1O[C@H]1C(=O)CC[C@H]4[C@@H](C2)N(C)CC[C@]314.COc1ccc2c3c1O[C@H]1C(=O)CC[C@H]4[C@@H](C2)N(C)CC[C@]314,0
TOX21SRP53-05985,CN(C)CCOc1ccccc1Cc1ccccc1.O=C(O)CC(O)(CC(=O)O)C(=O)O,0
TOX21SRP53-05986,Cc1c(N)nc([C@H](CC(N)=O)NC[C@H](N)C(N)=O)nc1C(=O)N[C@H](C(=O)N[C@H](C)[C@@H](O)[C@H](C)C(=O)N[C@H](C(=O)NCCc1nc(-c2nc(C(=O)NCCCCNC(=N)N)cs2)cs1)[C@@H](C)O)[C@@H](O[C@@H]1O[C@@H](CO)[C@@H](O)[C@H](O)[C@@H]1O[C@H]1O[C@H](CO)[C@@H](O)[C@H](OC(N)=O)[C@@H]1O)c1cnc[nH]1,1
TOX21SRP53-05987,CC(=O)[C@]1(O)Cc2c(O)c3c(c(O)c2[C@@H](O[C@H]2C[C@H](N)[C@H](O)[C@H](C)O2)C1)C(=O)c1ccccc1C3=O,1
TOX21SRP53-05988,O=C(CCCN1CCC(O)(c2ccc(Cl)cc2)CC1)c1ccc(F)cc1,0
TOX21SRP53-05989,c1ccc2c(c1)CCNC2,0
TOX21SRP53-05990,c1ccc2c(c1)CCCC2,0
TOX21SRP53-05991,Cc1cc(C)c(C)c(C)c1,0
TOX21SRP53-05992,COC(C)COC(C)COC(C)CO,0
TOX21SRP53-05993,COC(=O)CCCC(=O)OC,0
TOX21SRP53-05994,CCCCC(CC)COC(=O)c1ccc(N(C)C)cc1,0
TOX21SRP53-05995,CCCCCC1C(=O)CCC1CC(=O)OC,0
TOX21SRP53-05996,C=CCOc1c(Br)cc(C(C)(C)c2cc(Br)c(OCC=C)c(Br)c2)cc1Br,0
TOX21SRP53-05997,OCCOCC#CCOCCO,0
TOX21SRP53-05998,NCCOCCN,0
TOX21SRP53-05999,CCCCOC(=O)C(=O)OCCCC,0
TOX21SRP53-06000,OCCN(CCO)CCN(CCO)CCO,0
TOX21SRP53-06001,CCC1COC(Cn2cncn2)(c2ccc(Cl)cc2Cl)O1,0
TOX21SRP53-06002,CCCCCCC=O,0
TOX21SRP53-06003,CCN1CCN(c2cc3c(cc2F)c(=O)c(C(=O)O)cn3C2CC2)CC1,0
TOX21SRP53-06004,CCCCN1C[C@H](O)[C@@H](O)[C@H](O)[C@H]1CO,0
TOX21SRP53-06005,O=S(=O)(c1cccc2cnccc12)N1CCCNCC1,0
TOX21SRP53-06006,CN1C[C@H](C(=O)N[C@]2(C)O[C@@]3(O)[C@@H]4CCCN4C(=O)[C@H](Cc4ccccc4)N3C2=O)C[C@@H]2c3cccc4[nH]cc(c34)C[C@H]21,0
TOX21SRP53-06007,CC(C)[C@@H]1CC[C@@H](C)CC1=O,0
TOX21SRP53-06008,COc1ccc2c(c1OC)C(=O)O[C@H]2[C@@H]1c2cc3c(cc2CCN1C)OCO3,0
TOX21SRP53-06009,CCOc1nc(F)cc2nc(S(=O)(=O)Nc3c(Cl)cccc3Cl)nn12,0
TOX21SRP53-06010,CO[C@H]1C=CO[C@@]2(C)Oc3c(C)c(O)c4c(O)c(cc([O-])c4c3C2=O)NC(=O)C(C)=CC=C[C@H](C)[C@H](O)[C@@H](C)[C@@H](O)[C@@H](C)[C@H](OC(C)=O)[C@@H]1C,0
TOX21SRP53-06011,Cc1ncsc1CCO,0
TOX21SRP53-06012,c1ccc(Sc2ccccc2)cc1,0
TOX21SRP53-06013,CCCCCCCCCCCC(=O)O,0
TOX21SRP53-06014,O=C(O)CCl,0
TOX21SRP53-06015,C[C@H]1C(=O)O[C@@H]2CCN3CC=C(COC(=O)[C@](C)(O)[C@]1(C)O)[C@H]23,0
TOX21SRP53-06016,CN(C)CCN1C(=O)c2ccccc2N(C)c2ccccc21,0
TOX21SRP53-06017,O=C(Cl)c1ccc(C(=O)Cl)cc1,0
TOX21SRP53-06018,COc1c(N2C[C@@H]3CCCN[C@@H]3C2)c(F)cc2c(=O)c(C(=O)O)cn(C3CC3)c12,0
TOX21SRP53-06019,CCCc1nc(C(C)(C)O)c(C(=O)OCc2oc(=O)oc2C)n1Cc1ccc(-c2ccccc2-c2nn[nH]n2)cc1,0
TOX21SRP53-06020,CC(C)CC(N(C)C)C1(c2ccc(Cl)cc2)CCC1,0
TOX21SRP53-06021,C[C@@H]1O[C@@H](OC[C@H]2O[C@@H](Oc3c(-c4ccc(OCCO)c(OCCO)c4)oc4cc(OCCO)cc(O)c4c3=O)[C@H](O)[C@@H](O)[C@@H]2O)[C@H](O)[C@H](O)[C@H]1O,0
TOX21SRP53-06022,CC1(C)CC(N)CC(C)(C)N1,0
TOX21SRP53-06023,CC(O)[C@@H]1NC(=O)[C@H](CCCCN)NC(=O)[C@@H](Cc2c[nH]c3ccccc23)NC(=O)[C@H](Cc2ccccc2)NC(=O)[C@@H](NC(=O)[C@H](N)Cc2ccccc2)CSSC[C@@H](C(=O)N[C@H](CO)[C@@H](C)O)NC1=O,0
TOX21SRP53-06024,CCC(C)SSC(C)CC,0
TOX21SRP53-06025,Cc1cccc(OCCOc2cccc(C)c2)c1,0
TOX21SRP53-06026,CC(C)c1ccc2sc3ccccc3c(=O)c2c1,0
TOX21SRP53-06027,O=C(CCN1CC1)OCC(CO)(COC(=O)CCN1CC1)COC(=O)CCN1CC1,0
TOX21SRP53-06028,C#CC(O)C(CC)CCCC,0
TOX21SRP53-06029,CCCCCCCCCCCCCC=O,0
TOX21SRP53-06030,CCCCCCCCCCCCCC(=O)O,0
TOX21SRP53-06031,ClC1=C(Cl)C1(Cl)Cl,0
TOX21SRP53-06032,O=C(O)C(Br)(Br)Br,0
TOX21SRP53-06033,C[C@H]1CCC[C@H](O)CCCCCc2cc(O)cc(O)c2C(=O)O1,0
TOX21SRP53-06034,O=c1c(-c2ccc(O)cc2)coc2cc(O)ccc12,0
TOX21SRP53-06035,COc1ccc(-c2coc3cc(O)ccc3c2=O)cc1,0
TOX21SRP53-06036,CCCCCCCCc1ccc(O)cc1,0
TOX21SRP53-06037,CCCCCCCO,0
TOX21SRP53-06038,N#CCCCCC#N,0
TOX21SRP53-06039,CCCCCCO,0
TOX21SRP53-06040,CCCCCCN,0
TOX21SRP53-06041,OCCNCCO,0
TOX21SRP53-06042,C=C(C)CNCC,0
TOX21SRP53-06043,CCCCC(CC)C(=O)OCCOCCOCCOCCOC(=O)C(CC)CCCC,0
TOX21SRP53-06044,N#Cc1nc(Cl)c(Cl)c(Cl)c1Cl,1
TOX21SRP53-06045,CC[Si](OC(C)=O)(OC(C)=O)OC(C)=O,0
TOX21SRP53-06046,CCCOCC(C)OCC(C)O,0
TOX21SRP53-06047,O=C1c2ccccc2C(=O)N1CCl,0
TOX21SRP53-06048,O=C1Nc2ccccc2C1(c1ccc(O)cc1)c1ccc(O)cc1,1
TOX21SRP53-06049,CCOc1ccc(NC(=O)CC(C)=O)cc1,0
TOX21SRP53-06050,O=C(CS)OCCOC(=O)CS,1
TOX21SRP53-06051,CC(O)C(=O)O[Hg]c1ccccc1,1
TOX21SRP53-06052,CCN(CC)C(=O)N(CC)CC,0
TOX21SRP53-06053,Cc1ccc(N)cc1S(=O)(=O)O,0
TOX21SRP53-06054,COC(=O)COc1ccc(Cl)cc1Cl,0
TOX21SRP53-06055,O=[N+]([O-])c1ccc(Cl)c([N+](=O)[O-])c1,1
TOX21SRP53-06056,C=C(C)CCl,0
TOX21SRP53-06057,O=C1OC(O)C(C(Cl)Cl)=C1Cl,1
TOX21SRP53-06058,CC(=O)O[C@]1(C(C)=O)CC[C@H]2[C@@H]3C=C(Cl)C4=CC(=O)CC[C@]4(C)[C@H]3CC[C@@]21C,1
TOX21SRP53-06059,Nc1ccc(Oc2ccc(Cl)cc2)cc1,0
TOX21SRP53-06060,Cc1cccc(O)c1N,1
TOX21SRP53-06061,CCCCCCCCCCl,0
TOX21SRP53-06062,N#Cc1cc2ccccc2c2ccccc12,0
TOX21SRP53-06063,CC(C)(C)C(O)C(Oc1ccc(Cl)cc1)n1cncn1,0
TOX21SRP53-06064,O=C(O)COc1nc(Cl)c(Cl)cc1Cl,0
TOX21SRP53-06065,Nc1ccc(N=Nc2ccccc2)c(N)n1,1
TOX21SRP53-06066,Cc1cccc(S(=O)(=O)[O-])c1C,0
TOX21SRP53-06067,CCCCCCCCCCCCOCC1CO1,0
TOX21SRP53-06068,CCCCCCCCCCCCCl,0
TOX21SRP53-06069,CCCCCCCCCCCC(=O)N(CCO)CCO,0
TOX21SRP53-06070,C=Cc1c(C)c2cc3[nH]c(cc4nc(cc5[nH]c(cc1n2)c(C)c5CCC(=O)[O-])c(CCC(=O)[O-])c4C)c(C)c3C=C,0
TOX21SRP53-06071,CC(C)CCOC(=O)c1ccc(N(C)C)cc1,0
TOX21SRP53-06072,Oc1cc(O)cc(O)c1,0
TOX21SRP53-06073,O=c1[nH]c(=O)c2ccccc2o1,0
TOX21SRP53-06074,O=C(O)c1ccc(OCCCOc2ccc(C(=O)O)cc2)cc1,0
TOX21SRP53-06075,C=CC(C)(CCC=C(C)C)OC(C)=O,0
TOX21SRP53-06076,OCC(CO)(CO)CO,0
TOX21SRP53-06077,O=C(O)C(=O)Nc1cccc(-c2nnn[nH]2)c1,0
TOX21SRP53-06078,CCCCC(=O)Cl,0
TOX21SRP53-06079,Cc1ccc(Nc2nccc(N(C)c3ccc4c(C)n(C)nc4c3)n2)cc1S(N)(=O)=O,1
TOX21SRP53-06080,CC(C)OC(=O)OCOP(=O)(CO[C@H](C)Cn1cnc2c(N)ncnc21)OCOC(=O)OC(C)C,0
TOX21SRP53-06081,CC(=O)N[C@H]([C@@H](O)CC(=O)C(=O)O)[C@@H](O)[C@H](O)[C@H](O)CO,0
TOX21SRP53-06082,O=C(C=Cc1ccc(O)c(O)c1)O[C@@H]1C[C@@](OC(=O)C=Cc2ccc(O)c(O)c2)(C(=O)O)C[C@@H](O)[C@@H]1O,0
TOX21SRP53-06083,CO[C@H](C(=O)[C@@H](O)[C@@H](C)O)[C@@H]1Cc2cc3cc(O[C@H]4C[C@@H](O[C@@H]5C[C@@H](O)[C@@H](OC)[C@@H](C)O5)[C@@H](OC(=O)O)[C@@H](C)O4)c(C)c(O)c3c(O)c2C(=O)[C@H]1O[C@H]1C[C@@H](O[C@H]2C[C@@H](O[C@H]3C[C@](C)(O)[C@@H](OC(C)=O)[C@H](C)O3)[C@H](O)[C@@H](C)O2)[C@H](O)[C@@H](C)O1,1
TOX21SRP53-06084,CCCCCCC(=O)CCCCCC/C=C/C[C@@H](O)[C@H](O)[C@@](N)(CO)C(=O)O,0
TOX21SRP53-06085,CCC1OC(=O)C[C@@H](O)[C@H](C)[C@@H](O[C@@H]2O[C@H](C)C[C@H](N(C)C)[C@H]2O)[C@@H](CC=O)C[C@@H](C)C(=O)C=C[C@]2(C)OC2C1C,1
TOX21SRP53-06086,CC(C)CCOC(=O)c1ccccc1,0
TOX21SRP53-06087,Cc1cc(C)c(C)c(O)c1,0
TOX21SRP53-06088,CCC(=O)OCCC(C)CCC=C(C)C,0
TOX21SRP53-06089,CC(C)COC(=O)c1ccccc1O,0
TOX21SRP53-06090,CC(C)CCCCCCCOC(=O)c1ccc(C(=O)OCCCCCCCC(C)C)c(C(=O)OCCCCCCCC(C)C)c1,0
TOX21SRP53-06091,CCCCCCCCCCCC(=O)O.OCCN(CCO)CCO,0
TOX21SRP53-06092,CCCCCCCCC(=O)OCC(C)OC(=O)CCCCCCCC,0
TOX21SRP53-06093,CCCCCCCCCCOC(C)=O,0
TOX21SRP53-06094,CC(=O)OCCC1CCCCC1,0
TOX21SRP53-06095,CCN(CC)C(=S)SSC(=S)N(CC)CC,0
TOX21SRP53-06096,C1CCOC1,0
TOX21SRP53-06097,CN1C(C)(C)CCCC1(C)C,0
TOX21SRP53-06098,CC1=CCC(C(C)(C)O)CC1,0
TOX21SRP53-06099,CCN(Cc1cccc(S(=O)(=O)O)c1)c1ccccc1,0
TOX21SRP53-06100,CC(=O)c1ccc(O)cc1,0
TOX21SRP53-06101,Cc1cc(C(C)(C)C)cc(C)c1CC1=NCCN1,0
TOX21SRP53-06102,CCOc1ccc(O)cc1,0
TOX21SRP53-06103,O=S1(=O)OCC2C(CO1)C1(Cl)C(Cl)=C(Cl)C2(Cl)C1(Cl)Cl,0
TOX21SRP53-06104,CCSCc1ccccc1OC(=O)NC,0
TOX21SRP53-06105,Brc1nc2ccccc2s1,0
TOX21SRP53-06106,CCC(C)Br,0
TOX21SRP53-06107,N#CCc1ccccc1,0
TOX21SRP53-06108,O=C(O)c1ccc(CO)o1,0
TOX21SRP53-06109,N#Cc1ccccc1,0
TOX21SRP53-06110,N#CCBr,0
TOX21SRP53-06111,O=C(O)CBr,0
TOX21SRP53-06112,CN1CC(O)C2=C/C(=N/NC(N)=O)C(=O)C=C21,0
TOX21SRP53-06113,Cc1ccc(C2(O)CCN(CCCC(=O)c3ccc(F)cc3)CC2)cc1,0
TOX21SRP53-06114,O=S(=O)(O)F,0
TOX21SRP53-06115,C[C@]1(O)CC[C@H]2[C@@H]3CCC4=CC(=O)CC[C@]4(C)[C@@]3(F)[C@@H](O)C[C@@]21C,0
TOX21SRP53-06116,N=C(N)c1ccc(OCCCOc2ccc(C(=N)N)cc2Br)c(Br)c1,0
TOX21SRP53-06117,CN1[C@H]2CCC[C@@H]1C[C@H](NC(=O)c1nn(C)c3ccccc13)C2,0
TOX21SRP53-06118,O=C(Cl)/C=C/C(=O)Cl,0
TOX21SRP53-06119,Cc1nc2n(c(=O)c1CCN1CCC(c3noc4cc(F)ccc34)CC1)CCC[C@H]2O,0
TOX21SRP53-06120,COc1cc(C(C)=O)ccc1OCCCN1CCC(c2noc3cc(F)ccc23)CC1,0
TOX21SRP53-06121,CN(C(=O)CO)c1c(I)c(C(=O)NCC(O)CO)c(I)c(C(=O)NCC(O)CO)c1I,0
TOX21SRP53-06122,O=C1OC2(c3ccccc31)c1cc(I)c(O)c(I)c1Oc1c2cc(I)c(O)c1I,0
TOX21SRP53-06123,Nc1c(CC(=O)[O-])cccc1C(=O)c1ccc(Br)cc1.Nc1c(CC(=O)[O-])cccc1C(=O)c1ccc(Br)cc1,0
TOX21SRP53-06124,COCCCOc1ccnc(CS(=O)c2nc3ccccc3[n-]2)c1C,0
TOX21SRP53-06125,CCc1ccc(CCOc2ccc(CC3SC(=O)NC3=O)cc2)nc1,0
TOX21SRP53-06126,CCCCCCCCOC(C)=O,0
TOX21SRP53-06127,OCCOCCN1CCN(C2=Nc3ccccc3Sc3ccccc32)CC1.OCCOCCN1CCN(C2=Nc3ccccc3Sc3ccccc32)CC1,0
TOX21SRP53-06128,O=C(O)CCSCCC(=O)O,0
TOX21SRP53-06129,Cc1nc[nH]c1CN1CCc2c(c3ccccc3n2C)C1=O,0
TOX21SRP53-06130,O=C(O)CCCC[C@@H]1SC[C@@H]2NC(=O)N[C@H]12,0
TOX21SRP53-06131,C[C@](O)(CS(=O)(=O)c1ccc(F)cc1)C(=O)Nc1ccc(C#N)c(C(F)(F)F)c1,0
TOX21SRP53-06132,CC(C[N+](C)(C)C)OC(N)=O,0
TOX21SRP53-06133,CC(C)NCC(O)COc1ccc(CCOCC2CC2)cc1,0
TOX21SRP53-06134,CCCCC(=O)O[C@]1(C(=O)CO)[C@@H](C)C[C@H]2[C@@H]3CCC4=CC(=O)C=C[C@]4(C)[C@@]3(F)[C@@H](O)C[C@@]21C,0
TOX21SRP53-06135,CCCC(=O)O[C@]1(C(=O)COC(=O)CC)[C@@H](C)C[C@H]2[C@@H]3CCC4=CC(=O)C=C[C@]4(C)[C@@]3(F)[C@@H](O)C[C@@]21C,0
TOX21SRP53-06136,O=C(CBr)OCc1ccccc1,0
TOX21SRP53-06137,CCCCCc1ccc(Cl)cc1,0
TOX21SRP53-06138,O=P(O)(Oc1ccccc1)Oc1ccccc1,0
TOX21SRP53-06139,COC(=O)c1ccccc1C,0
TOX21SRP53-06140,CC(C)(C)C(=O)c1ccccc1,0
TOX21SRP53-06141,O=C(Oc1ccccc1)c1ccccc1,0
TOX21SRP53-06142,CCOC(=O)c1ccc(C)cc1,0
TOX21SRP53-06143,Cc1cc(C)cc(N)c1,0
TOX21SRP53-06144,CC(C)c1c(C(=O)Nc2ccccc2)c(-c2ccccc2)c(-c2ccc(F)cc2)n1CC[C@@H](O)C[C@@H](O)CC(=O)O,0
TOX21SRP53-06145,Cc1cc(C2(c3cc(C)c(O)cc3C)OS(=O)(=O)c3ccccc32)c(C)cc1O,0
TOX21SRP53-06146,Cc1ccc(S(=O)(=O)[O-])cc1C,0
TOX21SRP53-06147,Cc1cccc(C)c1N,0
TOX21SRP53-06148,Cc1ccc(C)c(N)c1,0
TOX21SRP53-06149,Cc1cccc(N)c1C,0
TOX21SRP53-06150,CC=Cc1ccc(O)c(OC)c1,0
TOX21SRP53-06151,FC(F)(F)C(Cl)Br,0
TOX21SRP53-06152,O=C(O)c1ccc(S(=O)(=O)N(Cl)Cl)cc1,0
TOX21SRP53-06153,CCCCOC(=O)c1ccc(N)cc1,0
TOX21SRP53-06154,Cc1ccc2c(C)cccc2c1,0
TOX21SRP53-06155,CCN(CC)C(=O)[C@@H]1C=C2c3cccc4[nH]cc(c34)C[C@H]2N(C)C1,0
TOX21SRP53-06156,OC[C@@H](O)[C@@H](O)[C@H](O)[C@H](O)CO,0
TOX21SRP53-06157,CN1CCN(CCCN2c3ccccc3Sc3ccc(S(=O)(=O)N(C)C)cc32)CC1,0
TOX21SRP53-06158,CCNCC.O=S(=O)(O)c1cc(O)ccc1O,0
TOX21SRP53-06159,Cc1nn(-c2cc(NS(C)(=O)=O)c(Cl)cc2Cl)c(=O)n1C(F)F,0
TOX21SRP53-06160,OC(c1ccc(Cl)cc1)(c1cncnc1)c1ccccc1Cl,0
TOX21SRP53-06161,CCOC(=O)C(C)Oc1ccc(Oc2nc3ccc(Cl)cc3o2)cc1,0
TOX21SRP53-06162,CCOC(=O)NCCOc1ccc(Oc2ccccc2)cc1,0
TOX21SRP53-06163,COc1c(O)cc2c(c1O)[C@@H]1O[C@H](CO)[C@@H](O)[C@H](O)[C@H]1OC2=O,0
TOX21SRP53-06164,Cc1onc(-c2ccccc2Cl)c1C(=O)N[C@@H]1C(=O)N2[C@@H](C(=O)[O-])C(C)(C)S[C@H]12,0
TOX21SRP53-06165,CC(=O)O[C@H]1C[C@@]2(C)[C@@H](C[C@@H](O)[C@H]3[C@@]4(C)CC[C@@H](O)[C@@H](C)[C@@H]4CC[C@@]32C)/C1=C(\CCC=C(C)C)C(=O)[O-],0
TOX21SRP53-06166,N#Cc1c[nH]cc1-c1cccc2c1OC(F)(F)O2,1
TOX21SRP53-06167,CCN(CC)C(=O)N1CCN(C)CC1.O=C(O)CC(O)(CC(=O)O)C(=O)O,0
TOX21SRP53-06168,CCN(CC)CCc1nc(-c2ccccc2)no1.O=C(O)CC(O)(CC(=O)O)C(=O)O,0
TOX21SRP53-06169,CN1[C@H]2CC[C@@H]1C[C@H](OC1c3ccccc3CCc3ccccc31)C2.O=C(O)CC(O)(CC(=O)O)C(=O)O,0
TOX21SRP53-06170,COc1ccc(C=O)cc1,0
TOX21SRP53-06171,COP(=S)(OC)Oc1c(Cl)cc(C)cc1Cl,0
TOX21SRP53-06172,CCCOC(=O)c1ccc(C(=O)OCCC)nc1,0
TOX21SRP53-06173,CC(O)CCO,0
TOX21SRP53-06174,O=C(O)CCS,0
TOX21SRP53-06175,CCCC[n+]1ccc(C)cc1.O=S(=O)([O-])C(F)(F)F,0
TOX21SRP53-06176,CCC[N+]1(C)CCCCC1.F[B-](F)(F)F,0
TOX21SRP53-06177,CC(=O)C1CCCCC1=O,0
TOX21SRP53-06178,CCCC[n+]1cccc(C)c1.O=S(=O)([O-])C(F)(F)F,0
TOX21SRP53-06179,CCCCN1C=CN(C)C1,0
TOX21SRP53-06180,CC1(C(=O)Nc2ccc(O)c(Cl)c2Cl)CCCCC1,0
TOX21SRP53-06181,CCC[N+]1(C)CCCCC1,0
TOX21SRP53-06182,CCCC[N+]1(C)CCCCC1.F[B-](F)(F)F,0
TOX21SRP53-06183,N=C(N)N[N+](=O)[O-],0
TOX21SRP53-06184,CC(C)(C)OOC(C)(C)C,0
TOX21SRP53-06185,CCCCNCCCC,0
TOX21SRP53-06186,CCCCN(CCO)CCCC,0
TOX21SRP53-06187,O=C(O)c1ccc2[nH]cc(CCCCN3CC=C(c4ccccc4)CC3)c2c1,0
TOX21SRP53-06188,CN1C2CCC1CC(OC(c1ccccc1)c1ccc(Cl)cc1)C2,1
TOX21SRP53-06189,Oc1ccc(C2CNCCc3c2cc(O)c(O)c3Cl)cc1,0
TOX21SRP53-06190,Oc1ccc2[nH]cc(CCCCN3CC=C(c4ccccc4)CC3)c2c1,0
TOX21SRP53-06191,C[C@@H](/C=C/[C@@H](C)[C@H]1CC[C@H]2/C(=C/C=C3C[C@@H](O)C[C@H](O)C3)CCC[C@@]21C)C(C)(C)O,0
TOX21SRP53-06192,CCOC(=O)NNc1nncc2ccccc12,0
TOX21SRP53-06193,CC(C)(C)NCCNC(C)(C)C,0
TOX21SRP53-06194,CCCCC(F)(F)[C@@]1(O)CC[C@H]2[C@@H](CC(=O)[C@@H]2CCCCCCC(=O)O)O1,0
TOX21SRP53-06195,CC(C)=CCC/C(C)=C/CC/C(C)=C/CCC(=O)OC/C=C(\C)CCC=C(C)C,0
TOX21SRP53-06196,CCN(CC)Cc1nccn1-c1ccc([N+](=O)[O-])cc1C(=O)c1ccccc1Cl,0
TOX21SRP53-06197,OC1CCCCCCCCCCC1,0
TOX21SRP53-06198,CC(C)(C)CC(=O)OCC(=O)[C@@]12OC(C)(C)O[C@@H]1C[C@H]1[C@@H]3CCC4=CC(=O)C=C[C@]4(C)[C@@]3(F)[C@@H](O)C[C@@]12C,0
TOX21SRP53-06199,CCCCS(=O)(=O)N[C@@H](Cc1ccc(OCCCCC2CCNCC2)cc1)C(=O)O,0
TOX21SRP53-06200,COC(=O)c1ccc(C(=O)O)cc1,0
TOX21SRP53-06201,CN(C)CCOCCO,0
TOX21SRP53-06202,CC(C)[N+](C)(C)CC(O)COc1cccc2ccccc12,0
TOX21SRP53-06203,Cc1ccc(S(=O)(=O)NC(=O)N[C@@H](C)Cc2ccccc2)cc1,0
TOX21SRP53-06204,Nc1ccc(S(=O)(=O)NCc2ccccc2)cc1,0
TOX21SRP53-06205,CC=CC=NNC(=O)c1ccncc1,0
TOX21SRP53-06206,O=C1C(=O)c2ncccc2-c2cccnc21,1
TOX21SRP53-06207,CC12CCC(C[N+](C)(CCC[N+](C)(C)C)C1)C2(C)C.COS(=O)(=O)[O-].COS(=O)(=O)[O-],0
TOX21SRP53-06208,Nc1ccc(C(=O)Nc2ccccc2N)cc1,1
TOX21SRP53-06209,C[N+](C)(C)CCOC(=O)C(O)(c1ccccc1)c1ccccc1,0
TOX21SRP53-06210,O=C(O)C=CC(=O)Nc1ccc(S(=O)(=O)Nc2nccs2)cc1,0
TOX21SRP53-06211,FC(F)(F)C(F)(F)C(F)(F)C(F)(F)CCI,0
TOX21SRP53-06212,CC/C=C\CCOC(=O)CC,0
TOX21SRP53-06213,CO[PH](=O)OC,0
TOX21SRP53-06214,C=CC(C)(CCC=C(C)C)OC(=O)CC,0
TOX21SRP53-06215,CN1C(=O)CC[C@H]1c1cccnc1,0
TOX21SRP53-06216,C[C@H]1C[C@@H](O)CC(C)(C)C1,0
TOX21SRP53-06217,ClP(Cl)c1ccccc1,0
TOX21SRP53-06218,C1COCO1,0
TOX21SRP53-06219,Cc1c(O)cccc1O,0
TOX21SRP53-06220,CCOC(=O)CC([O-])C(=O)OCC,0
TOX21SRP53-06221,c1ccc(CCc2ccccc2)cc1,0
TOX21SRP53-06222,COC(=O)c1ccccc1,0
TOX21SRP53-06223,Cc1ccc(CO)cc1,0
TOX21SRP53-06224,C/C=C(/C)C#N,0
TOX21SRP53-06225,C=CC(=O)OCC[N+](C)(C)C,0
TOX21SRP53-06226,O=C(C=Cc1ccccc1)OCc1ccccc1,0
TOX21SRP53-06227,N#Cc1ccccc1O,0
TOX21SRP53-06228,CC(N)C12CC3CC(CC(C3)C1)C2,0
TOX21SRP53-06229,CC(C)(N)Cc1ccc(Cl)cc1,0
TOX21SRP53-06230,CCCCC(CC)COC(=O)COc1ccc(Cl)cc1C,0
TOX21SRP53-06231,CN(C)CC[C@@H](c1ccc(Br)cc1)c1ccccn1,0
TOX21SRP53-06232,O=C(O)CCC(=O)O.c1ccc(C2(c3ccccc3)CC2C2=NCCN2)cc1,0
TOX21SRP53-06233,CC1NCCOC1c1ccccc1,0
TOX21SRP53-06234,CCCCCC(CO)CCC,0
TOX21SRP53-06235,Cc1cccc2[nH]nnc12,0
TOX21SRP53-06236,CCCCCCCCCCCC(=O)OC[C@@H](O)[C@H]1OC[C@H](OCCO)[C@H]1OCCO,0
TOX21SRP53-06237,CS(=O)(=O)OCC(O)C(O)COS(C)(=O)=O,0
TOX21SRP53-06238,C=CCN(CC=C)CC=C,0
TOX21SRP53-06239,C=CCn1c(=O)n(CC=C)c(=O)n(CC=C)c1=O,0
TOX21SRP53-06240,O=C(NCO)NCO,0
TOX21SRP53-06241,Cc1cccc(O)c1C,0
TOX21SRP53-06242,Cc1ccc(C)c(O)c1,0
TOX21SRP53-06243,Cc1cc(C)cc(O)c1,0
TOX21SRP53-06244,CN(C)c1ccc(N)cc1,0
TOX21SRP53-06245,COc1cc2c(cc1O)CCN[C@]21CS[C@@H]2c3c(OC(C)=O)c(C)c4c(c3[C@H](COC1=O)N1[C@@H](O)[C@@H]3Cc5cc(C)c(OC)c(O)c5[C@H]([C@H]21)N3C)OCO4,1
TOX21SRP53-06246,Nc1cc(=O)nc(N)[nH]1,0
TOX21SRP53-06247,Cc1coc2c1CCC(C)C2,0
TOX21SRP53-06248,Nc1c[n+](N2CCOCC2)no1,0
TOX21SRP53-06249,CC(C)(Cl)Cl,0
TOX21SRP53-06250,O=C(O)Cc1ccc(OCCNC[C@H](O)c2ccccc2)cc1,0
TOX21SRP53-06251,Cn1cc(NC(=O)c2cc(NC(=O)c3cc(NC=O)cn3C)cn2C)cc1C(=O)NCCC(=N)N,0
TOX21SRP53-06252,CC(=O)O[C@H]1CC[C@@]2(C)C(=CC[C@H]3[C@@H]4CC=C(c5cccnc5)[C@@]4(C)CC[C@@H]32)C1,0
TOX21SRP53-06253,CCCCC(=O)O[C@]1(C(=O)CO)CC[C@H]2[C@@H]3CCC4=CC(=O)CC[C@]4(C)[C@H]3[C@@H](O)C[C@@]21C,0
TOX21SRP53-06254,CC[N+](C)(CC)CCOC(=O)C(O)(c1ccccc1)C1CCCCC1,0
TOX21SRP53-06255,O=C(O)c1ccc(OCCn2ccnc2)cc1,0
TOX21SRP53-06256,COc1cc(OC)nc(NC(=O)[N-]S(=O)(=O)c2ncccc2OCC(F)(F)F)n1,0
TOX21SRP53-06257,CN/C(=N/[N+](=O)[O-])NCC1CCOC1,0
TOX21SRP53-06258,CC1(C)OC[C@@H]2O[C@@]3(C(=O)[O-])OC(C)(C)O[C@H]3[C@@H]2O1,0
TOX21SRP53-06259,O=Cc1ccccc1Cl,0
TOX21SRP53-06260,Nc1cccc(Cl)c1,0
TOX21SRP53-06261,CCOc1ccc(N)c([N+](=O)[O-])c1,0
TOX21SRP53-06262,Cc1ccc(-c2nc3ccc(C)cn3c2CC(=O)N(C)C)cc1,0
TOX21SRP53-06263,CN1CCCC(n2nc(Cc3ccc(Cl)cc3)c3ccccc3c2=O)CC1,0
TOX21SRP53-06264,CCCCCCCCCCCCCCCCOP(=O)([O-])OCC[N+](C)(C)C,0
TOX21SRP53-06265,CC(=O)Nc1ccccc1O,0
TOX21SRP53-06266,CCCc1cc(C(N)=S)ccn1,0
TOX21SRP53-06267,CC(=O)Nc1cccc(O)c1,0
TOX21SRP53-06268,CO/N=C1\CN(c2nc3c(cc2F)c(=O)c(C(=O)O)cn3C2CC2)CC1CN,0
TOX21SRP53-06269,C=CCCC#N,0
TOX21SRP53-06270,C=CC/C=C/C,0
TOX21SRP53-06271,CCCCOC(=O)CC,0
TOX21SRP53-06272,CC1=CCC(=C(C)C)CC1,0
TOX21SRP53-06273,CCCCOC(=O)COC(=O)c1ccccc1C(=O)OCCCC,0
TOX21SRP53-06274,CCSC(=O)N(CC(C)C)CC(C)C,0
TOX21SRP53-06275,NC1=NC(=O)C(c2ccccc2)O1,0
TOX21SRP53-06276,CCC(=O)c1ccc(O)cc1,0
TOX21SRP53-06277,CCCCCCCC(=O)Oc1c(Br)cc(C#N)cc1Br,0
TOX21SRP53-06278,CC(=O)OCC(=O)[C@@]1(O)[C@H](C)C[C@H]2[C@@H]3C[C@H](F)C4=CC(=O)C=C[C@]4(C)[C@H]3[C@@H](O)C[C@@]21C,0
TOX21SRP53-06279,CCCCCCCCCCC,0
TOX21SRP53-06280,CCCCCCCCCCC=O,0
TOX21SRP53-06281,CC1=CC(=O)CC(C)(C)C1=O,0
TOX21SRP53-06282,CCCCCCCCCCCCC(=O)O,0
TOX21SRP53-06283,O=C(O)CCCCCCCCCCCC(=O)O,0
TOX21SRP53-06284,O=C(CCl)C(Cl)Cl,1
TOX21SRP53-06285,CCC(C)c1ccc(O)cc1,0
TOX21SRP53-06286,CCCCCCCC(=O)N(C)C,0
TOX21SRP53-06287,CCC(C)c1ccccc1O,0
TOX21SRP53-06288,CN(C)CCCCCCN(C)C,0
TOX21SRP53-06289,O=C(O)c1nn(Cc2ccc(Cl)cc2Cl)c2ccccc12,0
TOX21SRP53-06290,CC[C@H](C)C(=O)O[C@H]1C[C@@H](C)C=C2C=C[C@H](C)[C@H](CC[C@@H]3C[C@@H](O)CC(=O)O3)[C@H]21,0
TOX21SRP53-06291,CN(C)c1ccc(O)c2c1C[C@H]1C[C@H]3[C@H](N(C)C)C(O)=C(C(N)=O)C(=O)[C@@]3(O)C(O)=C1C2=O,0
TOX21SRP53-06292,CCCCCCCC1CCCC1=O,0
TOX21SRP53-06293,CC1=CC(C)C(C=O)C(C)C1,0
TOX21SRP53-06294,O=S(=O)([O-])c1ccc2cc(O)c(S(=O)(=O)[O-])cc2c1,0
TOX21SRP53-06295,NC[C@H]1O[C@H](O[C@@H]2[C@@H](N)C[C@@H](N)[C@H](O[C@H]3O[C@H](CO)[C@@H](O)[C@H](N)[C@H]3O)[C@H]2O)[C@H](N)C[C@@H]1O,0
TOX21SRP53-06296,Cc1ccc(C(=O)c2cc(O)c(O)c([N+](=O)[O-])c2)cc1,0
TOX21SRP53-06297,Cc1ccc(O)c([C@H](CCN(C(C)C)C(C)C)c2ccccc2)c1,0
TOX21SRP53-06298,CC(C)N1CCN(c2ccc(OC[C@H]3CO[C@](Cn4cncn4)(c4ccc(Cl)cc4Cl)O3)cc2)CC1,0
TOX21SRP53-06299,COc1cc2nc(N3CCN(C(=O)C4CCCO4)CC3)nc(N)c2cc1OC,0
TOX21SRP53-06300,OCCOc1ccccc1,0
TOX21SRP53-06301,CNCC(O)c1ccc(OC(=O)C(C)(C)C)c(OC(=O)C(C)(C)C)c1,0
TOX21SRP53-06302,O=C(OCC(O)CO)c1ccccc1Nc1ccnc2cc(Cl)ccc12,0
TOX21SRP53-06303,CN(C/C=C/c1ccccc1)Cc1cccc2ccccc12,0
TOX21SRP53-06304,O=NN1CCN(N=O)CC1,0
TOX21SRP53-06305,C=C(C)[C@H]1CC=C(C)C(=O)C1,0
TOX21SRP53-06306,Oc1ccccc1O,0
TOX21SRP53-06307,ClC(Cl)(Cl)Cl,0
TOX21SRP53-06308,O=[N+]([O-])c1ccc(O)c([N+](=O)[O-])c1,0
TOX21SRP53-06309,CCC(Br)(CC)C(=O)NC(N)=O,0
TOX21SRP53-06310,CC1=C(/C=C/C(C)=C/C=C/C(C)=C/C=C\C=C(C)\C=C\C=C(C)\C=C\C2=C(C)CCCC2(C)C)C(C)(C)CCC1,0
TOX21SRP53-06311,Cc1c([N+](=O)[O-])cccc1[N+](=O)[O-],0
TOX21SRP53-06312,Cc1ccc([N+](=O)[O-])cc1[N+](=O)[O-],0
TOX21SRP53-06313,CC1=C(C(=O)O)N2C(=O)[C@@H](NC(=O)[C@H](N)C3=CCC=CC3)[C@H]2SC1,0
TOX21SRP53-06314,CCCCC(CC)COC(=O)COc1cc(Cl)c(Cl)cc1Cl,0
TOX21SRP53-06315,CCCCOCCOC(=O)COc1cc(Cl)c(Cl)cc1Cl,0
TOX21SRP53-06316,O=C(O)c1cccnc1C(=O)O,0
TOX21SRP53-06317,CC(O)C(C)O,0
TOX21SRP53-06318,CCCC[N+]1(C)CCCC1.F[B-](F)(F)F,0
TOX21SRP53-06319,CCC(=O)c1cccc(Cl)c1,0
TOX21SRP53-06320,CCOS(=O)(=O)[O-].CCn1cc[n+](C)c1,0
TOX21SRP53-06321,CCCC[n+]1ccc(C)cc1.F[B-](F)(F)F,0
TOX21SRP53-06322,CCCCCCCCCCCCCCCCCBr,0
TOX21SRP53-06323,O=[N+]([O-])c1ccc(F)c(Cl)c1,0
TOX21SRP53-06324,CC[n+]1ccccc1.F[B-](F)(F)F,0
TOX21SRP53-06325,CCCCn1cc[n+](C)c1.Cl[Fe-](Cl)(Cl)Cl,0
TOX21SRP53-06326,O=C(Nc1ccc(F)cc1F)c1cccnc1Oc1cccc(C(F)(F)F)c1,0
TOX21SRP53-06327,OCC=Cc1ccccc1,0
TOX21SRP53-06328,C/C=C(\C)C(C)=O,0
TOX21SRP53-06329,CCCC(CC)c1ccccc1,0
TOX21SRP53-06330,CCCCC(CC)C(=O)OCCOCCOCCOC(=O)C(CC)CCCC,0
TOX21SRP53-06331,Cc1cc(C(C)(C)c2cc(C)c(O)c(C)c2)cc(C)c1O,1
TOX21SRP53-06332,CCCSC(=O)Cl,0
TOX21SRP53-06333,O=C(O)C(Cc1cc(I)c(O)c(I)c1)c1ccccc1,0
TOX21SRP53-06334,CC(O)COC(C)(C)C,0
TOX21SRP53-06335,C1COC1,0
TOX21SRP53-06336,CC(=O)/C=C/c1ccccc1,0
TOX21SRP53-06337,FC(F)(F)C(F)(F)C(F)(F)C(F)(F)C(F)(F)C(F)(F)C(F)(F)C(F)(F)Br,0
TOX21SRP53-06338,NCc1ccccc1Sc1ccccc1CO,0
TOX21SRP53-06339,CCCc1ccc(C(=O)O)cc1,0
TOX21SRP53-06340,O=C(O)c1ccccc1-c1ccc(C(F)(F)F)cc1,0
TOX21SRP53-06341,C=CCCCCCCCCC(=O)OC,0
TOX21SRP53-06342,CC(=O)Oc1ccc(C)cc1,0
TOX21SRP53-06343,O=C([O-])c1nc(O)nc(O)n1,0
TOX21SRP53-06344,[O-][n+]1cccc(CO)c1,0
TOX21SRP53-06345,OC[C@H]1O[C@@H](O)[C@H](O)[C@@H](O)[C@@H]1O[C@@H]1O[C@H](CO)[C@H](O)[C@H](O)[C@H]1O,0
TOX21SRP53-06346,CNc1c2c(nn1C)CCCC2,0
TOX21SRP53-06347,CC(O)C(=O)O,0
TOX21SRP53-06348,Nc1nnc(-c2cccc(Cl)c2Cl)c(N)n1,0
TOX21SRP53-06349,O=C(O)c1cc(C(=O)O)cc([N+](=O)[O-])c1,0
TOX21SRP53-06350,CCOCN(C(=O)CCl)c1c(C)cccc1CC,0
TOX21SRP53-06351,CC(=O)O[C@H]1C[C@H](O[C@H]2[C@@H](O)C[C@H](O[C@H]3[C@@H](O)C[C@H](OC4CC[C@@]5(C)C(CC[C@@H]6[C@@H]5CC[C@]5(C)[C@@H](C7=CC(=O)OC7)[C@@H](O)C[C@]65O)C4)O[C@@H]3C)O[C@@H]2C)O[C@H](C)[C@H]1O[C@@H]1O[C@H](CO)[C@@H](O)[C@H](O)[C@H]1O,1
TOX21SRP53-06352,COc1cc2c(cc1OC)C(C(C(=O)N(CCc1ccc(OC)c(OC)c1OC)CCc1ccc(OC)c(OC)c1OC)c1ccccc1)=NCC2,0
TOX21SRP53-06353,COC(=O)C(CN)c1c[nH]c2ccc(OC)cc12,0
TOX21SRP53-06354,CN1CCC(Nc2ncc3ncnc(Nc4ccc(F)c(Cl)c4)c3n2)CC1,1
TOX21SRP53-06355,Cc1cccc(C)c1NC(=O)c1ccccc1C(=O)O,0
TOX21SRP53-06356,OB(O)O[Hg]c1ccccc1,1
TOX21SRP53-06357,CC(=O)c1sc(C)nc1C,0
TOX21SRP53-06358,CCC(=O)C(=O)CC,0
TOX21SRP53-06359,CN[C@@H]1[C@H](O[C@H]2[C@H](O[C@@H]3[C@@H](NC(=N)N)[C@H](O)[C@@H](NC(=N)N)[C@H](O)[C@H]3O)O[C@@H](C)[C@]2(O)CO)O[C@@H](CO)[C@H](O)[C@H]1O.CN[C@@H]1[C@H](O[C@H]2[C@H](O[C@@H]3[C@@H](NC(=N)N)[C@H](O)[C@@H](NC(=N)N)[C@H](O)[C@H]3O)O[C@@H](C)[C@]2(O)CO)O[C@@H](CO)[C@H](O)[C@H]1O,0
TOX21SRP53-06360,CN[C@@H](C)[C@H](O)c1ccccc1,0
TOX21SRP53-06361,CN1C(=O)C(O)N=C(c2ccccc2)c2cc(Cl)ccc21,0
TOX21SRP53-06362,CCC(C)(CC)c1cc(NC(=O)c2c(OC)cccc2OC)on1,0
TOX21SRP53-06363,CC(C)NC(=O)N1CC(=O)N(c2cc(Cl)cc(Cl)c2)C1=O,0
TOX21SRP53-06364,ClC=CCCl,0
TOX21SRP53-06365,NCCS(=O)(=O)O,0
TOX21SRP53-06366,O=c1[nH]c(=O)n(C2CCCO2)cc1F,0
TOX21SRP53-06367,CC(C)(C)c1cc(CCC(=O)OCC(COC(=O)CCc2cc(C(C)(C)C)c(O)c(C(C)(C)C)c2)(COC(=O)CCc2cc(C(C)(C)C)c(O)c(C(C)(C)C)c2)COC(=O)CCc2cc(C(C)(C)C)c(O)c(C(C)(C)C)c2)cc(C(C)(C)C)c1O,0
TOX21SRP53-06368,CC(C)C(=O)OCC(C)(C)C(OC(=O)C(C)C)C(C)C,0
TOX21SRP53-06369,CCCCCCCN,0
TOX21SRP53-06370,Cc1cccc2sc(N)nc12,0
TOX21SRP53-06371,COc1cccc2sc(N)nc12,0
TOX21SRP53-06372,COc1ccc2nc(N)sc2c1,0
TOX21SRP53-06373,CCOc1ccc2nc(N)sc2c1,0
TOX21SRP53-06374,ClC1C(Cl)C(Cl)C(Cl)C(Cl)C1Cl,0
TOX21SRP53-06375,Cc1ccc(O)c(N)c1,0
TOX21SRP53-06376,Cc1ccc(N)cc1O,0
TOX21SRP53-06377,Cl[C@H]1[C@H](Cl)[C@@H](Cl)[C@H](Cl)[C@@H](Cl)[C@@H]1Cl,0
TOX21SRP53-06378,Cl[C@H]1[C@H](Cl)[C@@H](Cl)[C@H](Cl)[C@H](Cl)[C@H]1Cl,0
TOX21SRP53-06379,CCOP(O)OCC,0
TOX21SRP53-06380,C[Si](C)(C)O[Si](O)(O)O,0
TOX21SRP53-06381,OCCc1ccncc1,0
TOX21SRP53-06382,C=C(C)C(=O)OCCOP(=O)(O)O,0
TOX21SRP53-06383,O=C(c1cc(O)c(O)c(O)c1)c1ccc(O)c(O)c1O,1
TOX21SRP53-06384,CC(C)(C)NC(=O)[C@@H]1CN(Cc2cccnc2)CCN1C[C@@H](O)C[C@@H](Cc1ccccc1)C(=O)N[C@H]1c2ccccc2C[C@H]1O,0
TOX21SRP53-06385,O=C1[C@H](CC[C@H](O)c2ccc(F)cc2)[C@@H](c2ccc(O)cc2)N1c1ccc(F)cc1,0
TOX21SRP53-06386,O=[N+]([O-])c1c(Cl)c(Cl)cc(Cl)c1Cl,0
TOX21SRP53-06387,FC(Cl)(Cl)C(F)(Cl)Cl,0
TOX21SRP53-06388,NS(=O)(=O)c1cc2c(cc1Cl)N=C(CSCc1ccccc1)NS2(=O)=O,0
TOX21SRP53-06389,COc1c(C(C)(C)C)cc([N+](=O)[O-])c(C)c1[N+](=O)[O-],0
TOX21SRP53-06390,C1COCCN1,0
TOX21SRP53-06391,CCCCC(CC)COC(=O)c1ccccc1C(=O)O,0
TOX21SRP53-06392,CCCCNc1ccc(C(=O)OCCOCCOCCOCCOCCOCCOCCOCCOCCOC)cc1,0
TOX21SRP53-06393,COc1ccc(NC(C)=O)cc1,0
TOX21SRP53-06394,BrCc1ccc(Br)cc1,0
TOX21SRP53-06395,O=C(O)c1ccc2ccccc2c1O.OCc1cc(C(O)CNCCCCCCOCCCCc2ccccc2)ccc1O,0
TOX21SRP53-06396,CCCC(C(=O)OCCN(CC)CC)(c1ccccc1)c1ccccc1,0
TOX21SRP53-06397,CCCN1CCC[C@@H](c2cccc(O)c2)C1,0
TOX21SRP53-06398,CCC(CC)C(C)CCOC(C)=O,0
TOX21SRP53-06399,CC(C)NCC(O)COc1ccc(COCCOC(C)C)cc1.CC(C)NCC(O)COc1ccc(COCCOC(C)C)cc1,0
TOX21SRP53-06400,C[C@@H]1C(=O)N=C2Nc3cccc(Cl)c3CN21,0
TOX21SRP53-06401,O=CCCCC=O,1
TOX21SRP53-06402,N#C[Fe-2](C#N)(C#N)(C#N)(C#N)N=O,0
TOX21SRP53-06403,c1ccc2c(c1)ccc1c3ccccc3ccc21,0
TOX21SRP53-06404,O=C(O)c1ccccc1C(c1ccc(O)cc1)c1ccc(O)cc1,0
TOX21SRP53-06405,Cn1sc(Cl)cc1=O,0
TOX21SRP53-06406,CCCCCCCC1CCC(=O)O1,0
TOX21SRP53-06407,O=C(O)COc1ccc(Cl)cc1,0
TOX21SRP53-06408,COc1cccc(C(=O)NN(C(=O)c2cc(C)cc(C)c2)C(C)(C)C)c1C,0
TOX21SRP53-06409,C#CCOC(=O)/C=C(C)/C=C/CC(C)CCCC(C)C,0
TOX21SRP53-06410,COC(C)(C)CCCC(C)C/C=C/C(C)=C/C(=O)OC(C)C,0
TOX21SRP53-06411,Cc1cc(=O)[nH]o1,0
TOX21SRP53-06412,O=C(O)CCCc1c[nH]c2ccccc12,0
TOX21SRP53-06413,O=C(O)[C@H]1[C@@H](O)CC[C@H]2CN3CCc4c([nH]c5ccccc45)[C@@H]3C[C@@H]21,0
TOX21SRP53-06414,COc1ccc2cc([C@H](C)C(=O)[O-])ccc2c1,0
TOX21SRP53-06415,CC(=O)OCC1=C(C(=O)[O-])N2C(=O)[C@@H](NC(=O)CSc3ccncc3)[C@H]2SC1,0
TOX21SRP53-06416,CC1(C)[C@@H](OC(=O)CCC(=O)[O-])CC[C@@]2(C)[C@H]1CC[C@]1(C)[C@@H]2C(=O)C=C2[C@@H]3C[C@@](C)(C(=O)[O-])CC[C@]3(C)CC[C@]21C,0
TOX21SRP53-06417,CC[C@@]1([C@@H]2O[C@@H]([C@H]3O[C@@](O)(CO)[C@H](C)C[C@@H]3C)C[C@@H]2C)CC[C@H]([C@]2(C)CC[C@]3(C[C@H](O)[C@@H](C)[C@@H]([C@@H](C)[C@@H](OC)[C@H](C)C(=O)[O-])O3)O2)O1,0
TOX21SRP53-06418,CCOc1ccc2ccccc2c1C(=O)N[C@@H]1C(=O)N2[C@@H](C(=O)[O-])C(C)(C)S[C@H]12,0
TOX21SRP53-06419,CCC(NC(C)C)C(O)c1ccc(O)c(O)c1,0
TOX21SRP53-06420,O=S(=O)([O-])c1ccc(N=Nc2c(O)ccc3ccccc23)cc1,0
TOX21SRP53-06421,COc1cc(/C=C/c2ccccc2)oc(=O)c1,0
TOX21SRP53-06422,CCCCCCCCCCC(CO)CCCCCCCC,0
TOX21SRP53-06423,CN(C)C(=S)[S-],0
TOX21SRP53-06424,CC(C)(C)c1cccc(C(C)(C)C)c1O,0
TOX21SRP53-06425,Cc1cccc(C)c1NC(=O)c1cc(S(N)(=O)=O)c(Cl)cc1O,0
TOX21SRP53-06426,OC1OC[C@@H](O)[C@H](O)[C@H]1O,0
TOX21SRP53-06427,Nc1ccn([C@H]2CC[C@@H](CO)O2)c(=O)n1,0
TOX21SRP53-06428,N[C@@H](Cc1cc(I)c(Oc2ccc(O)c(I)c2)c(I)c1)C(=O)O,0
TOX21SRP53-06429,N[C@@H](Cc1cc(I)c(Oc2cc(I)c(O)c(I)c2)c(I)c1)C(=O)O,0
TOX21SRP53-06430,CN(CCO)CC(O)Cn1cnc2c1c(=O)n(C)c(=O)n2C.O=C(O)c1cccnc1,0
TOX21SRP53-06431,CCN(C(C)=O)c1cccc(-c2ccnc3c(C#N)cnn23)c1,0
TOX21SRP53-06432,CC(=O)N[C@@H]1[C@@H](NC(=N)N)C=C(C(=O)O)O[C@H]1[C@H](O)[C@H](O)CO,0
TOX21SRP53-06433,CC[N+]1(CCOC(=O)C(O)(c2ccccc2)c2ccccc2)CCCCC1,0
TOX21SRP53-06434,c1ccc2c(c1)CCc1ccccc1N2,0
TOX21SRP53-06435,O=C(O)c1cc(Cl)ccc1Cl,0
TOX21SRP53-06436,O=C(O)c1c(Cl)cccc1Cl,0
TOX21SRP53-06437,O=C(O)c1cccc(Cl)c1Cl,0
TOX21SRP53-06438,O=C(O)c1ccc(Cl)cc1Cl,0
TOX21SRP53-06439,O=Cc1c(Cl)cccc1Cl,0
TOX21SRP53-06440,O=Cc1ccc(Cl)c(Cl)c1,0
TOX21SRP53-06441,C=CC(=O)NCOCCCC,0
TOX21SRP53-06442,CCCCCCCCOc1ccc(C(=O)c2ccccc2)c(O)c1,0
TOX21SRP53-06443,CCCCCCCCCC#N,0
TOX21SRP53-06444,O=C1c2ccccc2CN2C(=O)c3ccccc3CN12,0
TOX21SRP53-06445,ClCCCCBr,0
TOX21SRP53-06446,CCCCCCCCCCCBr,0
TOX21SRP53-06447,COc1nccnc1NS(=O)(=O)c1ccc(N)cc1,0
TOX21SRP53-06448,CCCOc1ccc2nc(NC(=O)OC)sc2c1,1
TOX21SRP53-06449,CN1CCCC(CN2c3ccccc3Sc3ccccc32)C1,0
TOX21SRP53-06450,O=C(CCN1CCN(CCO)CC1)N1c2ccccc2Sc2ccc(C(F)(F)F)cc21,0
TOX21SRP53-06451,CCCCCCCCCBr,0
TOX21SRP53-06452,O=C(Cl)c1ccc(F)c(Cl)c1,0
TOX21SRP53-06453,O=S(=O)(Cl)c1c(Cl)cccc1Cl,0
TOX21SRP53-06454,CCCCCCOC(=O)CCCCC,0
TOX21SRP53-06455,O=C(O)C(F)(F)C(F)(F)C(F)(F)C(F)(F)C(F)(F)C(F)(F)C(F)(F)C(F)(F)C(F)(F)C(F)(F)F,0
TOX21SRP53-06456,CCCCC1CCCCC(=O)O1,0
TOX21SRP53-06457,CC=C(C)C(=O)OCCC(C)CCC=C(C)C,0
TOX21SRP53-06458,CC/C=C\CCOC(=O)c1ccccc1,0
TOX21SRP53-06459,C=C(C)C(=O)OCCC(F)(F)C(F)(F)C(F)(F)C(F)(F)C(F)(F)C(F)(F)F,0
TOX21SRP53-06460,CCCCCCOC(=O)CCC,0
TOX21SRP53-06461,O=S1(=O)OC(c2cc(Br)c(O)c(Br)c2)(c2cc(Br)c(O)c(Br)c2)c2ccccc21,0
TOX21SRP53-06462,CCOP(=S)(OCC)Oc1cc(Cl)c(Br)cc1Cl,0
TOX21SRP53-06463,CCOC(=O)c1cnc2cc(OCC(C)C)c(OCC(C)C)cc2c1O,0
TOX21SRP53-06464,CC(C)(C)NCC(O)c1cc(Cl)c(N)c(C(F)(F)F)c1,0
TOX21SRP53-06465,C[C@]12CC[C@H]3[C@@H](CCC4=C(O)C(=O)CC[C@@]43C)[C@@H]1CCC2=O,0
TOX21SRP53-06466,CCCCCc1ccc(C)cc1O,0
TOX21SRP53-06467,CCCOC(=O)c1ccccc1O,0
TOX21SRP53-06468,CO/N=C(\C(=O)N[C@@H]1C(=O)N2C(C(=O)[O-])=C(C[n+]3ccc(N)n3CCO)CS[C@H]12)c1csc(N)n1,0
TOX21SRP53-06469,CCCCCCCCCCCCSC#N,0
TOX21SRP53-06470,CCOP(=S)(OCC)Oc1cc(-c2ccccc2)on1,0
TOX21SRP53-06471,CN(C)C(=O)Nc1cccc(OC(=O)NC(C)(C)C)c1,0
TOX21SRP53-06472,Cl[Sn](Cl)(Cl)Cl,0
TOX21SRP53-06473,NCc1ccc(S(N)(=O)=O)cc1,0
TOX21SRP53-06474,CC1CC(CC2CCC(N)C(C)C2)CCC1N,0
TOX21SRP53-06475,CC(O)(P(=O)([O-])O)P(=O)([O-])O,0
TOX21SRP53-06476,O=[Si]=O,0
TOX21SRP53-06477,CO[Si](C)(OC)c1ccccc1,0
TOX21SRP53-06478,Cc1ccc(S(=O)(=O)[N-]Cl)cc1,0
TOX21SRP53-06479,[O-]c1ccccc1-c1ccccc1,0
TOX21SRP53-06480,O=[N+]([O-])c1cccc2cccc([N+](=O)[O-])c12,0
TOX21SRP53-06481,O=[N+]([O-])c1cc([N+](=O)[O-])c2ccc(S(=O)(=O)O)cc2c1O,0
TOX21SRP53-06482,O=[N+]([O-])c1cc([N+](=O)[O-])c2ccccc2c1,0
TOX21SRP53-06483,O=[N+]([O-])c1cccc2c([N+](=O)[O-])cccc12,0
TOX21SRP53-06484,CCCCOC(=O)[C@H](C)O,0
TOX21SRP53-06485,CCCOC(=O)CC,0
TOX21SRP53-06486,CC(COC(C)(C)C)OCCCO,0
TOX21SRP53-06487,CC1=C(CC(=O)O)c2cc(F)ccc2/C1=C\c1ccc(S(C)(=O)=O)cc1,0
TOX21SRP53-06488,OC[C@H]1O[C@H](O[C@]2(CCl)O[C@H](CCl)[C@@H](O)[C@@H]2O)[C@H](O)[C@@H](O)[C@H]1Cl,0
TOX21SRP53-06489,O=C(Nc1ccc(/C=C/c2ccc(NC(=O)c3cc(S(=O)(=O)O)c4cccnc4c3O)cc2S(=O)(=O)O)c(S(=O)(=O)O)c1)c1cc(S(=O)(=O)O)c2cccnc2c1O,0
TOX21SRP53-06490,CCOP(=S)(OCC)SCSC(C)(C)C,0
TOX21SRP53-06491,CN(CC(=O)N1CCOCC1)Cc1c(Cl)cccc1NC(=O)c1ccccc1,0
TOX21SRP53-06492,CN1CCN(C2=Nc3ccccc3Cc3ccccc32)CC1,0
TOX21SRP53-06493,O=C(Cn1c(=O)sc2ccc(Cl)cc21)N1CCN(CCO)CC1,0
TOX21SRP53-06494,COc1cc(C[C@@H]2NCCc3cc(O)c(O)cc32)cc(OC)c1OC,0
TOX21SRP53-06495,O=C1CCC(N2C(=O)c3ccccc3C2=O)C(=O)N1,0
TOX21SRP53-06496,CCCCOCCOCCO,0
TOX21SRP53-06497,O=C(O)/C=C/C(=O)O,0
TOX21SRP53-06498,O=C(O)/C=C\C(=O)O,0
TOX21SRP53-06499,CCC(C)=O,0
TOX21SRP53-06500,CCCC(=O)O,0
TOX21SRP53-06501,CCCC=O,0
TOX21SRP53-06502,CC(C)=CC1C(C(=O)OCc2coc(Cc3ccccc3)c2)C1(C)C,0
TOX21SRP53-06503,CC[C@H]1OC(=O)[C@H](C)[C@@H](O[C@H]2C[C@@](C)(OC)[C@@H](O)[C@H](C)O2)[C@H](C)[C@@H](O[C@@H]2O[C@H](C)C[C@H](N(C)C)[C@H]2O)[C@](C)(O)C[C@@H](C)C(=O)[C@H](C)[C@@H](O)[C@]1(C)O,0
TOX21SRP53-06504,CCC(=O)OC,0
TOX21SRP53-06505,c1cc(-c2ccncc2)ccn1,0
TOX21SRP53-06506,C[Si]1(C)O[Si](C)(C)O[Si](C)(C)O[Si](C)(C)O1,0
TOX21SRP53-06507,CN=C=S,0
TOX21SRP53-06508,CC(C)=CCO,0
TOX21SRP53-06509,COP(=O)(OC)O/C(C)=C/C(=O)N(C)C,0
TOX21SRP53-06510,ClCCOCOCCCl,0
TOX21SRP53-06511,CC(C)=CCl,0
TOX21SRP53-06512,O=C1c2c(O)ccc(Nc3ccc(CCO)cc3)c2C(=O)c2c([N+](=O)[O-])ccc(O)c21,0
TOX21SRP53-06513,O=C1C(O)=C([C@H]2CC[C@H](c3ccc(Cl)cc3)CC2)C(=O)c2ccccc21,1
TOX21SRP53-06514,O=C1CCCCCCCCCCC(=O)OCCO1,0
TOX21SRP53-06515,O=[PH]1Oc2ccccc2-c2ccccc21,0
TOX21SRP53-06516,O=[N+]([O-])C1(Br)COCOC1,0
TOX21SRP53-06517,CC(NC(C)(C)C)C(=O)c1cccc(Cl)c1,0
TOX21SRP53-06518,CC#CCC(C)[C@H](O)/C=C/C1[C@H]2C/C(=C/CCCC(=O)O)C[C@H]2C[C@H]1O,0
TOX21SRP53-06519,CC(C)Cn1cnc2c(N)nc3ccccc3c21,0
TOX21SRP53-06520,CN(C)CCCN(C)CCCN(C)C,0
TOX21SRP53-06521,NCCCOCCOCCOCCCN,0
TOX21SRP53-06522,N#CSc1ccc(N)c([N+](=O)[O-])c1,0
TOX21SRP53-06523,CC(=O)N[C@H]1[C@@H](O[C@@H]2C(C(=O)[O-])C[C@@H](O[C@@H]3[C@@H](CO)O[C@H](OC4C(C(=O)[O-])O[C@@H](OC5[C@H]6CO[C@H](O6)[C@H](NS(=O)(=O)[O-])[C@H]5O)[C@H](O)[C@H]4O)[C@H](NC(C)=O)[C@H]3C)[C@H](O)[C@H]2O)O[C@H](COS(=O)(=O)O)[C@@H](O[C@@H]2OC(C(=O)[O-])=C[C@H](O)[C@H]2O)[C@@H]1O,0
TOX21SRP53-06524,C=C[C@H]1CN2CC[C@H]1C[C@H]2[C@H](OC(=O)OCC)c1ccnc2ccc(OC)cc12,0
TOX21SRP53-06525,O=C1c2c(O)cccc2[C@H]([C@@H]2O[C@H](CO)[C@@H](O)[C@H](O)[C@H]2O)c2cc(CO)cc(O)c21,0
TOX21SRP53-06526,CC(N)Cc1ccc(O)cc1,0
TOX21SRP53-06527,O=C1c2ccccc2C(=O)c2c1ccc(O)c2O,0
TOX21SRP53-06528,COc1cc(OC)cc(OC)c1,0
TOX21SRP53-06529,CCC(=O)C(CC(C)N(C)C)(c1ccccc1)c1ccccc1,0
TOX21SRP53-06530,Cc1c(N(C)C)c(=O)n(-c2ccccc2)n1C,0
TOX21SRP53-06531,CN(C)CCO,0
TOX21SRP53-06532,CN(C)c1ccccc1,0
TOX21SRP53-06533,C[As](C)(=O)O,0
TOX21SRP53-06534,CC1(C)C(=O)NC(=O)NC1=O,0
TOX21SRP53-06535,O=C(c1ccc(O)cc1O)c1ccc(O)cc1O,1
TOX21SRP53-06536,C=C(C)C(=O)OCCOC1CC2CC1C1C=CCC21,0
TOX21SRP53-06537,CCN(CC)CCOC(=O)c1ccc(N)cc1Cl,0
TOX21SRP53-06538,CCN(CC)C(=O)c1ccc(O)c(OC)c1,0
TOX21SRP53-06539,C1CNCCN1.C[C@]12CC[C@@H]3c4ccc(OS(=O)(=O)O)cc4CC[C@H]3[C@@H]1CCC2=O,0
TOX21SRP53-06540,CCCCC(=O)O[C@H]1CC[C@H]2[C@@H]3CCc4cc(O)ccc4[C@H]3CC[C@]12C,0
TOX21SRP53-06541,CC(=O)OC(C)OC(=O)C(C)c1ccc(-c2ccccc2)c(F)c1,0
TOX21SRP53-06542,CCCCCCC(=O)O[C@H]1CC[C@H]2[C@@H]3CCc4cc(O)ccc4[C@H]3CC[C@]12C,0
TOX21SRP53-06543,CCN(CC)CCNC(=O)c1cc(S(C)(=O)=O)ccc1OC,0
TOX21SRP53-06544,FC(F)(F)c1ccccc1-n1ccnc1,0
TOX21SRP53-06545,N#CC(C#N)=Cc1cc(O)c(O)c(O)c1,0
TOX21SRP53-06546,N#CC(C#N)=Cc1ccc(O)c(O)c1,0
TOX21SRP53-06547,O=C(O)C(F)(F)C(F)(F)C(F)(F)C(F)(F)C(F)(F)C(F)(F)C(F)(F)C(F)(F)F,1
TOX21SRP53-06548,O=C(O)C(F)(F)C(F)(F)C(F)(F)C(F)(F)C(F)(F)F,0
TOX21SRP53-06549,O=C(O)C(F)(F)C(F)(F)C(F)(F)C(F)(F)C(F)(F)C(F)(F)C(F)(F)C(F)(F)C(F)(F)F,0
TOX21SRP53-06550,O=C(O)C(F)(F)C(F)(F)C(F)(F)C(F)(F)C(F)(F)C(F)(F)C(F)(F)F,0
TOX21SRP53-06551,COC(=O)[C@@H]1CC2=CC(=O)CC[C@]2(C)[C@@]23O[C@@H]2C[C@@]2(C)[C@@H](CC[C@@]24CCC(=O)O4)[C@H]13,0
TOX21SRP53-06552,CC(C)CC(=O)N[C@H](C(=O)N[C@H](C(=O)N[C@@H](CC(C)C)[C@@H](O)CC(=O)N[C@@H](C)C(=O)N[C@@H](CC(C)C)[C@@H](O)CC(=O)O)C(C)C)C(C)C,0
TOX21SRP53-06553,CN(C)CCc1ccc(O)cc1,0
TOX21SRP53-06554,CC1(C)S[C@@H]2[C@H](N)C(=O)N2[C@H]1C(=O)O,0
TOX21SRP53-06555,c1cc2c(c(N3CCNCC3)c1)OCCO2,0
TOX21SRP53-06556,CC1(CN2CCC(n3c(=O)[nH]c4ccccc43)CC2)OCc2ccccc2-n2cccc21,0
TOX21SRP53-06557,O=c1[nH]c2cc(C(F)(F)F)c(N3CCOCC3)cc2n(CP(=O)(O)O)c1=O,0
TOX21SRP53-06558,COC1=CC=C2[C@H]3Cc4ccc(OC)c5c4[C@@]2(CCN3C)[C@H]1O5,0
TOX21SRP53-06559,FC(F)(F)C(F)(F)C(F)(F)C(F)(F)C(F)(F)C(F)(F)F,0
TOX21SRP53-06560,CC(=O)Nc1ccc(S(=O)(=O)Cl)cc1,0
TOX21SRP53-06561,Cc1ccc([N+](=O)[O-])cc1Cl,0
TOX21SRP53-06562,COCC(=O)Nc1cc(Sc2ccccc2)ccc1N=C(NC(=O)OC)NC(=O)OC,1
TOX21SRP53-06563,CC(C)[C@@]1(NC(=O)[C@@H]2C[C@@H]3c4cccc5[nH]cc(c45)C[C@H]3N(C)C2)O[C@@]2(O)[C@@H]3CCCN3C(=O)[C@H](Cc3ccccc3)N2C1=O,0
TOX21SRP53-06564,C[C@@H](CO)NC(=O)[C@@H]1C=C2c3cccc4[nH]cc(c34)C[C@H]2N(C)C1,0
TOX21SRP53-06565,CCN(CC)C(=O)N[C@@H]1C=C2c3cccc4[nH]cc(c34)C[C@@H]2N(C)C1,0
TOX21SRP53-06566,C=CCN1CCc2nc(N)sc2CC1,0
TOX21SRP53-06567,CN(C(=O)Cc1ccccc1)[C@H]1CC[C@@]2(CCCO2)C[C@@H]1N1CCCC1,0
TOX21SRP53-06568,CN1C[C@@H](NS(=O)(=O)N(C)C)C[C@@H]2c3cccc4c3c(cn4C)C[C@H]21,0
TOX21SRP53-06569,C=CCN1CC[C@]23c4c5ccc(O)c4O[C@H]2C(=O)CC[C@@]3(O)[C@H]1C5.CI,0
TOX21SRP53-06570,CC(C)(C)NSc1nc2ccccc2s1,0
TOX21SRP53-06571,CC1=CC(=O)CCC1,0
TOX21SRP53-06572,CC(C)c1ccccc1C(C)C,0
TOX21SRP53-06573,O=C=NC1CCC(CC2CCC(N=C=O)CC2)CC1,0
TOX21SRP53-06574,CCCCOCC(C)O,0
TOX21SRP53-06575,C=C(C)C(=O)OCC[N+](C)(C)C,0
TOX21SRP53-06576,c1ccc2sc(SN(C3CCCCC3)C3CCCCC3)nc2c1,0
TOX21SRP53-06577,CC(C)C(=O)OCC(C)(C)C(O)C(C)C,0
TOX21SRP53-06578,Cc1cccc(Cl)c1,0
TOX21SRP53-06579,C1=CCCC=CCCC=CCC1,0
TOX21SRP53-06580,C=C(C)C#N,0
TOX21SRP53-06581,COP(N)(=O)SC,0
TOX21SRP53-06582,CCCCSP(=O)(SCCCC)SCCCC,0
TOX21SRP53-06583,COCC(=O)N(c1c(C)cccc1C)C(C)C(=O)OC,0
TOX21SRP53-06584,C[N+]1(C)CCCCC1,0
TOX21SRP53-06585,O=C(NOC[C@H](O)CO)c1ccc(F)c(F)c1Nc1ccc(I)cc1F,0
TOX21SRP53-06586,O=C1CN=C(c2ccccc2)c2cc(Cl)ccc2N1CC1CC1,1
TOX21SRP53-06587,Nc1c(Cl)c(Cl)c(Cl)c(Cl)c1Cl,0
TOX21SRP53-06588,CCOC(=O)CCC(C)=O,0
TOX21SRP53-06589,C[C@]12C[C@H](O)[C@H]3[C@@H](CCC4=CC(=O)C=C[C@@]43C)[C@@H]1CC[C@]2(O)C(=O)CO,0
TOX21SRP53-06590,C[C@]12CC(=O)[C@H]3[C@@H](CCC4=CC(=O)C=C[C@@]43C)[C@@H]1CC[C@]2(O)C(=O)CO,0
TOX21SRP53-06591,CNC(=O)CSP(=O)(OC)OC,0
TOX21SRP53-06592,CCCN(CCC)S(=O)(=O)c1ccc(C(=O)O)cc1,0
TOX21SRP53-06593,C=C(C)[C@@H]1CCC2=CCC[C@@H](C)[C@]2(C)C1,0
TOX21SRP53-06594,C=CC(C)=CCC=C(C)C,0
TOX21SRP53-06595,C=C(C)[C@@H]1CCC2=CC(=O)C[C@@H](C)[C@]2(C)C1,0
TOX21SRP53-06596,CCOC(=O)CC(C)C,0
TOX21SRP53-06597,CCCCCCCCCCCCN(CCCCCCCCCCCC)CCCCCCCCCCCC,0
TOX21SRP53-06598,CC1=CCCC(C)(C)C12CCC(C)O2,0
TOX21SRP53-06599,c1cc(C(c2ccc(OCC3CO3)cc2)c2ccc(OCC3CO3)cc2)ccc1OCC1CO1,0
TOX21SRP53-06600,CC1(CO)CN(c2ccccc2)NC1=O,0
TOX21SRP53-06601,C=C(C)C(=O)OCCCCCCCCCCOC(=O)C(=C)C,0
TOX21SRP53-06602,CCC(=O)OCc1ccccc1,0
TOX21SRP53-06603,Cc1cccc(Nc2ccccc2)c1,0
TOX21SRP53-06604,O=S(=O)([O-])CC(O)CCl,0
TOX21SRP53-06605,C=CCOCC(CC)(CO)COCC=C,0
TOX21SRP53-06606,NS(=O)(=O)c1ccccc1Cl,0
TOX21SRP53-06607,CCC(C)(CCC(C)C)C(=O)O[Sn](C)(C)OC(=O)C(C)(CC)CCC(C)C,0
TOX21SRP53-06608,CC(C)(C)C1CCCCC1O,0
TOX21SRP53-06609,CC(C)CP(=S)([S-])CC(C)C,0
TOX21SRP53-06610,COc1ccc(CC2c3cc(OC)c(OC)cc3CC[N+]2(C)CCC(=O)OCCCCCOC(=O)CC[N+]2(C)CCc3cc(OC)c(OC)cc3C2Cc2ccc(OC)c(OC)c2)cc1OC.O=S(=O)([O-])c1ccccc1.O=S(=O)([O-])c1ccccc1,0
TOX21SRP53-06611,CN1CCC(=C2c3ccccc3CCc3cccnc32)CC1,0
TOX21SRP53-06612,CCOC(=O)[C@H](CCc1ccccc1)N[C@@H](C)C(=O)N1CCC[C@H]1C(=O)O,0
TOX21SRP53-06613,CN(C)C(=O)Nc1ccc(Cl)cc1,0
TOX21SRP53-06614,Cc1ccc(S(=O)(=O)N=C=O)cc1,0
TOX21SRP53-06615,NC(=O)c1ccccc1O,0
TOX21SRP53-06616,O=C1C[C@@H]2OCC=C3CN4CC[C@]56c7ccccc7N1[C@H]5[C@H]2[C@H]3C[C@H]46.O=C1C[C@@H]2OCC=C3CN4CC[C@]56c7ccccc7N1[C@H]5[C@H]2[C@H]3C[C@H]46,0
TOX21SRP53-06617,O=C1NCC2(CCN(CCc3ccccc3)CC2)O1,0
TOX21SRP53-06618,CCOC(=O)Nc1ccc(NCc2ccc(F)cc2)nc1N,0
TOX21SRP53-06619,CC(C)[N+]1(C)C2CCC1CC(OC(=O)C(CO)c1ccccc1)C2,0
TOX21SRP53-06620,N=C(N)NCc1cccc(I)c1.N=C(N)NCc1cccc(I)c1,0
TOX21SRP53-06621,CC(C)NC(C)Cc1ccc(I)cc1,0
TOX21SRP53-06622,Clc1cc(C(Cl)(Cl)Cl)cnc1Cl,0
TOX21SRP53-06623,Cc1cn[nH]c1,0
TOX21SRP53-06624,C#CCN(C)CCCOc1ccc(Cl)cc1Cl,0
TOX21SRP53-06625,CCCCCCCCCCCC#N,0
TOX21SRP53-06626,N#Cc1c(Cl)c(Cl)c(Cl)c(C#N)c1Cl,1
TOX21SRP53-06627,Cc1ccc(C)c(O)c1C,0
TOX21SRP53-06628,C=C(C)C(=O)OCCOCC,0
TOX21SRP53-06629,CC(C)[C@@H]1CC[C@@H](C)C[C@H]1O,0
TOX21SRP53-06630,O=C=Nc1ccc(Cl)c(Cl)c1,0
TOX21SRP53-06631,COP(=S)(OC)Oc1nc(Cl)c(Cl)cc1Cl,0
TOX21SRP53-06632,C#CCOC(=O)[C@@H](C)Oc1ccc(Oc2ncc(Cl)cc2F)cc1,0
TOX21SRP53-06633,CC1(C)CON(Cc2ccccc2Cl)C1=O,0
TOX21SRP53-06634,CCSC(=O)N(CC)C1CCCCC1,0
TOX21SRP53-06635,COC(=O)C(C)Oc1ccc(Oc2ccc(Cl)cc2Cl)cc1,0
TOX21SRP53-06636,CCNC(=O)NC(=O)/C(C#N)=N/OC,0
TOX21SRP53-06637,Cc1cc(C2CC2)nc(Nc2ccccc2)n1,0
TOX21SRP53-06638,COc1cc2nc(N(C)CCCNC(=O)C3CCCO3)nc(N)c2cc1OC,0
TOX21SRP53-06639,CN(C)C(=O)Oc1cc(OC(=O)N(C)C)cc(C(O)CNC(C)(C)C)c1,0
TOX21SRP53-06640,CCC(=O)O[C@]1(C(=O)SCF)[C@H](C)C[C@H]2C3C[C@H](F)C4=CC(=O)C=C[C@]4(C)[C@@]3(F)[C@@H](O)C[C@@]21C,0
TOX21SRP53-06641,C[C@@]12CCC[C@H]1[C@@H]1CC[C@H]3C[C@@H](O)CC[C@]3(C)[C@H]1CC2,0
TOX21SRP53-06642,CC(=O)SC[C@@H](Cc1ccccc1)C(=O)NCC(=O)OCc1ccccc1,0
TOX21SRP53-06643,CCCN1CCC[C@@H]2Cc3n[nH]cc3C[C@H]21,0
TOX21SRP53-06644,CCC[C@@]1(CCc2ccccc2)CC(O)=C([C@H](CC)c2cccc(NS(=O)(=O)c3ccc(C(F)(F)F)cn3)c2)C(=O)O1,0
TOX21SRP53-06645,CCC(C)(C)C(=O)O[C@H]1C[C@@H](C)C=C2C=C[C@H](C)[C@H](CC[C@@H]3C[C@@H](O)CC(=O)O3)[C@H]21,0
TOX21SRP53-06646,CC(C)=CCOc1ccc(/C=C/C(=O)c2ccc(OCC=C(C)C)cc2OCC(=O)O)cc1,1
TOX21SRP53-06647,O=C1NC(=O)[C@@]2(CCOc3ccc(F)cc32)N1,0
TOX21SRP53-06648,C/C=C(/CC[C@@H](C)[C@H]1CC[C@H]2C3=CC[C@H]4[C@H](C)[C@@H](O)CC[C@]4(C)[C@H]3CC[C@@]21C)C(C)C,0
TOX21SRP53-06649,OC[C@H](O)[C@@H](O)[C@H](O)[C@H](O)CO,0
TOX21SRP53-06650,CCCCCCCCCCCCOS(=O)(=O)O.OCCN(CCO)CCO,0
TOX21SRP53-06651,[O-]c1ccccc1,0
TOX21SRP53-06652,c1ccc2c(c1)c1cccc3ccc4cccc2c4c31,1
TOX21SRP53-06653,C=CCNCC=C,0
TOX21SRP53-06654,C1CCC2CCCCC2C1,0
TOX21SRP53-06655,CCCCCCCCCC,0
TOX21SRP53-06656,C=C(C)C(=O)OCCCCCCCCCC,0
TOX21SRP53-06657,C=CC(=O)NC(C)(C)CC(C)=O,0
TOX21SRP53-06658,CC(=O)CC(C)(C)O,0
TOX21SRP53-06659,O=C([O-])C(Cl)Cl,0
TOX21SRP53-06660,O=C([O-])Cc1ccccc1Nc1c(Cl)cccc1Cl,1
TOX21SRP53-06661,Clc1cc(Cl)c(Cl)nc1Cl,0
TOX21SRP53-06662,NNC(=S)NN,0
TOX21SRP53-06663,NC(=O)Nc1ccc(Cl)cc1,0
TOX21SRP53-06664,[O-][n+]1ccc(Cl)cc1,0
TOX21SRP53-06665,CCCCC/C=C\CCC=O,0
TOX21SRP53-06666,CN1C(=O)CC(=O)N(c2ccccc2)c2cc(Cl)ccc21,0
TOX21SRP53-06667,CCc1occc(=O)c1O,0
TOX21SRP53-06668,CC1=C(O)C(=O)C(C)O1,0
TOX21SRP53-06669,COc1ccc(CCO)cc1,0
TOX21SRP53-06670,CCCC(C)C(O)CC,0
TOX21SRP53-06671,O=C1C[N+]([O-])=C(c2ccccc2)c2cc(Cl)ccc2N1,0
TOX21SRP53-06672,O=C(/C=C/c1cccc(F)c1)NC1CC1,0
TOX21SRP53-06673,O=C(O)Cc1csc(-c2ccc(Cl)cc2)n1,0
TOX21SRP53-06674,O=C(O)Cc1cn(-c2ccccc2)nc1-c1ccc(Cl)cc1,0
TOX21SRP53-06675,Cc1cccc(C)c1NC(=O)CN1CCCC1,0
TOX21SRP53-06676,NS(=O)(=O)c1ccc(Cl)c(S(N)(=O)=O)c1,0
TOX21SRP53-06677,C=C/C(C)=C/C/C=C(\C)CCC=C(C)C,0
TOX21SRP53-06678,CCC(=O)OCCOc1ccccc1,0
TOX21SRP53-06679,CC(=O)CCC1=C(C)CCCC1(C)C,0
TOX21SRP53-06680,COc1cc(C=O)ccc1OC(=O)C(C)C,0
TOX21SRP53-06681,CC[C@@]1(O)C(=O)OCc2c1cc1n(c2=O)Cc2cc3c([N+](=O)[O-])cccc3nc2-1,1
TOX21SRP53-06682,CCCCCCCCCCCCCCOS(=O)(=O)[O-],0
TOX21SRP53-06683,S=c1[nH]c2ccccc2[nH]1,0
TOX21SRP53-06684,CC(=O)N[C@@H]1C(O[C@H]2O[C@H](C(=O)O)C(O)[C@H](O)[C@H]2O)[C@H](O)[C@@H](CO)O[C@H]1O[C@@H]1C(C(=O)O)O[C@@H](O[C@H]2[C@H](O)[C@@H](CO)OC(O)[C@@H]2NC(C)=O)[C@H](O)[C@H]1O,0
TOX21SRP53-06685,S=C1NC=NC2N=CNC12,1
TOX21SRP53-06686,CCCCCCOC(=O)CCCCC(=O)OCCCCCC,0
TOX21SRP53-06687,CCCCCCCCCC(=O)OC,0
TOX21SRP53-06688,OC/C=C/CO,0
TOX21SRP53-06689,Cc1c(Cl)cccc1Nc1ncccc1C(=O)O,0
TOX21SRP53-06690,OCc1c[nH]c2ccccc12,0
TOX21SRP53-06691,Cc1cccc(Nc2cc(Cl)nc(SCC(=O)O)n2)c1C,0
TOX21SRP53-06692,CNCC(O)c1ccc(O)cc1,0
TOX21SRP53-06693,O=CCCl,0
TOX21SRP53-06694,O=C(CCl)c1ccccc1,0
TOX21SRP53-06695,COP(=S)(OC)Oc1ccc([N+](=O)[O-])cc1Cl,0
TOX21SRP53-06696,COC(=O)c1ccccc1C(=O)O,0
TOX21SRP53-06697,CC(=O)Nc1ccc(C(=O)CCl)cc1,1
TOX21SRP53-06698,CCCCOC(=O)c1ccccc1C(=O)O,0
TOX21SRP53-06699,Nc1ccc(Cl)cc1,0
TOX21SRP53-06700,c1ccc(CCCc2ccccn2)cc1,0
TOX21SRP53-06701,CCOC(=O)c1cn2nc(OP(=S)(OCC)OCC)cc2nc1C,0
TOX21SRP53-06702,CCC(C)c1cc([N+](=O)[O-])cc([N+](=O)[O-])c1OC(=O)C=C(C)C,1
TOX21SRP53-06703,CCC(C)c1cc([N+](=O)[O-])cc([N+](=O)[O-])c1OC(=O)OC(C)C,1
TOX21SRP53-06704,CCN(CC)c1c([N+](=O)[O-])cc(C(F)(F)F)c(N)c1[N+](=O)[O-],0
TOX21SRP53-06705,CC1(C)[C@@H]2CC[C@@]1(C)[C@H](OC(=O)CSC#N)C2,0
TOX21SRP53-06706,CC(=O)OCC1=C(C(=O)O)N2C(=O)[C@@H](N)[C@H]2SC1,0
TOX21SRP53-06707,COC(=O)Nc1nc2ccccc2[nH]1,1
TOX21SRP53-06708,O=C1CCCCC1Cl,0
TOX21SRP53-06709,CC1(C)[C@@H]2CC[C@@]1(C)C(=O)C2,0
TOX21SRP53-06710,NC(N)=O.OO,0
TOX21SRP53-06711,CCCCCCCC(=O)Cl,0
TOX21SRP53-06712,CCCCCOC(C)=O,0
TOX21SRP53-06713,CCCCCCCCCCCCCC,0
TOX21SRP53-06714,CCCCCCCCCCCCC,0
TOX21SRP53-06715,OCCCCCCO,0
TOX21SRP53-06716,C=CCCCCCCCCCCCCCC,0
TOX21SRP53-06717,CCCCCCCCCCCCCCC,0
TOX21SRP53-06718,CSc1ccc(Cl)cc1,0
TOX21SRP53-06719,Clc1ccc2ccccc2c1,0
TOX21SRP53-06720,Cc1ccccc1Cl,0
TOX21SRP53-06721,CS(=O)(=O)c1ccc(Cl)cc1,0
TOX21SRP53-06722,CC(C)COC(=O)c1ccc(O)cc1,0
TOX21SRP53-06723,Cn1c(N)nc2c3cccnc3ccc21,0
TOX21SRP53-06724,NC(=O)CI,0
TOX21SRP53-06725,IC(I)I,0
TOX21SRP53-06726,COc1ccc2c(c1)c(CC(=O)O)c(C)n2C(=O)c1ccc(Cl)cc1,0
TOX21SRP53-06727,C=CCOCC(CO)(COCC=C)COCC=C,0
TOX21SRP53-06728,Cc1c(C)c([N+](=O)[O-])c(C(C)(C)C)c([N+](=O)[O-])c1C,0
TOX21SRP53-06729,C#CCN(C)[C@H](C)Cc1ccccc1,0
TOX21SRP53-06730,O=C1CN(N=Cc2ccc(-c3ccc([N+](=O)[O-])cc3)o2)C(=O)[N-]1,0
TOX21SRP53-06731,CCN(CCC#N)c1ccccc1,0
TOX21SRP53-06732,COC(=O)CCCC(=O)O,0
TOX21SRP53-06733,COc1cc(Cl)ccc1Oc1ccc(Cl)cc1Cl,0
TOX21SRP53-06734,Cc1ccc(O)c(C(=O)c2ccccc2)c1,0
TOX21SRP53-06735,O=C(c1ccccc1)c1cccc(O)c1,0
TOX21SRP53-06736,O=C(c1ccccc1)c1ccccc1O,0
TOX21SRP53-06737,CCCCCCCCCCCCOC(=O)c1ccc(O)cc1,0
TOX21SRP53-06738,O=C(Oc1ccccc1)c1ccc(O)cc1,0
TOX21SRP53-06739,C=C1CC[C@H]2[C@@](C)(CC[C@@H](O)[C@@]2(C)CO)[C@@H]1C/C=C1/C(=O)OC[C@H]1O,0
TOX21SRP53-06740,CC1(C)O[C@H]2CC(=O)OC[C@@]23[C@H]1CC(=O)[C@]1(C)[C@@H]3CC[C@@]2(C)[C@H](c3ccoc3)OC(=O)[C@H]3O[C@]321,0
TOX21SRP53-06741,OC[C@H]1O[C@@H](O[C@@H]2[C@@H](CO)O[C@@H](O)[C@H](O)[C@H]2O)[C@H](O)[C@@H](O)[C@@H]1O,0
TOX21SRP53-06742,CN(C)CCN(Cc1ccccc1)c1ccccn1.O=C(O)CC(O)(CC(=O)O)C(=O)O,0
TOX21SRP53-06743,C=CCC1(C(C)CCC)C(=O)N=C([S-])NC1=O,0
TOX21SRP53-06744,Clc1ccccc1,0
TOX21SRP53-06745,CCOC(=O)C(O)(c1ccc(Cl)cc1)c1ccc(Cl)cc1,1
TOX21SRP53-06746,CCCCCCCCCCC[C@@H](C[C@@H]1OC(=O)[C@H]1CCCCCC)OC(=O)C(CC(C)C)NC=O,0
TOX21SRP53-06747,CCC1CO1,0
TOX21SRP53-06748,FC(F)OC(F)(F)C(F)Cl,0
TOX21SRP53-06749,C#C[C@]1(O)CC[C@H]2[C@@H]3CCC4=C(CCC(=O)C4)[C@H]3CC[C@@]21C,0
TOX21SRP53-06750,ClC1=C(Cl)[C@]2(Cl)[C@H]3[C@H]([C@@H]4C[C@H]3[C@H]3O[C@@H]43)[C@@]1(Cl)C2(Cl)Cl,0
TOX21SRP53-06751,ClCC1CO1,0
TOX21SRP53-06752,O=C(O[C@@H]1Cc2c(O)cc(O)cc2O[C@@H]1c1cc(O)c(O)c(O)c1)c1cc(O)c(O)c(O)c1,0
TOX21SRP53-06753,CC(C)NCC1CCc2cc(CO)c([N+](=O)[O-])cc2N1,0
TOX21SRP53-06754,CCCn1cnc2c1c(=O)n(CCCCC(C)=O)c(=O)n2C,0
TOX21SRP53-06755,c1cnc(N2CCN(Cc3ccc4c(c3)OCO4)CC2)nc1,0
TOX21SRP53-06756,Cc1ccc(=O)n(-c2ccccc2)c1,0
TOX21SRP53-06757,Cc1nc2ccccn2c(=O)c1CCN1CCC(C(=O)c2ccc(F)cc2)CC1,0
TOX21SRP53-06758,O=c1[nH]c2ccccc2n1CCCN1CCN(C(c2ccccc2)c2ccccc2)CC1,0
TOX21SRP53-06759,NC(=O)CN1CC(O)CC1=O,0
TOX21SRP53-06760,CCC(=O)c1ccc2c(c1)N(CCCN(C)C)c1ccccc1S2,0
TOX21SRP53-06761,CCCn1c(=O)[nH]c(=O)c2[nH]cnc21,0
TOX21SRP53-06762,CCCNCC(O)COc1ccccc1C(=O)CCc1ccccc1,0
TOX21SRP53-06763,CC(=O)[C@H]1CC[C@H]2[C@@H]3CCC4=CC(=O)CC[C@]4(C)[C@H]3CC[C@]12C,0
TOX21SRP53-06764,C[C@]12CC[C@H]3[C@@H](CCC4=CC(=O)CC[C@@]43C)[C@@H]1CC[C@@H]2O,0
TOX21SRP53-06765,C[C@]12CC[C@@H]3c4ccc(O)cc4CC[C@H]3[C@@H]1CC[C@H]2O,1
TOX21SRP53-06766,COc1ccc2c(c1OC)CN1CCc3cc4c(cc3C1C2)OCO4,0
