ID,Smiles String,label
TOX21NRAR-00000,CCOc1ccc2nc(S(N)(=O)=O)sc2c1,0
TOX21NRAR-00001,CCN1C(=O)NC(c2ccccc2)C1=O,0
TOX21NRAR-00002,CCCN(CC)C(CC)C(=O)Nc1c(C)cccc1C,0
TOX21NRAR-00003,CC(O)(P(=O)(O)O)P(=O)(O)O,0
TOX21NRAR-00004,CC(C)(C)OOC(C)(C)CCC(C)(C)OOC(C)(C)C,0
TOX21NRAR-00005,O=S(=O)(Cl)c1ccccc1,0
TOX21NRAR-00006,O=C(O)Cc1cc(I)c(Oc2ccc(O)c(I)c2)c(I)c1,0
TOX21NRAR-00007,OC[C@H](O)[C@@H](O)[C@H](O)CO,0
TOX21NRAR-00008,NC(=O)c1ccc[n+]([C@@H]2O[C@H](COP(=O)([O-])OP(=O)(O)OC[C@H]3O[C@@H](n4cnc5c(N)ncnc54)[C@H](O)[C@@H]3O)[C@@H](O)[C@H]2O)c1,0
TOX21NRAR-00009,O=c1[nH]c(=O)n([C@H]2C[C@H](O)[C@@H](CO)O2)cc1I,0
TOX21NRAR-00010,CC(C)COC(=O)C(C)C,0
TOX21NRAR-00011,C=C(C)C(=O)OCCOC(=O)C(=C)C,0
TOX21NRAR-00012,Cl/C=C\C[N+]12CN3CN(CN(C3)C1)C2,0
TOX21NRAR-00013,O=C([O-])Cc1cccc2ccccc12,0
TOX21NRAR-00014,CCCCCCCCCCOCC(O)CN,0
TOX21NRAR-00015,CCN(CC)C(=O)c1cccnc1,0
TOX21NRAR-00016,COc1cc(O)cc(O)c1,0
TOX21NRAR-00017,CCOc1ccc(S(=O)(=O)O)c2cccnc12,0
TOX21NRAR-00018,O=C(O)[C@H](O)c1ccccc1,0
TOX21NRAR-00019,Nc1ccc(/N=N/c2ccccc2)cc1,0
TOX21NRAR-00020,CN[C@@H]1C[C@@H](c2ccc(Cl)c(Cl)c2)c2ccccc21,0
TOX21NRAR-00021,CN1[C@H]2CC[C@@H]1C[C@H](OC(=O)c1cc(Cl)cc(Cl)c1)C2,0
TOX21NRAR-00022,CN(C)CCCN1c2ccccc2CCc2ccc(Cl)cc21,0
TOX21NRAR-00023,C#CCO,0
TOX21NRAR-00024,Nc1ccccc1S(=O)(=O)O,0
TOX21NRAR-00025,CC(O)CC(C)(C)O,0
TOX21NRAR-00026,CC(C)(C)CC(C)(C)N,0
TOX21NRAR-00027,CC(=O)CC(C)C,0
TOX21NRAR-00028,CCCC(C)=O,0
TOX21NRAR-00029,Nc1nc2ccccc2[nH]1,0
TOX21NRAR-00030,Oc1c(Cl)c(Cl)c(Cl)c(Cl)c1Cl,0
TOX21NRAR-00031,c1ccc(-c2ccccc2)cc1,0
TOX21NRAR-00032,CNC(=O)Nc1ccc(Cl)c(Cl)c1,0
TOX21NRAR-00033,CC(=O)Nc1ccc(C)c(Cl)c1,0
TOX21NRAR-00034,CCCCNC(=S)NCCCC,0
TOX21NRAR-00035,CCCCNC(=O)NCCCC,0
TOX21NRAR-00036,CC(C)N(c1ccccc1)C(C)C,0
TOX21NRAR-00037,CCc1cccc(C)c1,0
TOX21NRAR-00038,CC(C)CCCCCCCOP(OCCCCCCCC(C)C)Oc1ccccc1,0
TOX21NRAR-00039,CCCCCCCC/C=C\CCCCCCCC(=O)OC(CO)CO,0
TOX21NRAR-00040,CCCCCCCCCCC=CC1CC(=O)OC1=O,0
TOX21NRAR-00041,CC(C)C(Nc1ccc(C(F)(F)F)cc1Cl)C(=O)OC(C#N)c1cccc(Oc2ccccc2)c1,0
TOX21NRAR-00042,CS(=O)(=O)NC(=O)c1cc(Oc2ccc(C(F)(F)F)cc2Cl)ccc1[N+](=O)[O-],0
TOX21NRAR-00043,CCOP(=S)(CC)Sc1ccccc1,0
TOX21NRAR-00044,CC/C=C\CCCCO,0
TOX21NRAR-00045,C=C[C@H]1CN2CCC1C[C@H]2[C@H](O)c1ccnc2ccc(OC)cc12,0
TOX21NRAR-00046,CC(=O)CCC(C)=O,0
TOX21NRAR-00047,N#CCCNCCC#N,0
TOX21NRAR-00048,CCOc1ccc(N=Nc2ccc(C=Cc3ccc(N=Nc4ccc(OCC)cc4)cc3S(=O)(=O)[O-])c(S(=O)(=O)[O-])c2)cc1,0
TOX21NRAR-00049,O=C1c2ccccc2C(=O)C1c1ccc2cc(S(=O)(=O)[O-])cc(S(=O)(=O)[O-])c2n1,0
TOX21NRAR-00050,O=C(Nc1ccc2c(O)c(N=Nc3ccc(N=Nc4ccc(S(=O)(=O)[O-])cc4)cc3)c(S(=O)(=O)[O-])cc2c1)c1ccccc1,0
TOX21NRAR-00051,CSc1ccc2c(c1)C(N1CCN(C)CC1)Cc1ccccc1S2,0
TOX21NRAR-00052,COCCCC/C(=N\OCCN)c1ccc(C(F)(F)F)cc1,0
TOX21NRAR-00053,Cc1ccccc1CCO,0
TOX21NRAR-00054,Cc1nc(C)c(C)nc1C,0
TOX21NRAR-00055,CC1=CC(O)CC(C)(C)C1,0
TOX21NRAR-00056,Cc1cnc(C)c(C)n1,0
TOX21NRAR-00057,CC(C)COC(=O)c1ccccc1,0
TOX21NRAR-00058,C=C(C)[C@@H]1CC=C(C)CC1,0
TOX21NRAR-00059,O=[N+]([O-])[O-].O=[N+]([O-])[O-].[Ca+2],0
TOX21NRAR-00060,Nc1ccc(N)c([N+](=O)[O-])c1,0
TOX21NRAR-00061,CC1COc2ccccc2N1,0
TOX21NRAR-00062,O=C(O)c1cc(Cl)cc(Cl)c1O,0
TOX21NRAR-00063,CCCCCCCCCCCC(=O)NCCCN(C)C,0
TOX21NRAR-00064,CC(C)CCCCCOC(=O)CCS,0
TOX21NRAR-00065,O=[N+]([O-])c1cc([As](=O)(O)O)ccc1O,0
TOX21NRAR-00066,CCC(COC(=O)CCS)(COC(=O)CCS)COC(=O)CCS,0
TOX21NRAR-00067,C=CCOc1c(Br)cc(Br)cc1Br,0
TOX21NRAR-00068,F[B-](F)(F)F.[H+],0
TOX21NRAR-00069,CC(C)[C@H]1CC[C@H](C)C[C@@H]1O,0
TOX21NRAR-00070,C(=C/c1ccccc1)\c1ccccc1,0
TOX21NRAR-00071,Cc1ccc2c(ccc3ccccc32)c1,0
TOX21NRAR-00072,Cn1c(=O)c2c(ncn2CC2OCCO2)n(C)c1=O,0
TOX21NRAR-00073,C[C@H]1O[C@@H](n2cc(F)c(=O)[nH]c2=O)[C@H](O)[C@@H]1O,0
TOX21NRAR-00074,CN1CCc2cccc3c2[C@H]1Cc1ccc(O)c(O)c1-3,0
TOX21NRAR-00075,COC(=O)C1=CCCN(C)C1,0
TOX21NRAR-00076,Cc1ccc(C(=O)O)cc1[N+](=O)[O-],0
TOX21NRAR-00077,Cc1cc(C(=O)O)ccc1[N+](=O)[O-],0
TOX21NRAR-00078,CCCC(CCC)C(=O)O[C@@H]1C[C@@H]2CC[C@H](C1)[N+]2(C)C,0
TOX21NRAR-00079,CCCCCC(C)O,0
TOX21NRAR-00080,O=C([O-])c1ccccc1O,0
TOX21NRAR-00081,NC(=O)c1ccccc1,0
TOX21NRAR-00082,CC(C)(C)[C@]1(O)CCN2C[C@H]3c4ccccc4CCc4cccc(c43)[C@@H]2C1,0
TOX21NRAR-00083,O=C1C(N(CO)C(=O)NCO)N(CO)C(=O)N1CO,0
TOX21NRAR-00084,OCCN1CCN(CCCN2c3ccccc3C=Cc3ccccc32)CC1,0
TOX21NRAR-00085,CC(C)NC[C@@H](O)COc1ccc(CC(N)=O)cc1,0
TOX21NRAR-00086,CCNC(=O)N1CCN(CCCC(c2ccc(F)cc2)c2ccc(F)cc2)CC1,0
TOX21NRAR-00087,Nc1ccc([N+](=O)[O-])cc1N,0
TOX21NRAR-00088,[I-].[K+],0
TOX21NRAR-00089,O=C(C=Cc1ccc(O)c(O)c1)O[C@@H]1C[C@](O)(C(=O)O)C[C@@H](O)[C@H]1O,0
TOX21NRAR-00090,Oc1nc(Cl)c(Cl)cc1Cl,0
TOX21NRAR-00091,C/C=C/C=C/C=O,0
TOX21NRAR-00092,O=[N+]([O-])c1cc(C(F)(F)F)cc([N+](=O)[O-])c1Cl,1
TOX21NRAR-00093,C[Si](C)(C)N[Si](C)(C)C,0
TOX21NRAR-00094,C=CC(=O)OCCCl,0
TOX21NRAR-00095,COCC(C)N(C(=O)CCl)c1c(C)csc1C,0
TOX21NRAR-00096,CN(C)CCn1nnnc1SCC1=C(C(=O)O)N2C(=O)[C@@H](NC(=O)Cc3csc(N)n3)[C@H]2SC1,0
TOX21NRAR-00097,C/C(=N\NC(=O)Nc1cc(F)cc(F)c1)c1ncccc1C(=O)[O-],0
TOX21NRAR-00098,CC1COC(Cn2cncn2)(c2ccc(Oc3ccc(Cl)cc3)cc2Cl)O1,0
TOX21NRAR-00099,CCN(CC)CCOC(=O)C(Cc1cccc2ccccc12)CC1CCCO1,0
TOX21NRAR-00100,CCN[C@H]1C[C@H](C)S(=O)(=O)c2sc(S(N)(=O)=O)cc21,0
TOX21NRAR-00101,CCN[C@H]1CN(CCCOC)S(=O)(=O)c2sc(S(N)(=O)=O)cc21,0
TOX21NRAR-00102,CC(C)N(CCC(C(N)=O)(c1ccccc1)c1ccccn1)C(C)C,0
TOX21NRAR-00103,CC[C@H]1[C@@H]2C[C@H]3[C@@H]4N(C)c5ccccc5[C@]45C[C@@H](C2[C@H]5O)N3[C@@H]1O,0
TOX21NRAR-00104,CC1(C)O[C@@H]2C[C@H]3[C@@H]4C[C@H](F)C5=CC(=O)C=C[C@]5(C)[C@H]4[C@@H](O)C[C@]3(C)[C@]2(C(=O)CO)O1,1
TOX21NRAR-00105,CSC(=O)c1c(C(F)F)nc(C(F)(F)F)c(C(=O)SC)c1CC(C)C,0
TOX21NRAR-00106,O=C(O)/C=C(\CC(=O)O)C(=O)O,0
TOX21NRAR-00107,CCCCCCCCCCCCCCCC(=O)O[C@@H]1CC(C)=C(/C=C/C(C)=C/C=C/C(C)=C/C=C\C=C(C)\C=C\C=C(C)\C=C\C2=C(C)C[C@@H](OC(=O)CCCCCCCCCCCCCCC)CC2(C)C)C(C)(C)C1,0
TOX21NRAR-00108,CC1=C(C(=O)Nc2ccccc2)S(=O)(=O)CCO1,0
TOX21NRAR-00109,CC(C)(C)C1CCC(=O)CC1,0
TOX21NRAR-00110,CN(C)[C@@H]1C(O)=C(C(=O)NCN2CCCC2)C(=O)[C@@]2(O)C(O)=C3C(=O)c4c(O)cccc4[C@@](C)(O)C3C[C@@H]12,0
TOX21NRAR-00111,CN1CCN=C(c2ccccc2)c2cc(Cl)ccc21,0
TOX21NRAR-00112,CN(C)CCc1c[nH]c2ccc(Cn3cncn3)cc12,0
TOX21NRAR-00113,CCCCC(=O)[O-],0
TOX21NRAR-00114,CCCCCCCCCCCCCC(=O)OC,0
TOX21NRAR-00115,CCCCCCC(C)O,0
TOX21NRAR-00116,CCC[Si](OC)(OC)OC,0
TOX21NRAR-00117,CC1=C(CC=O)C(C)(C)CCC1,0
TOX21NRAR-00118,NCCNCCNCCN,0
TOX21NRAR-00119,C[C@]12CC[C@H]3[C@@H](CC[C@@]45O[C@@H]4C(O)=C(C#N)C[C@]35C)[C@@H]1CC[C@@H]2O,1
TOX21NRAR-00120,CCCC1COC(Cn2cncn2)(c2ccc(Cl)cc2Cl)O1,0
TOX21NRAR-00121,Cc1ccc(N)c(N)c1,0
TOX21NRAR-00122,CCCCCNCCCCC,0
TOX21NRAR-00123,COCC(C)O,0
TOX21NRAR-00124,c1ccc2c(c1)Oc1ccccc1S2,0
TOX21NRAR-00125,CC1CN1,0
TOX21NRAR-00126,CCc1cnc(C2=NC(C)(C(C)C)C(=O)N2)c(C(=O)O)c1,0
TOX21NRAR-00127,Clc1ccc(C(Cn2ccnc2)OCc2c(Cl)cccc2Cl)c(Cl)c1,0
TOX21NRAR-00128,Clc1cnc(Oc2ccc(Oc3ncc(Cl)cc3Cl)cc2)c(Cl)c1,0
TOX21NRAR-00129,COc1ccccc1OCCNCC(O)COc1cccc2[nH]c3ccccc3c12,0
TOX21NRAR-00130,ClCOCCl,0
TOX21NRAR-00131,CC(O)CNCC(C)O,0
TOX21NRAR-00132,C[C@H](CCC(=O)[O-])[C@H]1CC[C@H]2[C@H]3[C@H](C[C@H](O)[C@@]21C)[C@@]1(C)CC[C@@H](O)C[C@H]1C[C@H]3O,0
TOX21NRAR-00133,CC(=O)[C@H]1[C@H](C#N)C[C@H]2[C@@H]3CC=C4C[C@@H](O)CC[C@]4(C)[C@H]3CC[C@@]21C,0
TOX21NRAR-00134,O=[N+]([O-])c1ccc([As](=O)(O)O)cc1,0
TOX21NRAR-00135,CCOC(=O)C1OC1c1ccccc1,0
TOX21NRAR-00136,ONc1ccccc1,0
TOX21NRAR-00137,O=CC(=O)c1ccccc1,0
TOX21NRAR-00138,[Cu]I,0
TOX21NRAR-00139,CCCCC(CC)CCC(CC(C)C)OS(=O)(=O)[O-],0
TOX21NRAR-00140,ClCc1ccc(Cl)cc1Cl,0
TOX21NRAR-00141,O=C(O)CCCCCCCCC(=O)O,0
TOX21NRAR-00142,CCCCCCCC(=O)OC,0
TOX21NRAR-00143,CC(O)COCC(C)O,0
TOX21NRAR-00144,O=C([O-])COc1nn(Cc2ccccc2)c2ccccc12,0
TOX21NRAR-00145,Cc1ncc[nH]1,0
TOX21NRAR-00146,COc1ccc2sc(C(=O)Nc3nnn[n-]3)c(OC(C)C)c2c1,0
TOX21NRAR-00147,Oc1ccc2c(c1)OC[C@@H](N1CCC(O)(c3ccc(F)cc3)CC1)[C@H]2O,0
TOX21NRAR-00148,O=C(O)CCN(C1(C(=O)NO)CCCC1)S(=O)(=O)c1ccc(Oc2ccc(F)cc2)cc1,0
TOX21NRAR-00149,O=C(NO)C1(NS(=O)(=O)c2ccc(Oc3ccc(F)cc3)cc2)CCOCC1,0
TOX21NRAR-00150,Cc1nc(C)nc(N2C[C@H](C)N(c3ccnc([C@@H](C)O)n3)[C@H](C)C2)n1,0
TOX21NRAR-00151,CC[C@H](C)[C@@H](C(=O)O)n1sc2ccccc2c1=O,0
TOX21NRAR-00152,Cc1cc(SC2=C(O)C[C@@](CCc3ccc(N)cc3)(C(C)C)OC2=O)c(C(C)(C)C)cc1CO,0
TOX21NRAR-00153,CCn1nc(C)c2c1C(=O)NCC(c1ccc(O)cc1)=N2,0
TOX21NRAR-00154,C[C@]12C[C@H](O)[C@H]3[C@@H](CCC4=CC(=O)CC[C@@]43C)[C@@H]1CC[C@]2(O)C(=O)COP(=O)([O-])[O-],1
TOX21NRAR-00155,CO[C@H]1C[C@H](O[C@@H]2[C@@H](C)C(=O)O[C@H](C)[C@H](C)[C@H](OC(C)=O)[C@@H](C)C(=O)[C@@]3(CO3)C[C@H](C)[C@H](O[C@@H]3O[C@H](C)C[C@H](N(C)C)[C@H]3OC(C)=O)[C@H]2C)O[C@@H](C)[C@@H]1OC(C)=O,0
TOX21NRAR-00156,CO[Si](C)(C)OC,0
TOX21NRAR-00157,CC(O)(c1ccc(Cl)cc1)c1ccc(Cl)cc1,0
TOX21NRAR-00158,CN(C)C(=O)Nc1ccc(Oc2ccc(Cl)cc2)cc1,0
TOX21NRAR-00159,CC(=O)c1ccccc1O,0
TOX21NRAR-00160,O=C(O)Cc1c(Cl)ccc(Cl)c1Cl,0
TOX21NRAR-00161,O=C(O)c1cccc(Cl)n1,0
TOX21NRAR-00162,CCCCCCCCCC=O,0
TOX21NRAR-00163,Cc1ccc(C(C)(C)C)cc1,0
TOX21NRAR-00164,BrCBr,0
TOX21NRAR-00165,Nc1cc(Cl)cc(Cl)c1,0
TOX21NRAR-00166,CCCCCCCCCC(=O)O,0
TOX21NRAR-00167,CC(C)(C)c1cc([N+](=O)[O-])cc(C(C)(C)C)c1O,0
TOX21NRAR-00168,O.O.O.O.O.O.O=[N+]([O-])[O-].O=[N+]([O-])[O-].[Mg+2],0
TOX21NRAR-00169,CCCCCCCCCOS(=O)(=O)[O-],0
TOX21NRAR-00170,O=Cc1ccc(C(=O)O)cc1,0
TOX21NRAR-00171,CCC(Cl)CCl,0
TOX21NRAR-00172,CC(C)(O)c1ccccc1,0
TOX21NRAR-00173,O=C1CCCN1,0
TOX21NRAR-00174,ClCc1ccccc1Cl,0
TOX21NRAR-00175,Cc1ccc([N+](=O)[O-])c([N+](=O)[O-])c1,0
TOX21NRAR-00176,N#CC1(N=NC2(C#N)CCCCC2)CCCCC1,0
TOX21NRAR-00177,C=CC(=O)OCCOC(=O)C=C,0
TOX21NRAR-00178,CCCC[P+](CCCC)(CCCC)CCCC,0
TOX21NRAR-00179,N#CCc1cccc(C(F)(F)F)c1,0
TOX21NRAR-00180,COc1cccc(Br)c1,0
TOX21NRAR-00181,CCCCCCCCNC,0
TOX21NRAR-00182,CCC1OCC(COc2ccc(Oc3ccccc3)cc2)O1,0
TOX21NRAR-00183,CC1=C(C(=O)Nc2ccccc2)SCCO1,0
TOX21NRAR-00184,CCCCN(CCCC)SN(C)C(=O)Oc1cccc2c1OC(C)(C)C2,0
TOX21NRAR-00185,Cc1cc(OC(=O)N(C)C)nn1C(=O)N(C)C,0
TOX21NRAR-00186,Cc1ccc2c(Br)cc(Br)c(O)c2n1,0
TOX21NRAR-00187,O=c1c(O)c(-c2ccc(O)cc2)oc2cc(O)cc(O)c12,0
TOX21NRAR-00188,CC(O)COc1ccccc1,0
TOX21NRAR-00189,O=P1(NCCCl)OCCCN1CCCl,0
TOX21NRAR-00190,CC(C)O,0
TOX21NRAR-00191,CC(C)OC(=O)Nc1cccc(Cl)c1,0
TOX21NRAR-00192,CC(C)OC(=O)Nc1ccccc1,0
TOX21NRAR-00193,CC=Cc1ccc2c(c1)OCO2,0
TOX21NRAR-00194,CCCC(CCC)C(=O)[O-],0
TOX21NRAR-00195,CC1COc2c(N3CCN(C)CC3)c(F)cc3c(=O)c(C(=O)O)cn1c23,0
TOX21NRAR-00196,CC(=O)Oc1cc(C)c(OC(C)=O)c2ccccc12,0
TOX21NRAR-00197,CCN(Cc1ccc(Cl)nc1)/C(=C/[N+](=O)[O-])NC,0
TOX21NRAR-00198,CC1CCC(C(C)C)C(OC(=O)c2ccccc2N)C1,0
TOX21NRAR-00199,O=C(c1ccccc1)c1cc(Cl)ccc1O,0
TOX21NRAR-00200,OC[C@]1(O)OC[C@@H](O)[C@H](O)[C@@H]1O,0
TOX21NRAR-00201,Cc1ccc(C=C2C(=O)C3CCC2C3(C)C)cc1,0
TOX21NRAR-00202,CC(C)C[P+](C)(CC(C)C)CC(C)C,0
TOX21NRAR-00203,C=C1C[C@]23CC[C@@H]4[C@](C)(C(=O)O[C@@H]5O[C@H](CO)[C@@H](O)[C@H](O)[C@H]5O)CCC[C@]4(C)[C@@H]2C[C@@H](O[C@@H]2O[C@H](CO)[C@@H](O)[C@H](O[C@@H]4O[C@H](CO)[C@@H](O)[C@H](O)[C@H]4O)[C@H]2OC2O[C@H](CO)[C@@H](O)[C@H](O)[C@H]2O)[C@@H]1C3,0
TOX21NRAR-00204,CCCCCCCC[P+](CCCCCCCC)(CCCCCCCC)CCCCCCCC,0
TOX21NRAR-00205,CCCCC(CC)COC(=O)c1ccc(C(=O)OCC(CC)CCCC)c(C(=O)OCC(CC)CCCC)c1,0
TOX21NRAR-00206,O=c1n(CCO)c(=O)n(CCO)c(=O)n1CCO,0
TOX21NRAR-00207,Cc1cc(C)cc(OP(=O)(Oc2cc(C)cc(C)c2)Oc2cc(C)cc(C)c2)c1,0
TOX21NRAR-00208,O=P(OC(CCl)CCl)(OC(CCl)CCl)OC(CCl)CCl,0
TOX21NRAR-00209,O=c1n(CC2CO2)c(=O)n(CC2CO2)c(=O)n1CC1CO1,0
TOX21NRAR-00210,Cc1cc(-c2ccc(N=Nc3c(S(=O)(=O)[O-])cc4cc(S(=O)(=O)[O-])cc(N)c4c3O)c(C)c2)ccc1N=Nc1c(S(=O)(=O)[O-])cc2cc(S(=O)(=O)[O-])cc(N)c2c1O,0
TOX21NRAR-00211,O=C(O)c1ccc(O)cc1O,0
TOX21NRAR-00212,O=C1c2c(O)ccc([N+](=O)[O-])c2C(=O)c2c([N+](=O)[O-])ccc(O)c21,0
TOX21NRAR-00213,CC1=CC(C)(C)Nc2ccccc21,0
TOX21NRAR-00214,Cc1cc(=O)oc2cc(O)cc(O)c12,0
TOX21NRAR-00215,CC(C)CNCC(C)C,0
TOX21NRAR-00216,CNC1(c2ccccc2Cl)CCCCC1=O,0
TOX21NRAR-00217,Cc1ccccc1OCC(O)CNCCOc1ccc(C(N)=O)cc1,0
TOX21NRAR-00218,O=c1oc2cc(O)ccc2c2oc3cc(O)ccc3c12,0
TOX21NRAR-00219,COc1ccc(-c2coc3cc(O)cc(O)c3c2=O)cc1,0
TOX21NRAR-00220,O=c1cc(-c2ccccc2)oc2cc(O)cc(O)c12,0
TOX21NRAR-00221,O=c1cc(-c2ccc(O)cc2)oc2cc(O)cc(O)c12,0
TOX21NRAR-00222,CCC(=O)N(c1ccccc1)C1CCN(CCc2ccccc2)CC1,1
TOX21NRAR-00223,O=C(O)CCC(=O)c1ccc(-c2ccccc2)cc1,0
TOX21NRAR-00224,CCOC(=O)C1=C(C)NC(C)=C(C(=O)OC)C1c1cccc(Cl)c1Cl,0
TOX21NRAR-00225,NC(=O)OCC(COC(N)=O)c1ccccc1,0
TOX21NRAR-00226,CCNC(C)Cc1cccc(C(F)(F)F)c1,0
TOX21NRAR-00227,COC(=O)c1ccc(C)cc1C1=NC(=O)C(C)(C(C)C)N1,0
TOX21NRAR-00228,CCOP(=S)(NC(C)C)Oc1ccccc1C(=O)OC(C)C,0
TOX21NRAR-00229,CSc1nc(NC2CC2)nc(NC(C)(C)C)n1,0
TOX21NRAR-00230,C[C@]12CC[C@H]3[C@@H](CCC4=CC(=O)CC[C@@]43C)[C@@H]1CC[C@@H]2C(=O)CO,1
TOX21NRAR-00231,CCC1(C)CC(=O)NC(=O)C1,0
TOX21NRAR-00232,O=C1NCN(c2ccccc2)C12CCN(CCCOc1ccc(F)cc1)CC2,0
TOX21NRAR-00233,NC(=S)NNC(N)=S,0
TOX21NRAR-00234,NC(=S)C(N)=S,0
TOX21NRAR-00235,CC1CN1P(=O)(N1CC1C)N1CC1C,0
TOX21NRAR-00236,O=C(Oc1ccccc1)Oc1ccccc1,0
TOX21NRAR-00237,C[Hg]Cl,0
TOX21NRAR-00238,S=c1[nH]cnc2[nH]cnc12,0
TOX21NRAR-00239,[Hg+2],0
TOX21NRAR-00240,CCCCCCCCCCCCNC(=N)N,0
TOX21NRAR-00241,CN(C)CCN(Cc1cccs1)c1ccccn1,0
TOX21NRAR-00242,COc1nn(CSP(=S)(OC)OC)c(=O)s1,0
TOX21NRAR-00243,NC1=NCC2c3ccccc3Cc3ccccc3N12,0
TOX21NRAR-00244,CC(=O)[C@H]1CC[C@H]2[C@@H]3CC[C@H]4C[C@](C)(O)CC[C@]4(C)[C@H]3CC[C@]12C,0
TOX21NRAR-00245,O=C([O-])CCC/C=C\C[C@H]1[C@@H](O)C[C@@H](O)[C@@H]1/C=C/[C@@H](O)COc1cccc(Cl)c1,0
TOX21NRAR-00246,O=C(O)Cc1ccc(CCNS(=O)(=O)c2ccc(Cl)cc2)cc1,0
TOX21NRAR-00247,NC(=O)c1cn(Cc2c(F)cccc2F)nn1,0
TOX21NRAR-00248,COc1ccc(C=CC(=O)OCCC(C)C)cc1,0
TOX21NRAR-00249,O=C(NC1CCN(CCc2c[nH]c3ccccc23)CC1)c1ccccc1,0
TOX21NRAR-00250,CCn1cc[n+](C)c1C.O=S(=O)([O-])C(F)(F)F,0
TOX21NRAR-00251,Clc1ccc2cc3ccccc3cc2c1,0
TOX21NRAR-00252,CCCCn1cc[n+](C)c1.F[B-](F)(F)F,0
TOX21NRAR-00253,F/C(COc1ccc2c(c1)[nH]c1ccccc12)=C1/CN2CCC1CC2,0
TOX21NRAR-00254,CC(C)Cc1ccc([C@@H](C)C(=O)NS(C)(=O)=O)cc1,0
TOX21NRAR-00255,CCCCN(CCCC)C(=S)SSC(=S)N(CCCC)CCCC,0
TOX21NRAR-00256,CCC[n+]1ccn(C)c1C.O=S(=O)([N-]S(=O)(=O)C(F)(F)F)C(F)(F)F,0
TOX21NRAR-00257,Brc1c2ccccc2cc2ccccc12,0
TOX21NRAR-00258,CCO/C=C1\N=C(c2ccccc2)OC1=O,0
TOX21NRAR-00259,CNc1cc(OC)c(C(=O)N[C@H]2CCN(Cc3ccccc3)[C@H]2C)cc1Cl,0
TOX21NRAR-00260,CCN1CCCC1CNC(=O)c1cc(S(=O)(=O)CC)c(N)cc1OC,0
TOX21NRAR-00261,COc1cc2c(cc1OC)C1CC(=O)C(CC(C)C)CN1CC2,0
TOX21NRAR-00262,Cc1cc(C)cc(C(=O)OC2C[C@@H]3CC[C@H](C2)N3C)c1,0
TOX21NRAR-00263,CC[N+]1(C)CCCC1.O=S(=O)([O-])C(F)(F)F,0
TOX21NRAR-00264,COP(=O)(OC)SCn1c(=O)oc2cc(Cl)cnc21,0
TOX21NRAR-00265,CNC(=O)/C=C(\C)OP(=O)(OC)OC,0
TOX21NRAR-00266,Cc1occc1SSc1ccoc1C,0
TOX21NRAR-00267,Cc1cc(C(F)(C(F)(F)F)C(F)(F)F)ccc1NC(=O)c1cccc(I)c1C(=O)NC(C)(C)CS(C)(=O)=O,0
TOX21NRAR-00268,CC=CC(=O)CC,0
TOX21NRAR-00269,CC1OCCC1=O,0
TOX21NRAR-00270,CC1CCCC(=O)C1=O,0
TOX21NRAR-00271,CC1=C(O)C(=O)OC1C,0
TOX21NRAR-00272,CCCCCc1ccco1,0
TOX21NRAR-00273,c1cnc2c(n1)CCCC2,0
TOX21NRAR-00274,CCCCc1ccc2cccc(S(=O)(=O)[O-])c2c1,0
TOX21NRAR-00275,Cc1cc(S(=O)(=O)[O-])ccc1/N=N/c1c(O)ccc2ccccc12,0
TOX21NRAR-00276,Cc1ccc(N=Nc2c(O)ccc(N=Nc3ccc(S(=O)(=O)[O-])cc3)c2O)c(C)c1,0
TOX21NRAR-00277,Nc1cnn([C@@H]2O[C@H](CO)[C@@H](O)[C@H]2O)c(=O)n1,0
TOX21NRAR-00278,CCNc1nc(Cl)nc(NC(C)(C)C)n1,0
TOX21NRAR-00279,NS(=O)(=O)c1cc2c(cc1Cl)N=CNS2(=O)=O,0
TOX21NRAR-00280,Oc1c(Cl)cc(Cl)c2cccnc12,0
TOX21NRAR-00281,NC(=O)OCC(O)COc1ccc(Cl)cc1,0
TOX21NRAR-00282,CN(C)CCCN1c2ccccc2Sc2ccc(Cl)cc21,0
TOX21NRAR-00283,CCCCCCCCCCCCCCn1cc[n+](C)c1,0
TOX21NRAR-00284,O=[Cr](=O)([O-])O[Cr](=O)(=O)[O-],0
TOX21NRAR-00285,O=P(Cl)(Cl)Cl,0
TOX21NRAR-00286,CCN(Cc1cccc(S(=O)(=O)[O-])c1)c1ccc(C(=C2C=CC(=[N+](CC)Cc3cccc(S(=O)(=O)[O-])c3)C=C2)c2ccccc2)cc1,0
TOX21NRAR-00287,CC(C)COC(=O)COc1cc(Cl)c(Cl)cc1Cl,0
TOX21NRAR-00288,O=C(OC[C@H]1O[C@@H](OC(=O)c2cc(O)c(O)c(OC(=O)c3cc(O)c(O)c(O)c3)c2)[C@H](OC(=O)c2cc(O)c(O)c(OC(=O)c3cc(O)c(O)c(O)c3)c2)[C@@H](OC(=O)c2cc(O)c(O)c(OC(=O)c3cc(O)c(O)c(O)c3)c2)[C@@H]1OC(=O)c1cc(O)c(O)c(OC(=O)c2cc(O)c(O)c(O)c2)c1)c1cc(O)c(O)c(OC(=O)c2cc(O)c(O)c(O)c2)c1,1
TOX21NRAR-00289,CN(C)CCOC(c1ccccc1)c1ccccc1,0
TOX21NRAR-00290,COC(=O)c1ccc(C)cc1,0
TOX21NRAR-00291,CN(C)CCCN1c2ccccc2C(C)(C)c2ccccc21,0
TOX21NRAR-00292,COc1ccc([C@@H]2Sc3ccccc3N(CCN(C)C)C(=O)[C@@H]2OC(C)=O)cc1,0
TOX21NRAR-00293,CC(=O)C=Cc1ccccc1,0
TOX21NRAR-00294,Cc1c[nH]c(=S)[nH]c1=O,0
TOX21NRAR-00295,COc1ccc2cc1Oc1cc3c(cc1OC)CC[N+](C)(C)[C@H]3Cc1ccc(cc1)Oc1c(OC)c(OC)cc3c1[C@@H](C2)[N+](C)(C)CC3,0
TOX21NRAR-00296,CCCCC[C@H](O)/C=C/[C@H]1[C@H](O)CC(=O)[C@@H]1C/C=C\CCCC(=O)O,0
TOX21NRAR-00297,CCCCC[C@H](O)/C=C/[C@H]1[C@H](O)C[C@H](O)[C@@H]1C/C=C\CCCC(=O)O,0
TOX21NRAR-00298,CC12CCC(CC1)C(C)(C)O2,0
TOX21NRAR-00299,C=COCC1CCC(CO)CC1,0
TOX21NRAR-00300,CC(=O)/C=C/C1=C(C)CCCC1(C)C,0
TOX21NRAR-00301,CC(=O)NC1CCSC1=O,0
TOX21NRAR-00302,CC(C)(C)CC(C)(C)c1ccc(O)c(Cc2ccc(Cl)cc2Cl)c1,0
TOX21NRAR-00303,CC1COc2ccccc2N1C(=O)C(Cl)Cl,0
TOX21NRAR-00304,CC(N)CN,0
TOX21NRAR-00305,CCC(C)O,0
TOX21NRAR-00306,CCCCC(CC)CNC(=N)NC(=N)NCCCCCCNC(=N)NC(=N)NCC(CC)CCCC,0
TOX21NRAR-00307,CC(O)CN,0
TOX21NRAR-00308,CO/N=C(\C(=O)N[C@@H]1C(=O)N2C(C(=O)[O-])=C(CSc3nc(=O)c([O-])nn3C)CS[C@H]12)c1csc(N)n1,0
TOX21NRAR-00309,O=c1oc2cc(O)ccc2s1,0
TOX21NRAR-00310,C=CCc1ccc(O)c(OC)c1,0
TOX21NRAR-00311,COC(=O)[C@@H](N)CCCN/C(N)=N/[N+](=O)[O-],0
TOX21NRAR-00312,CC1(S(=O)(=O)[O-])CC(=O)c2ccccc2C1=O,0
TOX21NRAR-00313,Cc1nnc2n1-c1sc(CCC(=O)N3CCOCC3)cc1C(c1ccccc1Cl)=NC2,0
TOX21NRAR-00314,C[C@H](N[C@H](CCc1ccccc1)C(=O)O)C(=O)N1CCC[C@H]1C(=O)O,0
TOX21NRAR-00315,CCC(C)[C@H]1O[C@]2(C=C[C@@H]1C)C[C@@H]1C[C@@H](CC=C(C)[C@@H](O[C@H]3C[C@H](OC)[C@@H](O[C@H]4C[C@H](OC)[C@H](NC(C)=O)[C@H](C)O4)[C@H](C)O3)[C@@H](C)C=CC=C3CO[C@@H]4[C@H](O)C(C)=C[C@@H](C(=O)O1)[C@]34O)O2,0
TOX21NRAR-00316,COc1c(Br)cc(Br)c(C)c1Br,0
TOX21NRAR-00317,C=C[C@H]1CN2CC[C@H]1C[C@H]2[C@H](O)c1ccnc2ccc(OC)cc12.C=C[C@H]1CN2CC[C@H]1C[C@H]2[C@H](O)c1ccnc2ccc(OC)cc12,1
TOX21NRAR-00318,CN(C)CCc1c[nH]c2ccc(CS(=O)(=O)N3CCCC3)cc12,0
TOX21NRAR-00319,O=C1/C(=C2\Nc3ccc(S(=O)(=O)O)cc3C2=O)Nc2ccc(S(=O)(=O)O)cc21,0
TOX21NRAR-00320,CC(=O)O[Cr](O)OC(C)=O.CC(=O)O[Cr](O)OC(C)=O.CC(=O)O[Cr](OC(C)=O)OC(C)=O,0
TOX21NRAR-00321,CO[C@H]1CC(O[C@H]2C[C@H]([C@H]3O[C@](C)(O)[C@H](C)C[C@@H]3C)O[C@H]2[C@]2(C)CC[C@H]([C@]3(C)CC[C@]4(C[C@H](O)[C@@H](C)[C@@H]([C@@H](C)[C@@H]5O[C@](O)(CC(=O)[O-])[C@@H](C)[C@H](OC)[C@H]5OC)O4)O3)O2)O[C@@H](C)[C@@H]1OC,0
TOX21NRAR-00322,C=CC(=O)OCCn1c(=O)n(CCOC(=O)C=C)c(=O)n(CCOC(=O)C=C)c1=O,0
TOX21NRAR-00323,C=C(C)C(=O)OCCNC(C)(C)C,0
TOX21NRAR-00324,NS(=O)(=O)c1ccccc1OC(F)(F)F,0
TOX21NRAR-00325,O=C=NCC1CCCC(CN=C=O)C1,0
TOX21NRAR-00326,C=C[C@H]1CN2CCC1C[C@@H]2[C@@H](O)c1ccnc2ccccc12,0
TOX21NRAR-00327,O=C(O)c1ccccc1O.Oc1cccc2cccnc12,0
TOX21NRAR-00328,C[C@]12CC[C@@H]3c4ccc(O)cc4CC[C@H]3[C@@H]1CC[C@@H]2OP(=O)(O)O,1
TOX21NRAR-00329,O=C(O)[C@@H](S)[C@H](S)C(=O)O,0
TOX21NRAR-00330,CN1CCN(CCCN2c3ccccc3Sc3ccc(C(F)(F)F)cc32)CC1,0
TOX21NRAR-00331,NS(=O)(=O)c1ccc(C(=O)O)cc1,0
TOX21NRAR-00332,O=C(CCS)OCC(COC(=O)CCS)(COC(=O)CCS)COC(=O)CCS,0
TOX21NRAR-00333,OCCOCCN1CCN(C2=Nc3ccccc3Sc3ccccc32)CC1,0
TOX21NRAR-00334,Cc1cc(/C=C/c2ccc3cc(N(C)C)ccc3[n+]2C)c(C)n1-c1ccccc1.Cc1cc(/C=C/c2ccc3cc(N(C)C)ccc3[n+]2C)c(C)n1-c1ccccc1.O=C([O-])c1cc2ccccc2c(Cc2c(O)c(C(=O)[O-])cc3ccccc23)c1O,0
TOX21NRAR-00335,COc1ccc(CN(CCN(C)C)c2ccccn2)cc1,0
TOX21NRAR-00336,CN(C)C(=O)Oc1ccc[n+](C)c1,1
TOX21NRAR-00337,Cc1ncc(CO)c(CO)c1O,0
TOX21NRAR-00338,CCC1NC(=O)c2cc(S(N)(=O)=O)c(Cl)cc2N1,0
TOX21NRAR-00339,C=C[C@H]1CN2CCC1C[C@@H]2[C@@H](O)c1ccnc2ccc(OC)cc12,0
TOX21NRAR-00340,Brc1cc2ccccc2c2ccccc12,0
TOX21NRAR-00341,CC(C)(N)CO,0
TOX21NRAR-00342,CC(C)(CO)CO,0
TOX21NRAR-00343,O=S1(=O)CCCC1,0
TOX21NRAR-00344,O=[N+]([O-])C(CO)(CO)CO,0
TOX21NRAR-00345,OCC(CO)(CO)COCC(CO)(CO)CO,0
TOX21NRAR-00346,O=[N+]([O-])OCCN(CCO[N+](=O)[O-])CCO[N+](=O)[O-],0
TOX21NRAR-00347,NC(CO)(CO)CO,0
TOX21NRAR-00348,O=C(Cl)c1cc(C(=O)Cl)cc(C(=O)Cl)c1,0
TOX21NRAR-00349,CO[Si](CCCS)(OC)OC,0
TOX21NRAR-00350,COc1cc2c3cc1Oc1cc(ccc1O)C[C@@H]1c4c(cc(OC)c(O)c4Oc4ccc(cc4)C[C@@H]3N(C)CC2)CC[N+]1(C)C,0
TOX21NRAR-00351,O=C(O[C@@H]1C[C@@H]2CC[C@H](C1)[N+]21CCCC1)C(O)(c1ccccc1)c1ccccc1,0
TOX21NRAR-00352,COc1cc(C(=O)NC2CCCNC2)cc(OC)c1OC,0
TOX21NRAR-00353,C[N+](C)=CCl,0
TOX21NRAR-00354,CC(=O)c1cccnc1,0
TOX21NRAR-00355,O=S1(=O)OC(c2ccc([O-])cc2)(c2ccc(O)cc2)c2ccccc21,0
TOX21NRAR-00356,O=CN1CCOCC1,0
TOX21NRAR-00357,COC(=O)CCC(=O)O,0
TOX21NRAR-00358,NCc1cccnc1,0
TOX21NRAR-00359,CCCCCCCCn1sc(Cl)c(Cl)c1=O,0
TOX21NRAR-00360,Cc1cc(O)cc(C)c1Cl,0
TOX21NRAR-00361,O=[Zr](Cl)Cl,0
TOX21NRAR-00362,CSc1ccc2c(c1)N(CCC1CCCCN1C)c1ccccc1S2,0
TOX21NRAR-00363,c1ccc2cnncc2c1,0
TOX21NRAR-00364,COC(=O)c1ccc(CBr)cc1,0
TOX21NRAR-00365,CN1CCc2cc(Cl)c(O)cc2[C@H]2c3ccccc3CC[C@@H]21,0
TOX21NRAR-00366,O=P(O)(OCc1ccccc1)OCc1ccccc1,0
TOX21NRAR-00367,S=C=NCc1ccccc1,0
TOX21NRAR-00368,Oc1ccc(Cl)cc1Cc1ccccc1,0
TOX21NRAR-00369,ClCc1ccccc1,0
TOX21NRAR-00370,OCc1ccccc1,0
TOX21NRAR-00371,CC(=O)OCc1ccccc1,0
TOX21NRAR-00372,COCCc1ccc(OCC(O)CNC(C)C)cc1.COCCc1ccc(OCC(O)CNC(C)C)cc1,0
TOX21NRAR-00373,CN(C)C(=N)NC(=N)N,0
TOX21NRAR-00374,CCCC[Sn](CCCC)(OC(C)=O)OC(C)=O,0
TOX21NRAR-00375,C[NH+](C)CCC(c1ccccc1)c1cccc[nH+]1,0
TOX21NRAR-00376,CCOc1ccc(N)cc1,0
TOX21NRAR-00377,CC(C)=CCC[C@H](C)CCO,0
TOX21NRAR-00378,CCOc1cccc(N)c1,0
TOX21NRAR-00379,Nc1ccccc1C(=O)OCCc1ccccc1,1
TOX21NRAR-00380,CC(C)CC(O)CC(C)C,0
TOX21NRAR-00381,C=C(C)C(=O)OCCOP(=O)(O)OCCOC(=O)C(=C)C,0
TOX21NRAR-00382,c1ccc2c(c1)OCC(CN1CCCCC1)O2,0
TOX21NRAR-00383,C=CCN1CCCC1CNC(=O)c1cc(S(N)(=O)=O)cc(OC)c1OC,0
TOX21NRAR-00384,C=C(C)OC(C)=O,0
TOX21NRAR-00385,Cc1cc(O)cc2c1O[C@](C)(CCC[C@H](C)CCC[C@H](C)CCCC(C)C)CC2,0
TOX21NRAR-00386,Cc1ncc(C[n+]2csc(CCOP(=O)(O)OP(=O)(O)O)c2C)c(N)n1,0
TOX21NRAR-00387,NC(=O)[C@H]1O[C@@H](O)[C@H](O)[C@@H](O)[C@@H]1O,0
TOX21NRAR-00388,O=C1CC[C@@H](C(=O)O)N1,0
TOX21NRAR-00389,CN1C(=S)CN=C(c2ccccc2)c2cc(Cl)ccc21,0
TOX21NRAR-00390,CC(C)(C)OC(=O)c1ncn2c1[C@@H]1CCCN1C(=O)c1c(Br)cccc1-2,0
TOX21NRAR-00391,CCC(Cc1c(I)cc(I)c(O)c1I)C(=O)O,0
TOX21NRAR-00392,CCOc1cc(NC(C)=O)ccc1C(=O)OC,0
TOX21NRAR-00393,CC(O)C#CC(C)O,0
TOX21NRAR-00394,COc1ccc(N)cc1N,0
TOX21NRAR-00395,CC1(C)[C@@H](O[C@H]2O[C@H](C(=O)O)[C@@H](O)[C@H](O)[C@H]2O[C@@H]2O[C@H](C(=O)[O-])[C@@H](O)[C@H](O)[C@H]2O)CC[C@@]2(C)[C@H]1CC[C@]1(C)[C@@H]2C(=O)C=C2[C@@H]3C[C@@](C)(C(=O)O)CC[C@]3(C)CC[C@]21C,0
TOX21NRAR-00396,O=C1NC(=O)C(=O)C(=O)N1,0
TOX21NRAR-00397,CC(C)(C)c1cc(/C=C2\SC(=N)NC2=O)cc(C(C)(C)C)c1O,0
TOX21NRAR-00398,OCCCC1CCCCC1,0
TOX21NRAR-00399,Cc1cc2c3c(c1)C(c1ccccc1)=N[C@@H](NC(=O)c1ccncc1)C(=O)N3CC2,0
TOX21NRAR-00400,CCc1cc(C2=C(C(=O)[O-])N(c3ccccc3C(F)(F)F)S(=O)(=O)c3ccccc32)cc2c1OCO2,0
TOX21NRAR-00401,O=S(=O)([O-])c1ccc2c(/N=N\c3ccc(S(=O)(=O)[O-])c4ccccc34)c(O)c(S(=O)(=O)[O-])cc2c1,0
TOX21NRAR-00402,O=C=Nc1ccc(Cl)cc1,0
TOX21NRAR-00403,CC(C)OC(=O)c1ccccc1C(=O)OC(C)C,0
TOX21NRAR-00404,CO[C@H]1[C@H]([C@@]2(C)O[C@@H]2CC=C(C)C)[C@]2(CC[C@H]1OC(=O)/C=C/C=C/C=C/C=C/C(=O)O)CO2,0
TOX21NRAR-00405,C1CCC2(CCCCO2)OC1,0
TOX21NRAR-00406,C[C@H]1O[C@H](O[C@@H]2[C@@H](O)[C@@H](O)[C@H](O)[C@H](O)[C@H]2O)[C@@H](N)C[C@@H]1NC(=N)C(=O)O,0
TOX21NRAR-00407,CN(C)CCCN1c2ccccc2CCc2ccccc21,0
TOX21NRAR-00408,CCCCOCCO,0
TOX21NRAR-00409,[O-][n+]1ccccc1[S-],0
TOX21NRAR-00410,CCCN(CCC)C(=O)SCC,0
TOX21NRAR-00411,O=S(=O)([O-])c1cccc2ccccc12,0
TOX21NRAR-00412,CC(C)C1=CC2=CC[C@H]3[C@](C)(C(=O)[O-])CCC[C@]3(C)[C@H]2CC1,0
TOX21NRAR-00413,CN(C)c1ccc(C(=O)c2ccc(N(C)C)cc2)cc1,0
TOX21NRAR-00414,N#CCCC#N,0
TOX21NRAR-00415,Cc1ncc([N+](=O)[O-])n1CCO,0
TOX21NRAR-00416,Nc1c(CC(=O)[O-])cccc1C(=O)c1ccccc1,0
TOX21NRAR-00417,C[N+]1(C)[C@H]2CC[C@@H]1C[C@H](OC(=O)C(CO)c1ccccc1)C2,1
TOX21NRAR-00418,CC(Cl)(Cl)C(=O)O,0
TOX21NRAR-00419,CN[C@@H]1[C@H](O[C@H]2[C@H](O[C@@H]3[C@@H](NC(=N)N)[C@H](O)[C@@H](NC(=N)N)[C@H](O)[C@H]3O)O[C@@H](C)[C@]2(O)C=O)O[C@@H](CO)[C@H](O)[C@H]1O.CN[C@@H]1[C@H](O[C@H]2[C@H](O[C@@H]3[C@@H](NC(=N)N)[C@H](O)[C@@H](NC(=N)N)[C@H](O)[C@H]3O)O[C@@H](C)[C@]2(O)C=O)O[C@@H](CO)[C@H](O)[C@H]1O,0
TOX21NRAR-00420,O=C(CCl)CCl,0
TOX21NRAR-00421,CC(=O)C(Cl)Cl,0
TOX21NRAR-00422,CC(C)(c1ccccc1)c1ccc(O)cc1,0
TOX21NRAR-00423,Cc1cc(O)c2c(O)c3c(O)cccc3cc2c1,0
TOX21NRAR-00424,CCC(=O)[N-]S(=O)(=O)c1ccc(-c2c(-c3ccccc3)noc2C)cc1,0
TOX21NRAR-00425,Cc1ccccc1N1CCN(CCc2nnc3n2CCCC3)CC1,0
TOX21NRAR-00426,C=Cc1ccc(S(=O)(=O)[O-])cc1,0
TOX21NRAR-00427,C[C@]12CC[C@@H]3c4ccc(OC(=O)N(CCCl)CCCl)cc4CC[C@H]3[C@@H]1CC[C@@H]2OP(=O)(O)O,1
TOX21NRAR-00428,CC1Cc2ccccc2N1NC(=O)c1ccc(Cl)c(S(N)(=O)=O)c1,0
TOX21NRAR-00429,CC(=O)OC(C)C(=O)OCC[N+](C)(C)C.CC(=O)OC(C)C(=O)OCC[N+](C)(C)C.O=S(=O)([O-])c1cccc2c(S(=O)(=O)[O-])cccc12,0
TOX21NRAR-00430,CC(=O)CC(=O)Nc1ccc2[nH]c(=O)[nH]c2c1,0
TOX21NRAR-00431,CCO[Si](C)(CCCOCC1CO1)OCC,0
TOX21NRAR-00432,O=[N+]([O-])c1cc(C(F)(F)F)c(Cl)c([N+](=O)[O-])c1Cl,0
TOX21NRAR-00433,CCCCOCCOCCOCCO,0
TOX21NRAR-00434,Cc1cccc(Cc2c[nH]cn2)c1C,0
TOX21NRAR-00435,CCOC(=O)CC(=O)OCC,0
TOX21NRAR-00436,COc1ccc(CNCC(O)COc2ccc3[nH]c(=O)ccc3c2)cc1OC,0
TOX21NRAR-00437,COC(=O)C1=C(C)NC(COC(N)=O)=C(C(=O)OC(C)C)C1c1cccc(Cl)c1Cl,0
TOX21NRAR-00438,CCNC(=O)NCCCOc1cccc(CN2CCCCC2)c1,0
TOX21NRAR-00439,CC(=O)SCC(CC(=O)c1ccc(C)cc1)C(=O)O,0
TOX21NRAR-00440,CCOC(=O)Cn1cccc1-c1nc(-c2ccc(OC)cc2)c(-c2ccc(OC)cc2)s1,0
TOX21NRAR-00441,O=C(CCCN1CCN(c2ccc(F)cc2)CC1)NC1c2ccccc2CSc2ccccc21,0
TOX21NRAR-00442,CC(C)(C)NC[C@H](O)c1ccc(O)cc1Cl,0
TOX21NRAR-00443,CCCCC/C=C\C/C=C\CCCCCCCC(=O)NC(C)c1ccccc1,0
TOX21NRAR-00444,CC(NN)c1ccccc1,0
TOX21NRAR-00445,CCN(C)C(=O)Oc1cccc([C@H](C)N(C)C)c1,0
TOX21NRAR-00446,CNC(=O)c1cc(Oc2ccc(NC(=O)Nc3ccc(Cl)c(C(F)(F)F)c3)cc2)ccn1,0
TOX21NRAR-00447,CCN(CC)C(C)C(=O)c1ccccc1,0
TOX21NRAR-00448,CCN1CC(CCN2CCOCC2)C(c2ccccc2)(c2ccccc2)C1=O,0
TOX21NRAR-00449,Cc1cccc(C(=O)O)c1[N+](=O)[O-],0
TOX21NRAR-00450,CCN(CC)CCOC(=O)C1(c2ccccc2)CCCC1.CCN(CC)CCOC(=O)C1(c2ccccc2)CCCC1.O=S(=O)(O)CCS(=O)(=O)O,0
TOX21NRAR-00451,Clc1ccccn1,0
TOX21NRAR-00452,CCC(=O)/C=C/C1C(C)=CCCC1(C)C,0
TOX21NRAR-00453,CC1CC(OC(=O)c2ccccc2O)CC(C)(C)C1,0
TOX21NRAR-00454,CCCCCCCCCO,0
TOX21NRAR-00455,CCCCCCNCCCCCC,0
TOX21NRAR-00456,CCN(CC)c1ccc(N)cc1,0
TOX21NRAR-00457,ClCCCCl,0
TOX21NRAR-00458,CCCCCCOC(C)=O,0
TOX21NRAR-00459,CCCCC(CC)COC(=O)CCCCCCCCC(=O)OCC(CC)CCCC,0
TOX21NRAR-00460,CCOC(C)=O,0
TOX21NRAR-00461,NCCNCCN,1
TOX21NRAR-00462,CCOP(=O)(CC)OCC,0
TOX21NRAR-00463,Cc1c2oc3c(C)ccc(C(=O)N[C@@H]4C(=O)N[C@H](C(C)C)C(=O)N5CCC[C@H]5C(=O)N(C)CC(=O)N(C)[C@@H](C(C)C)C(=O)O[C@@H]4C)c3nc-2c(C(=O)N[C@@H]2C(=O)N[C@H](C(C)C)C(=O)N3CCC[C@H]3C(=O)N(C)CC(=O)N(C)[C@@H](C(C)C)C(=O)O[C@@H]2C)c(N)c1=O,0
TOX21NRAR-00464,NC(=O)CCCCC(N)=O,0
TOX21NRAR-00465,CNC(=O)ON=CC(C)(C)SC,0
TOX21NRAR-00466,C=CCOc1ccc(CC(=O)O)cc1Cl,1
TOX21NRAR-00467,NN,0
TOX21NRAR-00468,N[C@@H](Cc1cnc[nH]1)C(=O)O,0
TOX21NRAR-00469,NNc1nc(-c2ccccc2)cs1,0
TOX21NRAR-00470,NNc1nc(-c2ccc(N)cc2)cs1,0
TOX21NRAR-00471,Cc1ccccc1CO[C@H]1C[C@]2(C(C)C)CC[C@@]1(C)O2,0
TOX21NRAR-00472,NNc1ccc(C(=O)O)cc1,1
TOX21NRAR-00473,CCCCCCOc1ccccc1C(=O)O,0
TOX21NRAR-00474,O=C(OCc1ccccc1)C(=O)OCc1ccccc1,0
TOX21NRAR-00475,CCCSc1ccc2[nH]c(NC(=O)OC)nc2c1,0
TOX21NRAR-00476,CCc1cccc(C)c1N(C(=O)CCl)[C@@H](C)COC,0
TOX21NRAR-00477,O=C(O)c1ccccc1C(=O)Nc1cccc2ccccc12,0
TOX21NRAR-00478,CCC(=O)OC1(c2ccccc2)CCN(C)CC1,0
TOX21NRAR-00479,COc1cc(-c2ccc(=O)[nH]n2)ccc1OC(F)F,0
TOX21NRAR-00480,CCOc1ccc([N+](=O)[O-])cc1,0
TOX21NRAR-00481,CCCCN(CCCC)CCCOC(=O)c1ccc(N)cc1,0
TOX21NRAR-00482,CCCCOc1cc(C(=O)NCCN(CC)CC)c2ccccc2n1,0
TOX21NRAR-00483,CC(C)(c1cc(Br)c(OCC(Br)CBr)c(Br)c1)c1cc(Br)c(OCC(Br)CBr)c(Br)c1,0
TOX21NRAR-00484,CC(C)c1ccc(C(C)C)cc1,0
TOX21NRAR-00485,COc1c2occc2cc2ccc(=O)oc12,0
TOX21NRAR-00486,COC(C)(C)C,0
TOX21NRAR-00487,COC(N)=O,0
TOX21NRAR-00488,COC(=O)NN,0
TOX21NRAR-00489,Cc1cccc(/N=N/c2ccc(N(C)C)cc2)c1,1
TOX21NRAR-00490,CCCc1nn(C)c2c(=O)[nH]c(-c3cc(S(=O)(=O)N4CCN(C)CC4)ccc3OCC)nc12.O=C(O)CC(O)(CC(=O)O)C(=O)O,0
TOX21NRAR-00491,O=C(O)CNC(=O)c1ccccc1,0
TOX21NRAR-00492,CCCCN1CCCC[C@H]1C(=O)Nc1c(C)cccc1C,0
TOX21NRAR-00493,CC(C)(C)OC(=O)N1C[C@@H](F)C[C@H]1C(=O)O,0
TOX21NRAR-00494,CC(=O)Oc1c(C)cc(OCC(O)CNC(C)C)c(C)c1C,1
TOX21NRAR-00495,O=C(OCC1CO1)C1CCCCC1C(=O)OCC1CO1,0
TOX21NRAR-00496,Oc1nc(O)nc(O)n1,0
TOX21NRAR-00497,N#CC1(O)CCCCC1,0
TOX21NRAR-00498,CCOC(=O)c1ncn2c1CN(C)C(=O)c1cc(F)ccc1-2,0
TOX21NRAR-00499,CNCCC(Oc1ccc(C(F)(F)F)cc1)c1ccccc1,0
TOX21NRAR-00500,C[C@]12C[C@H](O)[C@@]3(F)[C@@H](CCC4=CC(=O)CC[C@@]43C)[C@@H]1CC[C@]2(O)C(=O)CO,1
TOX21NRAR-00501,CCCCCCCCCCCCCCCCCCOCC(O)CO,1
TOX21NRAR-00502,OCCN1CCN(CCCN2c3ccccc3Sc3ccc(C(F)(F)F)cc32)CC1,0
TOX21NRAR-00503,CSCCC=O,0
TOX21NRAR-00504,CC(C)(C)C(=O)Cl,0
TOX21NRAR-00505,CCCCC(CC)COC(=O)Cl,0
TOX21NRAR-00506,CCCCC(CC)C(=O)[O-],0
TOX21NRAR-00507,BrC1CCC(Br)C(Br)CCC(Br)C(Br)CCC1Br,0
TOX21NRAR-00508,COCN(COC)c1nc(N(COC)COC)nc(N(COC)COC)n1,0
TOX21NRAR-00509,O=Cc1cccc(Br)c1,0
TOX21NRAR-00510,CC(C)(C)CC(C)(C)c1ccc(O)c(-n2nc3ccccc3n2)c1,0
TOX21NRAR-00511,C/C=C/C=C/C(=O)[O-],0
TOX21NRAR-00512,Cc1cc(C)nc(Nc2ccccc2)n1,0
TOX21NRAR-00513,CC(C)C[C@@H](NC(=O)[C@@H](O)[C@H](N)Cc1ccccc1)C(=O)O,1
TOX21NRAR-00514,Nc1cnn(-c2ccccc2)c(=O)c1Cl,0
TOX21NRAR-00515,CCOC(=O)COc1cc(-c2nn(C)c(OC(F)F)c2Cl)c(F)cc1Cl,0
TOX21NRAR-00516,CCCCCC=CCC(=O)OC,0
TOX21NRAR-00517,S=C1SCN(Cc2ccccc2)CN1Cc1ccccc1,0
TOX21NRAR-00518,CCCCCCCCC(=O)OCC,0
TOX21NRAR-00519,CCCCCCCC#N,0
TOX21NRAR-00520,CCCCCCCCCCCCCC(=O)OCC,0
TOX21NRAR-00521,CCCCCCC(O)CCOC(C)=O,0
TOX21NRAR-00522,C=CCCCCCCCCO,0
TOX21NRAR-00523,CC(=O)NC1(c2cccc(F)c2)CCN(CC[C@@]2(c3ccc(Cl)c(Cl)c3)CN(c3ccccc3)C(=O)CO2)CC1.O=C(O)CCC(=O)O,0
TOX21NRAR-00524,COCCOc1cc2cc(C(=O)NC3CCN(C(C)C)CC3)n(CC(=O)Nc3ccc(Cl)cn3)c2cn1,0
TOX21NRAR-00525,O=C([O-])c1ccc2c(c1)nc(C(=O)NC1CCN(C3CC3)CC1)n2Cc1cc(-c2ccc(Cl)s2)on1,0
TOX21NRAR-00526,CCCOc1sc(C(=O)N2CCC(c3cc(CN)ccc3F)CC2)c(C)c1Br,0
TOX21NRAR-00527,CCOC(=O)c1ccc([C@H]2CC[C@H](NC[C@H](O)COc3ccc(O)c(NS(C)(=O)=O)c3)CC2)cc1,0
TOX21NRAR-00528,Nc1nc(N)c(-c2ccccc2)s1,0
TOX21NRAR-00529,Cc1cccc(C)c1NC(=O)CN(CC(=O)O)CC(=O)O,0
TOX21NRAR-00530,CCCCCCCCCCCCCCCC[n+]1ccccc1,0
TOX21NRAR-00531,COc1ccc(C(=O)N2CCN(CC(=O)N3CCOCC3)CC2)cc1,0
TOX21NRAR-00532,COc1cc(C=C2CCCC(=Cc3ccc(O)c(OC)c3)C2=O)ccc1O,0
TOX21NRAR-00533,CNC(=O)NC(O)C(Cl)(Cl)Cl,0
TOX21NRAR-00534,CCNC(=O)C1CC(C)CCC1C(C)C,0
TOX21NRAR-00535,CCc1ccc(O)c(OC)c1,0
TOX21NRAR-00536,CCCCCCC/C=C/C=O,0
TOX21NRAR-00537,CC/C=C\CC/C=C/C(OCC)OCC,0
TOX21NRAR-00538,CS(=O)(=O)c1ccc(C(=O)C2C(=O)CCCC2=O)c(Cl)c1COCC(F)(F)F,0
TOX21NRAR-00539,CN(C)C1CSSSC1,0
TOX21NRAR-00540,c1ccc(CN(Cc2ccccc2)Cc2ccccc2)cc1,0
TOX21NRAR-00541,C[C@@H](O)C(=O)O,0
TOX21NRAR-00542,OC[C@H]1O[C@@H]2O[C@@H]3[C@@H](CO)O[C@H](O[C@@H]4[C@@H](CO)O[C@H](O[C@@H]5[C@@H](CO)O[C@H](O[C@@H]6[C@@H](CO)O[C@H](O[C@@H]7[C@@H](CO)O[C@H](O[C@@H]8[C@@H](CO)O[C@H](O[C@@H]9[C@@H](CO)O[C@H](O[C@H]1[C@H](O)[C@H]2O)[C@H](O)[C@H]9O)[C@H](O)[C@H]8O)[C@H](O)[C@H]7O)[C@H](O)[C@H]6O)[C@H](O)[C@H]5O)[C@H](O)[C@H]4O)[C@H](O)[C@H]3O,0
TOX21NRAR-00543,CC1=CC[C@@]23CC1C(C)(C)[C@@H]2CC[C@H]3C,0
TOX21NRAR-00544,O=C(OCCCCCOC(=O)c1ccccc1)c1ccccc1,0
TOX21NRAR-00545,CCCCOCCOCCSC#N,0
TOX21NRAR-00546,O=C(N[C@H]1CN2CCC1CC2)c1ccc2c(c1)OCCO2,0
TOX21NRAR-00547,Nc1nc(Cl)nc2c1ncn2[C@H]1C[C@H](O)[C@@H](CO)O1,0
TOX21NRAR-00548,CC[C@H]1OC(=O)[C@H](C)[C@@H](O[C@H]2C[C@@](C)(OC)[C@@H](O)[C@H](C)O2)C(C)[C@@H](O[C@@H]2O[C@H](C)C[C@H](N(C)C)[C@H]2O)[C@](C)(OC)C[C@@H](C)C(=O)[C@H](C)[C@@H](O)[C@]1(C)O,0
TOX21NRAR-00549,COc1cc(N)c(Cl)cc1C(=O)NC1CCN(CCCOc2ccc(F)cc2)CC1OC,0
TOX21NRAR-00550,CCn1nc(C(=O)O)c(=O)c2cc3c(cc21)OCO3,0
TOX21NRAR-00551,C(=C/c1ccccc1)\CN1CCN(C(c2ccccc2)c2ccccc2)CC1,0
TOX21NRAR-00552,BrCCCBr,0
TOX21NRAR-00553,COc1ccc(C(Cl)=C(c2ccc(OC)cc2)c2ccc(OC)cc2)cc1,0
TOX21NRAR-00554,CCCCCCCCCCCCCOS(=O)(=O)[O-],0
TOX21NRAR-00555,Cc1cc(C)nc(NS(=O)(=O)c2ccc(N)cc2)n1,0
TOX21NRAR-00556,O=S(=O)([O-])[O-].[Na+].[Na+],0
TOX21NRAR-00557,Cc1noc(NS(=O)(=O)c2ccc(N)cc2)c1C,0
TOX21NRAR-00558,COc1cc([C@H]2Oc3cc([C@H]4Oc5cc(O)cc(O)c5C(=O)[C@@H]4O)ccc3O[C@@H]2CO)ccc1O,0
TOX21NRAR-00559,O=S1(=O)CC=CC1,0
TOX21NRAR-00560,CCCCC1(COC(=O)CCC(=O)O)C(=O)N(c2ccccc2)N(c2ccccc2)C1=O,0
TOX21NRAR-00561,CNCCO,0
TOX21NRAR-00562,NS(=O)(=O)c1cc(Cl)c(Cl)c(S(N)(=O)=O)c1,0
TOX21NRAR-00563,CN(C)c1ccc2nc3ccc(N(C)C)cc3[s+]c2c1,0
TOX21NRAR-00564,C=CCc1ccc(OC)c(OC)c1,0
TOX21NRAR-00565,CCN(CC)CCOC(=O)C1(C2CCCCC2)CCCCC1,0
TOX21NRAR-00566,CCOC(C)(C)C,0
TOX21NRAR-00567,COC=O,0
TOX21NRAR-00568,CNC(=O)C[C@@H](N)C(=O)N[C@@H](C(=O)N[C@@H]1C(=O)N2[C@@H](C(=O)O)C(C)(C)S[C@H]12)c1ccc(O)cc1,0
TOX21NRAR-00569,C#C[C@]1(OC(C)=O)CC[C@H]2[C@@H]3CCC4=C/C(=N/O)CC[C@@H]4[C@H]3CC[C@@]21CC,1
TOX21NRAR-00570,CC1=C(/C=C/C(C)=C/C=C/C(C)=C/C(=O)Oc2c(C)c(C)c3c(c2C)CC[C@@](C)(CCC[C@H](C)CCC[C@H](C)CCCC(C)C)O3)C(C)(C)CCC1,0
TOX21NRAR-00571,COC(=O)CCC[N+](C)(C)C,0
TOX21NRAR-00572,C[N+]1(CC2COC(c3ccccc3)(C3CCCCC3)O2)CCCCC1,0
TOX21NRAR-00573,CC[C@H](C)[C@H](NC(=O)[C@H](Cc1ccccc1)NC(=O)[C@H](C)NC(=O)[C@H](CC(=O)O)NC(=O)[C@H](CCCCN)NC(=O)[C@H](CO)NC(=O)[C@@H]1CCCN1C(=O)[C@@H]1CCC(=O)N1)C(=O)NCC(=O)N[C@@H](CC(C)C)C(=O)N[C@@H](CCSC)C(N)=O,0
TOX21NRAR-00574,CC(CC=O)CCCC(C)(C)O,0
TOX21NRAR-00575,CCCCCCCCO[C@@H]1O[C@H](CO)[C@@H](O)[C@H](O)[C@H]1O,0
TOX21NRAR-00576,CC(NCCC(c1ccccc1)c1ccccc1)c1ccccc1,0
TOX21NRAR-00577,COc1ccc(C[C@H](N)C(=O)N[C@@H]2[C@@H](CO)O[C@@H](n3cnc4c(N(C)C)ncnc43)[C@@H]2O)cc1,0
TOX21NRAR-00578,CCN(CC)CCNC(=O)COc1ccc(OC)cc1,0
TOX21NRAR-00579,COc1ccccc1N1CCN(CCCC(=O)c2ccc(F)cc2)CC1,0
TOX21NRAR-00580,Cc1cc(-c2ccccc2)nnc1NCCN1CCOCC1,0
TOX21NRAR-00581,CC(=O)Nc1ccc(OC(=O)c2ccccc2O)cc1,0
TOX21NRAR-00582,CC(=O)Oc1ccc2c(c1)CC[C@@H]1[C@@H]2CC[C@]2(C)[C@@H](O)CC[C@@H]12,1
TOX21NRAR-00583,Cc1ccc(C(=O)C(C)CN2CCCCC2)cc1,0
TOX21NRAR-00584,CC(C)COC(=O)CCCCC(=O)OCC(C)C,0
TOX21NRAR-00585,O=[N+]([O-])c1ccc(C=Cc2ccc([N+](=O)[O-])cc2S(=O)(=O)[O-])c(S(=O)(=O)[O-])c1,0
TOX21NRAR-00586,CCNC1(c2cccs2)CCCCC1=O,0
TOX21NRAR-00587,CCN(O)CC,0
TOX21NRAR-00588,O=C1CN=C(c2ccccc2)c2cc(Cl)ccc2N1,0
TOX21NRAR-00589,COc1cc(CC(C)N)c(OC)cc1Br,0
TOX21NRAR-00590,Cc1ccc2c(Cl)cc(Cl)c(O)c2n1,0
TOX21NRAR-00591,CN(C(=O)C(Cl)Cl)c1ccc(OC(=O)c2ccco2)cc1,0
TOX21NRAR-00592,CCCCCc1cc(O)c2c(c1)OC(C)(C)c1ccc(C)cc1-2,0
TOX21NRAR-00593,CN1CC[C@@]23CCCC[C@@H]2[C@@H]1Cc1ccc(O)cc13,1
TOX21NRAR-00594,CO[C@@]1(NC(=O)Cc2cccs2)C(=O)N2C(C(=O)[O-])=C(COC(N)=O)CS[C@@H]21,0
TOX21NRAR-00595,COC(=O)CCc1ccc(OCC(O)CNC(C)C)cc1,0
TOX21NRAR-00596,C=CC(=O)NC(C)C,0
TOX21NRAR-00597,O=C(Nc1ccccc1SSc1ccccc1NC(=O)c1ccccc1)c1ccccc1,0
TOX21NRAR-00598,CCC(=O)OCC(=O)[C@@]1(OC(=O)CC)[C@H](C)C[C@H]2[C@H]3[C@H]([C@@H](O)C[C@@]21C)[C@@]1(C)C=CC(=O)C=C1C[C@H]3Cl,1
TOX21NRAR-00599,CC(C)c1cccc(C(C)C)c1O,0
TOX21NRAR-00600,CNC(C)CC1CCCCC1,0
TOX21NRAR-00601,Cc1c(C(C)C)c(=O)n(-c2ccccc2)n1C,0
TOX21NRAR-00602,[O-][Cl+3]([O-])([O-])[O-],0
TOX21NRAR-00603,CCN(C)N=O,0
TOX21NRAR-00604,CCCCCO,0
TOX21NRAR-00605,O=NN(c1ccccc1)c1ccccc1,0
TOX21NRAR-00606,O=Nc1ccc(Nc2ccccc2)cc1,0
TOX21NRAR-00607,CCCN(CCC)N=O,0
TOX21NRAR-00608,C[N+](C)(C)C,0
TOX21NRAR-00609,O=NN1CCCCCCC1,0
TOX21NRAR-00610,COc1cc(OC)c(OC)cc1C=O,0
TOX21NRAR-00611,C=C(C)C(=O)OC(C)C,0
TOX21NRAR-00612,N=C(N)c1ccccc1,0
TOX21NRAR-00613,CCCC[N+](CCCC)(CCCC)CCCC,0
TOX21NRAR-00614,CC1CCN(CCCC(=O)c2ccc(F)cc2)CC1,0
TOX21NRAR-00615,CC(=O)CC(=O)OC(C)(C)C,0
TOX21NRAR-00616,N=C(N)NN,0
TOX21NRAR-00617,OCCSSCCO,0
TOX21NRAR-00618,Cc1ccc(C(N)=O)cc1N,0
TOX21NRAR-00619,ClCCCCCCCl,0
TOX21NRAR-00620,CN1C(=O)CC(C)(c2ccccc2)C1=O,0
TOX21NRAR-00621,C[C@](N)(Cc1ccc(O)c(O)c1)C(=O)O,0
TOX21NRAR-00622,CCC(C)Nc1c([N+](=O)[O-])cc(C(C)(C)C)cc1[N+](=O)[O-],0
TOX21NRAR-00623,CN1CCN(C2=Nc3ccccc3Oc3ccc(Cl)cc32)CC1.O=C(O)CCC(=O)O,0
TOX21NRAR-00624,Nc1ccc2cc(S(=O)(=O)O)ccc2c1,0
TOX21NRAR-00625,c1ccc2c(c1)cc1ccc3cccc4ccc2c1c34,0
TOX21NRAR-00626,Nc1ccc(-c2ccc(N)cc2)cc1,0
TOX21NRAR-00627,N#CC(CCc1ccc(Cl)cc1)(Cn1cncn1)c1ccccc1,0
TOX21NRAR-00628,[Ba+2],0
TOX21NRAR-00629,c1ccccc1,0
TOX21NRAR-00630,O=Cc1ccccc1,0
TOX21NRAR-00631,C=CCCC,0
TOX21NRAR-00632,CCOC(=O)CP(=O)(OCC)OCC,0
TOX21NRAR-00633,CC(C)(c1ccccc1)c1ccccc1,0
TOX21NRAR-00634,O=C(O)COCC(=O)O,0
TOX21NRAR-00635,Clc1ccc(C(Cl)(Cl)Cl)cc1Cl,0
TOX21NRAR-00636,CCCCC,0
TOX21NRAR-00637,N#CC(C#N)=C(C#N)C#N,0
TOX21NRAR-00638,C1CCC2=NCCCN2CC1,0
TOX21NRAR-00639,O=C(O)c1c2ccccc2cc2ccccc12,0
TOX21NRAR-00640,O=C(CBr)c1ccccc1,0
TOX21NRAR-00641,C[N+](C)(C)CC(=O)[O-],0
TOX21NRAR-00642,Nc1nc(Cl)cc(Cl)n1,0
TOX21NRAR-00643,COc1ccc(C=O)cc1O,0
TOX21NRAR-00644,CCN(CC)CCNC(=O)c1ccc(N)cc1,0
TOX21NRAR-00645,O=c1c(=O)c2cccc3cccc1c32,0
TOX21NRAR-00646,O=c1[nH][nH]c2ccccc12,0
TOX21NRAR-00647,CC1(C)C(=O)N(Cl)C(=O)N1Br,0
TOX21NRAR-00648,O=C1C(I)=CC(=C(c2cc(I)c([O-])c(I)c2)c2ccccc2C(=O)[O-])C=C1I,0
TOX21NRAR-00649,CN(CCOc1ccc(CC2SC(=O)NC2=O)cc1)c1ccccn1,0
TOX21NRAR-00650,CNC(=O)N(c1ccccc1)c1ccccc1,0
TOX21NRAR-00651,CN(CCO)CCO,0
TOX21NRAR-00652,CC1CCCC1,0
TOX21NRAR-00653,C=CC(=O)NCNC(=O)C=C,0
TOX21NRAR-00654,C[C@H](CN1CCOCC1)C(C(=O)N1CCCC1)(c1ccccc1)c1ccccc1,0
TOX21NRAR-00655,N#CSCSC#N,0
TOX21NRAR-00656,Nc1ccccc1-c1ccccc1,0
TOX21NRAR-00657,Cc1ccc(C(=O)c2ccccc2)cc1,0
TOX21NRAR-00658,CCCCCCCCCCCCCC[P+](CCCC)(CCCC)CCCC,0
TOX21NRAR-00659,CC(C)(C)c1cc(C(C)(C)C)c(O)c(C(C)(C)C)c1,0
TOX21NRAR-00660,CS(=O)(=O)c1ccc(C2=C(c3ccccc3)C(=O)OC2)cc1,0
TOX21NRAR-00661,CC[C@@H](O)C(C[C@@H](C)N(C)C)(c1ccccc1)c1ccccc1,0
TOX21NRAR-00662,CCCCS,0
TOX21NRAR-00663,CC[C@H](O)C(C[C@H](C)N(C)C)(c1ccccc1)c1ccccc1,0
TOX21NRAR-00664,Brc1c(NC2=NCCN2)ccc2nccnc12,0
TOX21NRAR-00665,C[C@]12C=CC3=C4CCC(=O)C=C4CC[C@H]3[C@@H]1CC[C@@H]2O,1
TOX21NRAR-00666,C[S+](C)CCC(N)C(=O)O,0
TOX21NRAR-00667,NC(=O)OC[C@@H]1[C@H](NC(=O)/C(=N\OCC(=O)[O-])c2csc(N)n2)C(=O)N1S(=O)(=O)[O-],0
TOX21NRAR-00668,Cc1ccc(C(C)(C)c2ccc(C)cc2)cc1,0
TOX21NRAR-00669,COc1ccc(C(=O)c2ccc(C)cc2)c(O)c1,0
TOX21NRAR-00670,CCCCCCOC(=O)c1cccnc1,0
TOX21NRAR-00671,C/C(=N\Cc1ccccc1)c1ccccc1O,0
TOX21NRAR-00672,CCCC(C)(COC(N)=O)COC(=O)NC1CC1,0
TOX21NRAR-00673,CN1C(=O)CN2CCc3ccccc3C2c2cc(Cl)ccc21,0
TOX21NRAR-00674,CCCCNC(=O)NS(=O)(=O)c1ccc(C)cc1,0
TOX21NRAR-00675,CCCCCC[C@@H](O)C/C=C\CCCCCCCC(=O)OCC(O)CO,0
TOX21NRAR-00676,CCCCCCCC(=O)OCC(O)CO,0
TOX21NRAR-00677,CCCCCCCCCCCCCC(=O)OCC(O)CO,0
TOX21NRAR-00678,Cc1ccc(S(=O)(=O)NC(=O)NN2CCCCCC2)cc1,0
TOX21NRAR-00679,C=CCN(CC=C)C(=O)C(Cl)Cl,0
TOX21NRAR-00680,CCCCCCCCCCCCCCCCO,0
TOX21NRAR-00681,C=CCc1ccc(OC)cc1,0
TOX21NRAR-00682,C=CC(=O)OC,0
TOX21NRAR-00683,O=C1c2cccc(O)c2C(=O)c2c(O)cc(CO)cc21,0
TOX21NRAR-00684,C1CSCCS1,0
TOX21NRAR-00685,CN(C)C(=O)C(c1ccccc1)c1ccccc1,0
TOX21NRAR-00686,OC[C@H]1O[C@@H]2O[C@@H]3[C@@H](CO)O[C@H](O[C@@H]4[C@@H](CO)O[C@H](O[C@@H]5[C@@H](CO)O[C@H](O[C@@H]6[C@@H](CO)O[C@H](O[C@@H]7[C@@H](CO)O[C@H](O[C@H]1[C@H](O)[C@H]2O)[C@H](O)[C@H]7O)[C@H](O)[C@H]6O)[C@H](O)[C@H]5O)[C@H](O)[C@H]4O)[C@H](O)[C@H]3O,0
TOX21NRAR-00687,CCCCCC[C@@H](O)C/C=C\CCCCCCCC(=O)OC,0
TOX21NRAR-00688,Nc1ncn([C@H]2C[C@H](O)[C@@H](CO)O2)c(=O)n1,0
TOX21NRAR-00689,CC(=O)CC(=O)Nc1ccc(C)cc1C,0
TOX21NRAR-00690,COc1cc(Cl)c(OC)cc1N,0
TOX21NRAR-00691,CCOC(=O)c1ccccc1C,0
TOX21NRAR-00692,C[Si](C)(C)O[Si](C)(C)O[Si](C)(C)C,0
TOX21NRAR-00693,CCCCCCCCOC(=O)c1cc(O)c(O)c(O)c1,0
TOX21NRAR-00694,CC[Sn](Br)(CC)CC,0
TOX21NRAR-00695,C=CC(=O)OCCOc1ccccc1,0
TOX21NRAR-00696,Cc1cc(C)c(N)c(Cl)c1,0
TOX21NRAR-00697,CCC(C)(C)C1CCC(O)CC1,0
TOX21NRAR-00698,CCCOC(=O)c1ccccc1,0
TOX21NRAR-00699,CCC(CO)(CO)COCC(CC)(CO)CO,0
TOX21NRAR-00700,N=C1NC(=N)c2ccccc21,0
TOX21NRAR-00701,C=C(C)C(=O)OCCCCOC(=O)C(=C)C,0
TOX21NRAR-00702,CCCCCCCCCCCC(=O)N(CC)CC,0
TOX21NRAR-00703,N#CCCOCCOCCC#N,0
TOX21NRAR-00704,C=CC(=O)OCCCCCCCCCC,0
TOX21NRAR-00705,Cc1ccc(N(CCO)CCO)cc1,0
TOX21NRAR-00706,CN(C)CCN(C)CCO,0
TOX21NRAR-00707,C(COCC1CO1)OCC1CO1,0
TOX21NRAR-00708,CCC(=O)Nc1cccc(N)c1,0
TOX21NRAR-00709,S=C(Nc1ccccc1)Nc1ccccc1,0
TOX21NRAR-00710,O=C(N[C@H]1N=C(c2ccccc2F)c2cccc3c2N(CC3)C1=O)c1cc2ccccc2[nH]1,0
TOX21NRAR-00711,CCOC(=O)Cc1cccc(-c2cc(CCCCCCc3ccc(O[C@H]4O[C@H](COC(C)=O)[C@@H](OC(C)=O)[C@H](OC(C)=O)[C@@H]4OC(C)=O)c(-c4cccc(CC(=O)OCC)c4)c3)ccc2O[C@H]2O[C@H](COC(C)=O)[C@@H](OC(C)=O)[C@H](OC(C)=O)[C@@H]2OC(C)=O)c1,0
TOX21NRAR-00712,CCc1cc(S(=O)(=O)[O-])c2cc(C(C)C)cccc1-2,0
TOX21NRAR-00713,O=C(N[C@@H]1N=C(c2ccccc2F)c2cccc3c2N(CC3)C1=O)c1cc2ccccc2[nH]1,0
TOX21NRAR-00714,CCC(C(=O)NC(=O)NC(C)=O)c1ccccc1,0
TOX21NRAR-00715,O=C(O)CNC(=O)CNC(=O)CNC(=O)CSC(=O)c1ccccc1,0
TOX21NRAR-00716,Nc1ccn(C2CO[C@H](CO)O2)c(=O)n1,0
TOX21NRAR-00717,CCN1CCN(c2cc(-c3ccc(F)cc3)c3c(n2)CCCCCC3)CC1,0
TOX21NRAR-00718,CCOC(=O)OCC/C(SC(=O)OCC)=C(\C)N(C=O)Cc1cnc(C)nc1N,0
TOX21NRAR-00719,CC[C@]1(O)C[C@@H]2CN(CCc3c([nH]c4ccccc34)[C@@](C(=O)OC)(c3cc4c(cc3OC)N(C)[C@H]3[C@@](O)(C(=O)OC)[C@H](OC(C)=O)[C@]5(CC)C=CCN6CC[C@]43[C@@H]65)C2)C1,0
TOX21NRAR-00720,CCC(=O)c1ccc2c(c1)N(CCCN1CCN(CCO)CC1)c1ccccc1S2,0
TOX21NRAR-00721,OC(CCN1CCCCC1)(c1ccccc1)C1CC2C=CC1C2,0
TOX21NRAR-00722,CCOP(=O)(OCC)OCC,0
TOX21NRAR-00723,Nc1ccc(F)cc1,0
TOX21NRAR-00724,Oc1ccc(Cl)cc1Sc1cc(Cl)ccc1O,0
TOX21NRAR-00725,CCC(C)n1c(=O)[nH]c(C)c(Br)c1=O,0
TOX21NRAR-00726,CCOc1cc(OCC)c(C(C)=O)cc1OCC,0
TOX21NRAR-00727,CC(=O)OCCOCCOCCOC(C)=O,0
TOX21NRAR-00728,OCCC(F)(F)C(F)(F)C(F)(F)C(F)(F)C(F)(F)C(F)(F)C(F)(F)C(F)(F)F,0
TOX21NRAR-00729,Cn1cnc2c1c(=O)[nH]c(=O)n2C,0
TOX21NRAR-00730,CCN(CC)c1ccc2c(C)cc(=O)oc2c1,1
TOX21NRAR-00731,CCN(CC)c1cccc(O)c1,0
TOX21NRAR-00732,Oc1ccc2ccccc2c1/N=N/c1ccccc1,0
TOX21NRAR-00733,NC(=S)Nc1ccccc1,0
TOX21NRAR-00734,Nc1c2ccccc2nc2ccccc12,0
TOX21NRAR-00735,CC[N+](CC)(CC)CCC(O)(c1ccccc1)C1CCCCC1,0
TOX21NRAR-00736,CNP(=O)(OC)Oc1ccc(C(C)(C)C)cc1Cl,0
TOX21NRAR-00737,CC(=O)NNc1ccccc1,0
TOX21NRAR-00738,CC(=O)C1C(=O)C=C(C)OC1=O,0
TOX21NRAR-00739,Nc1ccc(Nc2ccccc2)cc1,0
TOX21NRAR-00740,C/C=C(C(=C/C)/c1ccc(O)cc1)\c1ccc(O)cc1,0
TOX21NRAR-00741,NNCCO,0
TOX21NRAR-00742,Cc1ncc(C[n+]2csc(CCO)c2C)c(N)n1,0
TOX21NRAR-00743,CCOc1ccc(NC(=O)CC(C)O)cc1,0
TOX21NRAR-00744,CCOP(=S)(OCC)SCSCC,0
TOX21NRAR-00745,C=CC(=O)OCCN(C)C,0
TOX21NRAR-00746,Nc1ccc2cc3ccccc3cc2c1,0
TOX21NRAR-00747,CN(C)CCCOc1nn(Cc2ccccc2)c2ccccc12,0
TOX21NRAR-00748,CCN1CCCC(OC(=O)C(c2ccccc2)c2ccccc2)C1,0
TOX21NRAR-00749,CCCCC1C(=O)N(c2ccccc2)N(c2ccc(O)cc2)C1=O,0
TOX21NRAR-00750,CCOCC(C)O,0
TOX21NRAR-00751,CN(C)CCCN,0
TOX21NRAR-00752,O=C1CCCc2ccccc21,0
TOX21NRAR-00753,OC1CCCc2ccccc21,0
TOX21NRAR-00754,c1ccc(N=NNc2ccccc2)cc1,0
TOX21NRAR-00755,O=C(O)C1(C(=O)Nc2ccc(Cl)cc2Cl)CC1,0
TOX21NRAR-00756,COC(C)OC,0
TOX21NRAR-00757,CCc1ccc(C(c2ccc(CC)cc2)C(Cl)Cl)cc1,0
TOX21NRAR-00758,CC(O)c1ccccc1,0
TOX21NRAR-00759,Clc1cccc(-c2cc(Cl)cc(Cl)c2)c1,0
TOX21NRAR-00760,Clc1ccccc1-c1nnc(-c2ccccc2Cl)nn1,0
TOX21NRAR-00761,CCOc1ccc(NC(N)=O)cc1,0
TOX21NRAR-00762,CCOc1ccccc1C(N)=O,0
TOX21NRAR-00763,CCOc1ccc2c(c1)C(C)=CC(C)(C)N2,0
TOX21NRAR-00764,C=CC(=O)OCC,0
TOX21NRAR-00765,CN1CCCC1=O,0
TOX21NRAR-00766,CNc1ncnc2[nH]cnc12,0
TOX21NRAR-00767,CCOC(=O)C(C)Oc1ccc(Oc2cnc3cc(Cl)ccc3n2)cc1,0
TOX21NRAR-00768,COP(=S)(OC)Oc1ccc([N+](=O)[O-])cc1,0
TOX21NRAR-00769,COc1cc(N)ccc1C,0
TOX21NRAR-00770,CC(=O)c1ccccc1,0
TOX21NRAR-00771,Oc1ccc(Cl)cc1Cc1cc(Cl)ccc1O,0
TOX21NRAR-00772,Nc1ccc([N+](=O)[O-])cc1[N+](=O)[O-],0
TOX21NRAR-00773,CC(C)N(CCO)C(C)C,0
TOX21NRAR-00774,CCC(C)=NO,0
TOX21NRAR-00775,CCC(=O)CC,0
TOX21NRAR-00776,CC[N+](CC)(CC)CCOc1cccc(OCC[N+](CC)(CC)CC)c1OCC[N+](CC)(CC)CC,0
TOX21NRAR-00777,OC[C@H]1OC(O)[C@H](O)[C@@H](O)[C@H]1O,0
TOX21NRAR-00778,CCCCc1ccc(C(=O)O)nc1,0
TOX21NRAR-00779,C/C(=C(/CCO)SSCC1CCCO1)N(C=O)Cc1cnc(C)nc1N,0
TOX21NRAR-00780,CCCC(C)CC,0
TOX21NRAR-00781,CCOP(=O)([O-])C(N)=O,0
TOX21NRAR-00782,O=C(Cl)c1cc(Cl)cc(Cl)c1,0
TOX21NRAR-00783,COC(=O)c1cccc(Cl)c1,0
TOX21NRAR-00784,C=C(C)C(=O)OCCN(C)C,0
TOX21NRAR-00785,Cc1cc(=O)nc(C(C)C)[nH]1,0
TOX21NRAR-00786,CC1(C)CC(N)CC(C)(CN)C1,0
TOX21NRAR-00787,CCCOCCO,0
TOX21NRAR-00788,COC(=O)CCS,0
TOX21NRAR-00789,CCCCOC(=O)[C@@H](C)Oc1ccc(Oc2ccc(C(F)(F)F)cn2)cc1,0
TOX21NRAR-00790,CC(C)NCC(O)COc1ccccc1-n1cccc1,0
TOX21NRAR-00791,OC[C@H]1O[C@@H](n2cnc3c(S)ncnc32)[C@H](O)[C@@H]1O,0
TOX21NRAR-00792,NC(=O)c1ncn([C@@H]2O[C@H](CO)[C@@H](O)[C@H]2O)c1N,0
TOX21NRAR-00793,N=C(N)NN.N=C(N)NN,0
TOX21NRAR-00794,CCC(COC(=O)c1cc(OC)c(OC)c(OC)c1)(c1ccccc1)N(C)C,0
TOX21NRAR-00795,CC[C@H](NC(C)C)[C@H](O)c1ccc(O)c2[nH]c(=O)ccc12,0
TOX21NRAR-00796,CCCCCCC1(C)CCC(=O)O1,0
TOX21NRAR-00797,OC[C@H]1OC(S[Au])[C@H](O)[C@@H](O)[C@@H]1O,0
TOX21NRAR-00798,CCCCCCC#CC(=O)OC,0
TOX21NRAR-00799,CCCCCC/C=C/C(=O)OC,0
TOX21NRAR-00800,CCCCCCCC(=O)OCCCCCC,0
TOX21NRAR-00801,CCCCCCCC/C=C\CCCCCCCC(=O)OCC,0
TOX21NRAR-00802,C/C=C/C=C/CO,0
TOX21NRAR-00803,CCN(CC)CC1CCCCN1CC(=O)N1c2ccccc2C(=O)Nc2cccnc21,0
TOX21NRAR-00804,CC1(C)Oc2ccc(C#N)cc2[C@@H](N2CCCC2=O)[C@@H]1O,0
TOX21NRAR-00805,O=C(O)CCCCCCC(=O)O,0
TOX21NRAR-00806,CCOC(=O)[C@]1(c2ccccc2)Oc2ccccc2[C@@H]1N,0
TOX21NRAR-00807,CCCN1C=CN(C)C1,0
TOX21NRAR-00808,Cc1ccccc1/N=N/c1ccc(/N=N/c2c(O)ccc3ccccc23)c(C)c1,0
TOX21NRAR-00809,CCCCCCCCCCCCCBr,0
TOX21NRAR-00810,Cc1ncsc1CCCl,0
TOX21NRAR-00811,CCN(CC)CCOc1ccc(C(=C(Cl)c2ccccc2)c2ccccc2)cc1,0
TOX21NRAR-00812,Clc1cccc(Cl)c1N=C1NCCN1,0
TOX21NRAR-00813,CC1CCCC(C)N1NC(=O)c1ccc(Cl)c(S(N)(=O)=O)c1,0
TOX21NRAR-00814,Nc1ccc2ccccc2c1S(=O)(=O)O,0
TOX21NRAR-00815,O=[N+]([O-])c1ccc(Cl)cc1,0
TOX21NRAR-00816,CCCCOC(O)CC,0
TOX21NRAR-00817,CCCCCCCCCCCCOS(=O)(=O)[O-],0
TOX21NRAR-00818,CCCCC(CC)COS(=O)(=O)[O-],0
TOX21NRAR-00819,CCOC(=O)C1=NOC(c2ccccc2)(c2ccccc2)C1,0
TOX21NRAR-00820,O=C(Nc1ccc([N+](=O)[O-])cc1Cl)c1cc(Cl)ccc1O,0
TOX21NRAR-00821,CC(C)(C)C(O)/C(=C\c1ccc(Cl)cc1Cl)n1cncn1,0
TOX21NRAR-00822,Cc1cc([N+](=O)[O-])ccc1N,0
TOX21NRAR-00823,Cc1c(N)cccc1[N+](=O)[O-],0
TOX21NRAR-00824,CCCCC(=O)O[C@]1(C(=O)CO)[C@H](C)C[C@H]2[C@@H]3CCC4=CC(=O)C=C[C@]4(C)[C@@]3(F)[C@@H](O)C[C@@]21C,1
TOX21NRAR-00825,CC(C)(CO)[C@@H](O)C(=O)NCCCO,0
TOX21NRAR-00826,CC(=O)OCC(=O)[C@@]1(O)[C@H](C)C[C@H]2[C@@H]3CCC4=CC(=O)C=C[C@]4(C)[C@@]3(F)[C@@H](O)C[C@@]21C,1
TOX21NRAR-00827,C/C=C(\C)C(=O)OC/C=C(\C)CCC=C(C)C,0
TOX21NRAR-00828,N[C@@H](Cc1ccc(Oc2cc(I)c(O)c(I)c2)c(I)c1)C(=O)O,0
TOX21NRAR-00829,CO/N=C(\C(=O)N[C@@H]1C(=O)N2C(C(=O)[O-])=C(C[n+]3cccc4c3CCC4)CS[C@H]12)c1csc(N)n1,0
TOX21NRAR-00830,CC/C(=C(/CC)c1ccc(OP(=O)(O)O)cc1)c1ccc(OP(=O)(O)O)cc1,0
TOX21NRAR-00831,CCN(CC)CCO[C@H]1CC[C@@]2(C)C(=CC[C@H]3[C@@H]4CCC(=O)[C@@]4(C)CC[C@@H]32)C1,0
TOX21NRAR-00832,COC(CNC(=O)c1ccccc1OCC(=O)O)C[Hg]O,0
TOX21NRAR-00833,O=C(C=Cc1ccccc1)OCCCc1ccccc1,0
TOX21NRAR-00834,CC1=C(C=O)C(C)(C)CCC1,0
TOX21NRAR-00835,CCCCCOC(=O)CCCC,0
TOX21NRAR-00836,CCCc1ccccc1,0
TOX21NRAR-00837,CC(C)=CC(=O)O,0
TOX21NRAR-00838,CCCCCCCCC(=O)Cl,0
TOX21NRAR-00839,CN1CCCC1,0
TOX21NRAR-00840,N=C(NCCCCCCNC(=N)NC(=N)Nc1ccc(Cl)cc1)NC(=N)Nc1ccc(Cl)cc1,1
TOX21NRAR-00841,CC(=O)Nc1cc([As](=O)(O)O)ccc1O,0
TOX21NRAR-00842,OCc1ccccc1O,0
TOX21NRAR-00843,CC=CC=CCOC(=O)C(C)C,0
TOX21NRAR-00844,C[n+]1c2cc(N)ccc2cc2ccc(N)cc21.Nc1ccc2cc3ccc(N)cc3nc2c1,0
TOX21NRAR-00845,Oc1c(Br)cc(Br)c2cccnc12,0
TOX21NRAR-00846,CNCCCN1c2ccccc2CCc2ccccc21,0
TOX21NRAR-00847,CCC(C)OC(=O)N1CCCCC1CCO,0
TOX21NRAR-00848,Cc1ccc(NC(=O)c2ccc(CN3CCN(C)CC3)cc2)cc1Nc1nccc(-c2cccnc2)n1,0
TOX21NRAR-00849,CCCCCC1CCC(=O)O1,0
TOX21NRAR-00850,CC/C=C\CCOC(C)OCC,0
TOX21NRAR-00851,CCCOc1ccc(C(=O)OCCN(CC)CC)cc1N,0
TOX21NRAR-00852,COC(=O)C(Cl)C(=O)OC,0
TOX21NRAR-00853,NCCC[C@H](N)C(=O)O,0
TOX21NRAR-00854,COC(=O)C1=C(C)NC(C)=C(C(=O)OCC(C)C)C1c1ccccc1[N+](=O)[O-],0
TOX21NRAR-00855,CN1CCN(CCCN2c3ccccc3Sc3ccc(Cl)cc32)CC1,0
TOX21NRAR-00856,CCN(CC)CCNC(=O)c1ccc(NS(C)(=O)=O)cc1,0
TOX21NRAR-00857,CC(N)Cc1ccc2c(c1)OCO2,0
TOX21NRAR-00858,CC(C)(C)c1ccc(O)c(O)c1,0
TOX21NRAR-00859,CC(C)(C)N,0
TOX21NRAR-00860,CCCCOC(=O)c1ccccc1N,0
TOX21NRAR-00861,O=C1CCCCCCCCCCCN1,0
TOX21NRAR-00862,c1ccc(B(c2ccccc2)c2ccccc2)cc1,0
TOX21NRAR-00863,Cc1cccc(C(=O)O)c1O,0
TOX21NRAR-00864,NCCOCCO,0
TOX21NRAR-00865,[S-]c1ccccc1,0
TOX21NRAR-00866,CC(C)(C)c1ccc(C=O)cc1,0
TOX21NRAR-00867,CC[N+]1(CC)CCC(=C(c2ccccc2)c2ccccc2)C1C,0
TOX21NRAR-00868,CC(=O)OCC(=O)[C@@]1(O)CC[C@H]2[C@@H]3CCC4=CC(=O)C=C[C@]4(C)[C@H]3[C@@H](O)C[C@@]21C,1
TOX21NRAR-00869,O=C1c2c(O)cccc2Cc2cccc(O)c21,0
TOX21NRAR-00870,COc1ccc(N)cc1,0
TOX21NRAR-00871,CC(C)c1cccc(C(C)C)c1N,0
TOX21NRAR-00872,O=C(O)c1cc(C(=O)O)c(C(=O)O)cc1C(=O)O,0
TOX21NRAR-00873,Nc1ccc(S(=O)(=O)O)c(N)c1,0
TOX21NRAR-00874,O=C(O)C1CCCN1,0
TOX21NRAR-00875,C=CCCCCCCCCC=O,0
TOX21NRAR-00876,CCO[Si](OCC)(OCC)c1ccccc1,0
TOX21NRAR-00877,C=CCOc1nc(OCC=C)nc(OCC=C)n1,0
TOX21NRAR-00878,NCCOS(=O)(=O)O,0
TOX21NRAR-00879,COc1cc2nc(N3CCN(C(=O)C4COc5ccccc5O4)CC3)nc(N)c2cc1OC,0
TOX21NRAR-00880,Cc1ccc(C(=O)c2ccc(CC(=O)[O-])n2C)cc1,0
TOX21NRAR-00881,CO[C@@]1(NC(=O)C(C(=O)[O-])c2ccc(O)cc2)C(=O)N2C(C(=O)[O-])=C(CSc3nnnn3C)CO[C@@H]21,0
TOX21NRAR-00882,C=C1c2c(Cl)ccc(O)c2C(=O)C2=C(O)[C@]3(O)C(=O)C(C(N)=O)=C(O)[C@@H](N(C)C)[C@@H]3[C@@H](O)[C@H]12.O=C(O)c1cc(S(=O)(=O)O)ccc1O,0
TOX21NRAR-00883,NC(CO)(CO)CO.O=C(c1ccccc1)c1ccc2n1CC[C@H]2C(=O)O,0
TOX21NRAR-00884,CO[C@@]1(NC(=O)CSCC#N)C(=O)N2C(C(=O)[O-])=C(CSc3nnnn3C)CS[C@@H]21,0
TOX21NRAR-00885,CCOC(=O)c1ccc(OC(=O)CCCCCNC(=N)N)cc1,0
TOX21NRAR-00886,CC(C)OC(=O)COc1ccc(Cl)cc1Cl,0
TOX21NRAR-00887,CCCCC(CC)COC(=O)COc1ccc(Cl)cc1Cl,0
TOX21NRAR-00888,O=S(=O)(Oc1ccc(Cl)cc1Cl)c1ccccc1,0
TOX21NRAR-00889,CN(C)C(=O)Nc1ccc(Cl)c(Cl)c1,0
TOX21NRAR-00890,CC(Oc1cc(Cl)ccc1Cl)C(=O)O,0
TOX21NRAR-00891,CC(Oc1ccc(Cl)cc1Cl)C(=O)O,0
TOX21NRAR-00892,CCCCOC(=O)COc1ccc(Cl)cc1Cl,0
TOX21NRAR-00893,O=C(O)COc1ccc(Cl)cc1Cl,0
TOX21NRAR-00894,Cn1cnc([N+](=O)[O-])c1Sc1ncnc2nc[nH]c12,0
TOX21NRAR-00895,[N-]=[N+]=CC(=O)OC[C@H](N)C(=O)O,1
TOX21NRAR-00896,COP(=O)(OC)OC=C(Cl)Cl,0
TOX21NRAR-00897,CC(Cl)CCl,0
TOX21NRAR-00898,CC(C)N(C)C,0
TOX21NRAR-00899,CN(C)CCCNCCCN,0
TOX21NRAR-00900,CCn1cc[n+](C)c1,0
TOX21NRAR-00901,CC(=O)OCC(=O)[C@@]12OC3(CCCC3)O[C@@H]1C[C@H]1[C@@H]3CCC4=CC(=O)C=C[C@]4(C)[C@@]3(F)[C@@H](O)C[C@@]12C,1
TOX21NRAR-00902,Clc1ccc(CCC(Cn2ccnc2)Sc2c(Cl)cccc2Cl)cc1,0
TOX21NRAR-00903,COc1ccc(Cc2nccc3cc(OC)c(OC)cc23)cc1OC,0
TOX21NRAR-00904,Cl[Pd]Cl,0
TOX21NRAR-00905,Cc1occc1C(=O)Nc1ccc(C(=O)N2CCC(F)(F)/C(=C\C(=O)N3CCC(N4CCCCC4)CC3)c3ccccc32)cc1.Cc1occc1C(=O)Nc1ccc(C(=O)N2CCC(F)(F)/C(=C\C(=O)N3CCC(N4CCCCC4)CC3)c3ccccc32)cc1,0
TOX21NRAR-00906,CC(C)CC(C)(c1ccc(O)cc1)c1ccc(O)cc1,0
TOX21NRAR-00907,CCCCCCCCCCCCCC[n+]1ccccc1,0
TOX21NRAR-00908,COc1c(O[C@@H]2O[C@H](CO)[C@@H](O)[C@H](O)[C@H]2O)cc2c(c1OC)-c1ccc(SC)c(=O)cc1[C@@H](NC(C)=O)CC2,0
TOX21NRAR-00909,Clc1sc(Cl)c(Cl)c1Cl,0
TOX21NRAR-00910,OCCN1CCN(CC/C=C2/c3ccccc3Sc3ccc(Cl)cc32)CC1,0
TOX21NRAR-00911,ClC=CCl,0
TOX21NRAR-00912,O=c1[nH]c(=O)n(Cl)c(=O)n1Cl,0
TOX21NRAR-00913,O=c1[n-]c(=O)n(Cl)c(=O)n1Cl,0
TOX21NRAR-00914,O=[N+]([O-])c1cccc(Cl)c1Cl,0
TOX21NRAR-00915,O=[N+]([O-])c1ccc(Cl)cc1Cl,0
TOX21NRAR-00916,O=[N+]([O-])c1ccc(Cl)c(Cl)c1,0
TOX21NRAR-00917,CCCCCCCC/C=C/CCCOC(C)=O,0
TOX21NRAR-00918,NCCNC(=O)c1ccc(Cl)cn1,0
TOX21NRAR-00919,O=C(O)Cn1c(C(=O)Nc2nc(-c3ccccc3Cl)cs2)cc2ccccc21,0
TOX21NRAR-00920,CO/N=C(\C(=O)N[C@@H]1C(=O)N2C(C(=O)[O-])=C(CSc3nc(C)c(CC(=O)[O-])s3)CS[C@H]12)c1csc(N)n1,0
TOX21NRAR-00921,CCN(CC)CCOC(=O)c1cccnc1.O=C(O)CC(O)(CC(=O)O)C(=O)O,0
TOX21NRAR-00922,O=S(=O)([O-])CCCS(=O)(=O)[O-],0
TOX21NRAR-00923,Nc1c2c(nc3c1CCC3)CCCC2,0
TOX21NRAR-00924,CC(C)C[C@H](NC(=O)[C@@H](COC(C)(C)C)NC(=O)[C@H](Cc1ccc(O)cc1)NC(=O)[C@H](CO)NC(=O)[C@H](Cc1c[nH]c2ccccc12)NC(=O)[C@H](Cc1c[nH]cn1)NC(=O)[C@@H]1CCC(=O)N1)C(=O)N[C@@H](CCCNC(=N)N)C(=O)N1CCC[C@H]1C(=O)NNC(N)=O,0
TOX21NRAR-00925,O=C(Nc1ccc(Oc2ccc(Cl)cc2)c(Cl)c1)c1cc(I)cc(I)c1O,0
TOX21NRAR-00926,O=C(N/N=C/c1ccc([N+](=O)[O-])o1)c1cc([N+](=O)[O-])cc([N+](=O)[O-])c1O,0
TOX21NRAR-00927,O=S(c1cc(Cl)cc(Cl)c1O)c1cc(Cl)cc(Cl)c1O,0
TOX21NRAR-00928,OC[C@H]1O[C@H](O[C@@]2(CO)O[C@@H](O)[C@H](O)[C@@H]2O)[C@H](O)[C@@H](O)[C@@H]1O,0
TOX21NRAR-00929,CCOc1ccc(N=Nc2ccc(N)cc2N)cc1,1
TOX21NRAR-00930,c1ccc(OCc2ccc(CCCN3CCOCC3)cc2)cc1,0
TOX21NRAR-00931,Cc1c(Cl)c(=O)oc2cc(OP(=O)(OCCCl)OCCCl)ccc12,0
TOX21NRAR-00932,CC(NNC(=O)c1ccccc1)c1ccccc1,0
TOX21NRAR-00933,CC(=O)Nc1ccc(OCCOCCOc2ccc(NC(C)=O)cc2)cc1,0
TOX21NRAR-00934,O=C1c2ccccc2C(=O)C1c1ccc(Cl)cc1,0
TOX21NRAR-00935,CCN(CC)C(=O)SCc1ccc(Cl)cc1,0
TOX21NRAR-00936,[TlH2+],0
TOX21NRAR-00937,Oc1ccc(Cc2ccc(O)cc2)cc1,0
TOX21NRAR-00938,COC(=O)NC(=S)Nc1ccccc1NC(=S)NC(=O)OC,0
TOX21NRAR-00939,[Fe+2].c1cc[cH-]c1.c1cc[cH-]c1,0
TOX21NRAR-00940,CC(C)(C)c1cc(CCC(=O)NN)cc(C(C)(C)C)c1O,0
TOX21NRAR-00941,C=C(C)C(=O)OCCCCCCCCCCCCCCCCCC,0
TOX21NRAR-00942,CC(=O)OC1CCC(C(C)(C)C)CC1,0
TOX21NRAR-00943,CC(C)(O)CCCC1=CCC(C=O)CC1,0
TOX21NRAR-00944,Cc1cc(-c2ccc(N)c(C)c2)ccc1N,0
TOX21NRAR-00945,CC(C)OP(C)(=O)OC(C)C,0
TOX21NRAR-00946,O=C1OC2(c3ccc([O-])cc3Oc3cc([O-])ccc32)c2ccccc21,0
TOX21NRAR-00947,CC1=C(C)S(=O)(=O)CCS1(=O)=O,0
TOX21NRAR-00948,COS(=O)(=O)OC,0
TOX21NRAR-00949,CNC,0
TOX21NRAR-00950,CCCCCCCCCCCCCCCCCC(=O)OCC(CC)CCCC,0
TOX21NRAR-00951,CCCCCCCCCCCCCCCCCC(=O)OCCCCCCCCCCCCCC(C)C,0
TOX21NRAR-00952,CC(C)(CO)[C@@H](O)C(=O)NCCC(=O)[O-],0
TOX21NRAR-00953,CCCCOCCOC(=O)c1ccccc1C(=O)OCCOCCCC,0
TOX21NRAR-00954,C1=CCC(c2ccccc2)CC1,0
TOX21NRAR-00955,Cc1ccc(-c2ccccc2)cc1,0
TOX21NRAR-00956,CCC12COCN1COC2,0
TOX21NRAR-00957,O=c1c(O)c(-c2ccc(O)cc2O)oc2cc(O)cc(O)c12,0
TOX21NRAR-00958,CCC(=C(CC)c1ccc(O)cc1)c1ccc(O)cc1,0
TOX21NRAR-00959,CC(C)c1nc(CN(C)C(=O)N[C@H](C(=O)N[C@@H](Cc2ccccc2)C[C@H](O)[C@H](Cc2ccccc2)NC(=O)OCc2cncs2)C(C)C)cs1,0
TOX21NRAR-00960,CCCCOC(=O)C(=O)Nc1cccc(-c2nnn[nH]2)c1,0
TOX21NRAR-00961,Cc1ccc(-n2nc(C(C)(C)C)cc2NC(=O)Nc2ccc(OCCN3CCOCC3)c3ccccc23)cc1,0
TOX21NRAR-00962,O=C([O-])c1ccccc1O.O=C([O-])c1ccccc1O.[Zn+2],0
TOX21NRAR-00963,CC(=O)NC(CCC(N)=O)C(=O)O,0
TOX21NRAR-00964,CCC(CN)CC(C)CCNCC(O)CNCC(C)CC(CC)CN,0
TOX21NRAR-00965,c1ccc(-c2nnn[nH]2)cc1,0
TOX21NRAR-00966,O=C(Nc1ccc(Cl)c(Cl)c1)C1CC1,0
TOX21NRAR-00967,OC[C@H]1O[C@H](O[C@@H]2[C@@H](CO)O[C@H](O[C@@H]3[C@@H](CO)O[C@H](O)[C@H](O)[C@H]3O)[C@H](O)[C@H]2O)[C@H](O)[C@@H](O)[C@@H]1O,1
TOX21NRAR-00968,O=P([O-])([O-])OC(CO)CO,0
TOX21NRAR-00969,COc1ccc(CCNCC(O)COc2cccc(C)c2)cc1OC,0
TOX21NRAR-00970,CCCCCCCCP(=O)(O)O,0
TOX21NRAR-00971,c1cc(CCCc2ccncc2)ccn1,0
TOX21NRAR-00972,C=CC(=O)OCC(O)COc1ccccc1,0
TOX21NRAR-00973,CN(C)C(=O)CNC(=O)Cc1ccccc1,0
TOX21NRAR-00974,CCOC(=O)c1ccc(NC(=O)CN2CCCCC2)cc1,0
TOX21NRAR-00975,CC(C(O)c1ccccc1)N(C)CCOC(c1ccccc1)c1ccccc1,0
TOX21NRAR-00976,CC(=O)O[C@@H]1C(=O)O[C@H]2[C@@H](OC(C)=O)C(=O)O[C@@H]12,0
TOX21NRAR-00977,N[C@H]1CN(c2c(F)cc3c(=O)c(C(=O)O)cn(C4C[C@H]4F)c3c2Cl)CC12CC2,0
TOX21NRAR-00978,O=C1NC2CCCCN2C12CCN(CCCN1c3ccccc3CCc3ccc(Cl)cc31)CC2,0
TOX21NRAR-00979,CO[C@]1(NC(=O)CSC(F)F)C(=O)N2C(C(=O)O)=C(CSc3nnnn3CCO)CO[C@H]21,0
TOX21NRAR-00980,CN(CC1(C)CCCO1)S(=O)(=O)c1ccc(Cl)c(S(N)(=O)=O)c1,0
TOX21NRAR-00981,C=CCOc1cc(Cl)ccc1C(=O)NCCN(CC)CC,0
TOX21NRAR-00982,Cc1ccc2c(n1)Oc1ccc(C(C)C(=O)OCC(=O)N(C)C)cc1C2,1
TOX21NRAR-00983,O=[N+]([O-])c1ccc(Cl)c(Cl)c1Cl,0
TOX21NRAR-00984,O=[N+]([O-])c1cc(Cl)c(Cl)cc1Cl,0
TOX21NRAR-00985,C=CC1CC2C=CC1C2,0
TOX21NRAR-00986,Oc1ccc(Cl)c(Cl)c1Cl,0
TOX21NRAR-00987,O=[N+]([O-])c1c(Cl)cc(Cl)cc1Cl,0
TOX21NRAR-00988,O=[N+]([O-])c1cc(Cl)c(Cl)c(Cl)c1,0
TOX21NRAR-00989,Oc1cc(Cl)cc(Cl)c1Cl,0
TOX21NRAR-00990,Oc1c(Cl)ccc(Cl)c1Cl,0
TOX21NRAR-00991,C=C(Cl)CCl,0
TOX21NRAR-00992,Clc1nc2ccccc2nc1Cl,0
TOX21NRAR-00993,OC(CCl)CCl,0
TOX21NRAR-00994,O=C(O)c1cccc(C(=O)O)n1,0
TOX21NRAR-00995,CC(C)(OOC(C)(C)c1ccccc1)c1ccccc1,0
TOX21NRAR-00996,ClC(Cl)c1ccccc1,0
TOX21NRAR-00997,CC(C)C1=CC2=CC[C@H]3[C@](C)(C(=O)O)CCC[C@]3(C)[C@H]2CC1,0
TOX21NRAR-00998,O=c1cc(-c2ccccc2)oc2ccccc12,0
TOX21NRAR-00999,Cc1cc(C)c(O)c(C)c1,0
TOX21NRAR-01000,C1CCC(NC2CCCCC2)CC1,0
TOX21NRAR-01001,Cl[Ba]Cl,0
TOX21NRAR-01002,O=C(O)c1nc(Cl)c(Cl)c(Cl)c1Cl,0
TOX21NRAR-01003,C[N+]1([O-])[C@H]2C[C@H](OC(=O)[C@H](CO)c3ccccc3)C[C@@H]1[C@H]1O[C@@H]21,0
TOX21NRAR-01004,O=C(O)CP(=O)(O)O,0
TOX21NRAR-01005,CN(C)CCC=C1c2ccccc2C=Cc2ccccc21,0
TOX21NRAR-01006,CNCCC=C1c2ccccc2CCc2ccccc21,0
TOX21NRAR-01007,Cc1cc(C(=O)O)c(C)n1-c1cccc(C(=O)O)c1.O=C1C[C@@H]2OCC=C3CN4CC[C@]56c7ccccc7N1[C@H]5[C@H]2[C@H]3C[C@H]46,0
TOX21NRAR-01008,O=C([O-])CC(O)(CC(=O)O)C(=O)[O-],0
TOX21NRAR-01009,Nc1ccc(-c2ccccc2)cc1,0
TOX21NRAR-01010,NCC1(CC(=O)O)CCCCC1,0
TOX21NRAR-01011,Nc1nc[nH]n1,0
TOX21NRAR-01012,CC1CCCCC1NC(=O)Nc1ccccc1,0
TOX21NRAR-01013,CCNP(=S)(OC)O/C(C)=C/C(=O)OC(C)C,0
TOX21NRAR-01014,O=C(c1ccc(F)cc1)C1CCN(CCn2c(=S)[nH]c3ccccc3c2=O)CC1,0
TOX21NRAR-01015,Cc1nc2sccn2c(=O)c1CCN1CCC(=C(c2ccc(F)cc2)c2ccc(F)cc2)CC1,0
TOX21NRAR-01016,Cc1cc(O)ccc1O,0
TOX21NRAR-01017,Cc1cccc2ccccc12,0
TOX21NRAR-01018,Cc1cc(Cc2cc(C)cc(C(C)(C)C)c2O)c(O)c(C(C)(C)C)c1,0
TOX21NRAR-01019,O=C1CCCCCO1,0
TOX21NRAR-01020,O=C(Cl)OCc1ccccc1,0
TOX21NRAR-01021,Cc1ccc2ccccc2c1,0
TOX21NRAR-01022,Clc1ccc(COC(Cn2ccnc2)c2ccc(Cl)cc2Cl)c(Cl)c1,0
TOX21NRAR-01023,CN1CCN2c3ccccc3Cc3ccccc3C2C1,0
TOX21NRAR-01024,CC1(C)S[C@@H]2[C@H](NC(=O)[C@H](NC(=O)N3CCN(S(C)(=O)=O)C3=O)c3ccccc3)C(=O)N2[C@H]1C(=O)O,1
TOX21NRAR-01025,CC(C)(C(=O)c1cccnc1)c1cccnc1,0
TOX21NRAR-01026,CN1C(CCl)Nc2cc(Cl)c(S(N)(=O)=O)cc2S1(=O)=O,0
TOX21NRAR-01027,CC(=O)Nc1c(I)c(C(=O)N[C@H]2C(O)O[C@H](CO)[C@@H](O)[C@@H]2O)c(I)c(N(C)C(C)=O)c1I,0
TOX21NRAR-01028,c1ccc2[nH]cnc2c1,0
TOX21NRAR-01029,Cc1ccccc1O,0
TOX21NRAR-01030,CCN(CCO)c1cccc(C)c1,0
TOX21NRAR-01031,CCN(CC)c1ccccc1,0
TOX21NRAR-01032,CC(=O)CC(=O)c1ccccc1,0
TOX21NRAR-01033,C1CCC(C2CCCCC2)CC1,0
TOX21NRAR-01034,O=C(/C=C/C=C/c1ccc2c(c1)OCO2)N1CCCCC1,0
TOX21NRAR-01035,CC(C)=CCCC(C)=CC=O,0
TOX21NRAR-01036,O=CC=Cc1ccccc1,0
TOX21NRAR-01037,O=C/C=C/c1ccccc1,1
TOX21NRAR-01038,BrCCc1ccccc1,0
TOX21NRAR-01039,CC(C)SCc1ccco1,0
TOX21NRAR-01040,ClC(Cl)Cl,0
TOX21NRAR-01041,COC(=O)CCSCCC(=O)OC,0
TOX21NRAR-01042,ClC(Br)Br,0
TOX21NRAR-01043,CC(C)(CCl)C(=O)Cl,0
TOX21NRAR-01044,ClCc1ccccn1,0
TOX21NRAR-01045,ClCc1cccnc1,0
TOX21NRAR-01046,C[C@]1(Cn2ccnn2)[C@H](C(=O)[O-])N2C(=O)C[C@H]2S1(=O)=O,0
TOX21NRAR-01047,CC(C)(C)C(=O)OCC(=O)[C@H]1CC[C@H]2[C@@H]3CCC4=CC(=O)CC[C@]4(C)[C@H]3CC[C@]12C,1
TOX21NRAR-01048,C[C@H]1O[C@H](O[C@@H]2[C@@H](CO)O[C@H](O[C@@H]3[C@@H](CO)O[C@@H](O)[C@H](O)[C@H]3O)[C@H](O)[C@H]2O)[C@H](O)[C@@H](O)[C@@H]1N[C@H]1C=C(CO)[C@@H](O)[C@H](O)[C@H]1O,0
TOX21NRAR-01049,C/C=C1\[C@H]2C=C(C)C[C@]1(N)c1ccc(=O)[nH]c1C2,0
TOX21NRAR-01050,COc1cccc(-c2ccc(/C=C\CN3CCCCCC3)cc2Cl)c1,0
TOX21NRAR-01051,COc1cc(C)ccc1C(C)C,0
TOX21NRAR-01052,CCCC1CCC(=O)O1,0
TOX21NRAR-01053,O=CCCc1ccccc1,0
TOX21NRAR-01054,CC(C)c1ccc(C(=O)N=C(N)N)cc1S(C)(=O)=O,0
TOX21NRAR-01055,O=C(N[C@@H](c1ccccc1)[C@@H]1CCCCN1)c1cccc(C(F)(F)F)c1Cl,0
TOX21NRAR-01056,CC1CCC(=O)O1,0
TOX21NRAR-01057,N#C[C@@H]1C[C@@H]2C[C@@H]2N1C(=O)[C@@H](N)C12CC3CC(CC(O)(C3)C1)C2,0
TOX21NRAR-01058,CC1CC(O)CC(C)(C)C1,0
TOX21NRAR-01059,NC(=O)NC(N)=O,0
TOX21NRAR-01060,CC(C)CC(C)O,0
TOX21NRAR-01061,CC1COC(=O)O1,0
TOX21NRAR-01062,CC1(C)S[C@@H]2[C@H](NC(=O)C3(N)CCCCC3)C(=O)N2[C@H]1C(=O)O,0
TOX21NRAR-01063,NS(=O)(=O)c1cc2c(cc1Cl)NC(CC1CCCC1)NS2(=O)=O,0
TOX21NRAR-01064,COc1cc2c(cc1OC)C(=O)C(CC1CCN(Cc3ccccc3)CC1)C2,0
TOX21NRAR-01065,CC(C)NCC(O)c1ccccc1Cl,0
TOX21NRAR-01066,CCCc1nc(C)c2c(=O)nc(-c3cc(S(=O)(=O)N4CCN(CC)CC4)ccc3OCC)[nH]n12.O=C(O)CC(O)(CC(=O)O)C(=O)O,0
TOX21NRAR-01067,C[C@H]1COc2c(C3(N)CC3)c(F)cc3c(=O)c(C(=O)O)cn1c23,0
TOX21NRAR-01068,CNC1CCCN(c2c(F)cc3c(=O)c(C(=O)O)cn(C4CC4)c3c2OC)C1,0
TOX21NRAR-01069,COc1ccc(C(=O)NCc2ccc(OCCN(C)C)cc2)cc1OC,0
TOX21NRAR-01070,CCC(C)(C)c1ccc(CC(C)CN2C[C@H](C)O[C@H](C)C2)cc1,0
TOX21NRAR-01071,CCOC(=O)c1ccc(C#Cc2ccc3c(c2)C(C)(C)CCS3)nc1,0
TOX21NRAR-01072,C=COCCCCO,0
TOX21NRAR-01073,OCC1CO1,0
TOX21NRAR-01074,CCCCOC(=O)c1ccccc1,0
TOX21NRAR-01075,Cc1c(Cl)cccc1Cl,0
TOX21NRAR-01076,CCC1COC(=O)O1,0
TOX21NRAR-01077,Cc1cc(C(C)(C)C)c(O)c(C)c1CC1=NCCN1,0
TOX21NRAR-01078,CC(=O)O[C@H](CC(=O)[O-])C[N+](C)(C)C,0
TOX21NRAR-01079,CC(C)COP(=O)(OCC(C)C)OCC(C)C,0
TOX21NRAR-01080,O=C(O)C(c1ccc(Cl)cc1)c1ccc(Cl)cc1,0
TOX21NRAR-01081,CCOc1ccccc1O,0
TOX21NRAR-01082,CC(C)c1ccc(O)c(C(C)C)c1,0
TOX21NRAR-01083,CC(C)C(=O)OCCOc1ccccc1,0
TOX21NRAR-01084,C=C(C)[C@H]1CN[C@H](C(=O)O)[C@H]1CC(=O)O,0
TOX21NRAR-01085,O=C1c2ccccc2-c2n[nH]c3cccc1c23,0
TOX21NRAR-01086,Cc1ccccc1C,0
TOX21NRAR-01087,c1ccc(C(O[C@H]2CCCN(CCc3ccc4c(c3)OCO4)C2)c2ccccc2)cc1,0
TOX21NRAR-01088,Cc1ccc(Nc2c(F)cccc2Cl)c(CC(=O)O)c1,0
TOX21NRAR-01089,C[C@@H](C1=C(CCN(C)C)Cc2ccccc21)c1ccccn1,0
TOX21NRAR-01090,CC(C)OC(=O)c1cc2c(OCC(O)CNC(C)(C)C)cccc2[nH]1,0
TOX21NRAR-01091,CC1=NN(c2ccc(S(=O)(=O)O)cc2)C(=O)C1,0
TOX21NRAR-01092,FC(F)(F)C(=NOCC1OCCO1)c1ccc(Cl)cc1,0
TOX21NRAR-01093,CN(C)Cc1cc(C(C)(C)C)c(O)c(C(C)(C)C)c1,0
TOX21NRAR-01094,CC1CC(=O)CC(C)(C)C1,0
TOX21NRAR-01095,CCn1c2ccccc2c2cc([N+](=O)[O-])ccc21,0
TOX21NRAR-01096,CCc1ccc2c(c1)C(=O)c1ccccc1C2=O,0
TOX21NRAR-01097,CC(C)(C1CCC(O)CC1)C1CCC(O)CC1,0
TOX21NRAR-01098,CCC(C)(C)c1cc(O)c(C(C)(C)CC)cc1O,0
TOX21NRAR-01099,C=C(C)C(=O)OC1CC(C)CC(C)(C)C1,0
TOX21NRAR-01100,CN1[C@H]2C[C@H](OC(=O)[C@H](CO)c3ccccc3)C[C@@H]1[C@H]1O[C@@H]21,0
TOX21NRAR-01101,C=CCc1ccc2c(c1)OCO2,0
TOX21NRAR-01102,CC(C)(C)NCC(O)c1ccc(O)c(CO)c1,0
TOX21NRAR-01103,O=C(O)c1cc(/N=N/c2ccc(S(=O)(=O)Nc3ccccn3)cc2)ccc1O,0
TOX21NRAR-01104,O=C1NS(=O)(=O)c2ccccc21,0
TOX21NRAR-01105,O=C1[N-]S(=O)(=O)c2ccccc21,0
TOX21NRAR-01106,C=CCCCCCCCCCCCC,0
TOX21NRAR-01107,CN(C)CCC(O)(c1ccccc1)c1ccccc1Cl,0
TOX21NRAR-01108,NC(=O)[O-],0
TOX21NRAR-01109,CC(C)(CO)COC(=O)C(C)(C)CO,0
TOX21NRAR-01110,O=C(O)C[C@H](NC(=O)OCc1ccccc1)C(=O)O,0
TOX21NRAR-01111,CC(=O)C=CC1=C(C)CCCC1(C)C,0
TOX21NRAR-01112,Clc1ccc2c(c1)CCc1cccnc1C2=C1CCNCC1,0
TOX21NRAR-01113,O=C(Nc1ccccc1)c1ccccc1O,0
TOX21NRAR-01114,CCOC(=O)c1ccccc1C(=O)OCC,0
TOX21NRAR-01115,CCCCOC(=O)c1ccccc1C(=O)OCCCC,0
TOX21NRAR-01116,O=[N+]([O-])c1ccc(O)cc1C(F)(F)F,0
TOX21NRAR-01117,NC(=O)c1ccccc1N,0
TOX21NRAR-01118,Nc1ccc(/N=N\c2ccccc2)c(N)c1,0
TOX21NRAR-01119,CC1CC(OC(=O)C(O)c2ccccc2)CC(C)(C)N1C,0
TOX21NRAR-01120,c1ccc2c(c1)[nH]c1cnccc12,0
TOX21NRAR-01121,C#C[C@]1(OC(C)=O)CC[C@H]2[C@@H]3CCC4=CC(=O)CC[C@@H]4[C@H]3CC[C@@]21C,1
TOX21NRAR-01122,NC(=O)N=NC(N)=O,0
TOX21NRAR-01123,COc1ccc(N=[N+]([O-])c2ccc(OC)cc2)cc1,1
TOX21NRAR-01124,[O-][N+](=Nc1ccccc1)c1ccccc1,0
TOX21NRAR-01125,CC[C@@H](C)CCCCC(=O)N[C@@H](CCNCS(=O)(=O)[O-])C(=O)N[C@H](C(=O)N[C@@H](CCNCS(=O)(=O)[O-])C(=O)N[C@H]1CCNC(=O)[C@H]([C@@H](C)O)NC(=O)[C@H](CCNCS(=O)(=O)[O-])NC(=O)[C@H](CCNCS(=O)(=O)[O-])NC(=O)[C@H](CC(C)C)NC(=O)[C@@H](CC(C)C)NC(=O)[C@H](CCNCS(=O)(=O)[O-])NC1=O)[C@@H](C)O,0
TOX21NRAR-01126,ClC(Cl)=C(Cl)C(Cl)=C(Cl)Cl,0
TOX21NRAR-01127,Clc1c(Cl)c(Cl)c(Cl)c(Cl)c1Cl,0
TOX21NRAR-01128,CCOC(=O)CC(C)=O,0
TOX21NRAR-01129,C1CCCNCCC1,0
TOX21NRAR-01130,CCCCC(CC)COC(=O)/C=C\C(=O)OCC(CC)CCCC,0
TOX21NRAR-01131,Cl[C@H]1[C@H](Cl)[C@@H](Cl)[C@@H](Cl)[C@H](Cl)[C@H]1Cl,0
TOX21NRAR-01132,CC(C)(O)C#CC(C)(C)O,0
TOX21NRAR-01133,CC(=O)[O-].CC(=O)[O-].[Mg+2],0
TOX21NRAR-01134,O=C(O)CNCC(=O)O,0
TOX21NRAR-01135,CCCCCCCC/C=C\CCCCCCCC(=O)OCCCC,0
TOX21NRAR-01136,ClC1=C(Cl)C(Cl)(Cl)C(Cl)=C1Cl,0
TOX21NRAR-01137,CN1CCN(C2=Nc3cc(F)ccc3Cc3ccccc32)CC1,0
TOX21NRAR-01138,C=CCCC(=O)O,0
TOX21NRAR-01139,CN=C=O,0
TOX21NRAR-01140,[Na]I,0
TOX21NRAR-01141,C[N+](C)(C)Cc1ccccc1,0
TOX21NRAR-01142,COc1cccc(C=O)c1,0
TOX21NRAR-01143,C[N+](C)(C)CC(=O)O,0
TOX21NRAR-01144,Cc1ccccc1CCl,0
TOX21NRAR-01145,CCC(C)c1cccc(C(C)CC)c1O,0
TOX21NRAR-01146,CCCC[N+](C)(CCCC)CCCC,0
TOX21NRAR-01147,CC(=O)CC(c1ccccc1)c1c(O)c2ccccc2oc1=O,0
TOX21NRAR-01148,CN1[C@H]2CC[C@@H]1C[C@H](O)C2,0
TOX21NRAR-01149,O=C1c2ccccc2CCc2ccccc21,0
TOX21NRAR-01150,N=C(N)Nc1ccc(C(=O)Oc2ccc3cc(C(=N)N)ccc3c2)cc1,0
TOX21NRAR-01151,BrCCCCCBr,0
TOX21NRAR-01152,NCCc1ccc(O)cc1,0
TOX21NRAR-01153,CC(C)C(=O)OCC(=O)[C@@]12O[C@H](C3CCCCC3)O[C@@H]1C[C@H]1[C@@H]3CCC4=CC(=O)C=C[C@]4(C)[C@H]3[C@@H](O)C[C@@]12C,1
TOX21NRAR-01154,C[C@@H]1O[C@@H](O[C@@H]2[C@@H](O)[C@H](OCCc3ccc(O)c(O)c3)O[C@H](CO[C@@H]3O[C@H](CO)[C@@H](O)[C@H](O)[C@H]3O)[C@H]2OC(=O)/C=C/c2ccc(O)c(O)c2)[C@H](O)[C@H](O)[C@H]1O,0
TOX21NRAR-01155,CCCCCCCCCCCC[N+](C)(C)CCOc1ccccc1,0
TOX21NRAR-01156,NCC(O)c1ccc(O)cc1,0
TOX21NRAR-01157,O=CNNC=O,0
TOX21NRAR-01158,CCNC(=S)NCC,0
TOX21NRAR-01159,CC/C(=C(/CC)c1ccc(O)cc1)c1ccc(O)cc1,0
TOX21NRAR-01160,CCOC(=O)/C=C\C(=O)OCC,0
TOX21NRAR-01161,CCN(C=O)CC,0
TOX21NRAR-01162,OCCOCCO,0
TOX21NRAR-01163,CC(C)(C)S,0
TOX21NRAR-01164,CCCOC(=O)c1ccc(O)cc1,0
TOX21NRAR-01165,O=C(OCc1ccccc1)c1ccc(O)cc1,0
TOX21NRAR-01166,CCCCC(CC)COC(=O)c1ccc(O)cc1,0
TOX21NRAR-01167,CC(=O)c1ccc(Cl)c(Cl)c1Cl,0
TOX21NRAR-01168,CCCCCCCOC(=O)c1ccc(O)cc1,0
TOX21NRAR-01169,CC(C)COC(=O)c1ccccc1C(=O)OCC(C)C,0
TOX21NRAR-01170,CC(C)CCCCCCOC(=O)c1ccccc1C(=O)OCCCCCCC(C)C,0
TOX21NRAR-01171,CCOC(=O)C=Cc1ccccc1,0
TOX21NRAR-01172,COC(=O)c1ccc(O)cc1,0
TOX21NRAR-01173,CCOC(=O)c1ccc(O)cc1,0
TOX21NRAR-01174,NCCc1cnc[nH]1,0
TOX21NRAR-01175,CCCCCCCC/C=C\CCCCCCCC(=O)O,0
TOX21NRAR-01176,CN1C(=O)C(C)(C2=CCCCC2)C(=O)N=C1O,0
TOX21NRAR-01177,COS(=O)(=O)[O-].C[N+]1(C)CCN(CC(O)(c2ccccc2)C2CCCCC2)CC1,0
TOX21NRAR-01178,CCCCCCCCn1sccc1=O,0
TOX21NRAR-01179,C=CCCCCCC,0
TOX21NRAR-01180,CCCCCCCCOc1ccc(C(=O)O)cc1,0
TOX21NRAR-01181,CCN(CC)CCNc1ccc(CO)c2sc3ccccc3c(=O)c12,0
TOX21NRAR-01182,O=c1ccc2cc(O[C@@H]3O[C@H](CO)[C@@H](O)[C@H](O)[C@H]3O)c(O)cc2o1,0
TOX21NRAR-01183,c1ccc2c(c1)CCCC2C1=NCCN1,0
TOX21NRAR-01184,Cc1cccc(N(C)C(=S)Oc2ccc3ccccc3c2)c1,0
TOX21NRAR-01185,CC(CN(C)C)CN1c2ccccc2CCc2ccccc21,0
TOX21NRAR-01186,CC1=C2[C@H]3OC(=O)[C@@H](C)[C@@H]3CC[C@@]2(C)C=CC1=O,0
TOX21NRAR-01187,C[C@H]1[C@H]2[C@H](C[C@H]3[C@@H]4CC[C@H]5C[C@@H](O)CC[C@]5(C)[C@H]4CC(=O)[C@@]32C)O[C@]12CC[C@@H](C)CO2,0
TOX21NRAR-01188,c1ccc2sc(SSN3CCOCC3)nc2c1,0
TOX21NRAR-01189,N#Cc1nn(-c2c(Cl)cc(C(F)(F)F)cc2Cl)c(N)c1S(=O)C(F)(F)F,0
TOX21NRAR-01190,CC(Cc1ccc(C(C)(C)C)cc1)CN1C[C@H](C)O[C@H](C)C1,0
TOX21NRAR-01191,CC(C)C(=O)Nc1ccc([N+](=O)[O-])c(C(F)(F)F)c1,0
TOX21NRAR-01192,FC(F)C(F)(F)OCC(Cn1cncn1)c1ccc(Cl)cc1Cl,0
TOX21NRAR-01193,CCOP(=O)(OCC)OP(=O)(OCC)OCC,0
TOX21NRAR-01194,O=C1N=C2SCCN2C(=O)C1Cc1ccc(Cl)cc1,0
TOX21NRAR-01195,O=C1NC2NC(=O)NC2N1,0
TOX21NRAR-01196,CN1[C@H]2CC[C@@H]1[C@@H](C(=O)O)[C@@H](OC(=O)c1ccccc1)C2,0
TOX21NRAR-01197,C[N@+]12CCCC[C@@H]1CCC(=C(c1cccs1)c1cccs1)C2,0
TOX21NRAR-01198,CC1(C)O[C@@H]2C[C@H]3[C@@H]4CCC5=CC(=O)C=C[C@]5(C)[C@H]4[C@@H](O)C[C@]3(C)[C@]2(C(=O)CO)O1,1
TOX21NRAR-01199,CCOc1cc(N)c(Cl)cc1C(=O)NCC1CN(Cc2ccc(F)cc2)CCO1.O=C(O)CC(O)(CC(=O)O)C(=O)O,0
TOX21NRAR-01200,O=C(c1cc2ccccc2o1)N1CCN(Cc2ccccc2)CC1,0
TOX21NRAR-01201,C[C@H]1CN(c2c(F)c(F)c3c(=O)c(C(=O)O)cn(C4CC4)c3c2F)C[C@@H](C)N1,1
TOX21NRAR-01202,COc1ccc(Cc2cnc(N)nc2N)cc1OC,0
TOX21NRAR-01203,C=C[C@]1(C)C[C@@H](OC(=O)CSC(C)(C)CNC(=O)[C@H](N)C(C)C)[C@]2(C)[C@H](C)CC[C@]3(CCC(=O)[C@H]32)[C@@H](C)[C@@H]1O,0
TOX21NRAR-01204,Cc1cnc(C(=O)O)c[n+]1[O-],0
TOX21NRAR-01205,O=C1c2ccccc2C(=O)c2cc(O)ccc21,0
TOX21NRAR-01206,CCNc1nc(NC(C)(C)C)nc(SC)n1,0
TOX21NRAR-01207,CNC(=O)N(C)c1nnc(C(C)(C)C)s1,0
TOX21NRAR-01208,Cc1[nH]c(=O)n(C(C)(C)C)c(=O)c1Cl,0
TOX21NRAR-01209,CCCCC(C#N)(Cn1cncn1)c1ccc(Cl)cc1,0
TOX21NRAR-01210,O=C([O-])CF,0
TOX21NRAR-01211,CCCCOCC(C)OCC(C)O,0
TOX21NRAR-01212,C=CC(=O)OCCOCC(CC)(COCCOC(=O)C=C)COCCOC(=O)C=C,0
TOX21NRAR-01213,C=CC(=O)OCCCCCC(C)C,0
TOX21NRAR-01214,Cl/C=C/Cl,0
TOX21NRAR-01215,Cl/C=C\Cl,0
TOX21NRAR-01216,O=C(O)CCCOc1ccc(Cl)cc1Cl,0
TOX21NRAR-01217,C=Cc1ccc(C)cc1,0
TOX21NRAR-01218,OCC(Cl)CCl,0
TOX21NRAR-01219,OCCN1C[C@H](O)[C@@H](O)[C@H](O)[C@H]1CO,0
TOX21NRAR-01220,CCCCOC(=O)CC(CC(=O)OCCCC)(OC(C)=O)C(=O)OCCCC,0
TOX21NRAR-01221,NC(=O)Nc1ccc(Cl)c(Cl)c1,0
TOX21NRAR-01222,O=C(O)c1cccc(C(F)(F)F)c1,0
TOX21NRAR-01223,O=S1(=O)CC(Cl)(Cl)C(Cl)(Cl)C1,0
TOX21NRAR-01224,COC(=O)c1ccc(OC)cc1,0
TOX21NRAR-01225,COC(OC)OC,0
TOX21NRAR-01226,O=C(O)c1snc(Cl)c1Cl,0
TOX21NRAR-01227,Nc1ccc(Cl)cc1[N+](=O)[O-],0
TOX21NRAR-01228,CN(C)CCN(Cc1cccs1)c1ccccn1.CN(C)CCN(Cc1cccs1)c1ccccn1,0
TOX21NRAR-01229,CCCC(=O)OCCC(C)CCC=C(C)C,0
TOX21NRAR-01230,C=CCc1ccc(OC(=O)Cc2ccccc2)c(OC)c1,0
TOX21NRAR-01231,Cc1ccc(OC(=O)CC(C)C)cc1,0
TOX21NRAR-01232,CCC(C)C1N=C(C)C(C)S1,0
TOX21NRAR-01233,CCCC(=O)C(CC)Sc1ccoc1C,0
TOX21NRAR-01234,Cc1nc2ccc(Cl)cc2[nH]1,0
TOX21NRAR-01235,N[C@@H](CCC(=O)O)C(=O)O,0
TOX21NRAR-01236,CCCC(=O)OC/C=C(\C)CCC=C(C)C,0
TOX21NRAR-01237,CC(C)(C)OC(=O)c1ccccc1C(=O)O,0
TOX21NRAR-01238,CC1(COc2ccc(CC3SC(=O)NC3=O)cc2)CCCCC1,0
TOX21NRAR-01239,CC(C)C[C@H](NC(=O)OCC1c2ccccc2-c2ccccc21)C(=O)O,0
TOX21NRAR-01240,C[C@H]1C[C@H]2[C@@H]3CCC4=CC(=O)C=C[C@]4(C)[C@@]3(Cl)[C@@H](O)C[C@]2(C)[C@@]1(O)C(=O)CO,1
TOX21NRAR-01241,CC1(C)CCC(C)(C)c2cc(C(=O)Nc3ccc(C(=O)O)cc3)ccc21,0
TOX21NRAR-01242,CP(=O)([O-])OCCC[Si](O)(O)O,0
TOX21NRAR-01243,N#Cc1ccc(CC(=O)c2cccc(C(F)(F)F)c2)cc1,0
TOX21NRAR-01244,O=C(c1ccc(O)cc1)c1ccc(O)cc1O,1
TOX21NRAR-01245,OCCC1CCCCN1,0
TOX21NRAR-01246,CC(C)(O)C(=O)c1ccccc1,0
TOX21NRAR-01247,CCCCOC(=O)C(C)OC(=O)CCC,0
TOX21NRAR-01248,COC(C=C(C)CCC=C(C)C)OC,0
TOX21NRAR-01249,CCC(=O)OC(C)(C)C1CC=C(C)CC1,0
TOX21NRAR-01250,C=C[Si](OC(=C)C)(OC(=C)C)OC(=C)C,0
TOX21NRAR-01251,O=S(=O)(O)NC1CCCCC1,0
TOX21NRAR-01252,CC(C)(C)c1ccc(OP(=O)(Oc2ccccc2)Oc2ccccc2)cc1,0
TOX21NRAR-01253,CC(C)(C)c1ccc(OCC2CO2)cc1,0
TOX21NRAR-01254,CC(=O)[C@H]1CC[C@H]2[C@@H]3C=CC4=CC(=O)CC[C@@]4(C)[C@@H]3CC[C@]12C,1
TOX21NRAR-01255,Cn1c(=O)c2c(ncn2CC(O)CO)n(C)c1=O,0
TOX21NRAR-01256,C=CN1CCCC1=O,0
TOX21NRAR-01257,OCC(CO)N[C@H]1C[C@](O)(CO)[C@@H](O)[C@H](O)[C@H]1O,0
TOX21NRAR-01258,C1CCCCCCCCCCC1,0
TOX21NRAR-01259,Cc1cccc(C)c1,0
TOX21NRAR-01260,Cc1ccc(N)c(C)c1,0
TOX21NRAR-01261,Oc1cccc(Cl)c1,0
TOX21NRAR-01262,O=C(O)c1cc(C(=O)O)cc(S(=O)(=O)[O-])c1,0
TOX21NRAR-01263,Nc1c(S(=O)(=O)[O-])cc(Br)c2c1C(=O)c1ccccc1C2=O,0
TOX21NRAR-01264,CC(C)CCON=O,0
TOX21NRAR-01265,CC(=O)C(C)C,0
TOX21NRAR-01266,O=Cc1ccccc1[N+](=O)[O-],0
TOX21NRAR-01267,O=Cc1ccc([N+](=O)[O-])cc1,0
TOX21NRAR-01268,COc1cc(OC)nc(Oc2cccc(Oc3nc(OC)cc(OC)n3)c2C(=O)[O-])n1,0
TOX21NRAR-01269,CC(C)=C[C@@H]1[C@@H](C(=O)OCc2coc(Cc3ccccc3)c2)C1(C)C,0
TOX21NRAR-01270,CCCCc1oc2ccc(NS(C)(=O)=O)cc2c1C(=O)c1ccc(OCCCN(CCCC)CCCC)cc1,0
TOX21NRAR-01271,CCCCCCCN(CC)CCCC(O)c1ccc(NS(C)(=O)=O)cc1.CCCCCCCN(CC)CCCC(O)c1ccc(NS(C)(=O)=O)cc1,0
TOX21NRAR-01272,COc1cc([C@@H]2c3cc4c(cc3C(O[C@@H]3O[C@@H]5CO[C@@H](C)O[C@H]5[C@H](O)[C@H]3O)C3COC(=O)[C@@H]32)OCO4)cc(OC)c1OP(=O)(O)O,0
TOX21NRAR-01273,Nc1ccc(S(=O)(=O)[N-]c2ncccn2)cc1.[Ag+],0
TOX21NRAR-01274,COC(=O)C1=C(C)NC(C)=C(C(=O)OCC(C)=O)C1c1ccccc1[N+](=O)[O-],0
TOX21NRAR-01275,C=C1/C(=C\C=C2/CCC[C@]3(C)[C@@H]([C@H](C)OCCC(C)(C)O)CC[C@@H]23)C[C@@H](O)C[C@@H]1O,0
TOX21NRAR-01276,Cc1nc(-c2ccc(OCC(C)C)c(C#N)c2)sc1C(=O)O,1
TOX21NRAR-01277,COc1ccc(C(=O)N2CCCC2=O)cc1,0
TOX21NRAR-01278,CC(C)(C)NCC(O)c1ccc(O)c(CO)n1,0
TOX21NRAR-01279,CC(N)C(=O)OC(C)(C)Cc1ccc(Cl)cc1,0
TOX21NRAR-01280,CC1=C(C)C(=O)C(CCCCC#CCCCC#CCO)=C(C)C1=O,0
TOX21NRAR-01281,C=CCc1ccccc1OCC(O)CNC(C)C,0
TOX21NRAR-01282,CC(C)(C)c1nnc(NS(=O)(=O)c2ccccc2)s1,0
TOX21NRAR-01283,Cc1ccc2c(c1N)C(=O)c1ccccc1C2=O,1
TOX21NRAR-01284,CCn1c2ccccc2c2cc(N)ccc21,0
TOX21NRAR-01285,CCOc1ccc(NC(C)=O)cc1N,0
TOX21NRAR-01286,Nc1c(Br)cc(Br)c2c1C(=O)c1ccccc1C2=O,0
TOX21NRAR-01287,Nc1nnc(-c2ccc([N+](=O)[O-])o2)o1,0
TOX21NRAR-01288,CCCCCCCCCCCCCCBr,0
TOX21NRAR-01289,CCOCn1c(-c2ccc(Cl)cc2)c(C#N)c(Br)c1C(F)(F)F,0
TOX21NRAR-01290,Cn1cc(S(C)=O)c(=O)c2ccc(F)cc21,0
TOX21NRAR-01291,c1ccc2c(CCC3CCNCC3)c[nH]c2c1,0
TOX21NRAR-01292,CC(=O)c1ccc(OCC(=O)N2CCCCC2)cc1,0
TOX21NRAR-01293,C/C(=N\O)c1ccc(OCC(=O)N2CCCCC2)cc1,0
TOX21NRAR-01294,O=C(O)CCCCCCNC1c2ccccc2CCc2ccccc21,0
TOX21NRAR-01295,O=C(O)Cc1ccccc1Oc1ccc(Cl)cc1Cl,0
TOX21NRAR-01296,CCCOC(=O)Cc1ccc(OCC(=O)N(CC)CC)c(OC)c1,0
TOX21NRAR-01297,CCC(=O)O[C@H]1[C@@H](N2CCCCC2)C[C@H]2[C@@H]3CC[C@H]4C[C@H](OC(C)=O)[C@@H](N5CCCCC5)C[C@]4(C)[C@H]3CC[C@@]21C,0
TOX21NRAR-01298,COc1ccc2c(C(=O)c3ccc(Cl)cc3)c(C)n(CC(=O)O)c2c1,0
TOX21NRAR-01299,Cc1nc([N+](=O)[O-])cn1-c1ccc([N+](=O)[O-])cc1,0
TOX21NRAR-01300,CO[C@@]12[C@H](COC(N)=O)C3=C(C(=O)C(C)=C(N)C3=O)N1C[C@@H]1N[C@@H]12,0
TOX21NRAR-01301,O=[Mo](=O)=O,0
TOX21NRAR-01302,CCOP(=S)(S)OCC,0
TOX21NRAR-01303,c1nc[nH]n1,0
TOX21NRAR-01304,ClC1(Cl)C2(Cl)C3(Cl)C4(Cl)C(Cl)(Cl)C5(Cl)C3(Cl)C1(Cl)C5(Cl)C24Cl,0
TOX21NRAR-01305,CCCCCCCC/C=C\CCCCCCCC(N)=O,0
TOX21NRAR-01306,CNC(=O)Oc1cc(C)c(N(C)C)c(C)c1,0
TOX21NRAR-01307,Cc1cc(=O)[nH]c(=S)[nH]1,1
TOX21NRAR-01308,CCCCC(CC)COP(=O)(O)OCC(CC)CCCC,0
TOX21NRAR-01309,C[C@@H]1C[C@H]2[C@@H]3CCC4=CC(=O)C=C[C@]4(C)[C@@]3(Cl)[C@@H](O)C[C@]2(C)[C@@]1(OC(=O)c1ccco1)C(=O)CCl,1
TOX21NRAR-01310,CCC(C)(C)c1ccc(O)cc1,0
TOX21NRAR-01311,Cc1c(N)cccc1Cl,0
TOX21NRAR-01312,Cc1ccc(Cl)cc1,0
TOX21NRAR-01313,CC(C)(c1cc(Cl)c(O)c(Cl)c1)c1cc(Cl)c(O)c(Cl)c1,0
TOX21NRAR-01314,Nc1ccc(Br)cc1,0
TOX21NRAR-01315,CCCCOC(=O)CCCCC(=O)OCCCC,0
TOX21NRAR-01316,Cc1ccc(O)c(C)c1,0
TOX21NRAR-01317,COc1ccc(CCN(C)CCCN2CCc3cc(OC)c(OC)cc3CC2=O)cc1OC,0
TOX21NRAR-01318,Cc1ccc(O)cc1,0
TOX21NRAR-01319,Cc1ccc(C)cc1,0
TOX21NRAR-01320,COc1ccc(S(=O)(=O)N2c3ccc(Cl)cc3[C@@](O)(c3ccccc3Cl)[C@H]2C(=O)N2CCC[C@@H]2C(N)=O)cc1OC,0
TOX21NRAR-01321,O=[PH](Oc1ccccc1)Oc1ccccc1,0
TOX21NRAR-01322,C[NH+](C)CCC(c1ccc(Cl)cc1)c1ccccn1,0
TOX21NRAR-01323,CCCNC(=O)NS(=O)(=O)c1ccc(Cl)cc1,0
TOX21NRAR-01324,C[N+](C)(C)CCO,0
TOX21NRAR-01325,O=[Cr]O[Cr]=O,0
TOX21NRAR-01326,[Cr+3],0
TOX21NRAR-01327,O=C1c2cccc(O)c2C(=O)c2c(O)cccc21,0
TOX21NRAR-01328,CN/C(=N\C#N)NCCSCc1nc[nH]c1C,0
TOX21NRAR-01329,CCCCNS(=O)(=O)c1ccccc1,0
TOX21NRAR-01330,C=C(C)c1cccc(C(=C)C)c1,0
TOX21NRAR-01331,CC=CC(=O)O,0
TOX21NRAR-01332,CC1OC(=O)C(C)OC1=O,0
TOX21NRAR-01333,Nc1ccc(N)c2c1C(=O)c1ccccc1C2=O,0
TOX21NRAR-01334,CC(C)Nc1ccc(NC(C)C)c2c1C(=O)c1ccccc1C2=O,0
TOX21NRAR-01335,OCCCCCO,0
TOX21NRAR-01336,CC(C)(C)c1cc([N+](=O)[O-])cc([N+](=O)[O-])c1O,0
TOX21NRAR-01337,CNC(=N)NC(=O)Nc1c(C)cccc1C,0
TOX21NRAR-01338,CSc1ccc(/C=C2/C(C)=C(CC(=O)O)c3cc(F)ccc32)cc1,0
TOX21NRAR-01339,CC(C(=O)O)c1ccc2c(c1)CC(=O)c1ccccc1S2,0
TOX21NRAR-01340,CC(C(=O)O)c1ccc(C2CCCCC2)c2ccccc12,0
TOX21NRAR-01341,CC[C@]1(O)C[C@H]2CN(CCc3c([nH]c4ccccc34)[C@@](C(=O)OC)(c3cc4c(cc3OC)N(C)[C@H]3[C@@](O)(C(N)=O)[C@H](O)[C@]5(CC)C=CCN6CC[C@]43[C@@H]65)C2)C1,0
TOX21NRAR-01342,CCOC(=O)CN[C@@H](C(=O)N1CC[C@H]1C(=O)NCc1ccc(/C(N)=N/O)cc1)C1CCCCC1,0
TOX21NRAR-01343,COc1cc2nc(N3CCN(C(=O)c4ccco4)CC3)nc(N)c2cc1OC,0
TOX21NRAR-01344,[NH3+]c1ccccc1,0
TOX21NRAR-01345,NC(=S)c1c(Cl)cccc1Cl,0
TOX21NRAR-01346,CC(C)c1ccc(S(=O)(=O)[O-])cc1,0
TOX21NRAR-01347,CCCCCCCCCCCC(=O)OCC(C)OC(=O)CCCCC(=O)O,0
TOX21NRAR-01348,CCCCCCCCCCCCCCCS(=O)(=O)Oc1ccccc1,0
TOX21NRAR-01349,CC[C@H](C)C(=O)O[C@H]1C[C@H](O)C=C2C=C[C@H](C)[C@H](CC[C@@H](O)C[C@@H](O)CC(=O)[O-])[C@H]21,0
TOX21NRAR-01350,NC[C@H]1O[C@H](O[C@@H]2[C@@H](N)C[C@@H](N)[C@H](O[C@H]3O[C@H](CO)[C@@H](O)[C@H](N)[C@H]3O)[C@H]2O)[C@H](O)[C@@H](O)[C@@H]1O,0
TOX21NRAR-01351,COc1cc2c(cc1OC)[C@@]13CCN4CC5=CCO[C@H]6CC(=O)N2[C@H]1[C@H]6[C@H]5C[C@H]43,1
TOX21NRAR-01352,c1cc[n+]2c(c1)-c1cccc[n+]1CC2,0
TOX21NRAR-01353,C[C@H](CCC(=O)O)[C@H]1CC[C@H]2[C@@H]3C(=O)C[C@@H]4CC(=O)CC[C@]4(C)[C@H]3CC(=O)[C@@]21C,0
TOX21NRAR-01354,COCCOCCOCCOC,0
TOX21NRAR-01355,C[N+](C)(C)CCCCCCCCCC[N+](C)(C)C,0
TOX21NRAR-01356,C#C[C@]1(O)CC[C@H]2[C@@H]3CCC4=Cc5oncc5C[C@]4(C)[C@H]3CC[C@@]21C,1
TOX21NRAR-01357,Cc1ccccc1Br,0
TOX21NRAR-01358,COc1cccc2c1C(=O)c1c(O)c3c(c(O)c1C2=O)C[C@@](O)(C(C)=O)C[C@@H]3O[C@H]1C[C@H](N)[C@H](O)[C@H](C)O1,0
TOX21NRAR-01359,CC(O)CCCCn1c(=O)c2c(ncn2C)n(C)c1=O,0
TOX21NRAR-01360,Cc1ccc(C(=O)Nc2ccc(S(=O)(=O)O)c3cc(S(=O)(=O)O)cc(S(=O)(=O)O)c23)cc1NC(=O)c1cccc(NC(=O)Nc2cccc(C(=O)Nc3cc(C(=O)Nc4ccc(S(=O)(=O)O)c5cc(S(=O)(=O)O)cc(S(=O)(=O)O)c45)ccc3C)c2)c1,0
TOX21NRAR-01361,CCCCCCOc1ccc(C(=N)N(CCCC)CCCC)c2ccccc12,0
TOX21NRAR-01362,COc1cc(-c2nc(NC(=O)c3cc4cc(C)cc(C)c4n3CC(=O)O)sc2CCC2CCCCC2)c(OC)cc1Cl,0
TOX21NRAR-01363,COc1cc(C(C)C)c2c(c1)S(=O)(=O)N(COc1cc(=O)n3cccc(OCCN4CCCCC4)c3n1)C2=O,0
TOX21NRAR-01364,CCOC(=O)COc1ccc2c(c1)CC(NCC(O)c1cccc(Cl)c1)CC2,0
TOX21NRAR-01365,COc1cccc([C@H](O)C2CCN(CCc3ccc(F)cc3)CC2)c1OC,0
TOX21NRAR-01366,CN(C)CCC=C1c2ccccc2C(C)(C)c2ccccc21,0
TOX21NRAR-01367,O=C(N[C@H](c1ccccc1)[C@@H]1CN2CCC1CC2)c1c(Cl)ccc(C(F)(F)F)c1Cl,0
TOX21NRAR-01368,O=C(Nc1ccc2[nH]ccc2c1)c1cc2cc(F)ccc2n1Cc1cccc(F)c1,0
TOX21NRAR-01369,CNC(=O)Oc1cccc(C(C)C)c1,0
TOX21NRAR-01370,O=C(O)CC(O)(CC(=O)O)C(=O)O.Oc1cccc2cccnc12,0
TOX21NRAR-01371,COC(=O)c1cc(Oc2ccc(Cl)cc2Cl)ccc1[N+](=O)[O-],0
TOX21NRAR-01372,CCC(=O)Nc1ccc(O)cc1,0
TOX21NRAR-01373,CN(C)CCCN1c2ccccc2Sc2ccccc21,1
TOX21NRAR-01374,CC(=O)N1C[C@H](O)C[C@H]1C(=O)O,1
TOX21NRAR-01375,CCC(C)(S(=O)(=O)CC)S(=O)(=O)CC,0
TOX21NRAR-01376,CN1C(=O)/C(=N/NC(N)=S)c2ccccc21,0
TOX21NRAR-01377,CC(=O)Oc1cc(C(C)C)c(OCCN(C)C)cc1C,0
TOX21NRAR-01378,CCN(CC)CCNC(C(=O)OCCC(C)C)c1ccccc1,0
TOX21NRAR-01379,CCNC(=O)/C=C/c1cccc(Br)c1,0
TOX21NRAR-01380,O=S(=O)(c1ccccc1)c1ccc(Cl)cc1,0
TOX21NRAR-01381,CN(C)c1ccc(SC#N)cc1,0
TOX21NRAR-01382,OC(c1ccc(Cl)cc1)(c1ccc(Cl)cc1)c1cccnc1,0
TOX21NRAR-01383,CCCCCCCCCCCCCCCC(=O)NCCO,0
TOX21NRAR-01384,CCCCCCC1CCCC(=O)O1,0
TOX21NRAR-01385,CC(CC=O)c1ccccc1,0
TOX21NRAR-01386,C1CNCCN1,0
TOX21NRAR-01387,CCOC(=O)CCc1ccccc1,0
TOX21NRAR-01388,CCOC(=O)CC(=O)c1ccccc1,0
TOX21NRAR-01389,CCCCCC#CC(=O)OC,0
TOX21NRAR-01390,CC/C=C\CC1=C(C)CCC1=O,0
TOX21NRAR-01391,CCC(=O)OC(C)c1ccccc1,0
TOX21NRAR-01392,Cc1cccc2nccnc12,0
TOX21NRAR-01393,C/C=C/C=C/C(=O)O,1
TOX21NRAR-01394,CCN(CC)C(=S)[S-],0
TOX21NRAR-01395,[O-]c1c(Cl)cc(Cl)cc1Sc1cc(Cl)cc(Cl)c1[O-],0
TOX21NRAR-01396,Brc1cc(Br)c(Oc2cc(Br)c(Br)cc2Br)cc1Br,0
TOX21NRAR-01397,CC(C)NCC(O)c1ccc(NS(C)(=O)=O)cc1,1
TOX21NRAR-01398,CCC(OCCCOC)OC(C)=O,0
TOX21NRAR-01399,Cc1cscn1,0
TOX21NRAR-01400,NC1CCCCC1N,0
TOX21NRAR-01401,O=C(Cl)c1c(Cl)c(Cl)c(C(=O)Cl)c(Cl)c1Cl,0
TOX21NRAR-01402,C[Sn](C)(Cl)Cl,0
TOX21NRAR-01403,CCCCC(CC)C(=O)Cl,0
TOX21NRAR-01404,CCOCCC(=O)OCC,0
TOX21NRAR-01405,N#Cc1ccc2c(c1)N(CCCN1CCC(O)CC1)c1ccccc1S2,0
TOX21NRAR-01406,CN(N=O)c1ccccc1,0
TOX21NRAR-01407,O=NN1CCOCC1,0
TOX21NRAR-01408,NC(=O)Nc1nc2ccccc2[nH]1,0
TOX21NRAR-01409,O=NN1CCNCC1,0
TOX21NRAR-01410,OC(CCN1CCCCC1)(c1ccccc1)C1CCCCC1,0
TOX21NRAR-01411,COc1cc2c(cc1OC)[C@@H](c1ccccc1)CN(C)CC2,0
TOX21NRAR-01412,COc1ccc(CCNC[C@H](O)c2ccc(O)cc2)cc1OC,0
TOX21NRAR-01413,COc1cc2c(cc1OC)-c1c/c(=N\c3c(C)cc(C)cc3C)n(C)c(=O)n1CC2,0
TOX21NRAR-01414,Cc1ccc(S(=O)(=O)N[C@@H](CCCCN)C(=O)CCl)cc1,0
TOX21NRAR-01415,CN(C)CCCN1c2ccccc2Sc2ccc(C(F)(F)F)cc21,0
TOX21NRAR-01416,CC(C)(C)NCC(O)c1ccccc1Cl,0
TOX21NRAR-01417,CCN(CC)C(=O)N[C@H]1C[C@@H]2c3cccc4[nH]cc(c34)C[C@H]2N(C)C1,0
TOX21NRAR-01418,COC(=O)CC(C)CCC=C(C)C,0
TOX21NRAR-01419,CC1(C)[C@@H](O)CC[C@@]2(C)[C@H]1CC[C@]1(C)[C@@H]2C(=O)C=C2[C@@H]3C[C@@](C)(C(=O)O)CC[C@]3(C)CC[C@]21C,0
TOX21NRAR-01420,O=S1OCCO1,0
TOX21NRAR-01421,OCC(O)CCl,0
TOX21NRAR-01422,COC(C)(C)CCO,0
TOX21NRAR-01423,C[C@]1(O)CC[C@H]2[C@@H]3CCC4=CC(=O)CC[C@]4(C)[C@H]3CC[C@@]21C,1
TOX21NRAR-01424,OCC(O)CO,0
TOX21NRAR-01425,O=S(=O)(O)c1ccc(O)c2ncccc12,0
TOX21NRAR-01426,Cc1ccc(S(=O)(=O)O)cc1.O,0
TOX21NRAR-01427,Oc1ccc(C(c2ccc(O)cc2)(C(F)(F)F)C(F)(F)F)cc1,0
TOX21NRAR-01428,COC(OC)(C(=O)c1ccccc1)c1ccccc1,0
TOX21NRAR-01429,C[C@@H]1CC[C@H]2C(C)(C)[C@H]3C[C@]21CC[C@@]3(C)O,0
TOX21NRAR-01430,CC(c1ccc(O)cc1)(c1ccc(O)cc1)c1ccc(O)cc1,0
TOX21NRAR-01431,O=S(=O)(O)O,0
TOX21NRAR-01432,O=C(c1ccc(O)c(O)c1)c1ccc(O)cc1O,0
TOX21NRAR-01433,[Fe+2],0
TOX21NRAR-01434,c1ccc2c(c1)ccc1cc3c(ccc4ccccc43)cc12,0
TOX21NRAR-01435,Nc1ccc(O)c(N)c1,0
TOX21NRAR-01436,Nc1ccc(NC(=O)c2ccc(N)cc2)cc1,0
TOX21NRAR-01437,Cc1ccc(N)cc1N,0
TOX21NRAR-01438,CCOP(=S)(OCC)Oc1cc(C)nc(C(C)C)n1,0
TOX21NRAR-01439,CN1C(=O)CN=C(c2ccccc2)c2cc(Cl)ccc21,0
TOX21NRAR-01440,CC(C)(C)C(=O)O,0
TOX21NRAR-01441,CC(C)(CO)[N+](=O)[O-],0
TOX21NRAR-01442,CCOC(=O)[C@@H](C)Oc1ccc(Oc2nc3ccc(Cl)cc3o2)cc1,0
TOX21NRAR-01443,CCCCCCCCCCCCS,0
TOX21NRAR-01444,Clc1ccc(COC(Cn2ccnc2)c2ccc(Cl)cc2Cl)cc1,0
TOX21NRAR-01445,CSC1=N[C@@](C)(c2ccccc2)C(=O)N1Nc1ccccc1,0
TOX21NRAR-01446,CCCCCCCCCCCCc1ccc(O)cc1,0
TOX21NRAR-01447,C[N+]1(C)CCC(OC(=O)C(O)(c2ccccc2)C2CCCC2)C1,0
TOX21NRAR-01448,CC(C)CN(C[C@@H](OP(=O)([O-])[O-])[C@H](Cc1ccccc1)NC(=O)O[C@H]1CCOC1)S(=O)(=O)c1ccc(N)cc1,0
TOX21NRAR-01449,N[C@@H](CCC(=O)N[C@@H](CS)C(=O)NCC(=O)O)C(=O)O,0
TOX21NRAR-01450,OCCN(CCO)c1cccc(Cl)c1,0
TOX21NRAR-01451,CCOC(=O)C(Cl)Cc1cc(-n2nc(C)n(C(F)F)c2=O)c(F)cc1Cl,0
TOX21NRAR-01452,O=C(O)c1cccc(-c2noc(-c3ccccc3F)n2)c1,1
TOX21NRAR-01453,CCOC(=O)C1CC(=O)C(=C(O)C2CC2)C(=O)C1,0
TOX21NRAR-01454,CC(C)=CC1C(C(=O)OC(C#N)c2cccc(Oc3ccccc3)c2)C1(C)C,0
TOX21NRAR-01455,CCCCCCCCCC[N+](C)(C)CCCCCCCCCC,0
TOX21NRAR-01456,COc1ccccc1NC(=O)CC(C)=O,0
TOX21NRAR-01457,Cn1cnc2c(=O)nc(N)[nH]c21,0
TOX21NRAR-01458,CC1(C)O[C@@H]2C[C@H]3[C@@H]4CCC5=CC(=O)CC[C@]5(C)[C@@]4(F)[C@@H](O)C[C@]3(C)[C@]2(C(=O)CCl)O1,1
TOX21NRAR-01459,N=C(N)NC(=N)N1CCOCC1,0
TOX21NRAR-01460,Cc1cccc(C)c1NC(=O)CN1CCN(CCCC(c2ccc(F)cc2)c2ccc(F)cc2)CC1,0
TOX21NRAR-01461,CCOC(=O)[C@@](C)(N)Cc1ccc(O)c(O)c1,0
TOX21NRAR-01462,CC(=O)[C@H]1CC[C@H]2[C@@H]3C[C@H](C)C4=CC(=O)CC[C@]4(C)[C@H]3[C@@H](O)C[C@]12C,1
TOX21NRAR-01463,CCN(CCCCOC(=O)c1ccc(OC)c(OC)c1)C(C)Cc1ccc(OC)cc1,0
TOX21NRAR-01464,CCCCc1cc2ccccc2c(OCCN(C)C)n1,0
TOX21NRAR-01465,CCCN(CCc1cccs1)[C@H]1CCc2c(O)cccc2C1,0
TOX21NRAR-01466,CC1=CC(=O)[C@H]2C[C@@H]1C2(C)C,0
TOX21NRAR-01467,Nc1c(Cl)c(F)nc(OCC(=O)O)c1Cl,0
TOX21NRAR-01468,CO/N=C(/C1=NOCCO1)c1ccccc1Oc1ncnc(Oc2ccccc2Cl)c1F,0
TOX21NRAR-01469,Cc1ccc(C(C)C)c(O)c1,0
TOX21NRAR-01470,O=c1cc[nH]c(=S)[nH]1,0
TOX21NRAR-01471,Nc1ccc(Sc2ccc(N)cc2)cc1,0
TOX21NRAR-01472,CC(=O)OCCOC(C)=O,0
TOX21NRAR-01473,CCCCCCCCCCCCCCCCCC(=O)OCCO,0
TOX21NRAR-01474,CCCCCCCC,0
TOX21NRAR-01475,N=C1NC(=N)c2cc3ccccc3cc21,0
TOX21NRAR-01476,C1=CCCC=CCC1,0
TOX21NRAR-01477,CCCCCCCCCCCC(=O)OC,0
TOX21NRAR-01478,Oc1ccc(O)c2c(O)cccc12,0
TOX21NRAR-01479,N#C[S-],0
TOX21NRAR-01480,CC(N)=S,0
TOX21NRAR-01481,Cc1cc(O)c(C(C)(C)C)cc1Sc1cc(C(C)(C)C)c(O)cc1C,0
TOX21NRAR-01482,COc1ccccc1N1CCNCC1,0
TOX21NRAR-01483,Nc1ccccc1Nc1ccccc1,0
TOX21NRAR-01484,CCC[N+]1(C)CCCC1,0
TOX21NRAR-01485,CCCCCCCCCCCCCCCCI,0
TOX21NRAR-01486,O=[N+]([O-])c1ccc2[nH]ncc2c1,0
TOX21NRAR-01487,CCC(C)(C)CC,0
TOX21NRAR-01488,CN1CC(=O)N=C1NC(=O)Nc1cccc(Cl)c1,0
TOX21NRAR-01489,CCCC(=O)O[C@]1(C(=O)COC(C)=O)CC[C@H]2[C@@H]3C[C@H](F)C4=CC(=O)C=C[C@]4(C)[C@@]3(F)[C@@H](O)C[C@@]21C,1
TOX21NRAR-01490,C=CCCC=C,0
TOX21NRAR-01491,BrCCOc1ccccc1,0
TOX21NRAR-01492,CC(C)CN(C[C@@H](O)[C@H](Cc1ccccc1)NC(=O)O[C@H]1CO[C@H]2OCC[C@@H]12)S(=O)(=O)c1ccc(N)cc1,0
TOX21NRAR-01493,C[C@]12O[C@H](C[C@]1(O)CO)n1c3ccccc3c3c4c(c5c6ccccc6n2c5c31)CNC4=O,0
TOX21NRAR-01494,ClC1=C(Cl)[C@]2(Cl)[C@H]3[C@H]([C@H]4C=C[C@H]3C4)[C@@]1(Cl)C2(Cl)Cl,0
TOX21NRAR-01495,CC(=O)O[C@@H]1C[C@H]2CC[C@]1(C)C2(C)C,0
TOX21NRAR-01496,CC1(C)[C@@H]2CC[C@@]1(C)[C@H](O)C2,0
TOX21NRAR-01497,COP(N)(=S)Oc1ccccc1C(=O)OC(C)C,0
TOX21NRAR-01498,CCC(=O)O[C@@H]1C[C@H]2CC[C@]1(C)C2(C)C,0
TOX21NRAR-01499,CC(C)CCCCCOC(=O)c1ccccc1C(=O)OCCCCCC(C)C,0
TOX21NRAR-01500,CCCCCCCCCC(CC)c1ccc(S(=O)(=O)O)cc1.OCCN(CCO)CCO,0
TOX21NRAR-01501,CC(C)CC(C)(C)C,0
TOX21NRAR-01502,CCCSC(=O)N(CCC)CCC,0
TOX21NRAR-01503,O=P(OCC(Br)CBr)(OCC(Br)CBr)OCC(Br)CBr,0
TOX21NRAR-01504,COc1c(Cl)ccc(Cl)c1C(=O)O,0
TOX21NRAR-01505,Brc1ccc(Oc2ccc(Br)cc2)cc1,0
TOX21NRAR-01506,ClC(Cl)(Br)Br,0
TOX21NRAR-01507,Brc1ccc(Br)cc1,0
TOX21NRAR-01508,OC1CCCCC1c1ccccc1,0
TOX21NRAR-01509,O=S(=O)([O-])c1ccc2ccccc2c1,0
TOX21NRAR-01510,CCC(C)COC(=O)CC(C)C,0
TOX21NRAR-01511,Cc1ccccc1OCC(=O)O,0
TOX21NRAR-01512,CC=CC(=O)CCCC,0
TOX21NRAR-01513,CCCCCC(CC)OC(=O)CCCOc1ccc(Cl)cc1Cl,0
TOX21NRAR-01514,Fc1c(F)c(F)c(Br)c(F)c1F,0
TOX21NRAR-01515,CCCCc1ccc(O)cc1,0
TOX21NRAR-01516,C/C=C(\C)C(=O)OCc1ccccc1,0
TOX21NRAR-01517,CC(=O)Oc1ccc([N+](=O)[O-])cc1CCl,0
TOX21NRAR-01518,CSCCCN=C=S,0
TOX21NRAR-01519,CC1=NC(C)OC1C,0
TOX21NRAR-01520,CC(C)(C)c1ccccc1,0
TOX21NRAR-01521,O=C1CCCC=CCCCCCCCCCC1,0
TOX21NRAR-01522,CCOC(=O)COc1ccc(C)cc1,0
TOX21NRAR-01523,C[C@@H]1C[C@H]2[C@@H]3CCC4=CC(=O)C=C[C@]4(C)[C@@]3(F)[C@@H](O)C[C@]2(C)[C@@]1(O)C(=O)COP(=O)([O-])[O-],1
TOX21NRAR-01524,CC(C)(O)C#N,0
TOX21NRAR-01525,NO,0
TOX21NRAR-01526,[NH3+]O.[NH3+]O,0
TOX21NRAR-01527,NCCNCCO,0
TOX21NRAR-01528,N#CC(O)c1ccccc1,0
TOX21NRAR-01529,O=C(NO)c1ccccc1,0
TOX21NRAR-01530,Oc1ccc2cc(SSc3ccc4cc(O)ccc4c3)ccc2c1,0
TOX21NRAR-01531,CCCCC(=O)N(Cc1ccc(-c2ccccc2-c2nnn[nH]2)cc1)[C@@H](C(=O)O)C(C)C,0
TOX21NRAR-01532,CCCC(CCC)C(N)=O,0
TOX21NRAR-01533,Cl[V](Cl)(C1C=CC=C1)C1C=CC=C1,0
TOX21NRAR-01534,N#CCc1ccccc1[N+](=O)[O-],0
TOX21NRAR-01535,O=[N+]([O-])c1ccc(CCO)cc1,0
TOX21NRAR-01536,O=[N+]([O-])c1cccc(O)c1,0
TOX21NRAR-01537,Cc1ccc2ccccc2c1[N+](=O)[O-],0
TOX21NRAR-01538,O=[N+]([O-])c1ccccc1CCO,0
TOX21NRAR-01539,O=C1CCCC(=O)C1,0
TOX21NRAR-01540,COc1cc(/C=C/C(=O)CC(=O)/C=C/c2ccc(O)c(OC)c2)ccc1O,0
TOX21NRAR-01541,CCOC(N)=O,0
TOX21NRAR-01542,NC(N)=O,0
TOX21NRAR-01543,COc1ccccc1N1CCN(CCCNc2cc(=O)n(C)c(=O)n2C)CC1,0
TOX21NRAR-01544,O=c1cc[nH]c(=O)[nH]1,0
TOX21NRAR-01545,CCc1ccc(Br)cc1,0
TOX21NRAR-01546,CCCC[Sn](Cl)(Cl)Cl,0
TOX21NRAR-01547,O=C(O)c1ccc2cc(C(=O)O)ccc2c1,0
TOX21NRAR-01548,CO/C=C(/C(=O)OC)c1ccccc1Oc1cc(Oc2ccccc2C#N)ncn1,0
TOX21NRAR-01549,CCCOCC(C)O,1
TOX21NRAR-01550,C=CCOC(=O)C(C)(C)OC(=O)c1cc(-n2c(=O)cc(C(F)(F)F)n(C)c2=O)ccc1Cl,0
TOX21NRAR-01551,CCCCCCC(CO)CCCC,0
TOX21NRAR-01552,O=C([O-])c1cc(C(=O)O)cc(S(=O)(=O)O)c1,0
TOX21NRAR-01553,CO/N=C(/C(=O)N[C@@H]1C(=O)N2C(C(=O)[O-])=C(C[n+]3ccn4ncccc43)CS[C@H]12)c1nsc(N)n1,0
TOX21NRAR-01554,COC(C)CCO,0
TOX21NRAR-01555,CO/N=C(/C(=O)N[C@@H]1C(=O)N2C(C(=O)OCOC(=O)C(C)(C)C)=C(C)CS[C@H]12)c1csc(N)n1,0
TOX21NRAR-01556,CN(Cc1ccc(C(C)(C)C)cc1)Cc1cccc2ccccc12,0
TOX21NRAR-01557,CCCC(=O)N1CCCN(c2nc(N)c3cc(OC)c(OC)cc3n2)CC1,0
TOX21NRAR-01558,CC(C)(S)C(=O)N[C@@H](CS)C(=O)O,0
TOX21NRAR-01559,C/C(=C(\CCOC(=O)c1ccccc1)SS/C(CCOC(=O)c1ccccc1)=C(/C)N(C=O)Cc1cnc(C)nc1N)N(C=O)Cc1cnc(C)nc1N,0
TOX21NRAR-01560,CC#CCC(C)[C@H](O)/C=C/[C@@H]1[C@H]2c3cccc(CCCC(=O)[O-])c3O[C@H]2C[C@H]1O,0
TOX21NRAR-01561,CCCCOC(=O)CCCCCCCC(=O)OCCCC,0
TOX21NRAR-01562,C=CCBr,0
TOX21NRAR-01563,CCC1(C2=NCCN2)Cc2ccccc2O1,0
TOX21NRAR-01564,Cc1ccccc1C(=O)Nc1cccc(OC(C)C)c1,0
TOX21NRAR-01565,CSc1ccc(C(=O)c2[nH]c(=O)[nH]c2C)cc1,0
TOX21NRAR-01566,CN(C)CC/C=C1\c2ccccc2COc2ccccc21,0
TOX21NRAR-01567,Cc1cc(N)c2ccccc2[n+]1CCCCCCCCCC[n+]1c(C)cc(N)c2ccccc21,0
TOX21NRAR-01568,CN(C)CCOC(=O)COc1ccc(Cl)cc1,0
TOX21NRAR-01569,CN(C(=O)CCCOc1ccc2[nH]c(=O)ccc2c1)C1CCCCC1,0
TOX21NRAR-01570,N=C(N)NC(=N)NCCc1ccccc1,0
TOX21NRAR-01571,C=CCOC(=O)CCCCCCCC,0
TOX21NRAR-01572,COc1cc([N+](=O)[O-])ccc1N,0
TOX21NRAR-01573,C=CCSSCCC,0
TOX21NRAR-01574,C=CCNC(N)=S,0
TOX21NRAR-01575,C[Si](Cl)(c1ccccc1)c1ccccc1,0
TOX21NRAR-01576,CC(C)C(O)C(C)(C)CO,0
TOX21NRAR-01577,C[C@]12CC[C@@H]3[C@H]4CCC(=O)C=C4CC[C@H]3[C@@H]1CC[C@@H]2OC(=O)CCc1ccccc1,1
TOX21NRAR-01578,CCCCCCCCCC(=O)O[C@H]1CC[C@H]2[C@@H]3CCC4=CC(=O)CC[C@@H]4[C@H]3CC[C@]12C,1
TOX21NRAR-01579,C[C@]12CC[C@@H]3[C@H]4CCC(=O)C=C4CC[C@H]3[C@@H]1CC[C@@H]2O,1
TOX21NRAR-01580,CCCc1c2oc(C(=O)O)cc(=O)c2cc2c(=O)cc(C(=O)O)n(CC)c12,0
TOX21NRAR-01581,Cl[Nd](Cl)Cl,0
TOX21NRAR-01582,CCO[Si](CCC1CCC2OC2C1)(OCC)OCC,0
TOX21NRAR-01583,CCOC(=O)c1ccc(N(C)C)cc1,0
TOX21NRAR-01584,CC(C)C(=O)OCCc1ccccc1,0
TOX21NRAR-01585,CC(=O)OCC=Cc1ccccc1,0
TOX21NRAR-01586,OCCc1ccccn1,0
TOX21NRAR-01587,CCNc1cccc(C)c1,0
TOX21NRAR-01588,c1ccc(Oc2ccccc2)cc1,0
TOX21NRAR-01589,CNc1ccccc1,0
TOX21NRAR-01590,N#Cc1ccccn1,0
TOX21NRAR-01591,ON=C1CCCCC1,0
TOX21NRAR-01592,O=C(O)c1ccccc1C(=O)OCc1ccccc1,0
TOX21NRAR-01593,COc1ccccc1NC(=O)c1cc2ccccc2cc1O,0
TOX21NRAR-01594,O=C(Oc1ccccc1)c1ccc2ccccc2c1O,0
TOX21NRAR-01595,CC(C)CCCCCOC(=O)CCCCC(=O)OCCCCCC(C)C,0
TOX21NRAR-01596,O=[N+]([O-])c1ccc(Oc2ccc([N+](=O)[O-])cc2)cc1,0
TOX21NRAR-01597,COc1ccc(OC)c(OC)c1,0
TOX21NRAR-01598,CC(=O)/C=C/C1C(C)=CCCC1(C)C,0
TOX21NRAR-01599,O=c1ccc2ccccc2o1,0
TOX21NRAR-01600,COc1ccc(N)c(C)c1,0
TOX21NRAR-01601,CN[C@H]1CCc2cc(OC)c(OC)c(OC)c2-c2ccc(OC)c(=O)cc21,0
TOX21NRAR-01602,CC(=O)OCCC(C)CC(C)(C)C,0
TOX21NRAR-01603,[Co+2],0
TOX21NRAR-01604,COc1ccc2c3c1O[C@H]1[C@@H](O)C=C[C@H]4[C@@H](C2)N(C)CC[C@]314,1
TOX21NRAR-01605,CCCCCCCCCCCC(=O)OCC(O)CO,0
TOX21NRAR-01606,CCOP(=S)(OCC)Oc1ccc2c(C)c(Cl)c(=O)oc2c1,0
TOX21NRAR-01607,CCCc1c(OCCCCc2nnn[nH]2)ccc(C(C)=O)c1O,0
TOX21NRAR-01608,CN(C)C(=S)[S-].CN(C)C(=S)[S-].[Cu+2],0
TOX21NRAR-01609,CCCC[n+]1cccc(C)c1,0
TOX21NRAR-01610,O=C1c2ccccc2C(=O)c2cc(Cl)ccc21,0
TOX21NRAR-01611,Cc1nc2ccccc2s1,0
TOX21NRAR-01612,N#Cc1c2ccccc2cc2ccccc12,0
TOX21NRAR-01613,O=CC=C(c1ccccc1)c1ccccc1,0
TOX21NRAR-01614,O=C(/C=C/c1ccc([N+](=O)[O-])cc1)c1ccccc1,0
TOX21NRAR-01615,CCC1(c2cnc[nH]2)Cc2ccccc2C1,0
TOX21NRAR-01616,CCCn1cc[n+](C)c1,0
TOX21NRAR-01617,COc1ccc2c3c1O[C@H]1C[C@@H](O)C=C[C@@]31CCN(C)C2,0
TOX21NRAR-01618,CCCCC=O,0
TOX21NRAR-01619,O=C(O)CCCC(=O)O,0
TOX21NRAR-01620,CCCCCCC[N+](CC)(CC)CCCCc1ccc(Cl)cc1,0
TOX21NRAR-01621,CCN1CCCC1CNC(=O)c1cc(S(N)(=O)=O)ccc1OC,0
TOX21NRAR-01622,O=C1OC2(c3cc(Br)c(O)c(Br)c3Oc3c2cc(Br)c(O)c3Br)c2c(Cl)c(Cl)c(Cl)c(Cl)c21,0
TOX21NRAR-01623,C[C@]12CC[C@H]3[C@@H](C=CC4=CC(=O)CC[C@@]43C)[C@@H]1CC[C@@]2(O)CCC(=O)[O-],1
TOX21NRAR-01624,CC(C)CCCCCCCOC(=O)c1ccccc1C(=O)OCCCCCCCC(C)C,0
TOX21NRAR-01625,CC(=O)c1ccc(C(C)=O)cc1,0
TOX21NRAR-01626,CCCCCCCCCOC(=O)c1ccccc1C(=O)OCCCCCCCCC,0
TOX21NRAR-01627,CN(C)c1ccncc1,0
TOX21NRAR-01628,Fc1ccc(C(OCCN2CCN(CCCc3ccccc3)CC2)c2ccc(F)cc2)cc1,0
TOX21NRAR-01629,CCc1nn(C)c(C(=O)NCc2ccc(C(C)(C)C)cc2)c1Cl,0
TOX21NRAR-01630,O=C(c1ccc(Cl)cc1)c1ccc(Cl)cc1,0
TOX21NRAR-01631,C#C[C@]1(O)CC[C@H]2[C@@H]3CCc4cc(OC)ccc4[C@H]3CC[C@@]21C,0
TOX21NRAR-01632,C=C(C#N)C(=O)OCC,0
TOX21NRAR-01633,Cc1c(-c2cccnc2)c2ccccc2n1CCCCC(=O)O,0
TOX21NRAR-01634,O=C(O)C1(c2ccc3c(c2)OC[C@H](Cc2ccc(-c4ccccc4)cc2)[C@H]3O)CCCC1,0
TOX21NRAR-01635,Cc1oc(-c2ccccc2)nc1CCOc1cccc2c1ccn2CCC(=O)O,0
TOX21NRAR-01636,Cc1cc(NC(=O)C(=O)O)cc(C)c1Oc1ccc(O)c2c1CCC2,0
TOX21NRAR-01637,CNC(=O)[C@H]1O[C@@H](n2cnc3c(NCc4cc(Cl)ccc4OCc4cc(C)no4)ncnc32)[C@H](O)[C@@H]1N,0
TOX21NRAR-01638,NC(=O)N1C(=O)C(C(=O)c2cc(Cl)cs2)c2cc(F)c(Cl)cc21,0
TOX21NRAR-01639,NC(=O)N(O)[C@@H]1C=C[C@H](Oc2cccc(Oc3ccc(F)cc3)c2)C1,0
TOX21NRAR-01640,O=C1NC(=O)C(c2ccccc2)(c2ccccc2)N1,0
TOX21NRAR-01641,CO[C@H]1O[C@@H]2O[C@]3(C)CC[C@H]4[C@H](C)CC[C@@H]([C@H]1C)C42OO3,0
TOX21NRAR-01642,O=C(O)CCNC(=O)c1ccc(/N=N/c2ccc(O)c(C(=O)O)c2)cc1,0
TOX21NRAR-01643,CC(C)C(Br)C(=O)NC(N)=O,0
TOX21NRAR-01644,CN1CCC[C@H]1c1cccnc1,0
TOX21NRAR-01645,Cc1c(N(C)CS(=O)(=O)[O-])c(=O)n(-c2ccccc2)n1C,0
TOX21NRAR-01646,O=CCc1ccccc1,0
TOX21NRAR-01647,C/C(=C\C(=O)OCCCCCCCCC(=O)O)C[C@@H]1OC[C@H](C[C@@H]2O[C@H]2[C@@H](C)[C@H](C)O)[C@@H](O)[C@H]1O,0
TOX21NRAR-01648,CCN(CC)C(=O)/C(C#N)=C/c1cc(O)c(O)c([N+](=O)[O-])c1,0
TOX21NRAR-01649,Nc1nc(Cl)nc2c1ncn2[C@@H]1O[C@H](CO)[C@@H](O)[C@@H]1F,0
TOX21NRAR-01650,O=C(CS(=O)Cc1ccco1)NC/C=C\COc1cc(CN2CCCCC2)ccn1,0
TOX21NRAR-01651,C[C@@H](O)[C@H]1C(=O)N2C(C(=O)[O-])=C(SC3Cn4cnc[n+]4C3)[C@H](C)[C@H]12,0
TOX21NRAR-01652,CN1C[C@@H]2C[C@H]1CN2c1cc2c(cc1F)c(=O)c(C(=O)O)cn2C1CC1,0
TOX21NRAR-01653,CN(CCOc1ccc(NS(C)(=O)=O)cc1)CCc1ccc(NS(C)(=O)=O)cc1,1
TOX21NRAR-01654,C[C@@H](O)[C@H]1C(=O)N2C(C(=O)O)=C([C@H]3CCCO3)S[C@H]12,0
TOX21NRAR-01655,C=C(C)C1CC=C(C)C(=O)C1,0
TOX21NRAR-01656,Cc1ccccc1S,0
TOX21NRAR-01657,O=C1CCCCC1C1CCCCC1,0
TOX21NRAR-01658,C[C@H]1C[C@H]2[C@@H]3CCC4=CC(=O)C=C[C@]4(C)[C@@]3(F)[C@@H](O)C[C@]2(C)[C@@]1(O)C(=O)COP(=O)([O-])[O-],1
TOX21NRAR-01659,CCC(=O)C1CC(C(C)C)CC=C1C,0
TOX21NRAR-01660,CC(C)=CCOC(=O)c1ccccc1,0
TOX21NRAR-01661,COc1cc(CCC(C)=O)ccc1O,0
TOX21NRAR-01662,OC[C@H](O)[C@@H](O)[C@@H](O)[C@H](O)CO,0
TOX21NRAR-01663,COC1=C(OC)C(=O)C(C/C=C(\C)CC/C=C(\C)CC/C=C(\C)CC/C=C(\C)CC/C=C(\C)CC/C=C(\C)CC/C=C(\C)CC/C=C(\C)CC/C=C(\C)CCC=C(C)C)=C(C)C1=O,0
TOX21NRAR-01664,CCN(CC)CCOc1ccc(C(O)(Cc2ccc(Cl)cc2)c2ccc(C)cc2)cc1,0
TOX21NRAR-01665,O=C(O)c1ccc(O)c(O)c1,0
TOX21NRAR-01666,O=C1c2ccccc2C(=O)c2c(O)c(O)cc(O)c21,0
TOX21NRAR-01667,CCCCn1cc[n+](C)c1.O=S(=O)([O-])C(F)(F)F,0
TOX21NRAR-01668,CCc1nc(N)nc(N)c1-c1ccc(Cl)cc1,1
TOX21NRAR-01669,O=c1c(O)c(-c2ccc(O)c(O)c2)oc2cc(O)cc(O)c12,0
TOX21NRAR-01670,COc1ccc(/C=C/C(=O)O)cc1,0
TOX21NRAR-01671,CCCCCCCCCCn1cc[n+](C)c1,0
TOX21NRAR-01672,O=S(=O)([O-])CO,0
TOX21NRAR-01673,C=CCCCCCCCC,0
TOX21NRAR-01674,O=C1CCCCCCCCCCC1,0
TOX21NRAR-01675,O=[N+]([O-])c1ccc(Nc2ccccc2)cc1,0
TOX21NRAR-01676,O=[N+]([O-])c1ccc([O-])cc1,0
TOX21NRAR-01677,O=S(=O)([O-])c1ccc(O)cc1,0
TOX21NRAR-01678,c1cc(N(CC2CO2)CC2CO2)ccc1Cc1ccc(N(CC2CO2)CC2CO2)cc1,0
TOX21NRAR-01679,CC(=O)Nc1ccc(S(N)(=O)=O)cc1,0
TOX21NRAR-01680,O=C(OCc1ccccc1)c1ccccc1O,0
TOX21NRAR-01681,c1ccc(CSCc2ccccc2)cc1,0
TOX21NRAR-01682,O=C(Cc1ccccc1)OCc1ccccc1,0
TOX21NRAR-01683,CC(=O)C(Cl)C(=O)N(C)C,0
TOX21NRAR-01684,N#CC1(N)CCCCC1,0
TOX21NRAR-01685,O=C1CCCCCN1SSN1CCCCCC1=O,0
TOX21NRAR-01686,CCOC(=O)NNc1ccc(N(CC)CC(C)O)nn1,0
TOX21NRAR-01687,COCCc1ccc(OCC(O)CNC(C)C)cc1.COCCc1ccc(OCC(O)CNC(C)C)cc1.O=C(O)CCC(=O)O,1
TOX21NRAR-01688,S=C(SSC(=S)N1CCCCC1)N1CCCCC1,0
TOX21NRAR-01689,COC(=O)CC#N,0
TOX21NRAR-01690,CC(C)CCCCCCN,0
TOX21NRAR-01691,CCC(=O)OCC(=O)[C@@]1(OC(=O)CC)[C@@H](C)C[C@H]2[C@@H]3CCC4=CC(=O)C=C[C@]4(C)[C@@]3(Cl)[C@@H](O)C[C@@]21C,1
TOX21NRAR-01692,CC(C)NC(=O)NC(C)C,0
TOX21NRAR-01693,CCCCCCCCCCCCCCC(Br)C(=O)O,0
TOX21NRAR-01694,C=CCOCC(O)CO,0
TOX21NRAR-01695,CC(=O)c1ccc(C)cc1,0
TOX21NRAR-01696,O=C(O)c1cc(O)c2ccccc2c1O,0
TOX21NRAR-01697,O=S(=O)(O)CCCN1CCOCC1,0
TOX21NRAR-01698,CCCCNc1ccccc1,0
TOX21NRAR-01699,FC(F)(F)c1ccc(Cl)cc1Cl,0
TOX21NRAR-01700,Oc1ccc(Sc2ccc(O)cc2)cc1,0
TOX21NRAR-01701,O=C(c1ccc(O)cc1)c1ccc(Cl)cc1,0
TOX21NRAR-01702,Oc1ccc(Nc2ccccc2)cc1,0
TOX21NRAR-01703,C=CC(=O)OCCCCCCCC(C)C,0
TOX21NRAR-01704,O=C(c1ccc(O)cc1)c1ccc(O)c(O)c1O,0
TOX21NRAR-01705,CCCCC(CC)COC(=O)CC#N,0
TOX21NRAR-01706,O=C(Nc1ccc(Br)cc1)c1cc(Br)cc(Br)c1O,0
TOX21NRAR-01707,CCCCN(CCCC)CCCC,0
TOX21NRAR-01708,N[C@@H](C(=O)N[C@@H]1C(=O)N2C(C(=O)O)=C(Cl)CS[C@H]12)c1ccccc1,0
TOX21NRAR-01709,O=NN(CCCl)C(=O)NCCCl,0
TOX21NRAR-01710,CC(=O)[C@]1(O)Cc2c(O)c3c(c(O)c2[C@@H](O[C@H]2C[C@H](N)[C@H](O)[C@H](C)O2)C1)C(=O)c1c(O)cccc1C3=O,0
TOX21NRAR-01711,CCCCNC(=O)NS(=O)(=O)c1ccc(N)cc1,0
TOX21NRAR-01712,CC1(c2ccccc2)OC(C(=O)O)=CC1=O,0
TOX21NRAR-01713,COc1cc(N)c(Cl)cc1C(=O)NC1CN2CCC1CC2,0
TOX21NRAR-01714,CCN1CCC[C@H]1CNC(=O)c1c(O)c(Cl)cc(Cl)c1OC,0
TOX21NRAR-01715,CN(C(=O)c1c(O)c2ccccc2n(C)c1=O)c1ccccc1,0
TOX21NRAR-01716,CC(N/C(=N\C#N)Nc1ccncc1)C(C)(C)C,0
TOX21NRAR-01717,CC(Cc1ccccc1)(NC(=O)CN)c1ccccc1,0
TOX21NRAR-01718,CCO[Si](OCC)(OCC)OCC,0
TOX21NRAR-01719,O=C1c2ccccc2S(=O)(=O)N1CCCCN1CCN(c2ncccn2)CC1,0
TOX21NRAR-01720,O=C(O)CC/C=C\CC[C@H]1[C@@H](OCc2ccc(-c3ccccc3)cc2)C[C@H](O)[C@@H]1N1CCCCC1,0
TOX21NRAR-01721,O=Cc1ccco1,1
TOX21NRAR-01722,c1ccoc1,0
TOX21NRAR-01723,CCCCCCCCCCCCC1CO1,0
TOX21NRAR-01724,COc1ccccc1O,0
TOX21NRAR-01725,Cc1ccccc1-n1c(CF)nc2ccc(N)cc2c1=O,1
TOX21NRAR-01726,C=CC1CO1,0
TOX21NRAR-01727,C=CCN1C(=O)C(CC(C)C)NC1=S,0
TOX21NRAR-01728,NS(=O)(=O)c1cc(C(=O)O)c(NCc2ccco2)cc1Cl,0
TOX21NRAR-01729,CCCCC1=NC2(CCCC2)C(=O)N1Cc1ccc(-c2ccccc2-c2nnn[nH]2)cc1,0
TOX21NRAR-01730,CC(C)CC(C)N,0
TOX21NRAR-01731,CNC(=O)c1c(I)c(C(=O)NCC(=O)Nc2c(I)c(C(=O)O)c(I)c(C(=O)NCCO)c2I)c(I)c(N(C)C(C)=O)c1I,0
TOX21NRAR-01732,CCCCCCCCSCCO,0
TOX21NRAR-01733,CN[C@H]1[C@@H](O)[C@@H](NC)[C@H](O)[C@H]2O[C@@H]3O[C@H](C)CC(=O)[C@]3(O)O[C@H]12,0
TOX21NRAR-01734,O=Cc1ccccc1C=O,0
TOX21NRAR-01735,CN1CCCC(CC2c3ccccc3Sc3ccccc32)C1,0
TOX21NRAR-01736,Cc1cc(C)n(CO)n1,0
TOX21NRAR-01737,O=c1oc(=O)c2cc3c(=O)oc(=O)c3cc12,0
TOX21NRAR-01738,CCN1CN(CC)CN(CC)C1,0
TOX21NRAR-01739,Cc1ncc([N+](=O)[O-])n1CC(O)CCl,0
TOX21NRAR-01740,NCC1CCC(C(=O)O)CC1,0
TOX21NRAR-01741,COc1cc(NS(=O)(=O)c2ccc(N)cc2)ncn1,0
TOX21NRAR-01742,COc1cc(O)c(C(=O)c2ccccc2)cc1S(=O)(=O)O,1
TOX21NRAR-01743,COC(=O)Nc1ccc(Cl)c(Cl)c1,0
TOX21NRAR-01744,CN[C@H](CC(C)C)C(=O)N[C@H]1C(=O)N[C@@H](CC(N)=O)C(=O)N[C@H]2C(=O)N[C@H]3C(=O)N[C@H](C(=O)N[C@@H](C(=O)O)c4cc(O)cc(O)c4-c4cc3ccc4O)[C@H](O)c3ccc(c(Cl)c3)Oc3cc2cc(c3O[C@@H]2O[C@H](CO)[C@@H](O)[C@H](O)[C@H]2O[C@H]2C[C@](C)(N)C(O)[C@H](C)O2)Oc2ccc(cc2Cl)[C@H]1O,1
TOX21NRAR-01745,CC[C@H](C)[C@@H](NC(=O)[C@H](CCC(=O)O)NC(=O)[C@H](CC(C)C)NC(=O)[C@@H]1CSC([C@H](N)[C@H](C)CC)=N1)C(=O)N[C@@H]1CCCCNC(=O)[C@@H](CC(N)=O)NC(=O)[C@@H](CC(=O)O)NC(=O)[C@@H](Cc2cnc[nH]2)NC(=O)[C@@H](Cc2ccccc2)NC(=O)[C@@H]([C@H](C)CC)NC(=O)[C@@H](CCCN)NC1=O,0
TOX21NRAR-01746,O=S(=O)([O-])c1ccccc1C=Cc1ccc(-c2ccc(C=Cc3ccccc3S(=O)(=O)[O-])cc2)cc1,0
TOX21NRAR-01747,O=C/C(Cl)=C(/Cl)C(=O)O,0
TOX21NRAR-01748,Cl[C@H]1OCCO[C@@H]1Cl,0
TOX21NRAR-01749,C#CC(C)(C)NC(=O)c1cc(Cl)cc(Cl)c1,0
TOX21NRAR-01750,Nc1cc(Cl)c(N)c(Cl)c1,0
TOX21NRAR-01751,Nc1c(Cl)cc([N+](=O)[O-])cc1Cl,0
TOX21NRAR-01752,O=C1C(Cl)=C(Cl)C(=O)c2ccccc21,0
TOX21NRAR-01753,C=C(C)C(=O)Nc1ccc(Cl)c(Cl)c1,0
TOX21NRAR-01754,O=C(O)C(Cl)Cl,0
TOX21NRAR-01755,CCCCCC(=O)OCC,0
TOX21NRAR-01756,CCCCOC(C)=O,0
TOX21NRAR-01757,CCCCCCCCCCCCN,0
TOX21NRAR-01758,CCCCOP(=O)(OCCCC)OCCCC,0
TOX21NRAR-01759,Cc1cc2nc3ccc(N(C)C)cc3[s+]c2cc1N,0
TOX21NRAR-01760,Oc1cc(Cl)c(Cl)cc1Cl,0
TOX21NRAR-01761,CCC(C)(CCC(C)C)C(=O)O,0
TOX21NRAR-01762,CCCCc1ccccc1,0
TOX21NRAR-01763,O=c1[nH]c(=O)c2c[nH]nc2[nH]1,0
TOX21NRAR-01764,C=CCSSCC=C,0
TOX21NRAR-01765,C=C(C)C(=O)O[Sn](CCCC)(CCCC)CCCC,0
TOX21NRAR-01766,CC(C)CCCC(C)(C)O,0
TOX21NRAR-01767,CCC/C=C/C=O,0
TOX21NRAR-01768,C1=COCCC1,0
TOX21NRAR-01769,O=C(O)c1ccco1,0
TOX21NRAR-01770,COc1cc(OC)c2ccc(=O)oc2c1,0
TOX21NRAR-01771,Cc1cc(=O)oc2cc(N(C)C)ccc12,0
TOX21NRAR-01772,C=CN1CCCCCC1=O,0
TOX21NRAR-01773,Cc1occc1S,0
TOX21NRAR-01774,CCCOC(C)=O,0
TOX21NRAR-01775,Cc1ccc2c(c1)CCCN2,0
TOX21NRAR-01776,CC1(C)CCC[C@@]2(C)[C@H]1CC[C@@]1(C)OCC[C@H]21,0
TOX21NRAR-01777,O=C(COc1ccc(Cl)cc1)N1CCN(Cc2ccc3c(c2)OCO3)CC1,0
TOX21NRAR-01778,NNC(=O)OCc1ccccc1,0
TOX21NRAR-01779,CC(C)c1ccc(C#N)cc1,0
TOX21NRAR-01780,Cl[Yb](Cl)Cl,0
TOX21NRAR-01781,COc1cc(C)cc(O)c1,0
TOX21NRAR-01782,C=CC(=O)OCCCCCCOC(=O)C=C,0
TOX21NRAR-01783,C=CC(C)(C)CC(=O)OC,0
TOX21NRAR-01784,CCCCCCOC(=O)c1ccccc1,0
TOX21NRAR-01785,CCCCCCc1ccc(-c2ccc(C#N)cc2)cc1,0
TOX21NRAR-01786,C=C(C)C(=O)OCCCCCC,0
TOX21NRAR-01787,COc1ccc2c(c1OC)C(=O)O[C@@H]2[C@H]1c2cc3c(cc2CCN1C)OCO3,0
TOX21NRAR-01788,O=[N+]([O-])c1ccccc1-c1ccccc1,0
TOX21NRAR-01789,N=C(N)N.N=C(N)N.O=C(O)O,0
TOX21NRAR-01790,O=[N+]([O-])c1ccccc1CCl,0
TOX21NRAR-01791,O=[N+]([O-])c1ccc(CCl)cc1,0
TOX21NRAR-01792,O=[N+]([O-])c1cccc(CCl)c1,0
TOX21NRAR-01793,O=C(Cl)c1cccc([N+](=O)[O-])c1,0
TOX21NRAR-01794,O=C(Cl)c1ccccc1[N+](=O)[O-],0
TOX21NRAR-01795,CC(C)CC(=O)O,0
TOX21NRAR-01796,Nc1ccc(S(=O)(=O)[O-])cc1,0
TOX21NRAR-01797,O=[N+]([O-])c1ccccc1Nc1ccccc1,0
TOX21NRAR-01798,CCCCCCCCCCCCCCCCC(=O)O,0
TOX21NRAR-01799,NS(=O)(=O)O,0
TOX21NRAR-01800,[PbH2+2],0
TOX21NRAR-01801,CC(=O)Nc1ccc2c(c1)Cc1ccccc1-2,0
TOX21NRAR-01802,O=C(c1ccc2c(c1)C(=O)OC2=O)c1ccc2c(c1)C(=O)OC2=O,0
TOX21NRAR-01803,CC(C)(C)N(CCO)CCO,0
TOX21NRAR-01804,CC(CO)CO,0
TOX21NRAR-01805,C=C(C)C(=O)OCCCCCCCCCCCCC,1
TOX21NRAR-01806,C=C(C)C(=O)OCCC[Si](OC)(OC)OC,0
TOX21NRAR-01807,C=CC(C)CCC=C(C)C,0
TOX21NRAR-01808,C=CCCCCCCCCCCC,0
TOX21NRAR-01809,OCC(S)CS,0
TOX21NRAR-01810,CC(=O)O[C@@]12CO[C@@H]1C[C@H](O)[C@@]1(C)C(=O)[C@H](O)C3=C(C)[C@@H](OC(=O)[C@H](O)[C@@H](NC(=O)OC(C)(C)C)c4ccccc4)C[C@@](O)([C@@H](OC(=O)c4ccccc4)[C@@H]12)C3(C)C,0
TOX21NRAR-01811,CCCN(CCC)CCc1c[nH]c2ccccc12,0
TOX21NRAR-01812,CN(C)CCc1c[nH]c2ccccc12,0
TOX21NRAR-01813,CCN(CC)CCc1c[nH]c2ccccc12.CCN(CC)CCc1c[nH]c2ccccc12,0
TOX21NRAR-01814,CCCCc1cc2c(=O)c(C(=O)OC)c[nH]c2cc1OCc1ccccc1,0
TOX21NRAR-01815,NC1(c2ccccc2)CCCCC1,0
TOX21NRAR-01816,COc1ccc2[nH]cc(CCN(C(C)C)C(C)C)c2c1,0
TOX21NRAR-01817,O=C1O[C@@H]2[C@@H](O)[C@H](O)O[C@@H]2[C@H]1O,0
TOX21NRAR-01818,CN(C)CCc1c[nH]c2cccc(OP(=O)(O)O)c12,0
TOX21NRAR-01819,COC(=O)[C@H]1[C@@H](OC(=O)c2ccccc2)C[C@@H]2CC[C@H]1N2C,0
TOX21NRAR-01820,c1ccc(CN2CCNCC2)cc1,0
TOX21NRAR-01821,Cc1c(N)nc(C(CC(N)=O)NCC(N)C(N)=O)nc1C(=O)NC(C(=O)NC(C)C(O)C(C)C(=O)NC(C(=O)NCCc1nc(-c2nc(C(=O)NCCCN[C@@H](C)c3ccccc3)cs2)cs1)C(C)O)C(O[C@@H]1O[C@@H](CO)[C@@H](O)[C@H](O)[C@@H]1O[C@H]1O[C@H](CO)[C@@H](O)[C@H](OC(N)=O)[C@@H]1O)c1c[nH]cn1,0
TOX21NRAR-01822,CC(CN(C)C)CN1c2ccccc2S(=O)(=O)c2ccccc21,0
TOX21NRAR-01823,CN(C)C(=O)C(CCN1CCC(O)(c2ccc(Cl)cc2)CC1)(c1ccccc1)c1ccccc1,0
TOX21NRAR-01824,CC(C(=O)O)c1ccc(CC2CCCC2=O)cc1,0
TOX21NRAR-01825,Cc1ccccc1N1C(=O)c2cc(S(N)(=O)=O)c(Cl)cc2NC1C,0
TOX21NRAR-01826,CCN(CC)CC(=O)Nc1c(C)cccc1C,0
TOX21NRAR-01827,c1ccc2c(c1)OCC(C1=NCCN1)O2,0
TOX21NRAR-01828,O=C1CCC(c2ccc(-n3ccnc3)cc2)=NN1,0
TOX21NRAR-01829,O=C1N(c2ccccc2)c2ccccc2C1(Cc1ccncc1)Cc1ccncc1,0
TOX21NRAR-01830,CCn1ccnc1CC1COc2ccccc2O1,0
TOX21NRAR-01831,CCN(CC)CCNC(=O)c1cc(Cl)c(N)cc1OC,0
TOX21NRAR-01832,Cc1ccccc1CNc1ncnc2c1ncn2[C@@H]1O[C@H](CO)[C@@H](O)[C@H]1O,0
TOX21NRAR-01833,COc1cccc2c1cc([N+](=O)[O-])c1c(C(=O)[O-])cc3c(c12)OCO3,0
TOX21NRAR-01834,COc1ccccc1N,0
TOX21NRAR-01835,Nc1ccccc1,0
TOX21NRAR-01836,CC(COc1ccc(C(C)(C)C)cc1)OS(=O)OCCCl,0
TOX21NRAR-01837,O=C([O-])C1O[Sb]2OC(=O)C(O2)C(C(=O)[O-])O[Sb]2OC(=O)C1O2,0
TOX21NRAR-01838,O=C1c2ccccc2C(=O)c2ccccc21,0
TOX21NRAR-01839,Nc1ccccc1C(=O)O,0
TOX21NRAR-01840,C=CCC1([C@H](C)CCC)C(=O)NC(=O)NC1=O,0
TOX21NRAR-01841,CCN[C@H](C)Cc1cccc(C(F)(F)F)c1,0
TOX21NRAR-01842,CN[C@H](C)Cc1ccccc1,0
TOX21NRAR-01843,CN[C@@H](C)Cc1ccccc1,0
TOX21NRAR-01844,C[C@@H](N)C(=O)c1ccccc1,0
TOX21NRAR-01845,C[C@H](N)C(=O)c1ccccc1,0
TOX21NRAR-01846,CC(Cc1ccccc1)NCCn1cnc2c1c(=O)n(C)c(=O)n2C,0
TOX21NRAR-01847,CCN[C@@H](C)Cc1ccccc1,0
TOX21NRAR-01848,CCN[C@@H](C)Cc1cccc(C(F)(F)F)c1,0
TOX21NRAR-01849,C[C@H]1N=C(N)O[C@H]1c1ccccc1,0
TOX21NRAR-01850,C=CCOC(C)=O,0
TOX21NRAR-01851,CCN(CC)C(=O)C(Cl)=C(C)OP(=O)(OC)OC,0
TOX21NRAR-01852,Oc1ccc(-c2ccccc2)cc1,0
TOX21NRAR-01853,Oc1ccccc1-c1ccccc1,0
TOX21NRAR-01854,CC(=O)O[Hg]c1ccccc1,0
TOX21NRAR-01855,O[Sn](c1ccccc1)(c1ccccc1)c1ccccc1,0
TOX21NRAR-01856,CCCOC(=O)CCCCC(=O)OCCC,0
TOX21NRAR-01857,NC(=O)c1ccccc1C(N)=O,0
TOX21NRAR-01858,CCOP(=S)(Oc1ccc([N+](=O)[O-])cc1)c1ccccc1,0
TOX21NRAR-01859,NC(=O)c1c(Cl)cccc1Cl,0
TOX21NRAR-01860,CCCCCCCCCCN,0
TOX21NRAR-01861,CNC(=O)Oc1ccc(N(C)C)c(C)c1,0
TOX21NRAR-01862,Clc1nc(Cl)c(Cl)c(Cl)c1Cl,0
TOX21NRAR-01863,CCCCCCOC(=O)c1ccc(O)cc1,0
TOX21NRAR-01864,NC[C@H](O)c1ccc(O)c(O)c1,0
TOX21NRAR-01865,O=C(c1ccccc1)C1(O)CCCCC1,0
TOX21NRAR-01866,CC(C)OC(=O)c1ccccc1,0
TOX21NRAR-01867,CCCCNP(N)(N)=S,0
TOX21NRAR-01868,CN1Cc2c(N)cccc2C(c2ccccc2)C1,0
TOX21NRAR-01869,CNC(=C[N+](=O)[O-])NCCSCc1csc(CN(C)C)n1,0
TOX21NRAR-01870,CN/C=N/c1ccc(C)cc1C,0
TOX21NRAR-01871,COCCOC(=O)C1=C(C)NC(C)=C(C(=O)OC(C)C)C1c1cccc([N+](=O)[O-])c1,0
TOX21NRAR-01872,CC(C)OC(=O)CCC(=O)OC(C)C,0
TOX21NRAR-01873,O=C1CN=C(c2ccccc2)c2cc([N+](=O)[O-])ccc2N1,0
TOX21NRAR-01874,Fc1cccc(Cl)c1CCl,0
TOX21NRAR-01875,CSc1ccc(C(=O)C(C)(C)N2CCOCC2)cc1,0
TOX21NRAR-01876,OC[C@H](O)[C@H](O)CO,0
TOX21NRAR-01877,Clc1cc(Cl)c(-c2cc(Cl)c(Cl)cc2Cl)cc1Cl,0
TOX21NRAR-01878,C/C=C/C[C@@H](C)[C@@H](O)[C@H]1C(=O)N[C@@H](CC)C(=O)N(C)CC(=O)N(C)[C@@H](CC(C)C)C(=O)N[C@@H](C(C)C)C(=O)N(C)[C@@H](CC(C)C)C(=O)N[C@@H](C)C(=O)N[C@H](C)C(=O)N(C)[C@@H](CC(C)C)C(=O)N(C)[C@@H](CC(C)C)C(=O)N(C)[C@@H](C(C)C)C(=O)N1C,0
TOX21NRAR-01879,CC(=O)O[C@]1(C(C)=O)CC[C@H]2[C@@H]3C=C(Cl)C4=CC(=O)[C@@H]5C[C@@H]5[C@]4(C)[C@H]3CC[C@@]21C,1
TOX21NRAR-01880,N[C@@H](CS)C(=O)O,0
TOX21NRAR-01881,c1ccc2sc(SNC3CCCCC3)nc2c1,0
TOX21NRAR-01882,NC1CCCCC1,0
TOX21NRAR-01883,ON=C1CCCC1,0
TOX21NRAR-01884,COc1ccc(C(=O)/C(Br)=C\C(=O)[O-])cc1,0
TOX21NRAR-01885,CN(C)N=Nc1nc[nH]c1C(N)=O,0
TOX21NRAR-01886,CC1=CCC(C(C)C)=CC1,0
TOX21NRAR-01887,CCC(C)CCCC(C)(C)O,0
TOX21NRAR-01888,Cc1cc(Cl)ccc1/N=C/N(C)C,0
TOX21NRAR-01889,CC(C)n1c(/C=C/[C@@H](O)C[C@@H](O)CC(=O)[O-])c(-c2ccc(F)cc2)c2ccccc21,0
TOX21NRAR-01890,CC1C2CC(CC2C2CCCC(O)C2)C1(C)C,0
TOX21NRAR-01891,Cc1cc(O)c(C(=O)N[C@@H](C(=O)N[C@@H]2C(=O)N3C(C(=O)O)=C(CSc4nnnn4C)CS[C@H]23)c2ccc(O)cc2)cn1,0
TOX21NRAR-01892,CCOC(CN1CCN(CC(C)C(=O)c2ccccc2)CC1)c1ccccc1,0
TOX21NRAR-01893,Cc1onc(-c2ccccc2)c1-c1ccc(S(N)(=O)=O)cc1,0
TOX21NRAR-01894,CCCSSC(CCO)=C(C)N(C=O)Cc1cnc(C)nc1N,0
TOX21NRAR-01895,CCOc1cc(OCC)c(C(=O)CCC(=O)O)cc1OCC,0
TOX21NRAR-01896,NNC(=O)CP(=O)(c1ccccc1)c1ccccc1,0
TOX21NRAR-01897,CC(CNC(=O)c1cccnc1)NC(=O)c1cccnc1,0
TOX21NRAR-01898,O=C(CCCN1CCN2CCCC2C1)c1ccc(F)cc1,0
TOX21NRAR-01899,OC(c1ccccc1)(c1ccccc1)C1CN2CCC1CC2,1
TOX21NRAR-01900,COc1ccc(/C=N\NC(=O)c2ccncc2)c(C(=O)O)c1OC,0
TOX21NRAR-01901,CCN(CC)CCOc1ccc2nc(N(C)C)sc2c1,0
TOX21NRAR-01902,CCN(CC)CCC(=O)N1c2ccccc2Sc2ccc(Cl)cc21,0
TOX21NRAR-01903,CN1CCN(CCC(=O)N2c3ccccc3Sc3ccc(C(F)(F)F)cc32)CC1,0
TOX21NRAR-01904,CCN(CC)CCOc1ccccc1C(=O)CCc1ccccc1,0
TOX21NRAR-01905,Cc1nc(-c2ccc3c(c2)CCN(CCC2CCC(NC(=O)/C=C/c4ccc(F)cc4)CC2)CC3)no1,0
TOX21NRAR-01906,OCC(CO)n1cnc(-c2ccc(F)cc2)c1-c1ccnc(Oc2ccccc2)n1,0
TOX21NRAR-01907,CCn1nc(Cc2ccccc2)cc1C1CCN(C[C@H]2C[C@H](N(C)[C@@H](C(=O)O)C(C)C)C[C@@H]2c2cccc(F)c2)CC1,0
TOX21NRAR-01908,CCN1CCC2(CC1)COc1cc3c(cc12)N(C(=O)c1ccc(-c2ccc(-c4nnc(C)o4)cc2C)cc1)CC3,0
TOX21NRAR-01909,Cc1cc2c(cc1C(F)(F)F)N(C(=O)Nc1ccc(Oc3cccnc3C)nc1)CC2,0
TOX21NRAR-01910,NC(=O)c1nc(-c2cccc(-c3cc(F)ccc3OCC(F)(F)C(F)(F)F)c2)n[n-]1,0
TOX21NRAR-01911,Cc1cnc(C(=O)NCCc2ccc(S(=O)(=O)NC(=O)NC3CCCCC3)cc2)cn1,0
TOX21NRAR-01912,CC1(C)O[C@@H]2C[C@H]3[C@@H]4C[C@H](F)C5=CC(=O)C=C[C@]5(C)[C@@]4(F)[C@@H](O)C[C@]3(C)[C@]2(C(=O)CO)O1,1
TOX21NRAR-01913,CCC1=C(C)CN(C(=O)NCCc2ccc(S(=O)(=O)NC(=O)N[C@H]3CC[C@H](C)CC3)cc2)C1=O,0
TOX21NRAR-01914,COC(=O)Nc1nc2cc(Sc3ccccc3)ccc2[nH]1,0
TOX21NRAR-01915,COC1=C(OC)C(=O)C(CCCCCCCCCCO)=C(C)C1=O,0
TOX21NRAR-01916,CC(C)Oc1ccc2c(=O)c(-c3ccccc3)coc2c1,0
TOX21NRAR-01917,C#Cc1cccc(Nc2ncnc3cc(OCCOC)c(OCCOC)cc23)c1,1
TOX21NRAR-01918,CC[C@H]1OC(=O)[C@H](C)C(=O)[C@H](C)[C@@H](O[C@@H]2O[C@H](C)C[C@H](N(C)C)[C@H]2O)[C@](C)(OC)C[C@@H](C)C(=O)[C@H](C)[C@H]2N(CCCCn3cnc(-c4cccnc4)c3)C(=O)O[C@]12C,0
TOX21NRAR-01919,Cc1cccc(C)c1OCC(=O)N[C@@H](Cc1ccccc1)[C@@H](O)C[C@H](Cc1ccccc1)NC(=O)[C@H](C(C)C)N1CCCNC1=O,0
TOX21NRAR-01920,Cc1ccc(-c2ncc(Cl)cc2-c2ccc(S(C)(=O)=O)cc2)cn1,0
TOX21NRAR-01921,CC(C)(O)c1ccccc1CC[C@@H](SCC1(CC(=O)[O-])CC1)c1cccc(/C=C/c2ccc3ccc(Cl)cc3n2)c1,0
TOX21NRAR-01922,CCCCCOC(=O)Nc1nc(=O)n([C@@H]2O[C@H](C)[C@@H](O)[C@H]2O)cc1F,0
TOX21NRAR-01923,C[C@]12CC[C@H]3[C@@H](CC[C@H]4NC(=O)C=C[C@]34C)[C@@H]1CC[C@@H]2C(=O)Nc1cc(C(F)(F)F)ccc1C(F)(F)F,1
TOX21NRAR-01924,Cc1c(C(=O)NN2CCCCC2)nn(-c2ccc(Cl)cc2Cl)c1-c1ccc(Cl)cc1,0
TOX21NRAR-01925,NC[C@H]1CC[C@H](C(=O)Oc2ccc(CCC(=O)O)cc2)CC1,0
TOX21NRAR-01926,N[C@H](Cc1c[nH]c2ccccc12)C(=O)O,0
TOX21NRAR-01927,CCOP(=S)(OCC)Oc1cc(C)nc(N(CC)CC)n1,0
TOX21NRAR-01928,CC(C)(C)NC(N)=O,0
TOX21NRAR-01929,CCCCCCCCCCCC[N+](C)(C)C,0
TOX21NRAR-01930,CC(C)c1ccc(O)cc1,0
TOX21NRAR-01931,Cc1cccc(N)c1N,0
TOX21NRAR-01932,O=C([O-])COc1ccc(Cl)cc1Cl,0
TOX21NRAR-01933,CCCCCCCCCCCCCC[N+](C)(C)C,0
TOX21NRAR-01934,CC(C)(N=C=O)c1cccc(C(C)(C)N=C=O)c1,0
TOX21NRAR-01935,CCO[Si](CCCNC(N)=O)(OCC)OCC,0
TOX21NRAR-01936,COC(=O)c1sccc1S(N)(=O)=O,0
TOX21NRAR-01937,NC(=O)CN1CCCC1=O,0
TOX21NRAR-01938,O=C(c1ccccc1)c1ccc(O)c(O)c1O,0
TOX21NRAR-01939,CCCCCOC(=O)CCCCC,0
TOX21NRAR-01940,Oc1cccc(O)c1,0
TOX21NRAR-01941,CCCCCCOC(=O)CC,0
TOX21NRAR-01942,CC/C=C\CCOC(=O)C(C)C,0
TOX21NRAR-01943,CCCCCC(=O)OCCc1ccccc1,0
TOX21NRAR-01944,CC/C=C\CCCCCO,0
TOX21NRAR-01945,CCCCCc1cccc(=O)o1,0
TOX21NRAR-01946,O=C([O-])c1ccccc1-c1c2cc(I)c(=O)c(I)c-2oc2c(I)c([O-])c(I)cc12,0
TOX21NRAR-01947,Cc1cc(C)c(/N=N/c2c(O)c(S(=O)(=O)[O-])cc3cc(S(=O)(=O)[O-])ccc23)cc1C,0
TOX21NRAR-01948,COC(=O)[C@H]1[C@H]2C[C@@H]3c4[nH]c5cc(OC)ccc5c4CCN3C[C@H]2C[C@@H](OC(=O)c2cc(OC)c(OC)c(OC)c2)[C@@H]1OC,0
TOX21NRAR-01949,COc1ccc2cc3[n+](cc2c1OC)CCc1cc2c(cc1-3)OCO2,0
TOX21NRAR-01950,CCN(CC)c1cc2[o+]c3cc(N(CC)CC)c(C)cc3c(-c3ccc(S(=O)(=O)[O-])cc3S(=O)(=O)[O-])c2cc1C,0
TOX21NRAR-01951,CC[N+](C)(CC)CC,0
TOX21NRAR-01952,O=C(NS(=O)(=O)/C=C/c1cccs1)c1ccc(F)cc1Br,0
TOX21NRAR-01953,CN1C(=O)N(c2ccccc2Br)Cc2cnc(Nc3ccc4c(c3)OCC(CO)O4)nc21,0
TOX21NRAR-01954,O=C([N-]S(=O)(=O)/C=C/c1ccccc1)c1ccc(F)cc1Cl,0
TOX21NRAR-01955,CCN(CC)C(=O)c1cc(S(=O)(=O)Cc2ccccc2)c(N2CCC(c3ccccc3)CC2)cc1N(CC)CCN(C)C,0
TOX21NRAR-01956,CS(=O)(=O)c1ccc([C@@H](C[C@H]2CCC(=O)C2)C(=O)Nc2cnccn2)cc1Cl,0
TOX21NRAR-01957,CCCC[C@H]1CN(CC2CCOCC2)C(=O)OC12CCN(C1(C)CCN(C(=O)c3c(C)ncnc3C)CC1)CC2,0
TOX21NRAR-01958,O=C1C(Cl)C(CCl)CN1c1cccc(C(F)(F)F)c1,0
TOX21NRAR-01959,CN(C)[C@@H]1C(O)=C(C(N)=O)C(=O)[C@@]2(O)C(O)=C3C(=O)c4c(O)cccc4[C@@](C)(O)[C@H]3[C@H](O)[C@@H]12,0
TOX21NRAR-01960,Nc1ccc(Oc2ccc(N)cc2)cc1,0
TOX21NRAR-01961,CCOC(=O)COC(=O)c1cc(Oc2ccc(C(F)(F)F)cc2Cl)ccc1[N+](=O)[O-],0
TOX21NRAR-01962,C=CCOc1ccccc1OCC(O)CNC(C)C,0
TOX21NRAR-01963,O=C(O)CF,0
TOX21NRAR-01964,CCCN1C[C@H](CSC)C[C@@H]2c3cccc4[nH]cc(c34)C[C@H]21,0
TOX21NRAR-01965,CN1C(C(=O)Nc2ccccn2)C(=O)c2sc(Cl)cc2S1(=O)=O,0
TOX21NRAR-01966,O=C1CCCCCCCCCCCCCCO1,0
TOX21NRAR-01967,COc1ccc(C2NC(=S)N3C(c4ccc(OC)c(OC)c4)NC(=S)N23)cc1OC,0
TOX21NRAR-01968,C[N+](C)(CCCCCC[N+](C)(C)C1c2ccccc2-c2ccccc21)C1c2ccccc2-c2ccccc21,0
TOX21NRAR-01969,c1ccc(CNCc2ccccc2)cc1,0
TOX21NRAR-01970,COc1cc2[nH]c(C)c(CCN3CCN(c4ccccc4)CC3)c2cc1OC,0
TOX21NRAR-01971,C/N=C(\NC)NCc1ccccc1.C/N=C(\NC)NCc1ccccc1,0
TOX21NRAR-01972,OCCNCc1ccccc1,0
TOX21NRAR-01973,O=C(Nc1ccc(S(=O)(=O)N2CCOCC2)cc1)c1cc(Cl)ccc1NS(=O)(=O)c1ccc(Cl)s1,0
TOX21NRAR-01974,CN[C@@]1(c2ccccc2Cl)CCCCC1=O,0
TOX21NRAR-01975,ClCCN(CCCl)CCCl,0
TOX21NRAR-01976,COC(=O)Cc1ccccc1,0
TOX21NRAR-01977,CCCCCC[n+]1ccccc1,0
TOX21NRAR-01978,CO/N=C(\C(=O)N[C@@H]1C(=O)N2C(C(=O)O)=C(CSc3nnnn3C)CS[C@H]12)c1csc(N)n1.CO/N=C(\C(=O)N[C@@H]1C(=O)N2C(C(=O)O)=C(CSc3nnnn3C)CS[C@H]12)c1csc(N)n1,0
TOX21NRAR-01979,CC[N+]1(C)CCCC1.O=S(=O)([N-]S(=O)(=O)C(F)(F)F)C(F)(F)F,0
TOX21NRAR-01980,CC[N+]1(C)CCCC1,0
TOX21NRAR-01981,CCCC[N+]1(C)CCCC1,0
TOX21NRAR-01982,CCCC[N+]1(C)CCCC1.N#CN=C=[N-],0
TOX21NRAR-01983,CCC[N+]1(C)CCCC1.O=S(=O)([N-]S(=O)(=O)C(F)(F)F)C(F)(F)F,0
TOX21NRAR-01984,CCCCCCCCn1cc[n+](C)c1.F[B-](F)(F)F,0
TOX21NRAR-01985,O=S(=O)(O)c1cc(I)c(O)c2ncccc12,0
TOX21NRAR-01986,CCCCCCCCCCCCCC/C(O)=N\C(CO)CCCCCCCCCCCCCC,0
TOX21NRAR-01987,CO[C@@]1(NC(=O)C2SC(=C(C(N)=O)C(=O)O)S2)C(=O)N2C(C(=O)O)=C(CSc3nnnn3C)CS[C@@H]21,0
TOX21NRAR-01988,CO[C@@]1(NC(=O)Cc2cccs2)C(=O)N2C(C(=O)O)=C(COC(N)=O)CS[C@@H]21,0
TOX21NRAR-01989,CN1CCC(=C2c3ccccc3CCc3sccc32)CC1,0
TOX21NRAR-01990,CO[C@H](C(=O)[C@@H](O)[C@@H](C)O)C1Cc2cc3cc(O[C@H]4C[C@@H](O[C@H]5C[C@@H](O)[C@H](O)[C@@H](C)O5)[C@@H](O)[C@@H](C)O4)c(C)c(O)c3c(O)c2C(=O)[C@H]1O[C@H]1C[C@@H](O[C@H]2C[C@@H](O[C@H]3C[C@](C)(O)[C@H](O)[C@@H](C)O3)[C@H](O)[C@@H](C)O2)[C@H](O)[C@@H](C)O1,0
TOX21NRAR-01991,C[n+]1ccccc1/C=N/O,0
TOX21NRAR-01992,CCCN[C@H]1CCc2nc(N)sc2C1,0
TOX21NRAR-01993,CC(C(=O)O)c1ccc2c(c1)Cc1cccnc1O2,0
TOX21NRAR-01994,O=C(Cl)CCl,0
TOX21NRAR-01995,CC(=O)Nc1nnc(S(N)(=O)=O)s1,0
TOX21NRAR-01996,CC(=O)CC(c1ccc([N+](=O)[O-])cc1)c1c(O)c2ccccc2oc1=O,0
TOX21NRAR-01997,COc1ccc2c(c1)c(CC(=O)OCC(=O)O)c(C)n2C(=O)c1ccc(Cl)cc1,0
TOX21NRAR-01998,CC(=O)Nc1ccccc1,0
TOX21NRAR-01999,CC1=C2N=C(C=C3N=C(C(C)=C4[C@@H](CCC(N)=O)[C@](C)(CC(N)=O)[C@](C)([C@@H]5N=C1[C@](C)(CCC(=O)NC[C@@H](C)OP(=O)([O-])O[C@@H]1[C@@H](CO)O[C@H](n6cnc7cc(C)c(C)cc76)[C@@H]1O)[C@H]5CC(N)=O)N4[Co+]C#N)[C@@](C)(CC(N)=O)[C@@H]3CCC(N)=O)C(C)(C)[C@@H]2CCC(N)=O,0
TOX21NRAR-02000,CCNc1cc(O)ccc1C,0
TOX21NRAR-02001,CC(C)C(C(=O)OC(C#N)c1cccc(Oc2ccccc2)c1)c1ccc(Cl)cc1,0
TOX21NRAR-02002,COP(=S)(OC)Oc1ccc(SC)c(C)c1,0
TOX21NRAR-02003,[Fe+3],0
TOX21NRAR-02004,CC(C)(C)NC(=O)[C@H]1CC[C@H]2[C@@H]3CC[C@H]4NC(=O)C=C[C@]4(C)[C@H]3CC[C@]12C,0
TOX21NRAR-02005,CN(C)C(=S)[S-].CN(C)C(=S)[S-].CN(C)C(=S)[S-].[Fe+3],0
TOX21NRAR-02006,OC(Cn1cncn1)(Cn1cncn1)c1ccc(F)cc1F,0
TOX21NRAR-02007,O=C(NCC1CCCCN1)c1cc(OCC(F)(F)F)ccc1OCC(F)(F)F,0
TOX21NRAR-02008,O=C(Nc1ccc2c(c1)Cc1ccccc1-2)C(F)(F)F,0
TOX21NRAR-02009,CN(C)C(=O)Nc1cccc(C(F)(F)F)c1,0
TOX21NRAR-02010,CS/C(C)=N/OC(=O)N(C)SN(C)C(=O)O/N=C(\C)SC,0
TOX21NRAR-02011,CCCCOCCOC(=O)COc1nc(Cl)c(Cl)cc1Cl,0
TOX21NRAR-02012,Cc1c(F)c(F)c(COC(=O)C2C(/C=C(\Cl)C(F)(F)F)C2(C)C)c(F)c1F,0
TOX21NRAR-02013,C#CCC1=C(C)[C@H](OC(=O)[C@H]2[C@H](C=C(C)C)C2(C)C)CC1=O,0
TOX21NRAR-02014,CC(C)(C)c1ccc(CSc2cnn(C(C)(C)C)c(=O)c2Cl)cc1,0
TOX21NRAR-02015,CCCCOC(=O)c1ccccc1C(=O)OCC(CC)CCCC,0
TOX21NRAR-02016,Cc1c(Cl)cccc1Nc1ccccc1C(=O)O,0
TOX21NRAR-02017,CCCCCCCCCCOC(=O)c1ccccc1C(=O)OCCCCCCCCCC,0
TOX21NRAR-02018,O=C1NC(=O)C2CC=CCC12,0
TOX21NRAR-02019,C[C@H]1c2cccc(O)c2C(=O)C2=C(O)[C@]3(O)C(=O)C(C(N)=O)=C(O)[C@@H](N(C)C)[C@@H]3[C@@H](O)[C@@H]21,0
TOX21NRAR-02020,O=C1OC(=O)C2CC=CCC12,0
TOX21NRAR-02021,O=C1NC(=O)c2ccccc21,0
TOX21NRAR-02022,O=C1OC(=O)C2CCCCC12,0
TOX21NRAR-02023,C#CCN1CC(=O)N(COC(=O)[C@@H]2[C@@H](C=C(C)C)C2(C)C)C1=O,0
TOX21NRAR-02024,C=CCOC(Cn1ccnc1)c1ccc(Cl)cc1Cl,0
TOX21NRAR-02025,COCc1cnc(C2=NC(C)(C(C)C)C(=O)N2)c(C(=O)O)c1,0
TOX21NRAR-02026,CC(C)C1(C)N=C(c2ncccc2C(=O)O)NC1=O,0
TOX21NRAR-02027,CCBr,0
TOX21NRAR-02028,O=[N+]([O-])c1cc(N(CCO)CCO)ccc1NCCO,0
TOX21NRAR-02029,O=C1/C(=C2\Nc3ccc(S(=O)(=O)[O-])cc3C2=O)Nc2ccc(S(=O)(=O)[O-])cc21,0
TOX21NRAR-02030,CC(C)C[C@H]1C(=O)N2CCC[C@H]2[C@]2(O)O[C@](NC(=O)[C@@H]3C=C4c5cccc6[nH]c(Br)c(c56)C[C@H]4N(C)C3)(C(C)C)C(=O)N12,0
TOX21NRAR-02031,OB(O)O,0
TOX21NRAR-02032,C[C@@H](O)[C@H]1C(=O)N2C(C(=O)O)=C(SCCNC=N)C[C@H]12,0
TOX21NRAR-02033,Nc1ccc(S(=O)(=O)Nc2cnc3ccccc3n2)cc1,1
TOX21NRAR-02034,O[C@H]1[C@H](O)[C@@H](O)[C@H](O)[C@@H](O)[C@H]1O,0
TOX21NRAR-02035,O=C(O)[C@H](O)[C@@H](O)C(=O)O,0
TOX21NRAR-02036,CC1(C)C(/C=C\C=C/C=C\C=C2\N(CCCCS(=O)(=O)[O-])c3ccc4ccccc4c3C2(C)C)=[N+](CCCCS(=O)(=O)[O-])c2ccc3ccccc3c21,0
TOX21NRAR-02037,CC(=O)N(CC(C)C(=O)O)c1c(I)cc(I)c(N)c1I,0
TOX21NRAR-02038,COc1cc([C@@H]2c3cc4c(cc3C(O[C@@H]3O[C@@H]5COC(c6cccs6)O[C@H]5[C@H](O)[C@H]3O)C3COC(=O)[C@@H]32)OCO4)cc(OC)c1O,0
TOX21NRAR-02039,CCCC[N+]1(C)CCCCC1.O=S(=O)([N-]S(=O)(=O)C(F)(F)F)C(F)(F)F,0
TOX21NRAR-02040,COCC(O)CO,0
TOX21NRAR-02041,O=C(Nc1ccc([N+](=O)[O-])cc1)Nc1ccc([N+](=O)[O-])cc1,0
TOX21NRAR-02042,CN1C(=O)C[C@@H](C(=O)N[C@@H](Cc2c[nH]cn2)C(=O)N2CCC[C@H]2C(N)=O)NC1=O,0
TOX21NRAR-02043,CC(=O)Nc1cc(S(=O)(=O)[O-])cc2cc(S(=O)(=O)[O-])c(N=Nc3ccccc3)c(O)c12,0
TOX21NRAR-02044,C[C@@H]1O[C@@H](O[C@H]2C[C@@H](O)[C@]3(CO)[C@H]4[C@H](O)C[C@]5(C)[C@@H](C6=CC(=O)OC6)CC[C@]5(O)[C@@H]4CC[C@]3(O)C2)[C@H](O)[C@H](O)[C@H]1O,0
TOX21NRAR-02045,O=C(O)CC(O)C(=O)O,0
TOX21NRAR-02046,C=C(C)C(=O)OCCC[Si](Cl)(Cl)Cl,0
TOX21NRAR-02047,CCOP(=O)(SC(C)CC)N1CCSC1=O,0
TOX21NRAR-02048,COC(=O)c1ccccc1S(=O)(=O)NC(=O)Nc1nc(C)cc(C)n1,0
TOX21NRAR-02049,Cn1c(=O)c2[nH]c(Br)nc2n(C)c1=O,0
TOX21NRAR-02050,COc1cccc2c1C(=O)c1c(O)c3c(c(O)c1C2=O)C[C@@](O)(C(=O)CO)C[C@@H]3O[C@H]1C[C@H](N)[C@H](O)[C@H](C)O1,0
TOX21NRAR-02051,CC(C=O)Cc1ccc(C(C)C)cc1,0
TOX21NRAR-02052,O=C(CCl)Nc1ccccc1,0
TOX21NRAR-02053,COc1ccc(OC)c(Cl)c1,0
TOX21NRAR-02054,CCCCC(CC)(CO)CO,0
TOX21NRAR-02055,Cc1cc(O)c(Cl)cc1C,0
TOX21NRAR-02056,NC(=O)c1ccc([N+](=O)[O-])cc1Cl,0
TOX21NRAR-02057,CC1=CCC2C(C1)C2(C)C,0
TOX21NRAR-02058,O=C1CC2CC1C1CCCC21,1
TOX21NRAR-02059,Nc1cccnc1,0
TOX21NRAR-02060,CC(C)OCCO,0
TOX21NRAR-02061,CCc1nccnc1C,1
TOX21NRAR-02062,CC(C)c1ccc2ncccc2c1,0
TOX21NRAR-02063,Cc1cccc(C(C)(C)C)c1O,0
TOX21NRAR-02064,CN(C)CCCN(C)C,0
TOX21NRAR-02065,CC(C)CCO,0
TOX21NRAR-02066,C=C(C)C(=O)OCC(C)C,0
TOX21NRAR-02067,C=C(C)C(=O)OCCCCCCCC(C)C,0
TOX21NRAR-02068,CC(C)CCCCCCCOP(=O)(Oc1ccccc1)Oc1ccccc1,0
TOX21NRAR-02069,O=C=NC1CCCCC1,0
TOX21NRAR-02070,COS(=O)(=O)[O-].C[N+]1(C)CCC(=C(c2ccccc2)c2ccccc2)CC1,0
TOX21NRAR-02071,CC(=O)c1cccc([N+](=O)[O-])c1,0
TOX21NRAR-02072,CC(=O)c1ccccc1[N+](=O)[O-],0
TOX21NRAR-02073,CC(=O)c1ccc([N+](=O)[O-])cc1,0
TOX21NRAR-02074,Nc1cccc([N+](=O)[O-])c1,0
TOX21NRAR-02075,Nc1ccccc1[N+](=O)[O-],0
TOX21NRAR-02076,CC(C)(C)NCC(O)CSc1nc(-c2ccc(C(N)=O)s2)cs1,0
TOX21NRAR-02077,Cc1cc(O)c2c(c1)O[C@@]1(C)CC[C@H]3C(C)(C)CCCC34CO[C@@H]2[C@H]41,0
TOX21NRAR-02078,COc1nc(N)nc2c1ncn2[C@@H]1O[C@H](CO)[C@@H](O)[C@@H]1O,0
TOX21NRAR-02079,COc1ccc2c(=O)c(C)c(-c3ccccc3)oc2c1CN(C)C,0
TOX21NRAR-02080,CC(=O)CCl,0
TOX21NRAR-02081,CCCOC(C(=O)OC1CCN(C)CC1)(c1ccccc1)c1ccccc1,0
TOX21NRAR-02082,COC(=O)[C@H]1[C@H]2C[C@@H]3c4[nH]c5cc(OC)ccc5c4CCN3C[C@H]2C[C@H](OC)[C@@H]1OC,0
TOX21NRAR-02083,CC(CN1c2ccccc2Sc2cccnc21)N(C)C,0
TOX21NRAR-02084,COc1ccc2c(c1)OC(C)(C)[C@@H](c1ccccc1)[C@@H]2c1ccc(OCCN2CCCC2)cc1,0
TOX21NRAR-02085,C=C(C)c1ccccc1,0
TOX21NRAR-02086,O=C(Cl)c1c(Cl)cccc1Cl,0
TOX21NRAR-02087,CCCCCCCCCCCCN1CCOCC1,0
TOX21NRAR-02088,C1CN(CCOCCN2CCOCC2)CCO1,0
TOX21NRAR-02089,COc1ccc(C=O)cc1OC,0
TOX21NRAR-02090,CCCCCCC(=O)OCC,0
TOX21NRAR-02091,CCCC(=O)OCC,0
TOX21NRAR-02092,CCOC(=O)CC,0
TOX21NRAR-02093,Sc1nnc(S)s1,0
TOX21NRAR-02094,C=CC(=O)NC(C)(C)C,0
TOX21NRAR-02095,[Cu+2],0
TOX21NRAR-02096,COc1ccc(Nc2ccc(OC)cc2)cc1,0
TOX21NRAR-02097,CCOP(=S)(OCC)O/N=C(\C#N)c1ccccc1,0
TOX21NRAR-02098,COC(=O)CCCCC(=O)OC,0
TOX21NRAR-02099,COCCOC(=O)c1ccccc1C(=O)OCCOC,0
TOX21NRAR-02100,COc1cc(CCN)c(OC)cc1Br,0
TOX21NRAR-02101,COc1cc(C[C@@H](C)N)c(OC)cc1Br,0
TOX21NRAR-02102,Cc1nc2ccccc2c(=O)n1-c1ccccc1Cl,0
TOX21NRAR-02103,C=CCC1([C@@H](C)CCC)C(=O)NC(=O)NC1=O,0
TOX21NRAR-02104,CC[C@H]1C[C@@H]2C[C@H]3c4[nH]c5ccc(OC)cc5c4CCN(C2)[C@@H]13,0
TOX21NRAR-02105,CCC(N)Cc1c[nH]c2ccccc12,0
TOX21NRAR-02106,COc1cc(CCN)cc(OC)c1OC,0
TOX21NRAR-02107,CCCSc1cc(OC)c(CCN)cc1OC,0
TOX21NRAR-02108,COc1cc(C[C@H](C)N)c(OC)cc1Br,0
TOX21NRAR-02109,COc1cc(CC(C)C)cc(OC)c1OC,0
TOX21NRAR-02110,CCCN(CCC)c1c([N+](=O)[O-])cc(C(F)(F)F)cc1[N+](=O)[O-],0
TOX21NRAR-02111,CN1C(=O)OC(C)(C)C1=O,0
TOX21NRAR-02112,Cc1ccc(OP(=O)(Oc2ccc(C)cc2)Oc2ccc(C)cc2)cc1,0
TOX21NRAR-02113,ClCC(Cl)CCl,0
TOX21NRAR-02114,OCCOCCOCCO,0
TOX21NRAR-02115,OCCN(CCO)CCO,0
TOX21NRAR-02116,CC(C)NCC(O)c1ccc(O)c(O)c1,0
TOX21NRAR-02117,Cc1cc(C)c(N)cc1C,0
TOX21NRAR-02118,CC1(C)CCC(Cc2ccc(Cl)cc2)C1(O)Cn1cncn1,0
TOX21NRAR-02119,N#CN,0
TOX21NRAR-02120,O=c1[nH]sc2ccccc12,0
TOX21NRAR-02121,CN1C(C(=O)Nc2ccccn2)=C(O)c2ccccc2S1(=O)=O,0
TOX21NRAR-02122,CC(=O)Nc1ccccc1C,0
TOX21NRAR-02123,CC(=O)Nc1cccc(C)c1,0
TOX21NRAR-02124,CCCCCCCC/C=C/CCCCCCCC(=O)OCCOCC(OCCO)C1OC(OCCO)CC1OCCO,0
TOX21NRAR-02125,Brc1cc(-c2ccc(Br)c(Br)c2Br)cc(Br)c1Br,0
TOX21NRAR-02126,CC(=O)Nc1ccc(OCC(O)CNC(C)C)cc1,0
TOX21NRAR-02127,COc1ccc(-c2ccccc2)cc1NNC(=O)OC(C)C,0
TOX21NRAR-02128,C=CCCCCCCC=C,0
TOX21NRAR-02129,CCCC[Sn](CCCC)(CCCC)CCCC,0
TOX21NRAR-02130,CC(C)(O)C(=O)Nc1ccc([N+](=O)[O-])c(C(F)(F)F)c1,1
TOX21NRAR-02131,CC1=C2[C@H](/C=C(\C)C(=O)O)CC[C@@H](C)[C@H]2[C@H](O)C1,0
TOX21NRAR-02132,Cl[In](Cl)Cl,0
TOX21NRAR-02133,CCCCOC(=O)CO,0
TOX21NRAR-02134,CCCC(=O)[O-],0
TOX21NRAR-02135,CN(C1CCCCC1)C1CCCCC1,0
TOX21NRAR-02136,Cc1ccnc(N)c1,0
TOX21NRAR-02137,CN(C)C(C)(C)CO,0
TOX21NRAR-02138,CC(=O)CC(=O)Nc1ccc(S(=O)(=O)[O-])cc1,0
TOX21NRAR-02139,[As]#[In],0
TOX21NRAR-02140,CC1(C)CC(N=C=O)CC(C)(CN=C=O)C1,0
TOX21NRAR-02141,CN(C)CCCO[C@H]1[C@@H](C(O)CO)O[C@@H]2OC(C)(C)O[C@H]12,0
TOX21NRAR-02142,CCN(CC)CCOC(=O)C(c1ccccc1)c1ccccc1,0
TOX21NRAR-02143,COS(=O)(=O)[O-],0
TOX21NRAR-02144,CN(Cc1cc(Br)cc(Br)c1N)C1CCCCC1,0
TOX21NRAR-02145,CCCCC(CC)COC(=O)/C=C/c1ccc(OC)cc1,0
TOX21NRAR-02146,COCCOC(=O)CC#N,0
TOX21NRAR-02147,CCCC(=O)OC(C)(C)Cc1ccccc1,0
TOX21NRAR-02148,COC(C)=O,0
TOX21NRAR-02149,ClC1=C(Cl)C2(Cl)C3C(Cl)C(Cl)CC3C1(Cl)C2(Cl)Cl,0
TOX21NRAR-02150,N#CCCN(CCO)CCO,0
TOX21NRAR-02151,CN1CCN(C(c2ccccc2)c2ccc(Cl)cc2)CC1,0
TOX21NRAR-02152,OCC1CC=CCC1,0
TOX21NRAR-02153,COC(=O)C1=C(C)NC(C)=C(C(=O)O[C@H]2CCN(Cc3ccccc3)C2)[C@H]1c1cccc([N+](=O)[O-])c1,0
TOX21NRAR-02154,COC[C@H](c1ccc(C(F)(F)F)cc1)N1CCN(C2(C)CCN(C(=O)c3c(C)ncnc3C)CC2)C[C@H]1C,0
TOX21NRAR-02155,C[C@@H]1C[C@H]2[C@@H]3CCC4=CC(=O)C=C[C@]4(C)[C@@]3(F)[C@@H](O)C[C@]2(C)[C@@]1(O)C(=O)CO,1
TOX21NRAR-02156,Cc1c(-c2ccc(O)cc2)n(Cc2ccc(OCCN3CCCCCC3)cc2)c2ccc(O)cc12,0
TOX21NRAR-02157,COC(=O)[C@H]1[C@H]2C[C@@H]3c4[nH]c5ccccc5c4CCN3C[C@H]2C[C@@H](OC(=O)c2cc(OC)c(OC)c(OC)c2)[C@@H]1OC,0
TOX21NRAR-02158,CC(=O)O[C@H]1CC[C@@]2(C)C(=CC[C@H]3[C@@H]4CCC(=O)[C@@]4(C)CC[C@@H]32)C1,0
TOX21NRAR-02159,CC1(C)[C@@H](C=C(Br)Br)[C@H]1C(=O)O[C@H](C#N)c1cccc(Oc2ccccc2)c1,0
TOX21NRAR-02160,N#CCCCC(C#N)CCC#N,0
TOX21NRAR-02161,CC1=CC=C(C(C)C)CC1,0
TOX21NRAR-02162,COc1nc(C)nc(N)n1,0
TOX21NRAR-02163,CC(C)c1cc(C(C)C)cc(C(C)C)c1,0
TOX21NRAR-02164,NCC1CCCC(CN)C1,0
TOX21NRAR-02165,O=C(Nc1ccccc1)Nc1ccnc(Cl)c1,0
TOX21NRAR-02166,CC(O)CC(C)O,0
TOX21NRAR-02167,c1ccc(OCCOc2ccccc2)cc1,0
TOX21NRAR-02168,Cc1ccc(S(=O)(=O)O)cc1,0
TOX21NRAR-02169,CN(C)C(=O)CCSC(SCCC(=O)[O-])c1cccc(/C=C/c2ccc3ccc(Cl)cc3n2)c1,0
TOX21NRAR-02170,CCCNC(C)C(=O)Nc1ccccc1C,0
TOX21NRAR-02171,FCOC(C(F)(F)F)C(F)(F)F,0
TOX21NRAR-02172,COS(=O)(=O)[O-].C[N+]1(C)CCCCC1COC(=O)C(O)(c1ccccc1)c1ccccc1,0
TOX21NRAR-02173,FC(F)(F)C(F)(F)C(F)(F)C(F)(F)C(F)(F)F,0
TOX21NRAR-02174,O=C1c2cccc3c2[C@H](CCC3)CN1[C@@H]1CN2CCC1CC2,0
TOX21NRAR-02175,C=CCNC1=C2C[C@@H](C)C[C@H](OC)[C@H](O)[C@@H](C)C=C(C)[C@H](OC(N)=O)[C@@H](OC)C=CC=C(C)C(=O)NC(=CC1=O)C2=O,0
TOX21NRAR-02176,Clc1ccc(C(Cn2ccnc2)OCc2ccsc2Cl)c(Cl)c1,0
TOX21NRAR-02177,c1ccc2c(c1)ccc1ccccc12,0
TOX21NRAR-02178,CCOP(=S)(OCC)SCn1c(=O)oc2cc(Cl)ccc21,0
TOX21NRAR-02179,CCCCC/C=C\C/C=C\CCCCCCCC(=O)OCC,0
TOX21NRAR-02180,CC1=C2[C@H](/C=C(\C)C(=O)O)CC[C@@H](C)[C@H]2CC1,0
TOX21NRAR-02181,C=C[Si](OC(C)=O)(OC(C)=O)OC(C)=O,0
TOX21NRAR-02182,C#C[C@]1(O)C=C[C@H]2[C@@H]3CCC4=CC(=O)CC[C@@H]4[C@H]3CC[C@@]21CC,1
TOX21NRAR-02183,CC(=C\c1ccccc1)/C=C1/SC(=S)N(CC(=O)O)C1=O,0
TOX21NRAR-02184,CC(C)(C)c1ccc(C(=O)CCCN2CCC(OC(c3ccccc3)c3ccccc3)CC2)cc1,0
TOX21NRAR-02185,COc1cccc(N(C)C(=S)Oc2ccc3c(c2)CCCC3)n1,1
TOX21NRAR-02186,CC(CCc1ccc(O)cc1)NCC(O)c1ccc(O)cc1,0
TOX21NRAR-02187,O=C([O-])c1ccc(NC(=O)[C@H](Cc2ccc(O)cc2)NC(=O)c2ccccc2)cc1,0
TOX21NRAR-02188,COc1cc(C(=O)N2CCCCCCC2)cc(OC)c1OC,0
TOX21NRAR-02189,CO[C@H]1C[C@H](O[C@H]2[C@H](C)O[C@@H](O[C@@H]3C(C)=CC[C@@H]4C[C@@H](C[C@]5(C=C[C@H](C)[C@@H](C6CCCCC6)O5)O4)OC(=O)[C@@H]4C=C(C)[C@@H](O)[C@H]5OCC(=CC=C[C@@H]3C)[C@@]45O)C[C@@H]2OC)O[C@@H](C)[C@@H]1O,0
TOX21NRAR-02190,CN1C(=O)N(C)C(O)C1O,0
TOX21NRAR-02191,CC(C)c1ccc(S(=O)(=O)O)cc1,0
TOX21NRAR-02192,CC(C)(c1ccc(OCC2CO2)cc1)c1ccc(OCC2CO2)cc1,0
TOX21NRAR-02193,c1ccc(SCCSc2ccccc2)cc1,0
TOX21NRAR-02194,COCCOCCOC,0
TOX21NRAR-02195,CCCCNC(=O)OCC#CI,0
TOX21NRAR-02196,O=C(O)C1=NN(c2ccc(S(=O)(=O)O)cc2)C(=O)C1,0
TOX21NRAR-02197,NC(=O)NNC(N)=O,0
TOX21NRAR-02198,COC(=O)/C=C/C=C(C)/C=C/C=C(C)/C=C/C=C(C)/C=C/C=C(C)\C=C/C(=O)O,0
TOX21NRAR-02199,O=C1C=CC(=O)N1c1ccccc1,0
TOX21NRAR-02200,CCOC(=O)NC(C)(C)Cc1ccc(Cl)cc1,0
TOX21NRAR-02201,C=C(c1ccc(C(=O)O)cc1)c1cc2c(cc1C)C(C)(C)CCC2(C)C,0
TOX21NRAR-02202,CC(=O)C(=O)[O-],0
TOX21NRAR-02203,COc1cc(S(C)=O)ccc1-c1nc2ncccc2[nH]1,0
TOX21NRAR-02204,COCCCCCCCCOCCC[Si](C)(O[Si](C)(C)C)O[Si](C)(C)C,0
TOX21NRAR-02205,CC(=O)OC1C2(C)CCC(C2)C1(C)C,0
TOX21NRAR-02206,O=S(=O)([O-])[O-].[Li+].[Li+],0
TOX21NRAR-02207,O=Cc1c2ccccc2c(Cl)c2ccccc12,0
TOX21NRAR-02208,CCCCCBr,0
TOX21NRAR-02209,CCCC[n+]1ccc(C)cc1,0
TOX21NRAR-02210,CC[N+]1(C)CCCC1.F[B-](F)(F)F,0
TOX21NRAR-02211,Cc1[nH]nc2c1N=C(c1ccccc1Cl)c1cc([N+](=O)[O-])ccc1N2,0
TOX21NRAR-02212,COC(=O)Nc1nc2cc(S(=O)c3ccccc3)ccc2[nH]1,0
TOX21NRAR-02213,CC1CCC(=O)C1=O,0
TOX21NRAR-02214,CCN1C(=O)c2ccccc2C1Nc1ccc(OCCN2CCCCC2)cc1,0
TOX21NRAR-02215,O=C1CCCCCCCCCCOCCCCO1,0
TOX21NRAR-02216,CSSc1ccoc1C,0
TOX21NRAR-02217,Cc1occc(=O)c1OC(=O)C(C)C,0
TOX21NRAR-02218,CCCc1ccccc1O,0
TOX21NRAR-02219,CCC(=O)OCc1ccc(OC)cc1,0
TOX21NRAR-02220,CCCC1CCOC(C)S1,0
TOX21NRAR-02221,Cc1cc(Nc2ccccc2C(=O)O)ccc1Cl,0
TOX21NRAR-02222,CC(C)C[C@H]1C(=O)N2CCC[C@H]2[C@]2(O)O[C@](NC(=O)[C@@H]3C[C@@H]4c5cccc6[nH]cc(c56)C[C@H]4N(C)C3)(C(C)C)C(=O)N12,0
TOX21NRAR-02223,CC(C)C[C@H](NC(=O)[C@H](CCc1ccccc1)NC(=O)CN1CCOCC1)C(=O)N[C@@H](Cc1ccccc1)C(=O)N[C@@H](CC(C)C)C(=O)[C@@]1(C)CO1,0
TOX21NRAR-02224,COC(=O)N[C@H](C(=O)N[C@@H](Cc1ccccc1)[C@@H](O)CN(Cc1ccc(-c2ccccn2)cc1)NC(=O)[C@@H](NC(=O)OC)C(C)(C)C)C(C)(C)C,0
TOX21NRAR-02225,O=C(Nc1ccc(Cl)cc1)Nc1ccc(Cl)c(C(F)(F)F)c1,0
TOX21NRAR-02226,CC(C)n1nc(-c2cc3cc(O)ccc3[nH]2)c2c(N)ncnc21,0
TOX21NRAR-02227,CC(=O)OCC(=O)[C@@]1(O)CCC2C3CCC4=CC(=O)CC[C@]4(C)C3[C@@H](O)C[C@@]21C,1
TOX21NRAR-02228,C1CN(P2(N3CC3)=NP(N3CC3)(N3CC3)=NP(N3CC3)(N3CC3)=N2)CCO1,0
TOX21NRAR-02229,CC(C)(C)C(=O)OCOC(=O)C1N2C(=O)CC2S(=O)(=O)C1(C)C,0
TOX21NRAR-02230,CC(C)NCC(O)c1ccc([N+](=O)[O-])cc1,0
TOX21NRAR-02231,O=C1CC2(CCCC2)CC(=O)N1CCCCN1CCN(c2ncccn2)CC1,0
TOX21NRAR-02232,CS(=O)(=O)Cl,0
TOX21NRAR-02233,Cc1cccc(C(=O)O)c1,0
TOX21NRAR-02234,O=C(O)c1cccc(O)c1,0
TOX21NRAR-02235,Cc1ccc(C(=O)O)cc1,0
TOX21NRAR-02236,CCC(C(=O)OCCN(CC)CC)c1ccccc1,0
TOX21NRAR-02237,C[C@]12CC[C@H]3[C@@H](CCC4=CC(=O)CC[C@@]43C)[C@@H]1CC[C@]2(O)C(=O)CO,1
TOX21NRAR-02238,COc1cc([C@@H]2c3cc4c(cc3[C@H](O)[C@H]3COC(=O)[C@H]23)OCO4)cc(OC)c1OC,0
TOX21NRAR-02239,NNS(=O)(=O)c1ccc(Oc2ccc(S(=O)(=O)NN)cc2)cc1,0
TOX21NRAR-02240,C[C@@H]1C[C@H]2[C@@H]3CCC4=CC(=O)C=C[C@]4(C)[C@@]3(F)[C@@H](O)C[C@]2(C)[C@H]1C(=O)CO,1
TOX21NRAR-02241,CC(=O)OC(C)(C)C1CC=C(C)CC1,0
TOX21NRAR-02242,Cl[Si](Cl)(c1ccccc1)c1ccccc1,0
TOX21NRAR-02243,COCCOC,0
TOX21NRAR-02244,CCOCCOCC,0
TOX21NRAR-02245,O=[N+]([O-])c1cccc2ccccc12,0
TOX21NRAR-02246,O=C(O)CCC(=O)C(=O)O,0
TOX21NRAR-02247,S=C([S-])NCCNC(=S)[S-],0
TOX21NRAR-02248,O=C1NCCN1,0
TOX21NRAR-02249,C[N+](=O)[O-],0
TOX21NRAR-02250,CCCCC(CC)COC(=O)c1ccccc1C(=O)OCC(CC)CCCC,0
TOX21NRAR-02251,O=[N+]([O-])c1ccc(Oc2ccc(Cl)cc2Cl)cc1,0
TOX21NRAR-02252,CCCCC(CC)CO,0
TOX21NRAR-02253,C1CC2OC2CC1C1CO1,0
TOX21NRAR-02254,CC(C)N(C(=O)COc1nnc(C(F)(F)F)s1)c1ccc(F)cc1,0
TOX21NRAR-02255,CCN(Cc1c(F)cccc1Cl)c1c([N+](=O)[O-])cc(C(F)(F)F)cc1[N+](=O)[O-],0
TOX21NRAR-02256,Cc1nn(C)c(Oc2ccccc2)c1/C=N/OCc1ccc(C(=O)OC(C)(C)C)cc1,0
TOX21NRAR-02257,O=[N+]([O-])c1cc(C(F)(F)F)c(Cl)c([N+](=O)[O-])c1Nc1ncc(C(F)(F)F)cc1Cl,0
TOX21NRAR-02258,COC(=O)CSc1cc(/N=c2\sc(=O)n3n2CCCC3)c(F)cc1Cl,0
TOX21NRAR-02259,CCCCCOC(=O)COc1cc(N2C(=O)C3=C(CCCC3)C2=O)c(F)cc1Cl,0
TOX21NRAR-02260,C#CCN1C(=O)COc2cc(F)c(N3C(=O)C4=C(CCCC4)C3=O)cc21,0
TOX21NRAR-02261,CO/N=C(/C(=O)OC)c1ccccc1COc1ccccc1C,0
TOX21NRAR-02262,CC1(C)[C@@H](/C=C(\Cl)C(F)(F)F)[C@H]1C(=O)O[C@H](C#N)c1cccc(Oc2ccccc2)c1,0
TOX21NRAR-02263,CCCCN(CCCC)CCC(O)c1cc2c(Cl)cc(Cl)cc2c2cc(C(F)(F)F)ccc12,0
TOX21NRAR-02264,CN[C@@H]1[C@@H](O[C@H]2O[C@H](CO)[C@@H](N)[C@H](O)[C@H]2O)O[C@H]2C[C@@H](N)[C@@H](O[C@@H]3[C@@H](N)C[C@@H](N)[C@H](O)[C@H]3O)O[C@@H]2[C@@H]1O,0
TOX21NRAR-02265,CCOC(=O)OC(C)OC(=O)[C@@H]1N2C(=O)[C@@H](NC(=O)[C@H](N)c3ccccc3)[C@H]2SC1(C)C,0
TOX21NRAR-02266,CC(C)(C)NC[C@H](O)COc1ccccc1C1CCCC1.CC(C)(C)NC[C@H](O)COc1ccccc1C1CCCC1,0
TOX21NRAR-02267,C[C@@H]1C[C@H]2[C@@H]3C[C@H](F)C4=CC(=O)C=C[C@]4(C)[C@@]3(Cl)[C@@H](O)C[C@]2(C)[C@H]1C(=O)COC(=O)C(C)(C)C,1
TOX21NRAR-02268,CCCC(=O)Nc1ccc(OCC(O)CNC(C)C)c(C(C)=O)c1,0
TOX21NRAR-02269,Cc1cc(NC(=O)C2=C(O)c3ccccc3S(=O)(=O)N2C)no1,0
TOX21NRAR-02270,CCC(=O)O[C@H]1[C@H](C)O[C@@H](O[C@@H]2[C@@H](C)O[C@@H](O[C@@H]3[C@@H](OC)[C@H](OC(=O)CC)CC(=O)O[C@H](C)CC=CC=C[C@H](O)[C@H](C)C[C@@H]3CC=O)[C@H](O)[C@H]2N(C)C)C[C@@]1(C)O,0
TOX21NRAR-02271,CC(C(=O)O)c1ccc(C(=O)c2cccs2)cc1,0
TOX21NRAR-02272,COc1ccc2c(c1)N(C[C@H](C)CN(C)C)c1ccccc1S2,0
TOX21NRAR-02273,FC(F)(F)C(F)(F)C(F)(F)C(F)(F)C(F)(F)C(F)(F)C(F)(F)C(F)(F)C(F)(F)C(F)(F)F,0
TOX21NRAR-02274,C=CC(=O)O[Sn](CCCC)(CCCC)CCCC,0
TOX21NRAR-02275,CNC(=O)Oc1ccccc1OC(C)C,0
TOX21NRAR-02276,C#CC(C)(C)O,0
TOX21NRAR-02277,CCCCCCCCCCO,0
TOX21NRAR-02278,CCCCCCCCCCCCCO,0
TOX21NRAR-02279,CCCCCCCCO,0
TOX21NRAR-02280,CCOCCOCCO,0
TOX21NRAR-02281,CCCCCCCCCC(C)=O,0
TOX21NRAR-02282,CCCCCCCCCCCCCOC(=O)CCSCCC(=O)OCCCCCCCCCCCCC,0
TOX21NRAR-02283,CC12CCCC=C1C(=O)OC2=O,0
TOX21NRAR-02284,CC(C)(c1ccccc1)c1ccc(Nc2ccc(C(C)(C)c3ccccc3)cc2)cc1,0
TOX21NRAR-02285,O=C1C(CCS(=O)c2ccccc2)C(=O)N(c2ccccc2)N1c1ccccc1,0
TOX21NRAR-02286,COc1cc(NS(=O)(=O)c2ccc(N)cc2)nc(C)n1,0
TOX21NRAR-02287,Cc1nnc(NS(=O)(=O)c2ccc(N)cc2)s1,0
TOX21NRAR-02288,Cc1ccnc(NS(=O)(=O)c2ccc(N)cc2)n1,0
TOX21NRAR-02289,COc1cnc(NS(=O)(=O)c2ccc(N)cc2)nc1,0
TOX21NRAR-02290,COc1ccc(NS(=O)(=O)c2ccc(N)cc2)nn1,0
TOX21NRAR-02291,CC(=O)CC(=O)Nc1ccccc1,1
TOX21NRAR-02292,CC(=O)O,0
TOX21NRAR-02293,CC(=O)OC(C)=O,0
TOX21NRAR-02294,CC(=O)Nc1ccc(C(=O)O)cc1,0
TOX21NRAR-02295,CC(=O)C(C)O,0
TOX21NRAR-02296,COc1ccc(NC(C)=O)cc1N,0
TOX21NRAR-02297,CCCCC(CC)COC(=O)c1ccc(C(=O)OCC(CC)CCCC)cc1,0
TOX21NRAR-02298,O=P(O)(O)CN(CP(=O)(O)O)CP(=O)(O)O,0
TOX21NRAR-02299,CCC(C)S,0
TOX21NRAR-02300,CC1=C2C[C@H]3[C@@H](CC=C4C[C@@H](O)CC[C@@]43C)[C@@H]2CC[C@]12O[C@@H]1C[C@H](C)CN[C@H]1[C@H]2C,0
TOX21NRAR-02301,O=C(CCN1CCC(c2ccccc2)C1)c1ccc2c(c1)OCCO2,0
TOX21NRAR-02302,O=[N+]([O-])c1ccc(O)c2ncccc12,0
TOX21NRAR-02303,Nc1ccc(S(=O)(=O)Nc2ccccc2)cc1,0
TOX21NRAR-02304,CCc1nnc(NS(=O)(=O)c2ccc(N)cc2)s1,0
TOX21NRAR-02305,Cc1c(Cn2ccnc2)c2ccccc2n1CCC(=O)O,0
TOX21NRAR-02306,O=C(COc1ccc(Cl)cc1)OCCNC12CC3CC(CC(C3)C1)C2,0
TOX21NRAR-02307,COC(c1ccccc1)(c1ccccc1)[C@H](Oc1nc(C)cc(C)n1)C(=O)O,0
TOX21NRAR-02308,CCOC(=O)c1c(C)n(C)c2ccc(O)cc12,0
TOX21NRAR-02309,CN1CCN(C(=O)C2CCCCC2)CC1,0
TOX21NRAR-02310,NCCCNCCCN,0
TOX21NRAR-02311,O=[N+]([O-])c1cccc(I)c1,0
TOX21NRAR-02312,CCCCCCCCCCCCCCCCCCO,0
TOX21NRAR-02313,C=CCCCCCCCCCCCCCCCC,0
TOX21NRAR-02314,COc1ccc(NC(=O)CC(C)=O)cc1,0
TOX21NRAR-02315,CCCCCCCCCCCCCCCC(=O)OC,0
TOX21NRAR-02316,COC(=O)CC(=O)OC,0
TOX21NRAR-02317,CN1CCOCC1,0
TOX21NRAR-02318,CCCC(C)C,0
TOX21NRAR-02319,[Ni+2].c1cc[cH-]c1.c1cc[cH-]c1,0
TOX21NRAR-02320,CCCCCCCC[N+](CCCCCCCC)(CCCCCCCC)CCCCCCCC,0
TOX21NRAR-02321,CN1CCC[C@@H]1Cc1c[nH]c2ccc(CCS(=O)(=O)c3ccccc3)cc12,0
TOX21NRAR-02322,O=C(C[C@@H]1NCCC[C@H]1O)Cn1cnc2cc(Br)c(Cl)cc2c1=O,0
TOX21NRAR-02323,C/C(=C\c1csc(C)n1)C1C[C@@H]2O[C@]2(C)CCC[C@H](C)C(O)[C@@H](C)C(=O)C(C)(C)[C@@H](O)CC(=O)O1,0
TOX21NRAR-02324,Clc1cc(Cl)c(OCC#CI)cc1Cl,0
TOX21NRAR-02325,N=C(N)NCCC[C@H](NC(=O)[C@@H]1CCCN1C(=O)[C@@H]1CSSCCC(=O)N[C@@H](Cc2ccc(O)cc2)C(=O)N[C@@H](Cc2ccccc2)C(=O)N[C@@H](CCC(N)=O)C(=O)N[C@@H](CC(N)=O)C(=O)N1)C(=O)NCC(N)=O,0
TOX21NRAR-02326,O=[N+]([O-])c1c(Cl)cccc1-c1c[nH]cc1Cl,0
TOX21NRAR-02327,CCCCC[C@@H](O)C1C(=O)OC(C)[C@H](O)C=CC=CC=CC=CC=C(C)C(O)C(O)C(O)C[C@H](O)C[C@H](O)C[C@H](O)C[C@H](O)C[C@@H]1O,0
TOX21NRAR-02328,CNC(C)CCC=C(C)C,0
TOX21NRAR-02329,NC(=S)NS(=O)(=O)c1ccc(N)cc1,0
TOX21NRAR-02330,COC(=O)/C=C/c1ccccc1,0
TOX21NRAR-02331,CN(C)c1ccc(/N=N/c2ccccc2C(=O)O)cc1,0
TOX21NRAR-02332,CON(C)C(=O)Nc1ccc(Br)cc1,0
TOX21NRAR-02333,CO[C@H]1[C@H]([C@]2(C)O[C@@H]2CC=C(C)C)[C@]2(CC[C@H]1OC(=O)NC(=O)CCl)CO2,0
TOX21NRAR-02334,CCCC(=O)Nc1c(I)cc(I)c(CC(CC)C(=O)[O-])c1I,0
TOX21NRAR-02335,COC(=O)[C@H]1[C@@H](O)CC[C@H]2CN3CCc4c([nH]c5ccccc45)[C@@H]3C[C@@H]21,0
TOX21NRAR-02336,CC[C@]12CCCN3CCc4c(n(c5ccccc45)[C@@](O)(C(=O)OC)C1)[C@@H]32,0
TOX21NRAR-02337,CC(=NC#N)N(C)Cc1ccc(Cl)nc1,0
TOX21NRAR-02338,CCCCCCC(C)OC(=O)COc1nc(F)c(Cl)c(N)c1Cl,0
TOX21NRAR-02339,C=CC(=O)Nc1cc2c(Nc3ccc(F)c(Cl)c3)ncnc2cc1OCCCN1CCOCC1,0
TOX21NRAR-02340,CC(=O)O[C@H]1CC[C@@]2(C)C(=CC[C@H]3[C@@H]4CC[C@H](C(C)=O)[C@@]4(C)CC[C@@H]32)C1,1
TOX21NRAR-02341,c1cnc2cc3c(cc2n1)C1CNCC3C1,0
TOX21NRAR-02342,Clc1ccc([C@@H]2C[C@H]3CC[C@@H]2N3)cn1,0
TOX21NRAR-02343,CCC(=O)N(c1ccccc1)C1CCN(CCc2cccs2)CC1,0
TOX21NRAR-02344,CCC(=O)N(c1ccccc1)C1CCN(Cc2cccs2)CC1,0
TOX21NRAR-02345,CCC(=O)N(c1ccccc1)C1CCN(C(C)Cc2cccs2)CC1,0
TOX21NRAR-02346,CCC(=O)N(c1ccccc1)C1CCN(CC(O)c2ccccc2)CC1,0
TOX21NRAR-02347,Nc1c(Cl)cc(Cl)cc1Cl,0
TOX21NRAR-02348,O=C(O)C(Cl)(Cl)Cl,0
TOX21NRAR-02349,FC(F)(Cl)C(F)(Cl)Cl,0
TOX21NRAR-02350,CCCCCCCC(=O)OCC(COC(=O)CCCCCCC)OC(=O)CCCCCCC,0
TOX21NRAR-02351,BrC(Br)Br,0
TOX21NRAR-02352,Nc1nc(N)c2nc(-c3ccccc3)c(N)nc2n1,0
TOX21NRAR-02353,Nc1ccc(Oc2ccc(N)c(N)c2)cc1,1
TOX21NRAR-02354,CC1(C)O[C@@H]2C[C@H]3[C@@H]4CCC5=CC(=O)C=C[C@]5(C)[C@@]4(F)[C@@H](O)C[C@]3(C)[C@]2(C(=O)CO)O1,1
TOX21NRAR-02355,O=S1OC[C@@H]2[C@H](CO1)[C@]1(Cl)C(Cl)=C(Cl)[C@@]2(Cl)C1(Cl)Cl,0
TOX21NRAR-02356,Nc1cc([N+](=O)[O-])cc([N+](=O)[O-])c1O,0
TOX21NRAR-02357,Cc1cc2nc(N)sc2cc1C,0
TOX21NRAR-02358,Nc1cc(Cl)ccc1O,0
TOX21NRAR-02359,Nc1cc(Cl)c([N+](=O)[O-])cc1O,0
TOX21NRAR-02360,Cc1cc(=O)n(-c2ccccc2)n1C,0
TOX21NRAR-02361,CCOc1ccc(NC(C)=O)cc1,0
TOX21NRAR-02362,Nc1cc(Cl)cc(S(=O)(=O)O)c1O,0
TOX21NRAR-02363,CC/C=C/CCO,0
TOX21NRAR-02364,O=Cc1ccc(Cl)cc1Cl,0
TOX21NRAR-02365,c1ccc(SSc2ccccc2)cc1,0
TOX21NRAR-02366,CCOC(=O)c1cccc(N)c1,0
TOX21NRAR-02367,CC/C=C\CCO,0
TOX21NRAR-02368,O=C(O)CNC(=O)c1ccc(CO)o1,0
TOX21NRAR-02369,COc1ccc(OC)c(NC(=O)CC(C)=O)c1,0
TOX21NRAR-02370,COP(=O)(NC(C)=O)SC,0
TOX21NRAR-02371,C1=Cc2cccc3cccc1c23,0
TOX21NRAR-02372,ON(Cc1ccccc1)Cc1ccccc1,0
TOX21NRAR-02373,N#Cc1ccc(Cl)cc1,0
TOX21NRAR-02374,CC(C)CCCC(=O)O,0
TOX21NRAR-02375,COC(=O)c1ccccc1Cl,0
TOX21NRAR-02376,NCCN1CCNC1=O,0
TOX21NRAR-02377,CC1=C(Br)C(=O)C(Br)=C/C1=C(\c1ccccc1S(=O)(=O)[O-])c1cc(Br)c(O)c(Br)c1C,0
TOX21NRAR-02378,CSc1nc2cc(Cl)c(Oc3cccc(Cl)c3Cl)cc2[nH]1,0
TOX21NRAR-02379,O=S(=O)([O-])c1cc(O)c(O)c(S(=O)(=O)[O-])c1,0
TOX21NRAR-02380,COC(C)(C)CCCC(C)CC=O,0
TOX21NRAR-02381,NC(=O)c1ccc(N)cc1,0
TOX21NRAR-02382,ClP(Cl)(Cl)(Cl)Cl,0
TOX21NRAR-02383,CCC(Cl)CC(Cl)C(Cl)C(Cl)C(Cl)C(C)Cl,0
TOX21NRAR-02384,C=C[Si](C)(C)O[Si](C)(C)C=C,0
TOX21NRAR-02385,NNC(=O)c1cccc(C(=O)NN)c1,0
TOX21NRAR-02386,O=[N+]([O-])C=Cc1ccccc1,0
TOX21NRAR-02387,COP(=O)(OC)O/C(=C\Cl)c1cc(Cl)c(Cl)cc1Cl,0
TOX21NRAR-02388,CCOP(=O)(Sc1ccccc1)Sc1ccccc1,0
TOX21NRAR-02389,CN1CCCCC1CCN1c2ccccc2Sc2ccc(S(C)=O)cc21,0
TOX21NRAR-02390,c1ccc2c(c1)Sc1ccccc1N2CC1CN2CCC1CC2,0
TOX21NRAR-02391,CCCC(C)(COC(N)=O)COC(N)=O,0
TOX21NRAR-02392,C[C@H]1C[C@H]2[C@@H]3CCC4=CC(=O)C=C[C@]4(C)[C@H]3C(=O)C[C@]2(C)[C@@]1(O)C(=O)CO,1
TOX21NRAR-02393,Cc1cc(C)cc(OCC2CNC(=O)O2)c1,0
TOX21NRAR-02394,N#CSCc1ccccc1,0
TOX21NRAR-02395,O=C(O[C@@H](C(=O)O)[C@@H](OC(=O)c1ccccc1)C(=O)O)c1ccccc1,0
TOX21NRAR-02396,O=C([O-])[C@H](O)[C@@H](O)[C@H](O)[C@H](O)CO.O=C([O-])[C@H](O)[C@@H](O)[C@H](O)[C@H](O)CO.[Ba+2],0
TOX21NRAR-02397,O=C(CO)[C@@H](O)[C@H](O)[C@@H](O)C(=O)[O-].O=C(CO)[C@@H](O)[C@H](O)[C@@H](O)C(=O)[O-],0
TOX21NRAR-02398,O=S(=O)(O)c1cc(Cl)c(Cl)cc1Cl,0
TOX21NRAR-02399,CNC.O=C(O)COc1ccc(Cl)cc1Cl,0
TOX21NRAR-02400,Nc1ccn([C@@H]2O[C@H](CO)[C@@H](O)[C@@H]2O)c(=O)n1,0
TOX21NRAR-02401,Cc1ccc(C(C)(C)O)cc1,0
TOX21NRAR-02402,CCCC(=O)OC(=O)CCC,0
TOX21NRAR-02403,CC(C)=CCC/C(C)=C\CO,0
TOX21NRAR-02404,COc1cc(-c2ccc(N)c(OC)c2)ccc1N,0
TOX21NRAR-02405,CCCCCCC(O)CCCCCCCCCCC(=O)O,0
TOX21NRAR-02406,CCCCOC(=O)/C=C\C(=O)OCCCC,0
TOX21NRAR-02407,CC(C)=CCC/C(C)=C/CO,0
TOX21NRAR-02408,CC(C)=CCCC(C)CCO,0
TOX21NRAR-02409,CCCCCCCC[N+](C)(C)CCCCCCCC,0
TOX21NRAR-02410,CCCCON=O,0
TOX21NRAR-02411,CN1[C@H]2CC[C@@H]1C[C@H](OC(=O)C(CO)c1ccccc1)C2.CN1[C@H]2CC[C@@H]1C[C@H](OC(=O)C(CO)c1ccccc1)C2,0
TOX21NRAR-02412,C[C@@H](O)[C@H]1C(=O)N2C(C(=O)O)=C(S[C@@H]3CN[C@H](CNS(N)(=O)=O)C3)[C@H](C)[C@H]12,0
TOX21NRAR-02413,c1cnccn1,0
TOX21NRAR-02414,C1CS1,0
TOX21NRAR-02415,O=c1[nH]cnc2ccccc12,0
TOX21NRAR-02416,O=C(C(=O)c1ccco1)c1ccco1,0
TOX21NRAR-02417,CC(=O)OCC(=O)NCCCOc1cccc(CN2CCCCC2)c1,0
TOX21NRAR-02418,CNC[C@H](O)c1ccc(O)c(O)c1,0
TOX21NRAR-02419,O=c1cccccc1O,0
TOX21NRAR-02420,N=C(N)NCCCC[C@@H]1NC(=O)CCSSC[C@@H](C(N)=O)NC(=O)[C@@H]2CCCN2C(=O)[C@H](Cc2c[nH]c3ccccc23)NC(=O)[C@H](CC(=O)O)NC(=O)CNC1=O,0
TOX21NRAR-02421,CCCN(CCOc1c(Cl)cc(Cl)cc1Cl)C(=O)n1ccnc1,0
TOX21NRAR-02422,CSc1nc(NC(C)C)nc(NC(C)C)n1,0
TOX21NRAR-02423,CC(C)N(C(=O)CCl)c1ccccc1,0
TOX21NRAR-02424,N[C@@H](Cc1ccc(N(CCCl)CCCl)cc1)C(=O)O,0
TOX21NRAR-02425,C[C@@]12C=CC[C@H]1[C@@H]1CC[C@H]3CC(=O)CC[C@]3(C)[C@H]1CC2,0
TOX21NRAR-02426,C=CCc1cc(OC)c(O)c(C(=O)NCCO)c1,0
TOX21NRAR-02427,Nc1nc(=O)c2ncn(CCC(CO)CO)c2[nH]1,0
TOX21NRAR-02428,CC(C)C[C@H](NC(=O)[C@@H](Cc1c[nH]c2ccccc12)NC(=O)[C@H](Cc1ccc(O)cc1)NC(=O)[C@H](CO)NC(=O)[C@H](Cc1c[nH]c2ccccc12)NC(=O)[C@H](Cc1c[nH]cn1)NC(=O)[C@@H]1CCC(=O)N1)C(=O)N[C@@H](CCCNC(=N)N)C(=O)N1CCC[C@@H]1C(=O)NCC(N)=O.O=C(O)c1cc2ccccc2c(Cc2c(O)c(C(=O)O)cc3ccccc23)c1O,0
TOX21NRAR-02429,Cn1c(NCCN(CCO)CCCc2ccc([N+](=O)[O-])cc2)cc(=O)n(C)c1=O,0
TOX21NRAR-02430,CCCCC(=O)OCC(=O)[C@]1(O)Cc2c(O)c3c(c(O)c2[C@@H](O[C@H]2C[C@H](NC(=O)C(F)(F)F)[C@H](O)[C@H](C)O2)C1)C(=O)c1c(OC)cccc1C3=O,0
TOX21NRAR-02431,O=C(CS(=O)C(c1ccccc1)c1ccccc1)NO,0
TOX21NRAR-02432,CCOC(=O)COc1ccc2c(C)c(CCN(CC)CC)c(=O)oc2c1Cl,0
TOX21NRAR-02433,CO[C@H]1C=CO[C@@]2(C)Oc3c(C)c(O)c4c(c3C2=O)C2=NC3(CCN(CC(C)C)CC3)NC2=C(NC(=O)C(C)=CC=C[C@H](C)[C@H](O)[C@@H](C)[C@@H](O)[C@@H](C)[C@H](OC(C)=O)[C@@H]1C)C4=O,0
TOX21NRAR-02434,Cc1c(O)cccc1C(=O)N[C@@H](CSc1ccccc1)[C@H](O)CN1C[C@H]2CCCC[C@H]2C[C@H]1C(=O)NC(C)(C)C,0
TOX21NRAR-02435,CCOC(=O)c1ccccc1OC,0
TOX21NRAR-02436,CCCCCCCOC(C)=O,0
TOX21NRAR-02437,CCCCn1cc[n+](C)c1.O=S(=O)([N-]S(=O)(=O)C(F)(F)F)C(F)(F)F,0
TOX21NRAR-02438,Brc1ccc(-c2ccccc2)cc1,0
TOX21NRAR-02439,OCC(CBr)(CBr)CBr,0
TOX21NRAR-02440,O=C(O)C(Cl)Br,0
TOX21NRAR-02441,O=C(O)C(Cl)(Cl)Br,0
TOX21NRAR-02442,Nc1c(Br)cc([N+](=O)[O-])cc1[N+](=O)[O-],0
TOX21NRAR-02443,NC(CCC(=O)O)C(=O)O,0
TOX21NRAR-02444,CC[n+]1ccccc1,1
TOX21NRAR-02445,CCCC[n+]1ccccc1.F[B-](F)(F)F,0
TOX21NRAR-02446,OCCCCCCCl,0
TOX21NRAR-02447,COC(=O)C(C)N(C(=O)Cc1ccccc1)c1c(C)cccc1C,0
TOX21NRAR-02448,c1ccc(-c2ccccn2)nc1,0
TOX21NRAR-02449,Clc1ccc(C2(Cn3cncn3)OCCO2)c(Cl)c1,0
TOX21NRAR-02450,CCCCCCCCCCCCCCCC(=O)OC[C@H](O)[C@H]1OC(=O)C(O)=C1O,0
TOX21NRAR-02451,O=C[C@@H](O)[C@H](O)[C@H](O)CO,0
TOX21NRAR-02452,O=C(Nc1cccc(Cl)c1)OCC#CCCl,0
TOX21NRAR-02453,CSc1nc(N=[N+]=[N-])nc(NC(C)C)n1,0
TOX21NRAR-02454,CN1[C@H]2CC[C@@H]1CC(OC(=O)c1c[nH]c3ccccc13)C2,0
TOX21NRAR-02455,Nc1ccc(S(=O)(=O)Nc2ccnn2-c2ccccc2)cc1,0
TOX21NRAR-02456,Nc1ccc(S(=O)(=O)Nc2ncccn2)cc1,0
TOX21NRAR-02457,CC1CN(c2cc3c(cc2F)c(=O)c(C(=O)O)cn3-c2ccc(F)cc2F)CCN1,0
TOX21NRAR-02458,c1ccc2c(c1)sc1ccccc12,0
TOX21NRAR-02459,Oc1ccccc1F,0
TOX21NRAR-02460,Fc1ccccc1-c1ccccc1,0
TOX21NRAR-02461,Oc1cccc(Nc2ccccc2)c1,0
TOX21NRAR-02462,C=CCC1=C(C)[C@@H](OC(=O)[C@@H]2[C@@H](C=C(C)C)C2(C)C)CC1=O,0
TOX21NRAR-02463,CC(C)=CC(=O)C=C(C)C,0
TOX21NRAR-02464,CC(C)(CCC(=O)O)C(=O)O,0
TOX21NRAR-02465,CC(=O)CCC=C(C)CCC=C(C)C,0
TOX21NRAR-02466,CC(C)(CC(=O)O)C(=O)O,0
TOX21NRAR-02467,CC(=O)C(C)=O,0
TOX21NRAR-02468,CC(=O)C1=C(C)[C@@H]2C[C@]3(C1)[C@@H](CC[C@H]3C)C2(C)C,0
TOX21NRAR-02469,C=COCC(C)C,0
TOX21NRAR-02470,C=C(C)C(=O)OCCOCCOCCOC(=O)C(=C)C,0
TOX21NRAR-02471,CC(C)=CC=O,0
TOX21NRAR-02472,CC(C)(C#N)C(C)(C)C#N,0
TOX21NRAR-02473,CN(C)c1ccc(N(C)C)cc1,0
TOX21NRAR-02474,Cc1cc(-c2cc(C)c(N)c(C)c2)cc(C)c1N,0
TOX21NRAR-02475,CSSC,0
TOX21NRAR-02476,CCOc1ccccc1N,0
TOX21NRAR-02477,CC1=C(/C=C/C(C)=C/C=C/C(C)=C/C=C\C=C(C)\C=C\C=C(C)\C=C\C2=C(C)C(=O)CCC2(C)C)C(C)(C)CCC1=O,0
TOX21NRAR-02478,CC(C)CC(C)Nc1ccc(Nc2ccccc2)cc1,0
TOX21NRAR-02479,C=C1CC[C@H](O)C/C1=C/C=C1\CCC[C@@]2(C)[C@H]1CC[C@@H]2[C@H](C)CCCC(C)(C)O,0
TOX21NRAR-02480,CCC(C)(C)C,0
TOX21NRAR-02481,C=C1/C(=C\C=C2/CCC[C@@]3(C)[C@H]2CC[C@@H]3[C@H](C)CCCC(C)(C)O)C[C@@H](O)C[C@@H]1O,0
TOX21NRAR-02482,CC(Cl)(Cl)[N+](=O)[O-],0
TOX21NRAR-02483,CCCCCCCCC=O,0
TOX21NRAR-02484,CC(C)C(=O)O,0
TOX21NRAR-02485,O=[N+]([O-])C(Br)Br,0
TOX21NRAR-02486,CCC(C)C(C)=O,0
TOX21NRAR-02487,CC(C)C=O,0
TOX21NRAR-02488,CC(CCC(=O)O)C(=O)O,0
TOX21NRAR-02489,CCCC(C)C(=O)O,0
TOX21NRAR-02490,Cc1cc(N)no1,0
TOX21NRAR-02491,O=C(O)Cc1nn(Cc2ccc(Br)cc2F)c(=O)c2ccccc12,0
TOX21NRAR-02492,C=CCN1C[C@H](C)N([C@H](c2ccc(C(=O)N(CC)CC)cc2)c2cccc(OC)c2)C[C@H]1C,0
TOX21NRAR-02493,CNCCCCOc1ccccc1Cc1ccccc1,0
TOX21NRAR-02494,Cc1ccc2c(c1)c1c3n2CCNC3CCC1,0
TOX21NRAR-02495,CCN(CC)CCOc1ccc(Cc2ccccc2)cc1,0
TOX21NRAR-02496,CCN1CCC[C@H]1CNC(=O)c1c(OC)ccc(Br)c1OC,0
TOX21NRAR-02497,CCCCCCCC/C=C\CCCCCCCC(=O)NCc1ccc(O)c(OC)c1,0
TOX21NRAR-02498,CCC1(c2ccc(N)cc2)CCC(=O)NC1=O,0
TOX21NRAR-02499,Nc1nc(N)c2nc(CNc3ccc(C(=O)N[C@@H](CCC(=O)O)C(=O)O)cc3)cnc2n1,0
TOX21NRAR-02500,CCOC(=O)Nc1cccc(OC(=O)Nc2ccccc2)c1,0
TOX21NRAR-02501,CC[N+](CC)(CCNC(=O)C(=O)NCC[N+](CC)(CC)Cc1ccccc1Cl)Cc1ccccc1Cl,0
TOX21NRAR-02502,CC1(C)S[C@@H]2[C@H](/N=C/N3CCCCCC3)C(=O)N2[C@H]1C(=O)O,1
TOX21NRAR-02503,Cc1ccc([N+](=O)[O-])cc1N,0
TOX21NRAR-02504,NCC[C@H](O)C(=O)N[C@@H]1C[C@H](N)[C@@H](O[C@H]2O[C@H](CN)[C@@H](O)[C@H](O)[C@H]2O)[C@H](O)[C@H]1O[C@H]1O[C@H](CO)[C@@H](O)[C@H](N)[C@H]1O,0
TOX21NRAR-02505,O=P(O)(O)c1ccccc1,0
TOX21NRAR-02506,C(=C/C=N/c1ccccc1)\C=C\Nc1ccccc1,0
TOX21NRAR-02507,C[C@]12CC[C@H]3[C@@H](CCC4=CC(=O)CC[C@@]43C)[C@@H]1CC[C@@H]2OC(=O)CCc1ccccc1,1
TOX21NRAR-02508,CC(=O)OCC(=O)[C@@]1(O)[C@H](OC(C)=O)C[C@H]2[C@@H]3CCC4=CC(=O)C=C[C@]4(C)[C@@]3(F)[C@@H](O)C[C@@]21C,1
TOX21NRAR-02509,CC(C)c1ccccc1O,0
TOX21NRAR-02510,CNC(=S)NN,0
TOX21NRAR-02511,CC(=N\O)/C(C)=N/O,0
TOX21NRAR-02512,COc1ccc2ccccc2c1,0
TOX21NRAR-02513,CCCCCCCCCCCCBr,0
TOX21NRAR-02514,CC(=O)N[C@@H](C=O)[C@H](O)[C@H](O)[C@@H](O)CO,0
TOX21NRAR-02515,O=S(=O)(O)C(F)(F)F,0
TOX21NRAR-02516,COCCOCCOCCOCCOC,0
TOX21NRAR-02517,O=C(OCCOCCO)c1ccccc1Nc1cccc(C(F)(F)F)c1,0
TOX21NRAR-02518,c1ccc([Bi](c2ccccc2)c2ccccc2)cc1,0
TOX21NRAR-02519,Nc1c(Br)cc(Br)cc1CN[C@H]1CC[C@H](O)CC1,1
TOX21NRAR-02520,CC(=O)OCC(=O)[C@H]1CC[C@H]2[C@@H]3CC[C@H]4C[C@H](O)CC[C@]4(C)[C@H]3C(=O)C[C@]12C,0
TOX21NRAR-02521,CC(C)(Sc1cc(C(C)(C)C)c(O)c(C(C)(C)C)c1)Sc1cc(C(C)(C)C)c(O)c(C(C)(C)C)c1,0
TOX21NRAR-02522,CN1CCOC(c2ccccc2)c2ccccc2C1,0
TOX21NRAR-02523,CCO[Si](C)(OCC)OCC,0
TOX21NRAR-02524,CCCCC[Si](OCC)(OCC)OCC,0
TOX21NRAR-02525,CCCNC(C)C(=O)Nc1c(C)csc1C(=O)OC,0
TOX21NRAR-02526,CC(=O)OC1CC(C)OC(C)O1,0
TOX21NRAR-02527,COc1ccc(N)c(OC)c1,0
TOX21NRAR-02528,COc1cc(-c2ccc(N=C=O)c(OC)c2)ccc1N=C=O,0
TOX21NRAR-02529,O=C(O)CCCCCCCCCCC(=O)O,0
TOX21NRAR-02530,CCC(C)NC(N)=O,0
TOX21NRAR-02531,CCSCCCl,0
TOX21NRAR-02532,CCCC[Sn](Cl)(Cl)CCCC,0
TOX21NRAR-02533,C=C(C)C(=O)OCC(CC)CCCC,0
TOX21NRAR-02534,CO[Si](OC)(OC)OC,0
TOX21NRAR-02535,CC(COc1ccccc1)N(CCCl)Cc1ccccc1,0
TOX21NRAR-02536,[C-]#N.[Cu+],0
TOX21NRAR-02537,COc1nc(C)nc(NC(=O)NS(=O)(=O)c2ccccc2Cl)n1,0
TOX21NRAR-02538,O=C1c2ccccc2C(=O)C1c1ccccc1,0
TOX21NRAR-02539,Clc1ccc(Cl)c(Cl)c1,0
TOX21NRAR-02540,OCCN(CCO)c1ccccc1,0
TOX21NRAR-02541,O=C(c1ccccc1)c1ccccc1,1
TOX21NRAR-02542,CCOc1cc(C=O)ccc1O,0
TOX21NRAR-02543,COc1cc(C=O)ccc1O,0
TOX21NRAR-02544,CC(C)(C)C(=O)CCl,0
TOX21NRAR-02545,COC1[C@@H](O[C@@H]2O[C@H](C)[C@@H](O[C@H]3C[C@@](C)(O)[C@H](OC(=O)CC(C)C)[C@H](C)O3)[C@H](N(C)C)[C@H]2O)[C@@H](CC=O)C[C@@H](C)[C@@H](O)C=CC=CC[C@@H](C)OC(=O)C[C@H]1OC(C)=O,0
TOX21NRAR-02546,CCC(C)n1ncn(-c2ccc(N3CCN(c4ccc(OC[C@H]5CO[C@](Cn6cncn6)(c6ccc(Cl)cc6Cl)O5)cc4)CC3)cc2)c1=O,0
TOX21NRAR-02547,CC[C@H](C)[C@H]1O[C@]2(CC[C@@H]1C)C[C@@H]1C[C@@H](CC=C(C)[C@@H](O[C@H]3C[C@H](OC)[C@@H](O[C@H]4C[C@H](OC)[C@@H](O)[C@H](C)O4)[C@H](C)O3)[C@@H](C)C=CC=C3CO[C@@H]4[C@H](O)C(C)=C[C@@H](C(=O)O1)[C@]34O)O2,0
TOX21NRAR-02548,CCCCC(CC)COP(=O)(O)O,0
TOX21NRAR-02549,O=C(c1ccc(F)cc1)C1CCN(CCn2c(=O)[nH]c3ccccc3c2=O)CC1,0
TOX21NRAR-02550,CCC(C)(C#N)/N=N/C(C)(C#N)CC,0
TOX21NRAR-02551,CC(S)C(=O)NCC(=O)O,0
TOX21NRAR-02552,Clc1ccc2nsnc2c1NC1=NCCN1,1
TOX21NRAR-02553,O=C(O)COc1ccc(C(=O)c2cccs2)c(Cl)c1Cl,0
TOX21NRAR-02554,COC1CC(=C(c2cccs2)c2cccs2)C[N+](C)(C)C1,0
TOX21NRAR-02555,O=C(CCCN1CCC(n2c(=S)[nH]c3ccccc32)CC1)c1ccc(F)cc1,0
TOX21NRAR-02556,CC(C)(C)NC[C@H](O)COc1nsnc1N1CCOCC1,0
TOX21NRAR-02557,CCS(=O)(=O)CCn1c([N+](=O)[O-])cnc1C,0
TOX21NRAR-02558,C=CCCCCCCCCC(=O)O,0
TOX21NRAR-02559,O=C1CCCO1,0
TOX21NRAR-02560,[Cd+2],0
TOX21NRAR-02561,CC(C)(C)c1ccc(O)cc1,0
TOX21NRAR-02562,CC(C)(C)c1cc(O)ccc1O,0
TOX21NRAR-02563,CC1CC(=O)O1,0
TOX21NRAR-02564,CCCCNC(N)=O,0
TOX21NRAR-02565,CCN(CC)c1ccc(C(=O)c2ccccc2C(=O)O)c(O)c1,0
TOX21NRAR-02566,Nc1cc(S(=O)(=O)[O-])cc2cc(S(=O)(=O)O)cc(O)c12,0
TOX21NRAR-02567,N#CCN(CC#N)CCN(CC#N)CC#N,0
TOX21NRAR-02568,CC(O)C(CO)C(C)O,0
TOX21NRAR-02569,COCCOCCOCCOCCOCCO,0
TOX21NRAR-02570,O=C(O)c1cc(Cl)cc([N+](=O)[O-])c1Cl,0
TOX21NRAR-02571,CCCCCC=CCC1CC(=O)OC1=O,0
TOX21NRAR-02572,CCCCCCCCCCCCCN1CC(C)OC(C)C1,0
TOX21NRAR-02573,COc1cc(C(C)(C)C)c(O)c(C(C)(C)C)c1,0
TOX21NRAR-02574,Clc1cc(Cl)nc(Cl)n1,0
TOX21NRAR-02575,C[n+]1ccn(CCO)c1.F[B-](F)(F)F,0
TOX21NRAR-02576,CC(CC(=O)Cl)CC(C)(C)C,0
TOX21NRAR-02577,CC[n+]1ccccc1.O=S(=O)([O-])C(F)(F)F,0
TOX21NRAR-02578,CCCCCCn1cc[n+](C)c1.O=S(=O)([N-]S(=O)(=O)C(F)(F)F)C(F)(F)F,0
TOX21NRAR-02579,CCCC[N+]1(C)CCCCC1,0
TOX21NRAR-02580,CC[C@H](N)c1ccccc1,0
TOX21NRAR-02581,Clc1ccnc(Cl)n1,0
TOX21NRAR-02582,CCCC[n+]1ccccc1.O=S(=O)([O-])C(F)(F)F,0
TOX21NRAR-02583,CC/C=C\CCCCCCCCCCOC(C)=O,0
TOX21NRAR-02584,CC(C)(c1ccccc1)c1cc(-n2nc3ccccc3n2)c(O)c(C(C)(C)c2ccccc2)c1,0
TOX21NRAR-02585,CC/C=C/C/C=C/C/C=C/CCCCCCCC(=O)OCC,0
TOX21NRAR-02586,CC(=O)c1ccc2c(c1)Cc1ccccc1-2,0
TOX21NRAR-02587,NC(=O)c1cnccn1,0
TOX21NRAR-02588,CCCCC(CC)COCC1CO1,0
TOX21NRAR-02589,CC(=O)Oc1cccc2c1C(=O)c1c(OC(C)=O)cc(C(=O)O)cc1C2=O,0
TOX21NRAR-02590,CC(C)(C)C(=O)C1C(=O)c2ccccc2C1=O,0
TOX21NRAR-02591,C=C(C)C(=O)OCC(C)O,0
TOX21NRAR-02592,CN1C(CSCC(F)(F)F)Nc2cc(Cl)c(S(N)(=O)=O)cc2S1(=O)=O,0
TOX21NRAR-02593,CCCCCCCCBr,0
TOX21NRAR-02594,CCCCCCCCCCCCO,0
TOX21NRAR-02595,C=CCCCCCCCCCC,0
TOX21NRAR-02596,CCCCCCCCCCCO,0
TOX21NRAR-02597,COCCOCCOCCO,0
TOX21NRAR-02598,CCCCCCCCCCCC,0
TOX21NRAR-02599,COc1cc(S(=O)(=O)[O-])c(C)cc1/N=N/c1c(O)ccc2cc(S(=O)(=O)[O-])ccc12,0
TOX21NRAR-02600,CC1=C(/C=C/C(C)=C/C=C/C(C)=C/C=C/C=C(C)/C=C/C=C(C)/C=C/C2=C(C)C[C@@H](O)CC2(C)C)C(C)(C)C[C@H](O)C1,0
TOX21NRAR-02601,CC(C)CCC(=O)O[C@H]1CC[C@H]2[C@@H]3CCC4=CC(=O)CC[C@]4(C)[C@H]3CC[C@]12C,1
TOX21NRAR-02602,CC(=O)OCC(=O)[C@@]1(O)CC[C@H]2[C@@H]3CCC4=CC(=O)CC[C@]4(C)C3=CC[C@@]21C,1
TOX21NRAR-02603,COc1ccc(-c2nc3cc(C4=NNC(=O)CC4C)ccc3[nH]2)cc1,0
TOX21NRAR-02604,Nc1nc(=O)c(Br)c(-c2ccccc2)[nH]1,0
TOX21NRAR-02605,CN(c1nccc(=O)[nH]1)C1CCN(c2nc3ccccc3n2Cc2ccc(F)cc2)CC1,0
TOX21NRAR-02606,Cc1oc(C)c(C(=O)Nc2ccccc2)c1C,0
TOX21NRAR-02607,c1ccc([Hg]c2ccccc2)cc1,0
TOX21NRAR-02608,C[N+](C)(C)CC(O)CCl,0
TOX21NRAR-02609,CC1=C(/C=C/C(C)=C\C=C/C(C)=C/C(=O)O)C(C)(C)CCC1,0
TOX21NRAR-02610,C=C(C)C(=O)NCCCN(C)C,0
TOX21NRAR-02611,OC[C@H]1O[C@@H](Oc2ccc(O)cc2)[C@H](O)[C@@H](O)[C@@H]1O,0
TOX21NRAR-02612,O=C(NCNC(=O)NC1C(=O)NC(=O)N1CO)NC1C(=O)NC(=O)N1CO,0
TOX21NRAR-02613,C=C(C)C(=O)OCC(CC)(COC(=O)C(=C)C)COC(=O)C(=C)C,0
TOX21NRAR-02614,O=P(Cl)(Oc1ccccc1)Oc1ccccc1,0
TOX21NRAR-02615,CCCCCCCCC(CCCCCC)C(=O)O,0
TOX21NRAR-02616,Oc1ccc(Cc2ccccc2O)cc1,0
TOX21NRAR-02617,CC[C@H](OC(C)=O)C(C[C@@H](C)NC)(c1ccccc1)c1ccccc1,0
TOX21NRAR-02618,CO[Si](CCCn1c(=O)n(CCC[Si](OC)(OC)OC)c(=O)n(CCC[Si](OC)(OC)OC)c1=O)(OC)OC,0
TOX21NRAR-02619,CCC(CO)CO,0
TOX21NRAR-02620,CC(CN)CC(C)(C)CCN,0
TOX21NRAR-02621,CC(C)(C)OC(=O)c1ccc(O)cc1,0
TOX21NRAR-02622,C=Cc1ccc(OC(C)=O)cc1,0
TOX21NRAR-02623,CC(C)CC(C)(N)C#N,0
TOX21NRAR-02624,CC(C)=CCN1CC[C@]2(C)c3cc(O)ccc3C[C@H]1[C@H]2C.O=C(O)CCC(=O)O,0
TOX21NRAR-02625,CC(=O)OC1(c2ccccc2)CCN(CCc2ccccc2)CC1,0
TOX21NRAR-02626,O=S(=O)([O-])c1ccc2cc(O)ccc2c1,0
TOX21NRAR-02627,CNC(=S)[S-],0
TOX21NRAR-02628,CC(C)COC(=O)CC(C(=O)OCC(C)C)S(=O)(=O)[O-],0
TOX21NRAR-02629,CC1(C)C(=O)N(Br)C(=O)N1Cl,0
TOX21NRAR-02630,CCCCCCCCCCCCCCCCCC(=O)OCC(O)CO,0
TOX21NRAR-02631,[SnH2+2],0
TOX21NRAR-02632,COCCO,0
TOX21NRAR-02633,C1=CCC([Ti+2]C2=CC=CC2)=C1,0
TOX21NRAR-02634,COC(=O)Cl,0
TOX21NRAR-02635,CC(=O)Oc1c(C)c(C)c2c(c1C)CC[C@@](C)(CCC[C@H](C)CCC[C@H](C)CCCC(C)C)O2,0
TOX21NRAR-02636,CC(=O)Nc1ccc(N)cc1,0
TOX21NRAR-02637,CC(=O)Nc1cccc(N)c1,0
TOX21NRAR-02638,Nc1cccc(N)c1,0
TOX21NRAR-02639,CCCCC1C(=O)N(c2ccccc2)N(c2ccccc2)C1=O,0
TOX21NRAR-02640,c1ccc(Nc2ccc3ccccc3c2)cc1,0
TOX21NRAR-02641,CC1=NN(c2ccccc2)C(=O)C1,0
TOX21NRAR-02642,N=C(N)NC(=O)c1nc(Cl)c(N)nc1N,0
TOX21NRAR-02643,Nc1ccc(N)cc1,0
TOX21NRAR-02644,CC1=CC[C@H]2C[C@@H]1C2(C)C,0
TOX21NRAR-02645,CCCCCCCCCCCCOCCOS(=O)(=O)[O-],0
TOX21NRAR-02646,CCCCCCCCCCCCCCCCCCOCCO,0
TOX21NRAR-02647,CN1C(=O)c2ccccc2C1=O,0
TOX21NRAR-02648,CCCCCCCCCCCCCCCC,0
TOX21NRAR-02649,COC(=O)C(C)O,0
TOX21NRAR-02650,C1=CCC=C1,0
TOX21NRAR-02651,CCNc1nc(NC(C)C)nc(SC)n1,0
TOX21NRAR-02652,CC1(C)CNC(=NN=C(/C=C/c2ccc(C(F)(F)F)cc2)/C=C/c2ccc(C(F)(F)F)cc2)NC1,0
TOX21NRAR-02653,COC(=O)c1ccccc1S(=O)(=O)NC(=O)Nc1nc(C)nc(OC)n1,0
TOX21NRAR-02654,CCOC(=O)[C@H](CCc1ccccc1)N[C@@H](C)C(=O)N1CC2(C[C@H]1C(=O)O)SCCS2,0
TOX21NRAR-02655,CNC(=O)O/N=C/C(C)(C)S(C)(=O)=O,0
TOX21NRAR-02656,O=C1OC[C@H](Cc2cccc(O)c2)[C@H]1Cc1cccc(O)c1,0
TOX21NRAR-02657,CC(C)(C)c1ccc(N)cc1,0
TOX21NRAR-02658,CCCc1ccc(N)cc1,0
TOX21NRAR-02659,COc1cc(NS(C)(=O)=O)ccc1Nc1c2ccccc2nc2ccccc12,0
TOX21NRAR-02660,CCCCc1nc2cccnc2n1Cc1ccc(-c2ccccc2-c2nnn[n-]2)cc1,0
TOX21NRAR-02661,CCCCc1oc2ccccc2c1C(=O)c1cc(I)c(OCCN(CC)CC)c(I)c1,0
TOX21NRAR-02662,CN1CCc2cccc3c2[C@H]1Cc1ccc(O)c(O)c1-3.CN1CCc2cccc3c2[C@H]1Cc1ccc(O)c(O)c1-3,0
TOX21NRAR-02663,C=C1C[C@H]2[C@@H]3C=C(C)C4=CC(=O)CC[C@]4(C)[C@H]3CC[C@]2(C)[C@@]1(OC(C)=O)C(C)=O,1
TOX21NRAR-02664,CC(C)COC(=O)C=Cc1ccccc1,0
TOX21NRAR-02665,O=C(C=Cc1ccccc1)OCC=Cc1ccccc1,0
TOX21NRAR-02666,C=CC(Cl)CCl,0
TOX21NRAR-02667,Oc1ccccc1Cc1ccccc1O,0
TOX21NRAR-02668,CCC(=O)Nc1ccc(Cl)c(Cl)c1,0
TOX21NRAR-02669,NC12CC3CC(CC(C3)C1)C2,0
TOX21NRAR-02670,CCC(C)(c1ccc(O)cc1)c1ccc(O)cc1,0
TOX21NRAR-02671,CCc1cccc(C)c1N(C(=O)CCl)C(C)COC,0
TOX21NRAR-02672,Fc1ccccc1,0
TOX21NRAR-02673,CC(O)C1CCCCC1,0
TOX21NRAR-02674,CNC1(C)C2CCC(C2)C1(C)C,0
TOX21NRAR-02675,Cc1cccc(Nc2ccccc2C(=O)O)c1C,0
TOX21NRAR-02676,CNC[C@H](O)[C@@H](O)[C@H](O)[C@H](O)CO,0
TOX21NRAR-02677,COC(=O)N(C(=O)N1CO[C@@]2(C(=O)OC)Cc3cc(Cl)ccc3C2=N1)c1ccc(OC(F)(F)F)cc1,0
TOX21NRAR-02678,C[N+](C)(C)CCCCCC[N+](C)(C)C,0
TOX21NRAR-02679,O=C(Cn1cnnn1)N[C@@H]1C(=O)N2C(C(=O)[O-])=C(CSc3nncs3)CS[C@H]12,0
TOX21NRAR-02680,COC(=O)C1(O)c2ccccc2-c2ccccc21,0
TOX21NRAR-02681,COc1ccc2c3c1O[C@H]1[C@H](O)CC[C@H]4[C@@H](C2)N(C)CC[C@@]341,0
TOX21NRAR-02682,CS(=O)(=O)c1cc(C(F)(F)F)ccc1C(=O)c1cnoc1C1CC1,0
TOX21NRAR-02683,Cc1c(C(=O)c2cnn(C)c2O)ccc(S(C)(=O)=O)c1C1=NOCC1,0
TOX21NRAR-02684,CC(C)(C)c1ccc(CCC=O)cc1,0
TOX21NRAR-02685,CCCCC(=O)OCC(=O)[C@H]1[C@H](C)C[C@H]2[C@@H]3C[C@H](F)C4=CC(=O)C=C[C@]4(C)[C@@]3(F)[C@@H](O)C[C@@]21C,1
TOX21NRAR-02686,NCCCC[C@H](NC(=O)[C@@H]1CCCN1C(=O)[C@@H]1CSSC[C@H](N)C(=O)N[C@@H](Cc2ccccc2)C(=O)N[C@@H](Cc2ccccc2)C(=O)N[C@@H](CCC(N)=O)C(=O)N[C@@H](CC(N)=O)C(=O)N1)C(=O)NCC(N)=O,0
TOX21NRAR-02687,C1CC(COCC2CO2)CCC1COCC1CO1,0
TOX21NRAR-02688,COC(=O)CCCCCCCCC(=O)OC,0
TOX21NRAR-02689,O=[Se]([O-])[O-],0
TOX21NRAR-02690,CCC(=O)O[C@](Cc1ccccc1)(c1ccccc1)[C@H](C)CN(C)C,0
TOX21NRAR-02691,COC(=O)CCCCCCCC(=O)OC,0
TOX21NRAR-02692,CCOC(=S)[S-],0
TOX21NRAR-02693,CCCCN(CCCC)C(=S)[S-],0
TOX21NRAR-02694,O=C(CCCN1CCC(C(=O)c2ccc(F)cc2)CC1)c1ccc(F)cc1,0
TOX21NRAR-02695,CC(C)(CO)[C@@H](O)C(=O)NCCCC(=O)[O-].CC(C)(CO)[C@@H](O)C(=O)NCCCC(=O)[O-],0
TOX21NRAR-02696,O=C(O)CCC/C=C\C[C@H]1[C@@H](O)C[C@@H](O)[C@@H]1/C=C/[C@@H](O)COc1cccc(C(F)(F)F)c1,0
TOX21NRAR-02697,COc1ccc(-c2cc(=S)ss2)cc1,0
TOX21NRAR-02698,O=C1CCC(=O)N1CO,0
TOX21NRAR-02699,NC(=O)[C@@H]1C[C@]2(NC(=O)NC2=O)c2cc(F)ccc2O1,0
TOX21NRAR-02700,COc1ccc(C(=O)c2c(C)n(CCN3CCOCC3)c3ccccc23)cc1,0
TOX21NRAR-02701,CCCCCCCCCCCCCCCCBr,0
TOX21NRAR-02702,CC1=C(C=O)C(C)(C)CC=C1,0
TOX21NRAR-02703,CC[C@@]1(O)C[C@H](O[C@H]2C[C@H](N(C)C)[C@H](O[C@H]3C[C@H](O)[C@H](O[C@H]4CCC(=O)[C@H](C)O4)[C@H](C)O3)[C@H](C)O2)c2c(cc3c(c2O)C(=O)c2c(O)cccc2C3=O)[C@H]1C(=O)OC,0
TOX21NRAR-02704,CC(C)(C)C(=O)CC(=O)C(C)(C)C,0
TOX21NRAR-02705,CCCCC/C(=C/c1ccccc1)CO,0
TOX21NRAR-02706,CCCCCCCCCCCCCC[P+](CCCC)(CCCC)CCCC.CCCCCCCCCCCCc1ccccc1S(=O)(=O)[O-],0
TOX21NRAR-02707,O=[N+]([O-])c1ccc(CBr)cc1,0
TOX21NRAR-02708,CC(C)C[C@H](NC(=O)[C@H](Cc1ccccc1)NC(=O)c1cnccn1)B(O)O,0
TOX21NRAR-02709,CCN(CC)C(=O)C(C)Oc1cccc2ccccc12,0
TOX21NRAR-02710,Clc1cccc(C(Cl)(Cl)Cl)n1,0
TOX21NRAR-02711,CC(C)Cc1ccc([C@H](C)C(=O)O)cc1,0
TOX21NRAR-02712,CC(C)COC(=O)COc1ccc(Cl)cc1Cl,0
TOX21NRAR-02713,CCOC(=O)COc1ccc(Cl)cc1Cl,0
TOX21NRAR-02714,CCOC(=O)C=CC(=O)O,0
TOX21NRAR-02715,CCN1C(=CC=CC=Cc2sc3ccccc3[n+]2CC)Sc2ccccc21,0
TOX21NRAR-02716,Oc1ccc(C2(c3ccc(O)cc3)c3ccccc3-c3ccccc32)cc1,0
TOX21NRAR-02717,N#CCNCC#N,0
TOX21NRAR-02718,Oc1ccc(C2(c3ccc(O)cc3)CCCCC2)cc1,0
TOX21NRAR-02719,Nc1cc2c3c(c1)C(c1ccccc1)=N[C@@H](NC(=O)c1cccnc1)C(=O)N3CC2,0
TOX21NRAR-02720,CSc1ccc(Oc2ccc(S(N)(=O)=O)cc2CN(C)C)cc1C,0
TOX21NRAR-02721,NCC1(Cc2noc(=O)[nH]2)CCCCC1,0
TOX21NRAR-02722,CN[C@H]1CC[C@@H](c2ccc(Cl)c(Cl)c2)c2ccc(S(N)(=O)=O)cc21,0
TOX21NRAR-02723,CC(C)c1nnc2ccc(-c3ocnc3-c3cc(F)ccc3F)cn12,0
TOX21NRAR-02724,O=C(O)c1cccc(C[C@@H]2COc3ccc(OCc4nc5cc(F)ccc5s4)cc3[C@@H]2O)c1,0
TOX21NRAR-02725,O=C(O)Cn1c(=O)n(Cc2ccc(Br)cc2F)c(=O)c2ccc(Cl)cc21,0
TOX21NRAR-02726,CCOc1cccc([C@]2(N3CCN(c4ccccc4)CC3)CC[C@@H](C)CC2)c1,0
TOX21NRAR-02727,CC(=O)NCCCS(=O)(=O)[O-].CC(=O)NCCCS(=O)(=O)[O-],0
TOX21NRAR-02728,Cc1ccc(Br)cc1,0
TOX21NRAR-02729,OCCCCO,0
TOX21NRAR-02730,C(CCOCC1CO1)COCC1CO1,0
TOX21NRAR-02731,CCCC=NO,0
TOX21NRAR-02732,CCCCCCCCn1cc[n+](C)c1.O=S(=O)([N-]S(=O)(=O)C(F)(F)F)C(F)(F)F,0
TOX21NRAR-02733,Cl[Au](Cl)Cl,0
TOX21NRAR-02734,CC(=O)OC(C)c1ccccc1,0
TOX21NRAR-02735,Cc1ccc(S(=O)(=O)[O-])c(C)c1,0
TOX21NRAR-02736,OCCCc1ccccc1,0
TOX21NRAR-02737,CCCCCCCCOC(=O)c1ccc(O)cc1,0
TOX21NRAR-02738,CN1CC[C@H](c2c(O)cc(O)c3c(=O)cc(-c4ccccc4Cl)oc23)[C@H](O)C1,0
TOX21NRAR-02739,Cn1cnc2ncnc(N)c21,0
TOX21NRAR-02740,NC(=O)n1c(O)c(C(=O)c2cccs2)c2cc(Cl)ccc21,0
TOX21NRAR-02741,NCCNCCNCCNCCN,0
TOX21NRAR-02742,COc1ccc(Br)c(C)c1,0
TOX21NRAR-02743,Oc1c(Cl)c(Cl)cc(Cl)c1Cl,0
TOX21NRAR-02744,CCCCCC1=CCCC1=O,0
TOX21NRAR-02745,O=C1OC(=O)c2c(Cl)c(Cl)c(Cl)c(Cl)c21,0
TOX21NRAR-02746,C=CC(=O)OCCOCCOCCOCCOC(=O)C=C,0
TOX21NRAR-02747,O=C[O-],0
TOX21NRAR-02748,CCCCCCCCCCCCCCCCCC[N+](C)(C)Cc1ccccc1,0
TOX21NRAR-02749,CN(C)c1ccc(N=O)cc1,0
TOX21NRAR-02750,CC(C)(C)OC(=O)c1cccc(N)c1,0
TOX21NRAR-02751,Cc1ccc2ccccc2c1C,0
TOX21NRAR-02752,Cc1ccc([N+](=O)[O-])cc1C,0
TOX21NRAR-02753,Cc1cccc([N+](=O)[O-])c1C,0
TOX21NRAR-02754,Cc1ccc([N+](=O)[O-])c(C)c1,0
TOX21NRAR-02755,Cc1cccc(C)c1[N+](=O)[O-],0
TOX21NRAR-02756,Cc1ccc(C)c([N+](=O)[O-])c1,0
TOX21NRAR-02757,Cc1cc(C)cc([N+](=O)[O-])c1,0
TOX21NRAR-02758,CCO[Si](CC)(OCC)OCC,0
TOX21NRAR-02759,CCOc1cc(OP(=S)(OC)OC)nc(CC)n1,0
TOX21NRAR-02760,COP(=S)(OC)Oc1ccc(S(=O)(=O)N(C)C)cc1,0
TOX21NRAR-02761,CCC=O,0
TOX21NRAR-02762,O=C(O)CC(=O)O,0
TOX21NRAR-02763,COC(=O)[C@@H]1[C@@H](O)CC[C@@H]2CN3CCc4c([nH]c5ccccc45)[C@@H]3C[C@@H]21,0
TOX21NRAR-02764,CC(=O)C(=O)O,0
TOX21NRAR-02765,CC(C)(O)[C@H]1[C@@H]2C(=O)O[C@H]1[C@H]1OC(=O)[C@@]34O[C@@H]3C[C@]2(O)[C@@]14C,0
TOX21NRAR-02766,CCCCCCCCCCCCCCC(=O)O,0
TOX21NRAR-02767,CO[C@]12C[C@@H](COC(=O)c3cncc(Br)c3)CN(C)[C@@H]1Cc1cn(C)c3cccc2c13,0
TOX21NRAR-02768,NCCCC[C@H](N[C@@H](CCc1ccccc1)C(=O)O)C(=O)N1CCC[C@H]1C(=O)O,0
TOX21NRAR-02769,CCCCC(=O)O,0
TOX21NRAR-02770,O=C(O)Cc1ccccc1,0
TOX21NRAR-02771,CO/N=C(\C(=O)N[C@@H]1C(=O)N2C(C(=O)O)=C(C[N+]3(C)CCCC3)CS[C@H]12)c1csc(N)n1,0
TOX21NRAR-02772,O=C(O)/C=C/c1c[nH]cn1,0
TOX21NRAR-02773,C[Si](Cn1cncn1)(c1ccc(F)cc1)c1ccc(F)cc1,0
TOX21NRAR-02774,NNC(=O)c1cccnc1,0
TOX21NRAR-02775,O=C(O)c1cccnc1,0
TOX21NRAR-02776,O=[N+]([O-])[O-].[Na+],0
TOX21NRAR-02777,CCOC(=O)NC(=S)Nc1ccccc1NC(=S)NC(=O)OCC,0
TOX21NRAR-02778,O=C(O)CN(CC(=O)O)CC(=O)O,0
TOX21NRAR-02779,N#CCCC(Br)(C#N)CBr,0
TOX21NRAR-02780,CC(CCC(=O)O)(c1ccc(O)cc1)c1ccc(O)cc1,0
TOX21NRAR-02781,CC[C@H]1OC(=O)C[C@@H](O)[C@H](C)[C@@H](O[C@@H]2O[C@H](C)[C@@H](O[C@H]3C[C@@](C)(O)[C@@H](O)[C@H](C)O3)[C@H](N(C)C)[C@H]2O)[C@@H](CC=O)C[C@@H](C)C(=O)C=CC(C)=C[C@@H]1CO[C@@H]1O[C@H](C)[C@@H](O)[C@@H](OC)[C@H]1OC,0
TOX21NRAR-02782,O=C(O)c1cn(-c2ccc(F)cc2)c2cc(N3CCNCC3)c(F)cc2c1=O,0
TOX21NRAR-02783,O=C(NC(Cc1cc(=O)[nH]c2ccccc12)C(=O)O)c1ccc(Cl)cc1,0
TOX21NRAR-02784,Cc1ncc([N+](=O)[O-])n1CC(C)O,0
TOX21NRAR-02785,CCn1cc(C(=O)O)c(=O)c2cc(F)c(N3CCN(C)CC3)cc21,0
TOX21NRAR-02786,C[C@]12CC[C@H]3[C@@H](C=CC4=CC(=O)CC[C@@]43C)[C@@H]1CC[C@@]21CCC(=O)O1,1
TOX21NRAR-02787,CC(C)NCC(O)COc1cccc2[nH]ccc12,0
TOX21NRAR-02788,O=c1[nH]c2ccccc2n1C1CCN(CCCC(c2ccc(F)cc2)c2ccc(F)cc2)CC1,0
TOX21NRAR-02789,O=C(O)c1ccccc1C(=O)Nc1ccc(S(=O)(=O)Nc2nccs2)cc1,0
TOX21NRAR-02790,CNC(=O)Oc1ccc2c(c1)[C@]1(C)CCN(C)[C@@H]1N2C,0
TOX21NRAR-02791,CC(=O)O[C@H]1C[C@@H]2CC[C@@H]3[C@H](CC[C@@]4(C)[C@H]3C[C@H](N3CC[N+](C)(C)CC3)[C@@H]4OC(C)=O)[C@@]2(C)C[C@@H]1N1CC[N+](C)(C)CC1,0
TOX21NRAR-02792,CCn1cc(C(=O)O)c(=O)c2cnc(N3CCNCC3)nc21,0
TOX21NRAR-02793,C=Cc1cccc(CCl)c1,0
TOX21NRAR-02794,CCOP(=O)(OCC)SCCSCC,0
TOX21NRAR-02795,C=Cc1ccc(C(C)(C)C)cc1,0
TOX21NRAR-02796,CCCCN,0
TOX21NRAR-02797,CC(C)[C@H](C(=O)OC(C#N)c1cccc(Oc2ccccc2)c1)c1ccc(OC(F)F)cc1,0
TOX21NRAR-02798,N#CCC#N,0
TOX21NRAR-02799,CCNCC,0
TOX21NRAR-02800,O=c1c(-c2ccc(O)cc2)coc2cc(O)cc(O)c12,0
TOX21NRAR-02801,CCCCCCCCCC(=O)N(C)C,0
TOX21NRAR-02802,C=CC(=O)[O-].C=CC(=O)[O-].[Zn+2],0
TOX21NRAR-02803,Nc1nc2nc[nH]c2c(=S)[nH]1,0
TOX21NRAR-02804,CS(=O)(=O)c1ccc([C@@H](O)[C@@H](COC(=O)CN)NC(=O)C(Cl)Cl)cc1,0
TOX21NRAR-02805,CC1(C)C2=CCCC(C)(C)[C@]23CC[C@H]1C3,0
TOX21NRAR-02806,CC(CCO)CCCC(C)(C)O,0
TOX21NRAR-02807,Nc1nc2c(ncn2COC(CO)CO)c(=O)[nH]1,0
TOX21NRAR-02808,CN1CCN(CCC=C2c3ccccc3Sc3ccc(S(=O)(=O)N(C)C)cc32)CC1,0
TOX21NRAR-02809,Cc1cc(N)n(-c2ccccc2)n1,0
TOX21NRAR-02810,C=C(C)C(=O)OCCOCCOCCOCCOC(=O)C(=C)C,0
TOX21NRAR-02811,COc1cc2ncnc(Nc3ccc(F)c(Cl)c3)c2cc1OCCCN1CCOCC1,0
TOX21NRAR-02812,Nc1ccc(S(=O)(=O)Nc2ccccn2)cc1,0
TOX21NRAR-02813,Cc1cc(NS(=O)(=O)c2ccc(N)cc2)no1,0
TOX21NRAR-02814,COc1ccc2c(c1)c1c3n2CCN(C)C3=NCC1,0
TOX21NRAR-02815,CCN(CC)c1ccc(C(=C2C=CC(=[N+](CC)CC)C=C2)c2ccc(S(=O)(=O)[O-])cc2S(=O)(=O)[O-])cc1,0
TOX21NRAR-02816,CCCCOC(=O)c1ccc(O)cc1,0
TOX21NRAR-02817,CCC(C)c1cc([N+](=O)[O-])cc([N+](=O)[O-])c1O,0
TOX21NRAR-02818,CCCCCl,0
TOX21NRAR-02819,CCCCOC(=O)c1ccccc1C(=O)OCc1ccccc1,0
TOX21NRAR-02820,CCC[C@@H]1O[C@@H]2C[C@H]3[C@@H]4CCC5=CC(=O)C=C[C@]5(C)[C@H]4[C@@H](O)C[C@]3(C)[C@]2(C(=O)CO)O1,1
TOX21NRAR-02821,OCCBr,0
TOX21NRAR-02822,O=C([O-])CCCOc1ccc(Cl)cc1Cl,0
TOX21NRAR-02823,CCCCC/C=C\C=C\C(=O)OCC,0
TOX21NRAR-02824,CCCCCC[n+]1ccccc1.F[B-](F)(F)F,0
TOX21NRAR-02825,Clc1nnc(Cl)c2ccccc12,0
TOX21NRAR-02826,Cc1cc(O)c(Cl)c(C)c1Cl,0
TOX21NRAR-02827,CC(C)CCCO,0
TOX21NRAR-02828,CC/C=C/CCCCCCCCCCOC(C)=O,0
TOX21NRAR-02829,C/C=C/C/C=C\CCCCCCCCOC(C)=O,0
TOX21NRAR-02830,C/C=C/C=C/CCCCCCCO,0
TOX21NRAR-02831,C=CC(=O)OCCCCOC(=O)C=C,0
TOX21NRAR-02832,O=[N+]([O-])/C=C/c1ccccc1,0
TOX21NRAR-02833,COC(=O)c1c(C(F)F)nc(C(F)(F)F)c(C2=NCCS2)c1CC(C)C,0
TOX21NRAR-02834,CCCCn1cc[n+](C)c1,0
TOX21NRAR-02835,CCCCCCI,0
TOX21NRAR-02836,Cc1cccc2c1cc1ccc3cccc4ccc2c1c34,0
TOX21NRAR-02837,CCCCCCCCCCCCCCCBr,0
TOX21NRAR-02838,CCOP(=S)(Oc1cnc(C(C)(C)C)nc1)OC(C)C,0
TOX21NRAR-02839,CCOC(=O)CS,0
TOX21NRAR-02840,COP(=S)(OC)Oc1ccc(Sc2ccc(OP(=S)(OC)OC)cc2)cc1,0
TOX21NRAR-02841,CCCCCC[n+]1ccccc1.O=S(=O)([O-])C(F)(F)F,0
TOX21NRAR-02842,CCCOC(=O)C(C)O,0
TOX21NRAR-02843,CC(O)CN(CCN(CC(C)O)CC(C)O)CC(C)O,0
TOX21NRAR-02844,CCCCCCC(C=O)=Cc1ccccc1,0
TOX21NRAR-02845,c1ccc(-c2ccc(-c3ccccc3)cc2)cc1,0
TOX21NRAR-02846,OC(CCCN1CCCCC1)(c1ccccc1)c1ccccc1,0
TOX21NRAR-02847,CC(C)(C#N)/N=N/C(C)(C)C#N,0
TOX21NRAR-02848,CCCCC(CC)COC(=O)c1c(Br)c(Br)c(Br)c(Br)c1C(=O)OCC(CC)CCCC,1
TOX21NRAR-02849,CCC(C)(C)c1cc(-n2nc3ccccc3n2)c(O)c(C(C)(C)CC)c1,0
TOX21NRAR-02850,CC/C=C\C#N,0
TOX21NRAR-02851,CC(C)S,0
TOX21NRAR-02852,CC(C)OCC1CO1,0
TOX21NRAR-02853,CC(C)OC(=O)Cc1ccccc1,0
TOX21NRAR-02854,COP(=S)(OC)Oc1cc(Cl)c(Cl)cc1Cl,0
TOX21NRAR-02855,CC(C)Nc1ccc(Nc2ccccc2)cc1,0
TOX21NRAR-02856,Fc1ccc(Oc2ccnc3cc(Cl)cc(Cl)c23)cc1,0
TOX21NRAR-02857,COP(OC)OC,0
TOX21NRAR-02858,CCC(C)(C)c1ccc(O)c(C(C)(C)CC)c1,0
TOX21NRAR-02859,Cc1ccc([N+](=O)[O-])cc1S(=O)(=O)O,0
TOX21NRAR-02860,CC(C)(C)CC(C)(C)c1ccc(OCCO)cc1,0
TOX21NRAR-02861,OCCO[C@H]1[C@@H](O)O[C@H](CO)[C@@H](O)[C@@H]1O,1
TOX21NRAR-02862,CCCCCCCCC1CO1,0
TOX21NRAR-02863,CNC(=O)[C@H](Cc1c[nH]c2ccccc12)NC(=O)[C@@H](CC(=O)NO)CC(C)C,0
TOX21NRAR-02864,C[Se]CC[C@H](N)C(=O)O,0
TOX21NRAR-02865,O=C(O[C@@H]1C[C@@H]2C[C@@H]3C[C@H](C1)N2CC3=O)c1c[nH]c2ccccc12,0
TOX21NRAR-02866,CCCCCCCCOc1ccccc1C(=O)Nc1ccc(C(=O)OCC[N+](C)(CC)CC)cc1,0
TOX21NRAR-02867,O[C@@H]1[C@H](O)CN2CCC[C@@H](O)[C@H]12,0
TOX21NRAR-02868,C=CC[C@@H]1C=C(C)C[C@H](C)C[C@H](OC)[C@H]2O[C@@](O)(C(=O)C(=O)N3CCCC[C@H]3C(=O)O[C@H](/C(C)=C/[C@@H]3CC[C@@H](O)[C@H](OC)C3)[C@H](C)[C@@H](O)CC1=O)[C@H](C)C[C@@H]2OC,0
TOX21NRAR-02869,Nc1ncnc2c1ncn2[C@@H]1O[C@H](COP(=O)(O)O)[C@@H](O)[C@H]1O,0
TOX21NRAR-02870,CCOC(=O)N(C)C(=O)CSP(=S)(OCC)OCC,0
TOX21NRAR-02871,CC/C=C\CC/C=C/CO,0
TOX21NRAR-02872,C=C(C)CCC[C@H](C)CCO,0
TOX21NRAR-02873,CCCCCCCCC1CCC(=O)O1,1
TOX21NRAR-02874,C=CC(C)(CCC=C(C)C)OC(=O)c1ccccc1,0
TOX21NRAR-02875,CCCCCCCCCCCCCCC1CO1,0
TOX21NRAR-02876,CC1CCC(C(C)(C)S)C(=O)C1,0
TOX21NRAR-02877,CCCC(C)C(=O)OCC,0
TOX21NRAR-02878,CCCc1ccc(O)c(OC)c1,0
TOX21NRAR-02879,CN(C)C(=S)SC(=S)N(C)C,0
TOX21NRAR-02880,CN(C)C(=S)SSC(=S)N(C)C,0
TOX21NRAR-02881,OC[P+](CO)(CO)CO.OC[P+](CO)(CO)CO,0
TOX21NRAR-02882,OC[P+](CO)(CO)CO,0
TOX21NRAR-02883,c1ccc2[nH]c(-c3cscn3)nc2c1,0
TOX21NRAR-02884,Cn1c(=O)c2[nH]cnc2n(C)c1=O,0
TOX21NRAR-02885,O=[N+]([O-])C([N+](=O)[O-])([N+](=O)[O-])[N+](=O)[O-],0
TOX21NRAR-02886,S=P(N1CC1)(N1CC1)N1CC1,0
TOX21NRAR-02887,CS(=O)(=O)c1ccc([C@@H](O)[C@@H](CO)NC(=O)C(Cl)Cl)cc1,0
TOX21NRAR-02888,Cc1ccc(S(N)(=O)=O)cc1,0
TOX21NRAR-02889,CO/N=C1/C[C@]2(C[C@@H]3C[C@@H](CC=C(C)C[C@@H](C)C=CC=C4CO[C@@H]5[C@H](O)C(C)=C[C@@H](C(=O)O3)[C@]45O)O2)O[C@H](/C(C)=C/C(C)C)[C@H]1C,1
TOX21NRAR-02890,CON(C)C(=O)Nc1ccc(Cl)cc1,0
TOX21NRAR-02891,O=C(O)c1cc(C(=O)O)cc(C(=O)O)c1,0
TOX21NRAR-02892,COP(=O)(OC)Oc1ccc([N+](=O)[O-])cc1,0
TOX21NRAR-02893,CNC(=O)N(C)c1nc2ccccc2s1,0
TOX21NRAR-02894,O=C(O)c1cccc(C(=O)O)c1,0
TOX21NRAR-02895,O=C(O)c1ccccc1C(=O)O,0
TOX21NRAR-02896,O=C(O)c1ccc(C(=O)O)c(C(=O)O)c1,0
TOX21NRAR-02897,O=C(O)c1cccc(C(=O)O)c1C(=O)O,0
TOX21NRAR-02898,CC(C)OC(=O)c1cc(C(=O)OC(C)C)cc([N+](=O)[O-])c1,0
TOX21NRAR-02899,CC1CCCO1,0
TOX21NRAR-02900,O=C(O)c1ccc(S(=O)(=O)O)cc1C(=O)O,0
TOX21NRAR-02901,Nn1cnnc1,0
TOX21NRAR-02902,O=C1O[C@H]([C@H](O)CO)C(O)=C1O,0
TOX21NRAR-02903,C[N+]1(C)[C@H]2CC(OC(=O)C(O)(c3cccs3)c3cccs3)C[C@@H]1[C@H]1O[C@@H]21,0
TOX21NRAR-02904,COc1ccnc(CS(=O)c2nc3cc(OC(F)F)ccc3[n-]2)c1OC,0
TOX21NRAR-02905,CCCCc1ncc(/C=C(\Cc2cccs2)C(=O)O)n1Cc1ccc(C(=O)O)cc1,0
TOX21NRAR-02906,CC(C)[C@H](N)C(=O)OCCOCn1cnc2c(=O)[nH]c(N)nc21,0
TOX21NRAR-02907,CNC(=O)Oc1cc(C)cc(C(C)C)c1,0
TOX21NRAR-02908,Cc1ccsc1C(=CCCN1CCC[C@@H](C(=O)O)C1)c1sccc1C,0
TOX21NRAR-02909,COc1cc(C)nc(-n2nc(C)cc2OC)n1,0
TOX21NRAR-02910,CCN(CC)CC#CCOC(=O)C(O)(c1ccccc1)C1CCCCC1,0
TOX21NRAR-02911,OC(CCN1CCCC1)(c1ccccc1)C1CCCCC1,0
TOX21NRAR-02912,CC(=O)Oc1ccc(C(c2ccc(OC(C)=O)cc2)c2ccccn2)cc1,0
TOX21NRAR-02913,Cc1cc2c(OCC(CNC(C)(C)C)OC(=O)c3ccccc3)cccc2[nH]1,0
TOX21NRAR-02914,CC[N+](C)(C)Cc1ccccc1Br,0
TOX21NRAR-02915,CSC(=O)c1cccc2nnsc12,0
TOX21NRAR-02916,CCCCC1CCC(O)CC1,0
TOX21NRAR-02917,CCC(=O)c1ccc(Cl)cc1,0
TOX21NRAR-02918,Cc1cc(C)c(C(=O)O)c(C)c1,0
TOX21NRAR-02919,CCCCOc1ccc(N)cc1,0
TOX21NRAR-02920,CC(C)C(=O)c1ccccc1,0
TOX21NRAR-02921,O=C(c1ccccc1)C1CCC1,0
TOX21NRAR-02922,CC(C)(C)c1ccc(S)cc1,0
TOX21NRAR-02923,CCCCCCOc1ccc(O)cc1,0
TOX21NRAR-02924,CCCC1CCC(=O)CC1,0
TOX21NRAR-02925,CCCC(CC)CCCCCCCN,0
TOX21NRAR-02926,CC(=O)OC[C@H]1O[C@@H](O)[C@H](OC(=O)c2ccccc2C(=O)O)[C@@H](O)[C@@H]1O[C@@H]1O[C@H](COC(C)=O)[C@@H](O)[C@H](OC(=O)c2ccccc2C(=O)O)[C@H]1O,0
TOX21NRAR-02927,C=C(C)C(=O)OCC,0
TOX21NRAR-02928,CCOS(C)(=O)=O,0
TOX21NRAR-02929,CC=C1CC2C=CC1C2,0
TOX21NRAR-02930,COP(=O)(O)OP(=O)(O)OC,0
TOX21NRAR-02931,CCCCC(CC)COCCCN,0
TOX21NRAR-02932,CCCCC(CC)COC(=O)C=Cc1ccc(OC)cc1,0
TOX21NRAR-02933,CCCCC(CC)COCCC#N,0
TOX21NRAR-02934,CCCCC(CC)COP(=O)(Oc1ccccc1)Oc1ccccc1,0
TOX21NRAR-02935,Oc1ccc(CCNCCCCCCNCCc2ccccc2)cc1O,0
TOX21NRAR-02936,C#C[C@]1(OC(=O)CCCCCC)CC[C@H]2[C@@H]3CCC4=CC(=O)CC[C@@H]4[C@H]3CC[C@@]21C,1
TOX21NRAR-02937,CCCCc1nc(Cl)c(CO)n1Cc1ccc(-c2ccccc2-c2nnn[nH]2)cc1,0
TOX21NRAR-02938,O=C1Nc2ccc(Cl)cc2C(c2ccccc2Cl)=NC1O,0
TOX21NRAR-02939,CCOC(=O)N1CCC(=C2c3ccc(Cl)cc3CCc3cccnc32)CC1,0
TOX21NRAR-02940,COc1cc(OC)nc(Sc2cccc(Cl)c2C(=O)[O-])n1,0
TOX21NRAR-02941,CCCSP(=S)(OCC)Oc1ccc(SC)cc1,0
TOX21NRAR-02942,Cc1cnc(C2=NC(=O)C(C)(C(C)C)N2)c(C(=O)O)c1,0
TOX21NRAR-02943,Cc1cc(Cl)ccc1OCC(=O)[O-],0
TOX21NRAR-02944,O=C(CS)Nc1ccccc1,0
TOX21NRAR-02945,COc1ccc(CCN(C)CCCC(C#N)(c2ccc(OC)c(OC)c2)C(C)C)cc1OC,0
TOX21NRAR-02946,C[Si](C)(C)O[Si](C)(C)C,0
TOX21NRAR-02947,C=C(C)CC(C)(C)C,0
TOX21NRAR-02948,CC(C)=CC(C)(C)C,0
TOX21NRAR-02949,CC(=O)OCC1=C(C(=O)O)N2C(=O)[C@@H](NC(=O)Cc3ccccc3)[C@H]2SC1,0
TOX21NRAR-02950,COc1cc(C(=S)N2CCOCC2)ccc1O,0
TOX21NRAR-02951,Cn1c(=N)[nH]c2[nH]cnc2c1=O,0
TOX21NRAR-02952,O=C(O)c1ccc(NC2OC[C@@H](O)[C@H](O)[C@H]2O)cc1,0
TOX21NRAR-02953,O=C(O)COc1ccc(CCNS(=O)(=O)c2ccccc2)s1,0
TOX21NRAR-02954,COc1cc2[nH]c(=O)[nH]c(=O)c2cc1OC,0
TOX21NRAR-02955,C[C@H]1[C@@H](c2ccccc2)N=C(O)N1C,0
TOX21NRAR-02956,CCOC(=O)CC(=O)c1cc(F)c(Cl)nc1Cl,0
TOX21NRAR-02957,CCC(C=O)CC,0
TOX21NRAR-02958,CC(=O)NC(=O)c1ccccc1O,0
TOX21NRAR-02959,CCCCN1CCCC1C(=O)Nc1c(C)cc(C)cc1C,0
TOX21NRAR-02960,BrCC(Br)C1CCC(Br)C(Br)C1,1
TOX21NRAR-02961,CNc1cnn(-c2cccc(C(F)(F)F)c2)c(=O)c1Cl,0
TOX21NRAR-02962,Brc1cc(Oc2cc(Br)c(Br)c(Br)c2Br)c(Br)c(Br)c1Br,0
TOX21NRAR-02963,OCC(Br)=C(Br)CO,0
TOX21NRAR-02964,BrC/C=C/CBr,0
TOX21NRAR-02965,N#CC(Br)Br,0
TOX21NRAR-02966,CC(C)Oc1cc(-n2nc(C(C)(C)C)oc2=O)c(Cl)cc1Cl,0
TOX21NRAR-02967,CCCN(CCC)c1c([N+](=O)[O-])cc(S(N)(=O)=O)cc1[N+](=O)[O-],0
TOX21NRAR-02968,O=C1C(I)=CC(=C(c2cc(I)c(O)c(I)c2)c2ccccc2C(=O)O)C=C1I,0
TOX21NRAR-02969,CCCCCCCCCCCCCCCCCC[N+](C)(C)CCC[Si](OC)(OC)OC,0
TOX21NRAR-02970,C=C(C#N)CCC#N,0
TOX21NRAR-02971,BrCc1cccc(Oc2ccccc2)c1,0
TOX21NRAR-02972,CC1(C)Cc2cccc(O)c2O1,0
TOX21NRAR-02973,SC1CCCCC1,0
TOX21NRAR-02974,CCCCOCCOCCOCCOCCO,0
TOX21NRAR-02975,O=S(=O)([O-])CCO,0
TOX21NRAR-02976,Cc1ccc(OC(=O)c2ccccc2O)cc1,0
TOX21NRAR-02977,C=CCOCC(O)CS(=O)(=O)[O-],0
TOX21NRAR-02978,N[C@@H](Cc1cc(I)c(Oc2ccc(O)c(I)c2)c(I)c1)C(=O)[O-],0
TOX21NRAR-02979,COc1ccc(C)cc1N,0
TOX21NRAR-02980,CC[Hg]Sc1ccccc1C(=O)[O-],0
TOX21NRAR-02981,C=C(C)C(=O)O,0
TOX21NRAR-02982,CC(C/N=C/c1ccccc1O)/N=C/c1ccccc1O,0
TOX21NRAR-02983,CN1CCC(CN2c3ccccc3Sc3ccccc32)C1,0
TOX21NRAR-02984,CC1(C)[C@H](C=C(Cl)Cl)[C@@H]1C(=O)O[C@@H](C#N)c1cccc(Oc2ccccc2)c1,0
TOX21NRAR-02985,O=C(O)c1cc(Br)c(O)c(Br)c1,0
TOX21NRAR-02986,CCCCC(CC)COC(=O)c1ccccc1,0
TOX21NRAR-02987,COC(=O)c1c(C)cc(O)c(C)c1O,0
TOX21NRAR-02988,CCCCCC1CCCC(=O)O1,0
TOX21NRAR-02989,N#Cc1ccc(C(=O)O)cc1,0
TOX21NRAR-02990,NCCc1cc[nH]n1,0
TOX21NRAR-02991,O=C(O)c1cn(C2CC2)c2cc(N3CCNCC3)c(F)cc2c1=O,0
TOX21NRAR-02992,CN1CCC[C@@H]1CCO[C@](C)(c1ccccc1)c1ccc(Cl)cc1,0
TOX21NRAR-02993,Cc1c(-c2ccccc2)oc2c(C(=O)OCCN3CCCCC3)cccc2c1=O,0
TOX21NRAR-02994,COc1cc(N)c(Cl)cc1C(=O)NC1CCN(Cc2ccccc2)CC1,0
TOX21NRAR-02995,CCOC(=O)Nc1ccc2c(c1)N(C(=O)CCN1CCOCC1)c1ccccc1S2,1
TOX21NRAR-02996,N[C@@H]1C[C@H]1c1ccccc1,0
TOX21NRAR-02997,CNC(C)(C)Cc1ccccc1.CNC(C)(C)Cc1ccccc1,0
TOX21NRAR-02998,CC(=O)c1ccc2c(c1)N(CCCN(C)C)c1ccccc1S2,0
TOX21NRAR-02999,c1ccc(CN(CC2=NCCN2)c2ccccc2)cc1,0
TOX21NRAR-03000,NS(=O)(=O)C(F)(F)C(F)(F)C(F)(F)C(F)(F)C(F)(F)C(F)(F)C(F)(F)C(F)(F)F,0
TOX21NRAR-03001,CCC(C)c1cc(C(C)(C)C)c(O)c(C(C)(C)C)c1,0
TOX21NRAR-03002,C=CC(C)CCCC(C)(C)O,0
TOX21NRAR-03003,Cc1cccc(C#N)c1,0
TOX21NRAR-03004,CC(C)(C)CC(C)(C)c1ccc(Nc2ccc(C(C)(C)CC(C)(C)C)cc2)cc1,0
TOX21NRAR-03005,Cc1ccccc1N,0
TOX21NRAR-03006,NCc1cccc(CN)c1,0
TOX21NRAR-03007,COC(=O)CCC(=O)OC,0
TOX21NRAR-03008,COP(=O)(O)OC,0
TOX21NRAR-03009,CNC(=O)NC,0
TOX21NRAR-03010,Cl[Dy](Cl)Cl,0
TOX21NRAR-03011,CC1CCc2cc(F)cc3c(=O)c(C(=O)O)cn1c23,0
TOX21NRAR-03012,O=C(O)CCNC(=O)c1ccccc1,0
TOX21NRAR-03013,OCC(O)CN1CCN(c2ccccc2)CC1,0
TOX21NRAR-03014,CCCOc1ccc2[nH]c(NC(=O)OC)nc2c1,0
TOX21NRAR-03015,Cc1cc(C)c(C=C2C(=O)Nc3ccccc32)[nH]1,0
TOX21NRAR-03016,CCC[C@@H]1C[C@@H](C(=O)N[C@H]([C@H](C)Cl)[C@H]2O[C@H](SC)[C@H](O)[C@@H](O)[C@H]2O)N(C)C1,0
TOX21NRAR-03017,O=c1cc(CO)occ1O,0
TOX21NRAR-03018,Nc1nc(N)nc(-c2cc(Cl)ccc2Cl)n1,0
TOX21NRAR-03019,NC(=S)Nc1cccc2ccccc12,0
TOX21NRAR-03020,c1ccc2cc(Nc3ccc(Nc4ccc5ccccc5c4)cc3)ccc2c1,0
TOX21NRAR-03021,c1ccc2ccccc2c1,0
TOX21NRAR-03022,CCn1cc(C(=O)O)c(=O)c2ccc(C)nc21,0
TOX21NRAR-03023,CC(C)(Oc1ccc(C2CCCc3ccccc32)cc1)C(=O)O,0
TOX21NRAR-03024,CS(=O)(=O)OCCCCOS(C)(=O)=O,0
TOX21NRAR-03025,NCCNc1cccc2ccccc12,0
TOX21NRAR-03026,Nc1cccc2c(N)cccc12,0
TOX21NRAR-03027,O=C(O)Cc1cccc2ccccc12,0
TOX21NRAR-03028,NC(=O)Cc1cccc2ccccc12,0
TOX21NRAR-03029,CCOC(=O)C1=C[C@@H](OC(CC)CC)[C@H](NC(C)=O)[C@@H](N)C1,0
TOX21NRAR-03030,CCCSSCCC,0
TOX21NRAR-03031,C=Cc1c(C)c2cc3nc(c(CC(=O)[O-])c4[n-]c(cc5nc(cc1[n-]2)c(C)c5CC)c(C)c4C(=O)[O-])C(CCC(=O)[O-])C3C.[Cu+2],0
TOX21NRAR-03032,CCC1(c2cccc(O)c2)CCCCN(C)C1,0
TOX21NRAR-03033,CC(C)C[C@H](CN)CC(=O)O,0
TOX21NRAR-03034,CCC(=O)NCCC1CCc2ccc3c(c21)CCO3,0
TOX21NRAR-03035,NC[C@H]1O[C@H](O[C@@H]2[C@@H](N)C[C@@H](N)C(O)[C@H]2O[C@@H]2O[C@H](CO)[C@@H](O)[C@H]2O)[C@H](N)[C@@H](O)[C@@H]1O,0
TOX21NRAR-03036,CCc1c2c(nc3ccc(OC(=O)N4CCC(N5CCCCC5)CC4)cc13)-c1cc3c(c(=O)n1C2)COC(=O)[C@]3(O)CC,0
TOX21NRAR-03037,O=C(CCCCCCCCCCCCC1CCCC1)Nc1ccc(S(=O)(=O)c2ccc(NC(=O)CCCCCCCCCCCCC3CCCC3)cc2)cc1,0
TOX21NRAR-03038,Nc1cc(C(Cl)=C(Cl)Cl)c(S(N)(=O)=O)cc1S(N)(=O)=O,0
TOX21NRAR-03039,CC(=O)Oc1ccc(C2(c3ccc(OC(C)=O)cc3)C(=O)Nc3ccccc32)cc1,0
TOX21NRAR-03040,CC(=O)O[C@H]1C(=O)[C@]2(C)[C@@H](O)C[C@H]3OC[C@@]3(OC(C)=O)[C@H]2[C@H](OC(=O)c2ccccc2)[C@]2(O)C[C@H](OC(=O)[C@H](O)[C@@H](NC(=O)c3ccccc3)c3ccccc3)C(C)=C1C2(C)C,0
TOX21NRAR-03041,CC(=O)O[C@H]1C[C@@H]2CC[C@@H]3[C@H](CC[C@@]4(C)[C@H]3C[C@H]([N+]3(C)CCCCC3)[C@@H]4OC(C)=O)[C@@]2(C)C[C@@H]1[N+]1(C)CCCCC1,0
TOX21NRAR-03042,COc1ccnc(CS(=O)c2nc3cc(OC(F)F)ccc3[nH]2)c1OC,0
TOX21NRAR-03043,CC1(C)NC(=O)NC1=O,0
TOX21NRAR-03044,CC1OC(C)OC(C)O1,0
TOX21NRAR-03045,CCN(CC)CCCC(C)Nc1ccnc2cc(Cl)ccc12,0
TOX21NRAR-03046,NCCCN(CCO)CCO,0
TOX21NRAR-03047,Nc1ccccn1,0
TOX21NRAR-03048,CCOc1ccc(OCC)c(Cl)c1,0
TOX21NRAR-03049,O=C([O-])C1=NN(c2ccc(S(=O)(=O)O)cc2)C(=O)C1,0
TOX21NRAR-03050,N#CC(Cl)(Cl)Cl,0
TOX21NRAR-03051,NC(=O)C(Cl)(Cl)Cl,0
TOX21NRAR-03052,Nc1nc(-c2ccccc2)cs1,0
TOX21NRAR-03053,CC(=O)C(Cl)(Cl)Cl,0
TOX21NRAR-03054,C(=C(c1ccccc1)c1ccccc1)c1ccccc1,0
TOX21NRAR-03055,CCOCCOC(C)=O,0
TOX21NRAR-03056,CCCCCCBr,0
TOX21NRAR-03057,Oc1ccc(C(c2ccc(O)cc2)C(Cl)(Cl)Cl)cc1,0
TOX21NRAR-03058,C[C@@H]1O[C@@H](OC[C@H]2O[C@@H](Oc3c(-c4ccc(O)c(O)c4)oc4cc(O)cc(O)c4c3=O)[C@H](O)[C@@H](O)[C@@H]2O)[C@H](O)[C@H](O)[C@H]1O,0
TOX21NRAR-03059,CCNCCO,0
TOX21NRAR-03060,C1CCCCC1,0
TOX21NRAR-03061,Nc1cc(S(=O)(=O)O)ccc1O,0
TOX21NRAR-03062,c1ccncc1,0
TOX21NRAR-03063,C1OCOCO1,0
TOX21NRAR-03064,O=S(=O)([O-])c1ccc(Nc2nc(Nc3ccc(/C=C/c4ccc(Nc5nc(Nc6ccc(S(=O)(=O)[O-])cc6)nc(N(CCO)CCO)n5)cc4S(=O)(=O)[O-])c(S(=O)(=O)[O-])c3)nc(N(CCO)CCO)n2)cc1,0
TOX21NRAR-03065,FB(F)F,0
TOX21NRAR-03066,Clc1ccccc1-c1ccccc1Cl,0
TOX21NRAR-03067,CCCCOCCCC,0
TOX21NRAR-03068,O=C1c2ccccc2C(=O)c2cc(S(=O)(=O)[O-])ccc21,0
TOX21NRAR-03069,CC(=O)Oc1ccc(C(C)=O)cc1,0
TOX21NRAR-03070,CC(C)c1ccc2c(C(C)C)cc(C(C)C)c(S(=O)(=O)[O-])c2c1,0
TOX21NRAR-03071,CC(=O)c1cc(C(C)(C)C)cc2c1CCC2(C)C,0
TOX21NRAR-03072,CCN(CCC#N)c1ccc(N=Nc2c(Cl)cc([N+](=O)[O-])cc2Cl)cc1,0
TOX21NRAR-03073,CCCCn1cc[n+](C)c1C,0
TOX21NRAR-03074,CCCCCCCC[N+](C)(CCCCCCCC)CCCCCCCC.O=S(=O)([O-])C(F)(F)F,0
TOX21NRAR-03075,CN(C)N=O,0
TOX21NRAR-03076,CCN(CC)N=O,0
TOX21NRAR-03077,CCCCCCCCCCn1cc[n+](C)c1.O=S(=O)([N-]S(=O)(=O)C(F)(F)F)C(F)(F)F,0
TOX21NRAR-03078,CCC(Cl)CCC(Cl)C(Cl)CC(Cl)C(Cl)C(Cl)CCl,0
TOX21NRAR-03079,O=C(O)C1C(C(=O)O)C2(Cl)C(Cl)=C(Cl)C1(Cl)C2(Cl)Cl,0
TOX21NRAR-03080,OC(O)C(Cl)(Cl)Cl,0
TOX21NRAR-03081,C[C@H](CCC(=O)O)[C@H]1CC[C@H]2[C@H]3[C@H](CC[C@@]21C)[C@@]1(C)CC[C@@H](O)C[C@H]1C[C@H]3O,1
TOX21NRAR-03082,O=C(O)CCCc1ccc(N(CCCl)CCCl)cc1,0
TOX21NRAR-03083,Nc1cc(Cl)cc(C(=O)O)c1Cl,0
TOX21NRAR-03084,O=C(N[C@H](CO)[C@H](O)c1ccc([N+](=O)[O-])cc1)C(Cl)Cl,0
TOX21NRAR-03085,ClC1=C(Cl)[C@@]2(Cl)[C@H]3[C@H](CC(Cl)[C@@H]3Cl)C1(Cl)C2(Cl)Cl,0
TOX21NRAR-03086,O=C1C(Cl)=C(Cl)C(=O)C(Cl)=C1Cl,0
TOX21NRAR-03087,CCCCCCCCCCCCn1cc[n+](C)c1.F[B-](F)(F)F,0
TOX21NRAR-03088,CCCCCCn1cc[n+](C)c1.F[B-](F)(F)F,0
TOX21NRAR-03089,CCCn1cc[n+](C)c1.F[B-](F)(F)F,0
TOX21NRAR-03090,CCCn1cc[n+](C)c1C,0
TOX21NRAR-03091,c1ccc2cc3c4ccccc4c4ccccc4c3cc2c1,0
TOX21NRAR-03092,CCCC[P+](CC)(CCCC)CCCC.CCOP(=O)([O-])OCC,0
TOX21NRAR-03093,CCC(C)(CCCC(C)C)OC(C)=O,0
TOX21NRAR-03094,CC/C=C\CCOC(C)=O,0
TOX21NRAR-03095,CC/C=C1/OC(=O)c2ccccc21,0
TOX21NRAR-03096,CN1CCN(c2cc3c(cc2F)c(=O)c(C(=O)O)cn3-c2ccc(F)cc2)CC1,1
TOX21NRAR-03097,N=C(N)NCCC[C@H](NC(=O)[C@@H]1CCCN1C(=O)[C@@H]1CSSC[C@H](N)C(=O)N[C@@H](Cc2ccc(O)cc2)C(=O)N[C@@H](Cc2ccccc2)C(=O)N[C@@H](CCC(N)=O)C(=O)N[C@@H](CC(N)=O)C(=O)N1)C(=O)NCC(N)=O,0
TOX21NRAR-03098,CCN1C(=CC=Cc2sc3ccccc3[n+]2CC)Sc2ccccc21,0
TOX21NRAR-03099,CC(C)=CCC/C(C)=C/C=C\C(C)=C\C=C\C(C)=C\C=C/C=C(C)/C=C/C=C(C)/C=C\C=C(/C)CCC=C(C)C,0
TOX21NRAR-03100,O=C1c2ccccc2C(=O)N1CO,0
TOX21NRAR-03101,O=c1[nH]c2ccccc2c(=O)o1,0
TOX21NRAR-03102,O=C(O)c1ccc2cc(O)ccc2c1,0
TOX21NRAR-03103,C[C@@H]1CC[C@H]2[C@@H](C)[C@H](OC(=O)CCC(=O)O)O[C@@H]3O[C@]4(C)CC[C@@H]1C23OO4,0
TOX21NRAR-03104,CCn1cc(C(=O)O)c(=O)c2cnc(N3CCCC3)nc21,0
TOX21NRAR-03105,Cc1ccc(C#N)cc1,0
TOX21NRAR-03106,Oc1ccc(Cc2ccccc2)cc1,0
TOX21NRAR-03107,CCC(O)C(C)(C)C,0
TOX21NRAR-03108,Cc1cc(O)c2c3c4c(cc(O)c13)C(C)(C)C(=O)c1c(O)cc(O)c(c1-4)C2=O,0
TOX21NRAR-03109,CC1CN(c2ccccc2)NC1=O,0
TOX21NRAR-03110,CCN1CCCC1=O,0
TOX21NRAR-03111,O=S(=O)([O-])c1cc(O)ccc1O,0
TOX21NRAR-03112,ClC(Cl)=C(Cl)Cl,0
TOX21NRAR-03113,ClC(Cl)C(Cl)Cl,0
TOX21NRAR-03114,Clc1cc2c(cc1Cl)Oc1cc(Cl)c(Cl)cc1O2,0
TOX21NRAR-03115,Nc1cc(Cl)c(-c2cc(Cl)c(N)cc2Cl)cc1Cl,0
TOX21NRAR-03116,ClCC(Cl)(Cl)Cl,0
TOX21NRAR-03117,O=S(=O)(c1ccc(Cl)cc1)c1cc(Cl)c(Cl)cc1Cl,0
TOX21NRAR-03118,O=C=NCCCCCCN=C=O,0
TOX21NRAR-03119,Nc1ccc(-c2ccc(N)c(N)c2)cc1N,0
TOX21NRAR-03120,OCC1CCCO1,0
TOX21NRAR-03121,O=C(OC(=O)c1ccccc1)c1ccccc1,0
TOX21NRAR-03122,Oc1ccc(-c2ccc(O)cc2)cc1,0
TOX21NRAR-03123,CCOC(=O)C(C)O,0
TOX21NRAR-03124,Cc1cc(C)c(C)cc1C,0
TOX21NRAR-03125,CC(C)[C@@H](Nc1ccc(C(F)(F)F)cc1Cl)C(=O)OC(C#N)c1cccc(Oc2ccccc2)c1,0
TOX21NRAR-03126,CN(C)C(=O)Nc1ccccc1,0
TOX21NRAR-03127,Nc1nc(N)nc(Cl)n1,0
TOX21NRAR-03128,O=[N+]([O-])c1ccc(Oc2ccc(C(F)(F)F)cc2[N+](=O)[O-])cc1,0
TOX21NRAR-03129,Nc1ccc(O)cc1,0
TOX21NRAR-03130,Nc1ccccc1O,0
TOX21NRAR-03131,CC(C)(c1cc(Br)c(OCCO)c(Br)c1)c1cc(Br)c(OCCO)c(Br)c1,0
TOX21NRAR-03132,Nc1nc2ccc([N+](=O)[O-])cc2s1,0
TOX21NRAR-03133,CC(C)(C)C1=CC(=O)C=C(C(C)(C)C)C1=O,0
TOX21NRAR-03134,COC(=O)c1cc(Cl)ccc1[N+](=O)[O-],0
TOX21NRAR-03135,CCC1(CO)COCOC1,0
TOX21NRAR-03136,Clc1ccc(Nc2nnc(Cc3ccncc3)c3ccccc23)cc1,0
TOX21NRAR-03137,COc1ccc(C[C@@H](C)NC[C@H](O)c2ccc(O)c(NC=O)c2)cc1.COc1ccc(C[C@@H](C)NC[C@H](O)c2ccc(O)c(NC=O)c2)cc1,0
TOX21NRAR-03138,C=CC(=O)OCC1CC2CC1C1CCC(COC(=O)C=C)C21,0
TOX21NRAR-03139,CC[C@@H]([C@H](C)O)n1ncn(-c2ccc(N3CCN(c4ccc(OCC5CO[C@@](Cn6cncn6)(c6ccc(F)cc6F)C5)cc4)CC3)cc2)c1=O,0
TOX21NRAR-03140,O[C@@H](CNC[C@H](O)[C@H]1CCc2cc(F)ccc2O1)[C@@H]1CCc2cc(F)ccc2O1,0
TOX21NRAR-03141,CNS(=O)(=O)CCc1ccc2[nH]cc(C3CCN(C)CC3)c2c1,0
TOX21NRAR-03142,Cc1cc(CCC(=O)OCCOCCOCCOC(=O)CCc2cc(C)c(O)c(C(C)(C)C)c2)cc(C(C)(C)C)c1O,0
TOX21NRAR-03143,OCCSCSCCO,0
TOX21NRAR-03144,C=CC(=O)N1CCOCC1,0
TOX21NRAR-03145,C[C@H]1C[C@H]2[C@@H]3CCC4=CC(=O)C=C[C@]4(C)[C@@]3(F)[C@@H](O)C[C@]2(C)[C@@]1(O)C(=O)CO,1
TOX21NRAR-03146,CC(C)COCC(CN(Cc1ccccc1)c1ccccc1)N1CCCC1,0
TOX21NRAR-03147,Cl[Zr](Cl)(C1=CC=CC1)C1C=CC=C1,0
TOX21NRAR-03148,CC(=O)N1CCN(c2ccc(OC[C@H]3CO[C@](Cn4ccnc4)(c4ccc(Cl)cc4Cl)O3)cc2)CC1,0
TOX21NRAR-03149,Clc1ccccc1C(c1ccccc1)(c1ccccc1)n1ccnc1,0
TOX21NRAR-03150,[O-][n+]1ccccc1S[Zn]Sc1cccc[n+]1[O-],0
TOX21NRAR-03151,O=S1(=O)OC(c2ccc(O)cc2)(c2ccc(O)cc2)c2ccccc21,0
TOX21NRAR-03152,O=S(=O)(c1ccc(O)cc1)c1ccc(O)cc1,0
TOX21NRAR-03153,C=C(C)C(=O)OCC1CO1,0
TOX21NRAR-03154,COc1ccc(C(=O)c2ccccc2O)c(O)c1,0
TOX21NRAR-03155,O=C(c1ccccc1O)c1ccccc1O,0
TOX21NRAR-03156,COc1ccc(C(=O)c2ccccc2)c(O)c1,0
TOX21NRAR-03157,O=C(c1ccccc1)c1ccc(O)cc1O,0
TOX21NRAR-03158,Nc1nnc(N)[nH]1,0
TOX21NRAR-03159,O=C(Nc1ccccc1)Nc1cnns1,0
TOX21NRAR-03160,CC1(C)CCC(=Cc2ccc(Cl)cc2)C1(O)Cn1cncn1,1
TOX21NRAR-03161,C=C(C)CN(CC)c1c([N+](=O)[O-])cc(C(F)(F)F)cc1[N+](=O)[O-],0
TOX21NRAR-03162,CC(=O)[C@H]1CC[C@H]2[C@@H]3CC=C4C[C@@H](O)CC[C@]4(C)[C@H]3CC[C@]12C,0
TOX21NRAR-03163,C[N+]1(CCCCC[N+]2(C)CCCC2)CCCC1,0
TOX21NRAR-03164,Cc1cccc(C)c1NC(=O)C(C)N,0
TOX21NRAR-03165,CCCc1ncc(C[n+]2ccccc2C)c(N)n1,0
TOX21NRAR-03166,O=C1OC2(c3cc(Br)c([O-])cc3Oc3c2cc(Br)c([O-])c3[Hg]O)c2ccccc21,0
TOX21NRAR-03167,C[C@@H](Cc1ccccc1)NCCC(c1ccccc1)c1ccccc1.C[C@H](O)C(=O)O,0
TOX21NRAR-03168,COC1=CC(=O)OC(CCc2ccccc2)C1,0
TOX21NRAR-03169,COc1cc(OC)nc(NC(=O)NS(=O)(=O)c2ncccc2C(=O)N(C)C)n1,0
TOX21NRAR-03170,C[C@H](CCC(=O)[O-])[C@H]1CC[C@H]2[C@@H]3CC[C@@H]4C[C@H](O)CC[C@]4(C)[C@H]3C[C@H](O)[C@@]21C,0
TOX21NRAR-03171,CCCCCCCCC(=O)NCc1ccc(O)c(OC)c1,1
TOX21NRAR-03172,O=P1(N(CCCl)CCCl)NC(OO)CCO1,0
TOX21NRAR-03173,CC(=O)/C(C)=C/C1C(C)=CCCC1(C)C,0
TOX21NRAR-03174,CC(=O)[O-].[Na+],0
TOX21NRAR-03175,CC(=O)[O-].[K+],0
TOX21NRAR-03176,CC(C)CC(C)(O)C#CC(C)(O)CC(C)C,0
TOX21NRAR-03177,C=C1CCC2CC1C2(C)C,0
TOX21NRAR-03178,O=[N+]([O-])c1cccc(S(=O)(=O)[O-])c1,0
TOX21NRAR-03179,C=CCN1CC[C@]23CCCC[C@H]2[C@H]1Cc1ccc(O)cc13,0
TOX21NRAR-03180,CN(C)CCOC1=Cc2ccccc2Sc2ccc(Cl)cc21,0
TOX21NRAR-03181,O=C1Cc2cc(CCN3CCN(c4nsc5ccccc45)CC3)c(Cl)cc2N1,1
TOX21NRAR-03182,CC(c1cc2ccccc2s1)N(O)C(N)=O,0
TOX21NRAR-03183,N#Cc1ccc(C(c2ccc(C#N)cc2)n2cncn2)cc1,0
TOX21NRAR-03184,CCCCCCCCCCCC(=O)O[Sn](CCCC)(CCCC)OC(=O)CCCCCCCCCCC,0
TOX21NRAR-03185,O=C(Cl)C(Cl)Cl,0
TOX21NRAR-03186,Nc1ccc(Cl)cc1Cl,0
TOX21NRAR-03187,CC12CC1(C)C(=O)N(c1cc(Cl)cc(Cl)c1)C2=O,0
TOX21NRAR-03188,CCCCCCCCCCCC[N+](C)(C)CCCCCCCCCCCC,0
TOX21NRAR-03189,CC(C(=O)O)c1ccc(-c2ccccc2)c(F)c1,0
TOX21NRAR-03190,CC(=O)OC/C=C(\C)CC/C=C(\C)CCC=C(C)C,0
TOX21NRAR-03191,N[C@H]1C(O)O[C@H](CO)[C@@H](O)[C@@H]1O,0
TOX21NRAR-03192,COc1ccc(Cl)cc1C(=O)NCCc1ccc(S(=O)(=O)NC(=O)NC2CCCCC2)cc1,0
TOX21NRAR-03193,C=C[C@](C)(O)CC[C@@H]1[C@@]2(C)CCCC(C)(C)[C@@H]2CC[C@@]1(C)O,0
TOX21NRAR-03194,C=C(C)[C@@H]1CC[C@@H](C)C[C@@H]1O,0
TOX21NRAR-03195,O=[PH](O)c1ccccc1,0
TOX21NRAR-03196,CN(C)CCC#N,0
TOX21NRAR-03197,CO[Si](CCCNCCN)(OC)OC,0
TOX21NRAR-03198,CC(C)=CCCC(C)=CC(=O)O,0
TOX21NRAR-03199,CCCCO[PH](=O)OCCCC,0
TOX21NRAR-03200,Cc1c([N+](=O)[O-])cc2c(c1[N+](=O)[O-])C(C)(C)CC2(C)C,0
TOX21NRAR-03201,CCCCCCCCCCCCn1cc[n+](C)c1,0
TOX21NRAR-03202,c1csc(C2(N3CCCCC3)CCCCC2)c1,0
TOX21NRAR-03203,CCCCCCCCCCCCCCCC(=O)OCC(COC(=O)CCCCCCCCCCCCCCC)OC(=O)CCCCCCCCCCCCCCC,0
TOX21NRAR-03204,Cc1cccc(C)c1NC(=O)NC1=CCCN1C,0
TOX21NRAR-03205,[O-][n+]1cc[n+]([O-])c2ccccc21,0
TOX21NRAR-03206,N=C(N)NCC1COc2ccccc2O1,0
TOX21NRAR-03207,CCCCCCCCCCn1cc[n+](CCCCCCCCCC)c1C,0
TOX21NRAR-03208,CCOC(=O)Cc1ccc(-c2ccccc2)cc1,0
TOX21NRAR-03209,O=C(O)CNC(=O)c1ccccc1I,0
TOX21NRAR-03210,CC(C)(C)C(=O)NCCCC(=O)O,0
TOX21NRAR-03211,CCNC(=O)NCc1cccc(Cl)c1,0
TOX21NRAR-03212,Oc1ccc2c(c1)Cc1ccccc1-2,1
TOX21NRAR-03213,Cc1nnc(-c2ccccc2)c(=O)n1N,0
TOX21NRAR-03214,CCC(C)C(=O)OCCc1ccccc1,0
TOX21NRAR-03215,FC(F)(F)C(F)(F)C(F)(F)C(F)(F)C(F)(F)C(F)(F)CCI,0
TOX21NRAR-03216,C/C=C(\C)C(=O)OCC/C=C\CC,0
TOX21NRAR-03217,CC/C=C\CCOC(=O)CCCCC,0
TOX21NRAR-03218,Cc1cc(C(C)(C)C)c(O)c(C)c1Cn1c(=O)n(Cc2c(C)cc(C(C)(C)C)c(O)c2C)c(=O)n(Cc2c(C)cc(C(C)(C)C)c(O)c2C)c1=O,0
TOX21NRAR-03219,Cc1ccccc1C(N)=O,0
TOX21NRAR-03220,CC(=O)O[C@@H]1CC2CCC1(C)C2(C)C,0
TOX21NRAR-03221,COC(=O)c1ccccc1N,0
TOX21NRAR-03222,CNc1ccc(O)cc1.CNc1ccc(O)cc1,0
TOX21NRAR-03223,CC1=CC[C@@H]2C[C@H]1C2(C)C,0
TOX21NRAR-03224,COc1c2ccoc2cc2oc(=O)ccc12,0
TOX21NRAR-03225,CC(C)(c1ccc(Oc2ccc3c(c2)C(=O)OC3=O)cc1)c1ccc(Oc2ccc3c(c2)C(=O)OC3=O)cc1,0
TOX21NRAR-03226,CC1(C)S[C@@H]2[C@H](NC(=O)Cc3ccccc3)C(=O)N2[C@H]1C(=O)O.CC1(C)S[C@@H]2[C@H](NC(=O)Cc3ccccc3)C(=O)N2[C@H]1C(=O)O.c1ccc(CNCCNCc2ccccc2)cc1,0
TOX21NRAR-03227,CCC[C@@H]1C[C@@H](C(=O)N[C@H]([C@@H](C)O)[C@H]2O[C@H](SC)[C@H](O)[C@@H](O)[C@H]2O)N(C)C1,0
TOX21NRAR-03228,CN[C@]1(c2ccccc2Cl)CCCCC1=O,0
TOX21NRAR-03229,CC(CN(C)C)C(C)(O)Cc1ccc(Cl)cc1,0
TOX21NRAR-03230,C#C[C@]1(O)CC[C@H]2[C@@H]3CCC4=C/C(=N/O)CC[C@@H]4[C@H]3CC[C@@]21CC,1
TOX21NRAR-03231,CC1(C)NC(=O)N(c2ccc([N+](=O)[O-])c(C(F)(F)F)c2)C1=O,0
TOX21NRAR-03232,NC(=O)C(c1ccccc1)(c1ccccc1)[C@@H]1CCN(CCc2ccc3c(c2)CCO3)C1,0
TOX21NRAR-03233,C#C[C@]1(O)CC[C@H]2[C@@H]3CCC4=CC(=O)CC[C@@H]4[C@H]3C(=C)C[C@@]21CC,1
TOX21NRAR-03234,O=C(O[C@H]1CN2CCC1CC2)N1CCc2ccccc2[C@@H]1c1ccccc1,0
TOX21NRAR-03235,CC(C)[C@H](N)C(=O)OCC(CO)OCn1cnc2c(=O)nc(N)[nH]c21,0
TOX21NRAR-03236,CCN(CC)C(=O)[C@]1(c2ccccc2)C[C@@H]1CN,0
TOX21NRAR-03237,CN1CC(=O)N2[C@H](Cc3c([nH]c4ccccc34)[C@H]2c2ccc3c(c2)OCO3)C1=O,0
TOX21NRAR-03238,N#CC(c1ccc(Cl)cc1)c1c(Cl)cc(-n2ncc(=O)[nH]c2=O)cc1Cl,0
TOX21NRAR-03239,CCCCCCCCCCCCN(CCO)CCO,0
TOX21NRAR-03240,CC(C)=CCC[C@](C)(O)[C@@H]1CC=C(C)CC1,0
TOX21NRAR-03241,OC[C@H](O)[C@H](O)[C@@H](O)[C@H](O)CO,0
TOX21NRAR-03242,O=C(O)C=Cc1ccc(C=CC(=O)O)cc1,0
TOX21NRAR-03243,CN1C(C(=O)Nc2ccccn2)=C(O)c2sccc2S1(=O)=O,0
TOX21NRAR-03244,CC(C)[C@]12CC(=O)[C@H](C)[C@H]1C2,0
TOX21NRAR-03245,CC(CO)Oc1ccccc1,0
TOX21NRAR-03246,COc1ccc(CN(CCN(C)C)c2ncccn2)cc1,0
TOX21NRAR-03247,CC(CCO)CC(C)(C)C,0
TOX21NRAR-03248,CCCCCCCC[Sn](Cl)(Cl)CCCCCCCC,0
TOX21NRAR-03249,N=C(Nc1ccccc1)Nc1ccccc1,0
TOX21NRAR-03250,Cc1ccc(C)o1,0
TOX21NRAR-03251,C=CC(C)(O)CC/C=C(\C)CCC=C(C)C,0
TOX21NRAR-03252,CC(=O)c1cc2c(cc1C)C(C)(C)C(C)CC2(C)C,0
TOX21NRAR-03253,CC[C@@]1(O)C(=O)OCc2c1cc1n(c2=O)Cc2cc3c(CN(C)C)c(O)ccc3nc2-1,0
TOX21NRAR-03254,OCCN1CCOCC1,0
TOX21NRAR-03255,CCSC(=O)N(CC)CC,0
TOX21NRAR-03256,CCCCc1c(C)nc(NCC)nc1O,0
TOX21NRAR-03257,CCCCC(CC)COCCO,0
TOX21NRAR-03258,COCCCOCCCOC,0
TOX21NRAR-03259,CC(=O)CC(c1ccccc1)c1c([O-])c2ccccc2oc1=O,1
TOX21NRAR-03260,CCCc1ccc(OC)cc1,0
TOX21NRAR-03261,CCCCCC[C@@H](O)C/C=C\CCCCCCCC(=O)[O-],0
TOX21NRAR-03262,O=N[O-],0
TOX21NRAR-03263,O=C(CBr)c1ccc(O)cc1,0
TOX21NRAR-03264,O=[N+]([O-])c1ccc(Oc2ccc(N=C=S)cc2)cc1,0
TOX21NRAR-03265,CCO[C@H](Cc1ccc(OCCc2ccc(OS(C)(=O)=O)cc2)cc1)C(=O)O,0
TOX21NRAR-03266,C1CCNCC1.O=c1[nH]cnc2[nH]cc(CN3CCCCC3)c12,0
TOX21NRAR-03267,CCOc1ccc(/N=C(\C)Nc2ccc(OCC)cc2)cc1,0
TOX21NRAR-03268,c1ccc2c(c1)Sc1ccccc1N2C[C@@H]1CN2CCC1CC2,0
TOX21NRAR-03269,COC(=O)[C@]12CCC(C)(C)C[C@H]1[C@H]1C(=O)C=C3[C@@](C)(CC[C@H]4C(C)(C)C(=O)C(C#N)=C[C@]34C)[C@]1(C)CC2,0
TOX21NRAR-03270,CCCCCCCCCC(=O)N[O-],0
TOX21NRAR-03271,CN(C)CCOc1ccccc1Cc1ccccc1.Nc1ccc(C(=O)O)c(O)c1,0
TOX21NRAR-03272,FC(F)(F)c1ccccc1Cl,0
TOX21NRAR-03273,ClCCBr,0
TOX21NRAR-03274,O=C(O)c1cccc(Cl)c1,0
TOX21NRAR-03275,O=C(O)c1ccccc1Cl,0
TOX21NRAR-03276,O=C(O)c1ccc(Cl)cc1,0
TOX21NRAR-03277,FC(F)(F)c1cccc(Cl)c1,0
TOX21NRAR-03278,C1COCCO1,0
TOX21NRAR-03279,Cc1cc([N+](=O)[O-])c(O)c([N+](=O)[O-])c1,0
TOX21NRAR-03280,COC(=O)C(C)(C)C,0
TOX21NRAR-03281,Cc1cccc([N+](=O)[O-])c1[N+](=O)[O-],0
TOX21NRAR-03282,CC(Br)C(=O)O,0
TOX21NRAR-03283,Brc1ccc(Oc2ccccc2)cc1,0
TOX21NRAR-03284,CC(=O)CCCCn1c(=O)c2c(ncn2C)n(C)c1=O,0
TOX21NRAR-03285,O=C(O)CN(CCN(CC(=O)O)CC(=O)O)CCN(CC(=O)O)CC(=O)O,0
TOX21NRAR-03286,CCCC(C)C1(CC)C(=O)N=C(O)NC1=O,0
TOX21NRAR-03287,CCCCCCCCCCC(=O)O,0
TOX21NRAR-03288,O=C(O)c1ccccc1Nc1cccc(C(F)(F)F)c1,0
TOX21NRAR-03289,COc1nc(NC(C)C)nc(NC(C)C)n1,0
TOX21NRAR-03290,CC(C)(Oc1ccc(CCNC(=O)c2ccc(Cl)cc2)cc1)C(=O)O,0
TOX21NRAR-03291,Clc1ccc(C(c2ccccc2Cl)C(Cl)(Cl)Cl)cc1,0
TOX21NRAR-03292,CC(=O)CCc1ccccc1,0
TOX21NRAR-03293,Cc1ccc(N)cc1C,0
TOX21NRAR-03294,CCOC(=O)[C@H](CCc1ccccc1)N[C@@H](C)C(=O)N1[C@H](C(=O)O)C[C@H]2CCCC[C@@H]21,0
TOX21NRAR-03295,COc1ccc(/C=C/C(=O)Nc2ccccc2C(=O)O)cc1OC,0
TOX21NRAR-03296,Cc1cccc(Nc2ccncc2S(=O)(=O)NC(=O)NC(C)C)c1,0
TOX21NRAR-03297,COc1cccc([C@@]2(O)CCCC[C@@H]2CN(C)C)c1,0
TOX21NRAR-03298,CCOC(=O)CC(SP(=S)(OC)OC)C(=O)OCC,0
TOX21NRAR-03299,CCOC(=O)CC(SP(=O)(OC)OC)C(=O)OCC,0
TOX21NRAR-03300,O=c1ccc(=O)[nH][nH]1,0
TOX21NRAR-03301,S=C([S-])NCCNC(=S)[S-].[Mn+2],0
TOX21NRAR-03302,NS(=O)(=O)c1cc2c(cc1Cl)NC(C(Cl)Cl)NS2(=O)=O,0
TOX21NRAR-03303,CN(C)C(=O)Oc1cccc([N+](C)(C)C)c1,0
TOX21NRAR-03304,O=C([O-])c1cc(=O)c2c(OCC(O)COc3cccc4oc(C(=O)[O-])cc(=O)c34)cccc2o1,0
TOX21NRAR-03305,Cc1ccccc1S(=O)(=O)[O-],0
TOX21NRAR-03306,COc1c(C)c2c(c(O)c1C/C=C(\C)CCC(=O)O)C(=O)OC2,0
TOX21NRAR-03307,CCCN(CC1CC1)c1c([N+](=O)[O-])cc(C(F)(F)F)cc1[N+](=O)[O-],0
TOX21NRAR-03308,C[C@H]1CC[C@]2(NC1)O[C@H]1C[C@H]3[C@@H]4CC[C@H]5C[C@@H](O)CC[C@]5(C)[C@H]4CC[C@]3(C)[C@H]1[C@@H]2C,0
TOX21NRAR-03309,OC[C@@H](O)C(O)[C@H](O)CO,0
TOX21NRAR-03310,C=C(C)C(=O)NCCC[N+](C)(C)C,0
TOX21NRAR-03311,Oc1ccc(Cl)c2cccnc12,0
TOX21NRAR-03312,CC(=O)Oc1cccc(C(=O)O)c1OC(C)=O,0
TOX21NRAR-03313,COc1ccc(-c2cc(C(F)F)nn2-c2ccc(S(N)(=O)=O)cc2)cc1F,0
TOX21NRAR-03314,O=C1C2CC=CCC2C(=O)N1SC(Cl)(Cl)Cl,0
TOX21NRAR-03315,O=C1C2CC=CCC2C(=O)N1SC(Cl)(Cl)C(Cl)Cl,0
TOX21NRAR-03316,COc1cc(CNC(=O)CCCC/C=C/C(C)C)ccc1O,0
TOX21NRAR-03317,O=C1CCCCCN1,0
TOX21NRAR-03318,CNC(=O)Oc1cccc2ccccc12,0
TOX21NRAR-03319,NC(=O)Nc1ccc([As](=O)(O)O)cc1,0
TOX21NRAR-03320,NC(=O)NNc1ccccc1,0
TOX21NRAR-03321,NNC(N)=O,0
TOX21NRAR-03322,CNC(=O)Oc1cccc2c1OC(C)(C)C2,0
TOX21NRAR-03323,c1ccc2c(c1)[nH]c1ccccc12,0
TOX21NRAR-03324,N#CC(c1ccccc1)c1ccccc1,0
TOX21NRAR-03325,O=C(Nc1cccc2c(=O)cc(-c3nnn[nH]3)oc12)c1ccc(OCCCCc2ccccc2)cc1,0
TOX21NRAR-03326,COc1cc(S(=O)(=O)Nc2ccccc2)c(OC)cc1N,0
TOX21NRAR-03327,O=C(O)c1cc(I)cc(I)c1I,0
TOX21NRAR-03328,O=C(CC(=O)C(F)(F)F)c1ccccc1,0
TOX21NRAR-03329,O=C1CCCc2c1cc1ccc3cccc4ccc2c1c34,0
TOX21NRAR-03330,O=Cc1cc(O)ccc1Br,0
TOX21NRAR-03331,CCn1cc[n+](C)c1C.F[B-](F)(F)F,0
TOX21NRAR-03332,OCCCCCCCCCCCCBr,0
TOX21NRAR-03333,COS(=O)(=O)C(F)(F)F,0
TOX21NRAR-03334,CO[C@@H]1[C@@H](O[C@@H]2O[C@H](C)[C@@H](O[C@H]3C[C@@](C)(O)[C@@H](OC(=O)CC(C)C)[C@H](C)O3)[C@H](N(C)C)[C@H]2O)[C@@H](CC=O)C[C@@H](C)[C@@H](O)C=CC=CC[C@@H](C)OC(=O)C[C@H]1O,1
TOX21NRAR-03335,CC(C)(C)c1cc(Cc2cc(C(C)(C)C)c(O)c(C(C)(C)C)c2)cc(C(C)(C)C)c1O,0
TOX21NRAR-03336,CCCCNc1c(C(=O)OCC)c(C)nc2c1cnn2CC,0
TOX21NRAR-03337,Cc1scc2c1N(C(=O)CN1CCN(C)CC1)c1ccccc1NC2=O,0
TOX21NRAR-03338,Cc1c(C(N)=O)cc([N+](=O)[O-])cc1[N+](=O)[O-],0
TOX21NRAR-03339,CN/C(=N\c1ccc(C2=NNC(=O)CC2C)cc1)NC#N,0
TOX21NRAR-03340,CC(C)COC(=O)OCN1C(=O)CN(CCN2CC(=O)N(COC(=O)OCC(C)C)C(=O)C2)CC1=O,0
TOX21NRAR-03341,C[n+]1cc2c3c(ccc2c2ccc4cc5c(cc4c21)OCO5)OCO3,0
TOX21NRAR-03342,O=C(CCCN1CCC2(CC1)C(=O)NCN2c1ccccc1)c1ccc(F)cc1,0
TOX21NRAR-03343,O=c1[nH]oc2c1CCNC2,0
TOX21NRAR-03344,CC(COCCO)OCCO,0
TOX21NRAR-03345,CCCCCCCCc1ccc(S(=O)(=O)[O-])cc1,0
TOX21NRAR-03346,CC1=C(/C=C/C(C)=C/C=C/C(C)=C/C=O)C(C)(C)CCC1,0
TOX21NRAR-03347,CC1=C(/C=C/C(C)=C/C=C/C(C)=C\C=O)C(C)(C)CCC1,0
TOX21NRAR-03348,Oc1cc2ccccc2c2ccccc12,0
TOX21NRAR-03349,O=Nc1ccc(O)cc1,0
TOX21NRAR-03350,O=[N+]([O-])c1cc(I)c(O)c(I)c1,0
TOX21NRAR-03351,O=C(Cn1ccnc1[N+](=O)[O-])NCc1ccccc1,0
TOX21NRAR-03352,CN(C)c1ccc(C(=C2C=CC(=[N+](C)C)C=C2)c2c(O)c(S(=O)(=O)[O-])cc3cc(S(=O)(=O)[O-])ccc23)cc1,0
TOX21NRAR-03353,O=C(OCCc1ccccc1)c1ccccc1,0
TOX21NRAR-03354,OC[C@@H](O)[C@H]1O[C@@H]2O[C@@H](C(Cl)(Cl)Cl)O[C@@H]2[C@H]1O,0
TOX21NRAR-03355,Cc1cn([C@H]2C[C@H](F)[C@@H](CO)O2)c(=O)[nH]c1=O,0
TOX21NRAR-03356,O=S(=O)([O-])c1cc(O)c2c(N=Nc3ccc(Nc4ccccc4)c4c(S(=O)(=O)[O-])cccc34)cc(S(=O)(=O)[O-])cc2c1,0
TOX21NRAR-03357,CC(C)CCCCCCc1ccc(OCCOCCO)cc1,0
TOX21NRAR-03358,OCC#CCO,0
TOX21NRAR-03359,CCCN1CCC[C@@H]2Cc3nc(N)ncc3C[C@H]21,0
TOX21NRAR-03360,O=C1CC[C@@]2(O)[C@H]3Cc4ccc(O)c5c4[C@@]2(CCN3CC2CC2)[C@H]1O5,0
TOX21NRAR-03361,O=C(O)C(Br)CBr,0
TOX21NRAR-03362,CCN1C[C@@]2(COC)[C@H]3[C@@H](OC)[C@H]4C1[C@]3([C@@H](OC)C[C@H]2O)[C@@H]1C[C@]2(O)[C@@H](OC)[C@H](O)[C@@]4(OC(C)=O)[C@H]1[C@H]2OC(=O)c1ccccc1,0
TOX21NRAR-03363,COC(=O)C1=C(C)NC(C)=C(C(=O)OCCCN2CCC(c3ccccc3)(c3ccccc3)CC2)C1c1cccc([N+](=O)[O-])c1,0
TOX21NRAR-03364,CCNS(=O)(=O)C(F)(F)C(F)(F)C(F)(F)C(F)(F)C(F)(F)C(F)(F)C(F)(F)C(F)(F)F,0
TOX21NRAR-03365,N#CSCSc1nc2ccccc2s1,0
TOX21NRAR-03366,C=CC(=O)NC(C)(C)CS(=O)(=O)[O-],0
TOX21NRAR-03367,Clc1ccc(C(Cl)(Cl)Cl)cc1,0
TOX21NRAR-03368,CCCCCCCCS(=O)(=O)[O-],0
TOX21NRAR-03369,Cc1ccc(/N=N/c2c(O)c(C(=O)[O-])cc3ccccc23)c(S(=O)(=O)[O-])c1,0
TOX21NRAR-03370,CCc1cccc(C)c1N,0
TOX21NRAR-03371,O=C([O-])CS,0
TOX21NRAR-03372,CC(C)OB(OC(C)C)OC(C)C,0
TOX21NRAR-03373,C[C@]12C(=O)OC(=O)[C@H]1[C@H]1C=C[C@@H]2C1,0
TOX21NRAR-03374,CC(C)CCCCCOC(=O)CS,0
TOX21NRAR-03375,CC(COc1ccc(Oc2ccccc2)cc1)Oc1ccccn1,0
TOX21NRAR-03376,O=C(O)c1c(Cl)ccc2cc(Cl)cnc12,0
TOX21NRAR-03377,CCC(O)OCC(C)OC(O)CC,0
TOX21NRAR-03378,COc1ccc(/C=N/NC(=O)c2ccncc2)cc1OC,0
TOX21NRAR-03379,C=CC(=O)OCCC(=O)O,0
TOX21NRAR-03380,CCOCC(O)COc1ccc(NC(=O)CC[S+](C)C)cc1,0
TOX21NRAR-03381,CCOC(=O)C(C)OC(=O)c1cc(Oc2ccc(C(F)(F)F)cc2Cl)ccc1[N+](=O)[O-],0
TOX21NRAR-03382,CC[C@@]1(c2ccccc2)NC(=O)N(C)C1=O,0
TOX21NRAR-03383,COC(=O)c1ccccc1CS(=O)(=O)NC(=O)Nc1nc(OC)cc(OC)n1,0
TOX21NRAR-03384,O=C1C=CC(=O)O1,0
TOX21NRAR-03385,CC(C)=CC1C(C(=O)OCN2C(=O)C3=C(CCCC3)C2=O)C1(C)C,0
TOX21NRAR-03386,C[C@H](CSC(=O)c1ccccc1)C(=O)N1C[C@@H](Sc2ccccc2)C[C@H]1C(=O)[O-].C[C@H](CSC(=O)c1ccccc1)C(=O)N1C[C@@H](Sc2ccccc2)C[C@H]1C(=O)[O-],0
TOX21NRAR-03387,CC(C)NCC(O)c1ccc2ccccc2c1,0
TOX21NRAR-03388,CC(CN1c2ccccc2Sc2ccccc21)N(C)C,0
TOX21NRAR-03389,Nc1ccc2cc3ccc(N)cc3nc2c1,0
TOX21NRAR-03390,CNNCc1ccc(C(=O)NC(C)C)cc1,0
TOX21NRAR-03391,CC(C)Nc1nc(Cl)nc(NC(C)C)n1,0
TOX21NRAR-03392,O=S1(=O)CCCO1,0
TOX21NRAR-03393,CCC(C)(CCC(C)C)C(=O)[O-].CCC(C)(CCC(C)C)C(=O)[O-].[Zn+2],0
TOX21NRAR-03394,C=CCON/C(CCC)=C1\C(=O)CC(C)(C)C(C(=O)OC)=C1[O-],0
TOX21NRAR-03395,CC(=O)/C=C/C1C(C)=CCC(C)C1(C)C,0
TOX21NRAR-03396,O=S(=O)([O-])SSS(=O)(=O)[O-],0
TOX21NRAR-03397,CCCCCCCCCCCC(=O)OCC,0
TOX21NRAR-03398,C=C1[C@H]2CC[C@@H]3[C@H]2C(C)(C)CCC[C@]13C,0
TOX21NRAR-03399,CCCCOC(=O)C(C)CC,0
TOX21NRAR-03400,CCCCCCCCCCCCOCCOCCOCCOCCOCCOCCOCCOCCOCCO,0
TOX21NRAR-03401,Nc1c(S(=O)(=O)O)cc(Br)c2c1C(=O)c1ccccc1C2=O,0
TOX21NRAR-03402,Cc1cc(Cl)c(C)cc1Cl,0
TOX21NRAR-03403,Clc1nc(C(Cl)(Cl)Cl)c(Cl)c(Cl)c1Cl,0
TOX21NRAR-03404,O=S(=O)(O)c1cc(O)c2ccc(Nc3ccccc3)cc2c1,0
TOX21NRAR-03405,C=C(C)C(=O)OCCC(C)OC(=O)C(=C)C,0
TOX21NRAR-03406,CC1=NN(c2cccc(S(=O)(=O)O)c2)C(=O)C1,0
TOX21NRAR-03407,CC(C)CC(C)N(c1ccccc1)c1ccc(N)cc1,0
TOX21NRAR-03408,OCC1(CO)COCOC1,0
TOX21NRAR-03409,O=S(=O)(O)c1ccc2ccccc2c1,0
TOX21NRAR-03410,Nc1cccc(S(=O)(=O)c2cccc(N)c2)c1,0
TOX21NRAR-03411,CC1=NN(c2ccc(C(=O)O)cc2)C(=O)C1,0
TOX21NRAR-03412,Nc1ccc(C(=O)OCCCOC(=O)c2ccc(N)cc2)cc1,0
TOX21NRAR-03413,CC(C)C1OCCN1CCOC(=O)NCCCCCCNC(=O)OCCN1CCOC1C(C)C,0
TOX21NRAR-03414,Clc1ccc(Cl)c(Cl)c1Cl,0
TOX21NRAR-03415,NS(=O)(=O)c1cc2c(cc1C(F)(F)F)NC(Cc1ccccc1)NS2(=O)=O,0
TOX21NRAR-03416,CCN(CC)CCOC(=O)C(O)(c1ccccc1)c1ccccc1,0
TOX21NRAR-03417,CCC1(CC)C(=O)NC(=O)NC1=O,0
TOX21NRAR-03418,C[C@H]1[C@H](NC(=O)C(=NOC(C)(C)C(=O)O)c2csc(N)n2)C(=O)N1S(=O)(=O)O,0
TOX21NRAR-03419,Nc1nc(=O)c2c([nH]1)NCC(CNc1ccc(C(=O)N[C@@H](CCC(=O)[O-])C(=O)[O-])cc1)N2C=O,0
TOX21NRAR-03420,O=C(O)c1ccc(C(=O)O)cc1,0
TOX21NRAR-03421,CC(C)(c1cc(Br)c(O)c(Br)c1)c1cc(Br)c(O)c(Br)c1,0
TOX21NRAR-03422,BrCC(Br)(Br)Br,0
TOX21NRAR-03423,BrC(Br)C(Br)Br,0
TOX21NRAR-03424,O=C1OC(=O)c2c(Br)c(Br)c(Br)c(Br)c21,0
TOX21NRAR-03425,CC(=O)Nc1ccc(OC(=O)c2ccccc2OC(C)=O)cc1,1
TOX21NRAR-03426,CC(=O)c1c(C)c([N+](=O)[O-])c(C(C)(C)C)c([N+](=O)[O-])c1C,0
TOX21NRAR-03427,C=CC(=C)CCC=C(C)C,0
TOX21NRAR-03428,C=CCc1cc(OC)c2c(c1)OCO2,0
TOX21NRAR-03429,Nc1ccc(N)c2ccccc12,0
TOX21NRAR-03430,CS(C)=O,0
TOX21NRAR-03431,CO,0
TOX21NRAR-03432,CCCO,0
TOX21NRAR-03433,CNC(=O)OCC[N+](C)(C)C,0
TOX21NRAR-03434,c1ccc2cc(CC3=NCCN3)ccc2c1,0
TOX21NRAR-03435,C[C@]12N[C@H](Cc3ccccc31)c1ccccc12,0
TOX21NRAR-03436,CC1(C)CCC(NC(=O)[C@@H](N)CCC(=O)O)CC1,0
TOX21NRAR-03437,Cc1c(C)c2c(c(C)c1O)CC[C@@](C)(CCC[C@H](C)CCC[C@H](C)CCCC(C)C)O2,0
TOX21NRAR-03438,CC[N+](CC)(CC)CCOc1ccc(/C=C/c2ccccc2)cc1,0
TOX21NRAR-03439,Cc1cccc(C)c1OCC(C)N,0
TOX21NRAR-03440,COc1ccc(OC)c(C(O)C(C)N)c1,0
TOX21NRAR-03441,Nc1ccc(Cc2ccc(N)cc2)cc1,0
TOX21NRAR-03442,CN1CCN(CCCN2c3ccccc3Sc3ccccc32)CC1,0
TOX21NRAR-03443,COc1ccc2[nH]cc(CCNC(C)=O)c2c1,0
TOX21NRAR-03444,CC(=O)OCc1ccco1,0
TOX21NRAR-03445,OCc1ccco1,0
TOX21NRAR-03446,O=C(c1ccc(O)cc1)c1ccc(O)cc1,0
TOX21NRAR-03447,CN1CCCC(OC(=O)C(O)(c2ccccc2)c2ccccc2)C1,0
TOX21NRAR-03448,COC(=O)N(OC)c1ccccc1COc1ccn(-c2ccc(Cl)cc2)n1,0
TOX21NRAR-03449,CC1=NNC(=O)N(/N=C/c2cccnc2)C1,0
TOX21NRAR-03450,CC[C@@H](C(=O)[C@@H](C)[C@@H](O)[C@H](C)[C@@H]1O[C@@H]([C@@H](CC)C(=O)O)[C@@H](C)C[C@@H]1C)[C@H]1O[C@]2(C=C[C@@H](O)[C@]3(CC[C@@](C)([C@H]4CC[C@](O)(CC)[C@H](C)O4)O3)O2)[C@H](C)C[C@@H]1C,0
TOX21NRAR-03451,COCC(=O)N(c1c(C)cccc1C)N1CCOC1=O,0
TOX21NRAR-03452,c1ccc(CNc2[nH]cnc3ncnc2-3)cc1,0
TOX21NRAR-03453,CC1(C)S[C@@H]2[C@H](NC(=O)[C@H](C(=O)[O-])c3ccsc3)C(=O)N2[C@H]1C(=O)[O-],0
TOX21NRAR-03454,C[C@@H](CN(C)C)CN1c2ccccc2Sc2ccccc21.C[C@@H](CN(C)C)CN1c2ccccc2Sc2ccccc21,0
TOX21NRAR-03455,CCC(=O)O[C@@](Cc1ccccc1)(c1ccccc1)[C@@H](C)CN(C)C.O=S(=O)(O)c1ccc2ccccc2c1,0
TOX21NRAR-03456,CCN(CCCc1ccccc1)CCCc1ccccc1.O=C(O)CC(O)(CC(=O)O)C(=O)O,0
TOX21NRAR-03457,Cc1ccc(Cl)c(Nc2ccccc2C(=O)[O-])c1Cl,0
TOX21NRAR-03458,CN1CCc2c(c3ccccc3n2Cc2ccccc2)C1.CN1CCc2c(c3ccccc3n2Cc2ccccc2)C1.O=S(=O)(O)c1cccc2c(S(=O)(=O)O)cccc12,0
TOX21NRAR-03459,COc1ccc2c(c1)[C@@]13CCCCC1[C@@H](C2)N(C)CC3,0
TOX21NRAR-03460,CCN(CC)Cc1cc(Nc2ccnc3cc(Cl)ccc23)ccc1O,0
TOX21NRAR-03461,CCN(CC)c1ccc(N=Nc2ccc(S(=O)(=O)N(C)C)cc2)c(S(=O)(=O)NCC[n+]2ccccc2)c1,0
TOX21NRAR-03462,CC[C@H]1O[C@]2(CC[C@@H]1C)C[C@@H]1C[C@@H](CC=C(C)C[C@@H](C)C=CC=C3CO[C@@H]4[C@H](O)C(C)=C[C@@H](C(=O)O1)[C@]34O)O2,0
TOX21NRAR-03463,CO[C@@H]1[C@@H](O[C@@H]2O[C@H](C)[C@@H](O[C@H]3C[C@@](C)(O)[C@@H](O)[C@H](C)O3)[C@H](N(C)C)[C@H]2O)[C@@H](CC=O)C[C@@H](C)[C@@H](O[C@@H]2CC[C@H](N(C)C)[C@@H](C)O2)C=CC=CC[C@@H](C)OC(=O)C[C@H]1O,0
TOX21NRAR-03464,C1CCN2C[C@@H]3C[C@@H](CN4CCCC[C@H]34)[C@@H]2C1,0
TOX21NRAR-03465,C[C@H]1CN(c2c(F)c(N)c3c(=O)c(C(=O)O)cn(C4CC4)c3c2F)C[C@@H](C)N1,1
TOX21NRAR-03466,O=C1CSC2(CCN(CCCN3c4ccccc4Sc4ccc(Cl)cc43)CC2)N1,0
TOX21NRAR-03467,CC1(C)OC[C@@H](COC(=O)CCc2ccc(OC[C@@H](O)CNCCNC(=O)N3CCOCC3)cc2)O1,0
TOX21NRAR-03468,CCCCOC(=O)CCCCCCCCC(=O)OCCCC,0
TOX21NRAR-03469,N#C/C(=C1/SC[C@@H](c2ccc(Cl)cc2Cl)S1)n1ccnc1,0
TOX21NRAR-03470,O=C([O-])c1ccccc1Nc1cc(Cl)ccc1C(=O)[O-],0
TOX21NRAR-03471,CCCCCCCCN(C)C,0
TOX21NRAR-03472,Oc1ccc2ccccc2c1,0
TOX21NRAR-03473,CCCCCCCCCCCC(=O)N(C)CC(=O)[O-],0
TOX21NRAR-03474,CCC(C)CO,0
TOX21NRAR-03475,Nc1ncnc2c1ncn2[C@H]1CC[C@@H](CO)O1,0
TOX21NRAR-03476,O=C1[N-]C(=O)C(c2ccccc2)(c2ccccc2)N1,0
TOX21NRAR-03477,O=C(OCC1(COC(=O)c2cccnc2)CCCC(COC(=O)c2cccnc2)(COC(=O)c2cccnc2)C1O)c1cccnc1,0
TOX21NRAR-03478,CN1CSC(=S)N(C)C1,0
TOX21NRAR-03479,CCOC(=O)OC1=C(c2cc(C)ccc2C)C(=O)NC12CCC(OC)CC2,0
TOX21NRAR-03480,[O-]c1cc(Cl)c(Cl)cc1Cl,0
TOX21NRAR-03481,CCCCCC/C=C\CCCCCCCC(=O)O,0
TOX21NRAR-03482,C=C(C)[C@@H]1CC=C(C=O)CC1,0
TOX21NRAR-03483,COc1ccc(C(C)=O)cc1,0
TOX21NRAR-03484,COc1cc(Cl)ccc1Cl,0
TOX21NRAR-03485,CC(=O)CC(=O)N(C)C,0
TOX21NRAR-03486,Cc1cccc(C)c1NC(=O)CN1CCCCCC1,0
TOX21NRAR-03487,Cc1nc2ccccc2n1Cc1ccc(Cl)cc1,0
TOX21NRAR-03488,C[C@@H](Cc1ccccc1)N(C)C,0
TOX21NRAR-03489,O=C(CN1CCNCC1)NC1CCCCC1,0
TOX21NRAR-03490,CCCCNCC(O)c1ccc(O)cc1,0
TOX21NRAR-03491,CC(Cc1ccccc1)NCc1ccccc1Cl,0
TOX21NRAR-03492,COC(=O)C1=C(C)NC(C)=C(C(=O)OC)C1c1ccccc1OC(F)F,0
TOX21NRAR-03493,CCCCCCCCCCCSCC(=O)O,0
TOX21NRAR-03494,COC(CC(C)CCCC(C)(C)O)OC,0
TOX21NRAR-03495,Oc1ccc2c(c1)-c1ccccc1C2,0
TOX21NRAR-03496,COC(=O)C(C)N(C(=O)c1ccco1)c1c(C)cccc1C,0
TOX21NRAR-03497,CO/C=C(/C(=O)OC)c1ccccc1COc1cccc(C(F)(F)F)n1,0
TOX21NRAR-03498,C=CC(C)(O)CC/C=C(/C)CCC=C(C)C,0
TOX21NRAR-03499,CCOC(=O)CC1(C)OCC(C)O1,0
TOX21NRAR-03500,O=C(O)CCCCC1CCSS1,0
TOX21NRAR-03501,COC(=O)CC(C(C)=O)C(=O)OC,0
TOX21NRAR-03502,CC(C)N(Cc1ccccc1)C(=O)C(C)(C)C,0
TOX21NRAR-03503,CC1CCC(C(C)CS)CC1S,0
TOX21NRAR-03504,C=CC(C)(O)CCC=C(C)C,0
TOX21NRAR-03505,C=CC(C)(CCC=C(C)C)OC(=O)c1ccccc1N,0
TOX21NRAR-03506,CCCCC/C=C\C/C=C\CCCCCCCC(=O)O,0
TOX21NRAR-03507,CC/C=C\C/C=C\C/C=C\CCCCCCCC(=O)O,0
TOX21NRAR-03508,COCCC#N,0
TOX21NRAR-03509,O=C(O)CCSSCCC(=O)O,0
TOX21NRAR-03510,CCCC[n+]1ccccc1,0
TOX21NRAR-03511,CCOP(=S)(OCC)Oc1ncn(-c2ccccc2)n1,0
TOX21NRAR-03512,CSc1ccc(C=O)cc1,0
TOX21NRAR-03513,Cc1c([N+](=O)[O-])c(C)c([N+](=O)[O-])c(C(C)(C)C)c1[N+](=O)[O-],0
TOX21NRAR-03514,CNC(=S)N(C)C,0
TOX21NRAR-03515,CCCOCCC,0
TOX21NRAR-03516,CCCSP(=S)(OCC)Oc1ccc(Cl)cc1Cl,0
TOX21NRAR-03517,COP(=S)(Oc1cc(Cl)c(Br)cc1Cl)c1ccccc1,0
TOX21NRAR-03518,CSC(C)(C)/C=N\O,0
TOX21NRAR-03519,N#Cc1sc2c(=O)c3ccccc3c(=O)c=2sc1C#N,0
TOX21NRAR-03520,Cc1ccc2ccccc2n1,0
TOX21NRAR-03521,CCOP(=S)(OCC)Oc1ccc(Cl)cc1Cl,0
TOX21NRAR-03522,N#CCCCl,0
TOX21NRAR-03523,ClCBr,0
TOX21NRAR-03524,O=C([O-])C(=O)[O-].[Ca+2],0
TOX21NRAR-03525,C=CC(C)(C)C,0
TOX21NRAR-03526,CCc1cccc(CC)c1N,0
TOX21NRAR-03527,O=C([O-])c1ccccc1,0
TOX21NRAR-03528,c1ccc2c(c1)-c1cccc3c1c-2cc1ccccc13,0
TOX21NRAR-03529,c1ccc2cc3c(ccc4ccccc43)cc2c1,1
TOX21NRAR-03530,CCCCNC(=O)n1c(NC(=O)OC)nc2ccccc21,0
TOX21NRAR-03531,CC(C)N1C(=O)c2ccccc2NS1(=O)=O,0
TOX21NRAR-03532,c1cc2ccc3ccc4ccc5cccc6c(c1)c2c3c4c56,0
TOX21NRAR-03533,c1ccc2cc3c(cc2c1)-c1cccc2cccc-3c12,0
TOX21NRAR-03534,CCCCCCCCCCCCCCCC[N+](C)(C)C,0
TOX21NRAR-03535,Cc1ccc(C)c(S(=O)(=O)[O-])c1,0
TOX21NRAR-03536,O=C(C(Cl)Cl)N1CCOC12CCCCC2,0
TOX21NRAR-03537,CC1=CC(C)C(C=O)CC1,0
TOX21NRAR-03538,Br[Ca]Br,0
TOX21NRAR-03539,CCOC(=O)CC(CC(=O)OCC)(OC(C)=O)C(=O)OCC,0
TOX21NRAR-03540,CC(C)c1cccc(O)c1,0
TOX21NRAR-03541,NCCN,0
TOX21NRAR-03542,CCC(C)(C)C1CCCCC1OC(C)=O,0
TOX21NRAR-03543,OCCC(F)(F)C(F)(F)C(F)(F)C(F)(F)C(F)(F)C(F)(F)F,0
TOX21NRAR-03544,COc1ccc(CCN(C)CCCC(C#N)(c2cc(OC)c(OC)c(OC)c2)C(C)C)cc1OC,0
TOX21NRAR-03545,COc1cc2c(cc1OC)-c1cc3ccc(OC)c(OC)c3c[n+]1CC2,0
TOX21NRAR-03546,CCCC[P+](C)(CCCC)CCCC.COS(=O)(=O)[O-],0
TOX21NRAR-03547,CCCCCCn1cc[n+](C)c1.O=S(=O)([O-])C(F)(F)F,0
TOX21NRAR-03548,C[n+]1ccn(CCO)c1,0
TOX21NRAR-03549,CCCCCCCCn1cc[n+](C)c1,0
TOX21NRAR-03550,C[C@@H]([C@H](O)c1ccccc1)N(C)C,0
TOX21NRAR-03551,OC[C@H]1O[C@@H](n2cnc3c(O)ncnc32)[C@H](O)[C@@H]1O,0
TOX21NRAR-03552,CO[C@H]1C=CO[C@@]2(C)Oc3c(C)c(O)c4c(O)c(c5c(nc6cc(C)ccn65)c4c3C2=O)NC(=O)C(C)=CC=C[C@H](C)[C@H](O)[C@@H](C)[C@@H](O)[C@@H](C)[C@H](OC(C)=O)[C@@H]1C,0
TOX21NRAR-03553,CN(C)N,0
TOX21NRAR-03554,CN(C)C=O,0
TOX21NRAR-03555,CN(C)C(=O)Cl,0
TOX21NRAR-03556,Cc1c2ccccc2c(C)c2c1ccc1ccccc12,0
TOX21NRAR-03557,O=C1NCN(c2ccccc2)C12CCN(CC1COc3ccccc3O1)CC2,0
TOX21NRAR-03558,CN/C(=C\[N+](=O)[O-])NCCSCc1ccc(CN(C)C)o1,0
TOX21NRAR-03559,Nc1nc2ccc(OC(F)(F)F)cc2s1,0
TOX21NRAR-03560,Cc1nc2n(c(=O)c1CCN1CCC(c3noc4cc(F)ccc34)CC1)CCCC2,0
TOX21NRAR-03561,CCCN(CCC)CCc1cccc2c1CC(=O)N2,0
TOX21NRAR-03562,COc1ccccc1OCC(O)CN1CCN(CC(=O)Nc2c(C)cccc2C)CC1,0
TOX21NRAR-03563,C[C@]12CC[C@H]3[C@@H](CC[C@H]4CC(=O)CC[C@@]43C)[C@@H]1CC[C@@H]2O,1
TOX21NRAR-03564,C[C@]12CC[C@@H]3c4ccc(O)cc4CC[C@H]3[C@@H]1CCC2=O,1
TOX21NRAR-03565,C[C@]12CC[C@@H]3c4ccc(O)cc4CC[C@H]3[C@@H]1C[C@@H](O)[C@@H]2O,0
TOX21NRAR-03566,C=CC1(C)OC(=O)N(c2cc(Cl)cc(Cl)c2)C1=O,0
TOX21NRAR-03567,CC(C)(C)CC(C)(C)c1ccc(O)cc1,0
TOX21NRAR-03568,C[C@]12CC[C@@H]3c4ccc(O)cc4C[C@@H](CCCCCCCCCS(=O)CCCC(F)(F)C(F)(F)F)[C@H]3[C@@H]1CC[C@@H]2O,0
TOX21NRAR-03569,CC(=O)NC(Cc1ccccc1)C(=O)O,0
TOX21NRAR-03570,C#C[C@]1(O)CC[C@H]2[C@@H]3CCC4=CC(=O)CC[C@]4(C)[C@H]3CC[C@@]21C,1
TOX21NRAR-03571,CCN(CC)S(=O)(=O)c1ccc(C(=O)O)cc1,0
TOX21NRAR-03572,CCC1(C)CC(=O)NC1=O,0
TOX21NRAR-03573,BrCCCCCCBr,0
TOX21NRAR-03574,O=c1[nH]c(=O)c2[nH]c(=O)[nH]c2[nH]1,0
TOX21NRAR-03575,CC(C)CC(=O)C1C(=O)c2ccccc2C1=O,0
TOX21NRAR-03576,O=C([O-])c1cc2cc(Cc3cccnc3)ccc2o1,0
TOX21NRAR-03577,NC(=O)Nc1ccccc1,0
TOX21NRAR-03578,CCCOc1ccccc1-c1nc2[nH]nnc2c(=O)[nH]1,0
TOX21NRAR-03579,O=P([O-])(O)C(Cl)(Cl)P(=O)([O-])O,0
TOX21NRAR-03580,O=C(NCCNCC(O)COc1ccc(O)cc1)N1CCOCC1,0
TOX21NRAR-03581,CCCCOC(CC)OC(C)COC(O)CC,0
TOX21NRAR-03582,CCN(Cc1ccncc1)C(=O)C(CO)c1ccccc1,0
TOX21NRAR-03583,CC(C)(C)C1CCC(O)CC1,0
TOX21NRAR-03584,O=c1[nH]cnc2c1ncn2[C@H]1CC[C@@H](CO)O1,0
TOX21NRAR-03585,CCc1nc(C)c[nH]1,0
TOX21NRAR-03586,CC1(C)C(=O)C(C)(C)C1=O,0
TOX21NRAR-03587,NC(=O)C1c2ccccc2CCc2ccccc21,0
TOX21NRAR-03588,NCCOCCOCCN,0
TOX21NRAR-03589,C#C[C@]1(O)CC[C@H]2[C@@H]3CCc4cc(OC5CCCC5)ccc4[C@H]3CC[C@@]21C,0
TOX21NRAR-03590,CC[C@H](C)[C@@H]1NC(=O)[C@H](Cc2ccc(O)cc2)NC(=O)[C@@H](N)CSSC[C@@H](C(=O)N2CCC[C@H]2C(=O)N[C@@H](CC(C)C)C(=O)NCC(N)=O)NC(=O)[C@H](CC(N)=O)NC(=O)[C@H](CCC(N)=O)NC1=O,0
TOX21NRAR-03591,CC(C)(C)C(=O)C(Oc1ccc(Cl)cc1)n1ccnc1,0
TOX21NRAR-03592,O=C(O)Cn1c2ccccc2c(=O)c2ccccc21,0
TOX21NRAR-03593,O=C(NC(=O)c1c(F)cccc1F)Nc1ccc(Cl)c(Oc2ncc(C(F)(F)F)cc2Cl)c1,0
TOX21NRAR-03594,CN1CCN(C(=O)O[C@H]2c3nccnc3C(=O)N2c2ccc(Cl)cn2)CC1,0
TOX21NRAR-03595,CCCCCCCCCCCCc1ccccc1,0
TOX21NRAR-03596,C=CC1=C(C(=O)O)N2C(=O)[C@@H](NC(=O)/C(=N/O)c3csc(N)n3)[C@H]2SC1,0
TOX21NRAR-03597,O=C1CCc2ccc(OCCCCN3CCN(c4cccc(Cl)c4Cl)CC3)cc2N1,0
TOX21NRAR-03598,CCOC(=O)C1=C(C)NC(C)=C(C(=O)OC)C1c1cccc([N+](=O)[O-])c1,0
TOX21NRAR-03599,Cc1cc(OI)c(C(C)C)cc1-c1cc(C(C)C)c(OI)cc1C,0
TOX21NRAR-03600,CCOP(OCC)OCC,0
TOX21NRAR-03601,CC(C)CC(=O)CC(C)CC(C)C,0
TOX21NRAR-03602,CCc1nn(CCCN2CCN(c3cccc(Cl)c3)CC2)c(=O)n1CCOc1ccccc1,0
TOX21NRAR-03603,O=[N+]([O-])c1ccc2ncccc2c1,0
TOX21NRAR-03604,O=[N+]([O-])c1cccc2cccnc12,0
TOX21NRAR-03605,CC(C)n1c(/C=C/[C@@H](O)C[C@@H](O)CC(=O)O)c(-c2ccc(F)cc2)c2ccccc21,0
TOX21NRAR-03606,C=O,0
TOX21NRAR-03607,O=c1[nH]cc(F)c(=O)[nH]1,0
TOX21NRAR-03608,C[C@]12Cc3nonc3C[C@@H]1CC[C@@H]1[C@@H]2CC[C@@]2(C)[C@H]1CC[C@]2(C)O,1
TOX21NRAR-03609,Cn1c(CCCC(=O)O)nc2cc(N(CCCl)CCCl)ccc21,0
TOX21NRAR-03610,O=C(NNCS(=O)(=O)[O-])c1ccncc1,0
TOX21NRAR-03611,CCCCCCCCCC(=O)NO,0
TOX21NRAR-03612,CC(C)c1cc2c(cc1S(=O)(=O)O)[C@@]1(C)CCC[C@@](C)(C(=O)O)[C@@H]1CC2,0
TOX21NRAR-03613,C[N+](C)(C)CC[N+]1(C)Cc2c(Cl)c(Cl)c(Cl)c(Cl)c2C1,0
TOX21NRAR-03614,CCCCCCC(C)(C)S,0
TOX21NRAR-03615,Cc1nnc2n1-c1ccc(Cl)cc1C(c1ccccc1)=NC2,0
TOX21NRAR-03616,CCc1ccccc1CC,0
TOX21NRAR-03617,CCOP(=O)(NC(C)C)Oc1ccc(SC)c(C)c1,0
TOX21NRAR-03618,COC(=O)c1ccccc1S(=O)(=O)NC(=O)N(C)c1nc(C)nc(OC)n1,0
TOX21NRAR-03619,CCOC(=O)COC(=O)c1ccccc1C(=O)OCC,0
TOX21NRAR-03620,Cn1cc(-c2ccccc2)c(=O)c(-c2cccc(C(F)(F)F)c2)c1,0
TOX21NRAR-03621,c1ccc2c(c1)Cc1ccccc1-2,0
TOX21NRAR-03622,c1ccc2c(c1)-c1cccc3cccc-2c13,0
TOX21NRAR-03623,CC(=O)CC(C)(C)C1CCCCC1,0
TOX21NRAR-03624,CC1(O)CSC(C)(O)CS1,0
TOX21NRAR-03625,CC(C)Oc1cccc(NC(=O)c2ccccc2C(F)(F)F)c1,0
TOX21NRAR-03626,CC(C)C(O)(c1ccc(OC(F)(F)F)cc1)c1cncnc1,0
TOX21NRAR-03627,CC1(C)CCC[C@@]2(C)[C@H]1CC[C@@]1(C)OC(=O)C[C@H]21,0
TOX21NRAR-03628,O=C1O[C@H]([C@@H](O)CO)C([O-])=C1O.O=C1O[C@H]([C@@H](O)CO)C([O-])=C1O,0
TOX21NRAR-03629,C/C=C(\C)C(=O)OCCc1ccccc1,0
TOX21NRAR-03630,CN1[C@H]2CC[C@@H]1C[C@H](OC(=O)C(O)c1ccccc1)C2,1
TOX21NRAR-03631,CCNc1nc(NC(C)CC)nc(OC)n1,0
TOX21NRAR-03632,CCNc1nc(NCC)nc(SC)n1,0
TOX21NRAR-03633,C#CC(C)N(C)C(=O)Nc1ccc(Cl)cc1,0
TOX21NRAR-03634,CC(=O)OC/C=C(/C)CCC=C(C)C,0
TOX21NRAR-03635,CCCC(=O)C(C)=O,0
TOX21NRAR-03636,Cc1ccnc2ccccc12,0
TOX21NRAR-03637,O=C(O)CCc1ccccc1,0
TOX21NRAR-03638,COc1ccccc1OC,0
TOX21NRAR-03639,CCC/C=C/CO,0
TOX21NRAR-03640,COc1cccc(OC)c1,0
TOX21NRAR-03641,CCCCCCCCCCCCCCCCC,0
TOX21NRAR-03642,C=C[C@@]1(C)CC(=O)[C@@]2(O)[C@](C)(O1)[C@@H](OC(C)=O)[C@@H](O)[C@H]1C(C)(C)CC[C@H](O)[C@@]12C,0
TOX21NRAR-03643,O=S(=O)(O)c1ccc2[nH]c(-c3ccccc3)nc2c1,0
TOX21NRAR-03644,CCC(C)c1nccnc1OC,0
TOX21NRAR-03645,Cc1cc(C(=C2C=CC(=Nc3ccc(S(=O)(=O)[O-])cc3S(=O)(=O)O)C=C2)c2ccc(Nc3ccc(S(=O)(=O)[O-])cc3)cc2)ccc1N,0
TOX21NRAR-03646,CC1(C)CC(=O)CC(C)(C)N1[O],0
TOX21NRAR-03647,OCC1CC2CC1C1CCC(CO)C21,0
TOX21NRAR-03648,C=CCOC(=O)c1ccc(C(=O)OCC=C)c(C(=O)OCC=C)c1,0
TOX21NRAR-03649,CCC(C)(CCC(C)C)C(=O)[O-].CCC(C)(CCC(C)C)C(=O)[O-],0
TOX21NRAR-03650,CCOC(=O)/C=C(\C)O[Ti](O/C(C)=C/C(=O)OCC)(OC(C)C)OC(C)C,0
TOX21NRAR-03651,CC1(C)C(O)C(C)(C)C1O,0
TOX21NRAR-03652,CCC1(c2ccccc2)C(=O)N(COC)C(=O)N(COC)C1=O,0
TOX21NRAR-03653,O=C1OC(=O)c2cccc3cccc1c23,0
TOX21NRAR-03654,CN1CCC(=C2c3ccccc3Sc3ccccc32)CC1,0
TOX21NRAR-03655,CN(C)[C@@H]1C(O)=C(C(=O)NCN[C@@H](CCCCN)C(=O)O)C(=O)[C@@]2(O)C(O)=C3C(=O)c4c(O)cccc4[C@@](C)(O)C3C[C@@H]12,0
TOX21NRAR-03656,CCOC(=O)CCC(=O)O[C@H]1[C@H](O[C@@H]2[C@@H](C)[C@H](O[C@H]3C[C@@](C)(OC)[C@@H](O)[C@H](C)O3)[C@@H](C)C(=O)O[C@H](CC)[C@@](C)(O)[C@H](O)[C@@H](C)C(=O)[C@H](C)C[C@@]2(C)O)O[C@H](C)C[C@@H]1N(C)C,0
TOX21NRAR-03657,O=C(O)CC(C(=O)O)S(=O)(=O)O,0
TOX21NRAR-03658,CO[C@H]1[C@@H](O)[C@H](N)[C@@H](O[C@H]2O[C@H]([C@H](C)N)CC[C@H]2N)[C@H](O)[C@@H]1N(C)C(=O)CN,0
TOX21NRAR-03659,CC(C)NCC(O)COc1ccc(CC(N)=O)cc1,0
TOX21NRAR-03660,CCCNC(C)(C)COC(=O)c1ccccc1,0
TOX21NRAR-03661,C[C@]12CC[C@@H]3c4ccc(OC(=O)c5ccccc5)cc4CC[C@H]3[C@@H]1CC[C@@H]2O,1
TOX21NRAR-03662,C[C@]12CC[C@@H]3c4ccc(O)cc4CC[C@H]3[C@@H]1CC[C@@H]2OC(=O)CCC1CCCC1,1
TOX21NRAR-03663,CC(=O)OC[C@H]1O[C@H](O[C@]2(COC(C)=O)O[C@H](COC(C)=O)[C@@H](OC(C)=O)[C@@H]2OC(C)=O)[C@H](OC(C)=O)[C@@H](OC(C)=O)[C@@H]1OC(C)=O,0
TOX21NRAR-03664,OCC(O)c1ccccc1,0
TOX21NRAR-03665,CC1=CC(=O)c2ccccc2C1=O,0
TOX21NRAR-03666,Cc1cc(O)ccc1Cl,0
TOX21NRAR-03667,Oc1c(Cl)cc(Cl)c(Cl)c1Cl,0
TOX21NRAR-03668,c1ccc(CC2=NCCN2)cc1,0
TOX21NRAR-03669,COC(=O)[C@@H](N)Cc1ccc(O)c(O)c1,0
TOX21NRAR-03670,CCc1cccc(N(C)C(=N)Nc2cccc3ccccc23)c1,0
TOX21NRAR-03671,CCOC(=O)c1cnc2c(cnn2CC)c1NN=C(C)C,0
TOX21NRAR-03672,CCCCCCCCCCCCCCCCCCOC[C@H](COP(=O)([O-])OCC[N+](C)(C)C)OC,0
TOX21NRAR-03673,NCCCC(N)(C(=O)O)C(F)F,0
TOX21NRAR-03674,C[C@]12CC[C@H]3[C@@H](CC=C4C[C@@H](OS(=O)(=O)[O-])CC[C@@]43C)[C@@H]1CCC2=O,1
TOX21NRAR-03675,CCc1cc(Cl)c(OC)c(C(=O)NC[C@@H]2CCCN2CC)c1O,0
TOX21NRAR-03676,CCCCCCCCCCCCCCC[C@H](O)[C@@H](N)CO,0
TOX21NRAR-03677,CCCCCCC(O)CO,0
TOX21NRAR-03678,C=C(C)C(=O)OCc1ccccc1,0
TOX21NRAR-03679,C=C(C)C(=O)OCC1CCCO1,0
TOX21NRAR-03680,C=CC(=O)OCCCCCC,0
TOX21NRAR-03681,Cc1ccn2nc(S(=O)(=O)Nc3c(F)cccc3F)nc2n1,0
TOX21NRAR-03682,CCCN(CCCl)c1c([N+](=O)[O-])cc(C(F)(F)F)cc1[N+](=O)[O-],0
TOX21NRAR-03683,CCCSP(=O)(OCC)SCCC,0
TOX21NRAR-03684,CCOc1ccc(C(C)(C)COCc2cccc(Oc3ccccc3)c2)cc1,0
TOX21NRAR-03685,COP(=S)(OC)Oc1ccc([N+](=O)[O-])c(C)c1,0
TOX21NRAR-03686,CCOP(=S)(OCC)OC(Cl)C(Cl)(Cl)Cl,0
TOX21NRAR-03687,O=C1c2ccccc2C(=O)C1C(=O)C(c1ccccc1)c1ccc(Cl)cc1,0
TOX21NRAR-03688,CC(C)(C)N(NC(=O)c1ccc(Cl)cc1)C(=O)c1ccccc1,0
TOX21NRAR-03689,O=C(O)/C=C/c1ccc(Cn2ccnc2)cc1,0
TOX21NRAR-03690,CCOC(=O)O[C@]1(C(=O)COC(=O)CC)CC[C@H]2[C@@H]3CCC4=CC(=O)C=C[C@]4(C)[C@H]3[C@@H](O)C[C@@]21C,1
TOX21NRAR-03691,CS(=O)(=O)c1ccc([C@@H](O)[C@@H](CF)NC(=O)C(Cl)Cl)cc1,0
TOX21NRAR-03692,CC(=O)[C@@]1(O)CC[C@H]2[C@@H]3C[C@H](C)C4=CC(=O)CC[C@]4(C)[C@H]3CC[C@@]21C,1
TOX21NRAR-03693,C[C@@H]1CN([C@H]2CC[C@](C#N)(c3ccc(F)cc3)CC2)CC[C@]1(C(=O)O)c1ccccc1,0
TOX21NRAR-03694,O=C(O)c1cc(O)c2c(c1)[C@H]([C@H]1c3cc(C(=O)O)cc(O)c3C(=O)c3c(O[C@@H]4O[C@H](CO)[C@@H](O)[C@H](O)[C@H]4O)cccc31)c1cccc(O[C@@H]3O[C@H](CO)[C@@H](O)[C@H](O)[C@H]3O)c1C2=O,0
TOX21NRAR-03695,O=C(Oc1ccccc1C(=O)O)c1ccccc1O,0
TOX21NRAR-03696,OCc1cc(C(O)CNCCCCCCOCCCCc2ccccc2)ccc1O,0
TOX21NRAR-03697,CCC(=O)OC(=O)CC,0
TOX21NRAR-03698,Cc1c(C)c2c(c(C)c1O)CCC(C)(COc1ccc(CC3SC(=O)NC3=O)cc1)O2,0
TOX21NRAR-03699,Cc1ccc(/C(=C\CN2CCCC2)c2ccccn2)cc1,0
TOX21NRAR-03700,COc1cc(C(=O)N2CCOCC2)cc(OC)c1OC,0
TOX21NRAR-03701,COc1cc(Cc2cnc(N)nc2N)cc(OC)c1OC,0
TOX21NRAR-03702,Cc1cc2cc3c(C)cc(=O)oc3c(C)c2o1,0
TOX21NRAR-03703,CCOP(=S)(OCC)Oc1cnc2ccccc2n1,0
TOX21NRAR-03704,NC1CCC(CC2CCC(N)CC2)CC1,0
TOX21NRAR-03705,N#C/C(N)=C(/N)C#N,0
TOX21NRAR-03706,NCCCCCCN,0
TOX21NRAR-03707,C[C@H]1[C@H](c2ccc(Cl)cc2)SC(=O)N1C(=O)NC1CCCCC1,0
TOX21NRAR-03708,CCCC[Sn](CCCC)(CCCC)O[Sn](CCCC)(CCCC)CCCC,0
TOX21NRAR-03709,CC(CCl)OC(C)CCl,0
TOX21NRAR-03710,OCC(CO)(CBr)CBr,0
TOX21NRAR-03711,Cc1c(COC(=O)C2C(/C=C(\Cl)C(F)(F)F)C2(C)C)cccc1-c1ccccc1,0
TOX21NRAR-03712,CC1(C)C(=O)N(Br)C(=O)N1Br,0
TOX21NRAR-03713,ClCCOCCCl,0
TOX21NRAR-03714,O=C(O)CN(CCN(CC(=O)O)CC(=O)O)CC(=O)O,0
TOX21NRAR-03715,Nc1c2c(nc3ccccc13)CCCC2,0
TOX21NRAR-03716,CNC(=O)c1ccccc1,0
TOX21NRAR-03717,CN1C(=O)c2ccc([N+](=O)[O-])cc2C1=O,0
TOX21NRAR-03718,Cc1ccc(O)c(-n2nc3ccccc3n2)c1,0
TOX21NRAR-03719,CCCCCCCCCCCCCCCl,0
TOX21NRAR-03720,Cc1cc(O)c(C(C)(C)C)cc1C(C)(C)C,0
TOX21NRAR-03721,COc1ccc(Cl)cc1C,0
TOX21NRAR-03722,Oc1ccc(Cl)cc1C1CCCC1,0
TOX21NRAR-03723,Cc1cc(Cl)ccc1N,0
TOX21NRAR-03724,Cc1occc(=O)c1O,0
TOX21NRAR-03725,CCC(CC)Nc1ccc(C)c(C)c1,0
TOX21NRAR-03726,CC(=O)O[C@]1(C(C)=O)CC[C@H]2[C@@H]3C[C@H](C)C4=CC(=O)CC[C@]4(C)[C@H]3CC[C@@]21C,1
TOX21NRAR-03727,O=C(CCCN1CC=C(n2c(=O)[nH]c3ccccc32)CC1)c1ccc(F)cc1,0
TOX21NRAR-03728,CCCCN=C=O,0
TOX21NRAR-03729,C1CCCNCC1,0
TOX21NRAR-03730,OCCSCCO,0
TOX21NRAR-03731,P#[In],0
TOX21NRAR-03732,CCN(CC)c1ccc2c(-c3ccccc3C(=O)O)c3ccc(N(CC)CC)cc3[o+]c2c1,0
TOX21NRAR-03733,O=C(NCc1cccnc1)Nc1ccc([N+](=O)[O-])cc1,0
TOX21NRAR-03734,Cc1cnc2c(C(=O)O)c(Cl)ccc2c1,0
TOX21NRAR-03735,CCOc1ccc2c(c1)C(C)CC(C)(C)N2,0
TOX21NRAR-03736,CC(=O)NCc1c(I)c(NC(C)=O)c(I)c(C(=O)O)c1I,0
TOX21NRAR-03737,CON(C)C(=O)Nc1ccc(Br)c(Cl)c1,0
TOX21NRAR-03738,O=C(CCCCC(=O)Nc1c(I)cc(I)c(C(=O)O)c1I)Nc1c(I)cc(I)c(C(=O)O)c1I,0
TOX21NRAR-03739,O=C(O)c1c(Cl)ccc(Cl)c1Cl,0
TOX21NRAR-03740,O=C(O)CC(Cl)C(=O)O,0
TOX21NRAR-03741,N#CCCl,0
TOX21NRAR-03742,Cc1cccc2sc3nncn3c12,0
TOX21NRAR-03743,CC(=O)c1cc(C)oc1C,0
TOX21NRAR-03744,C=C(C)C1CC=C(C)C(OC(C)=O)C1,0
TOX21NRAR-03745,C=C1CCC=C(C)CC[C@@H]2[C@@H]1CC2(C)C,0
TOX21NRAR-03746,CCCC(C)(COC(N)=O)COC(=O)NC(C)C,0
TOX21NRAR-03747,C=C(C)C1CC=C(C)C(O)C1,0
TOX21NRAR-03748,CCCCCCCCCCCCCCCO,0
TOX21NRAR-03749,[Mn+2],0
TOX21NRAR-03750,CCC(C)Cl,0
TOX21NRAR-03751,CC1=CC(=O)CC(C)(C)C1,0
TOX21NRAR-03752,Nc1cccc(C(F)(F)F)c1,0
TOX21NRAR-03753,NNC(=O)c1ccncc1,0
TOX21NRAR-03754,O=C(O)c1ccncc1,0
TOX21NRAR-03755,NC(=O)c1ccncc1,0
TOX21NRAR-03756,CC(C)CON=O,0
TOX21NRAR-03757,OC[C@H]1O[C@H](OC[C@@H](O)[C@@H](O)[C@H](O)[C@H](O)CO)[C@H](O)[C@@H](O)[C@@H]1O,0
TOX21NRAR-03758,FC(F)OC(Cl)C(F)(F)F,0
TOX21NRAR-03759,c1ccc(C[n+]2cccc3ccccc32)cc1,0
TOX21NRAR-03760,CCCCN1C(=O)c2ccccc2C1=O,0
TOX21NRAR-03761,O=C1OC2(c3ccccc31)c1cc(Br)c(O)c(Br)c1Oc1c2cc(Br)c(O)c1Br,0
TOX21NRAR-03762,Cc1cc(C)c(C(=O)P(=O)(C(=O)c2c(C)cc(C)cc2C)c2ccccc2)c(C)c1,0
TOX21NRAR-03763,CC(C)(C)C(=O)/C=C/c1ccc(Cl)cc1,0
TOX21NRAR-03764,CCCCCCCCOCCC#N,0
TOX21NRAR-03765,CC1(C)S[C@@H]2[C@H](NC(=O)[C@H](N)c3ccc(O)cc3)C(=O)N2[C@H]1C(=O)O,0
TOX21NRAR-03766,Cc1cc(C(C)(C)c2ccc(O)c(C)c2)ccc1O,0
TOX21NRAR-03767,CC(c1ccc(O)cc1)c1ccc(O)cc1,0
TOX21NRAR-03768,CCCCC#N,0
TOX21NRAR-03769,COc1ccc(C(=O)c2cccc(O)c2)c(OC)c1,0
TOX21NRAR-03770,CCCCCOC(=O)c1ccc(O)cc1,0
TOX21NRAR-03771,CCn1cc[n+](C)c1.N#C[S-],0
TOX21NRAR-03772,CCCCCCCCCOC(=O)c1ccc(O)cc1,0
TOX21NRAR-03773,O=C1/C(=C2\Nc3ccccc3C2=O)Nc2ccccc21,0
TOX21NRAR-03774,Oc1ccc(C2(c3ccc(O)cc3)CC3CC2C2CCCC32)cc1,0
TOX21NRAR-03775,C[C@H]1[C@H]2[C@@H](O[C@]13CC[C@@H](C)CO3)[C@@H](O)[C@H]1[C@@H]3CC[C@H]4C[C@@H](O[C@@H]5O[C@H](CO)[C@H](O[C@@H]6O[C@H](CO)[C@@H](O)[C@H](O[C@@H]7OC[C@@H](O)[C@H](O)[C@H]7O)[C@H]6O[C@@H]6O[C@H](CO)[C@@H](O)[C@H](O[C@@H]7O[C@H](CO)[C@@H](O)[C@H](O)[C@H]7O)[C@H]6O)[C@H](O)[C@H]5O)[C@H](O)C[C@]4(C)[C@H]3CC[C@@]12C,0
TOX21NRAR-03776,Nc1ccc(F)cc1F,0
TOX21NRAR-03777,CCCCC(=O)N(C)C,0
TOX21NRAR-03778,CN(C)c1nc(=O)n(C2CCCCC2)c(=O)n1C,0
TOX21NRAR-03779,CCCCCCOC(=O)c1ccccc1C(=O)OCCCCCC,0
TOX21NRAR-03780,COc1ccc2c(c1OC)C(=O)O[C@@H]2[C@H]1c2c(cc3c(c2OC)OCO3)CCN1C,0
TOX21NRAR-03781,CO[C@@H]1[C@@H](OC(N)=O)[C@@H](O)[C@H](Oc2ccc3c([O-])c(NC(=O)c4ccc(O)c(CC=C(C)C)c4)c(=O)oc3c2C)OC1(C)C,0
TOX21NRAR-03782,CC(CCc1ccccc1)NC(C)C(O)c1ccc(O)cc1,0
TOX21NRAR-03783,C#C[C@]1(O)CC[C@H]2[C@@H]3CCC4=CC(=O)CC[C@@H]4[C@H]3CC[C@@]21C,1
TOX21NRAR-03784,O=C1O[C@H]([C@H](O)CO)C([O-])=C1O,0
TOX21NRAR-03785,C[C@]12CC[C@@H]3c4ccc(O)cc4CC[C@H]3[C@@H]1CC[C@@H]2O,1
TOX21NRAR-03786,Clc1ccc2c(c1)C(c1ccccc1)=NCc1nncn1-2,0
TOX21NRAR-03787,Cc1cc2c(s1)Nc1ccccc1N=C2N1CCN(C)CC1,0
TOX21NRAR-03788,CCc1cc(C(N)=S)ccn1,0
TOX21NRAR-03789,C#C[C@]1(O)CC[C@H]2[C@@H]3CCc4cc(O)ccc4[C@H]3CC[C@@]21C,0
TOX21NRAR-03790,CC/C(=C(\c1ccc(O)cc1)c1ccc(OCCN(C)C)cc1)c1ccccc1,0
TOX21NRAR-03791,CN/C(=N\[N+](=O)[O-])NCc1cnc(Cl)s1,0
TOX21NRAR-03792,CC[C@H](c1ccc(O)cc1)[C@@H](CC)c1ccc(O)cc1,0
TOX21NRAR-03793,CC(=O)OCC(CCn1cnc2cnc(N)nc21)COC(C)=O,0
TOX21NRAR-03794,NC(N)=Nc1nc(CSCC/C(N)=N\S(N)(=O)=O)cs1,0
TOX21NRAR-03795,C=C1C[C@@H]2[C@H](CC[C@]3(C)C(=O)CC[C@@H]23)[C@@]2(C)C=CC(=O)C=C12,1
TOX21NRAR-03796,COc1cc([C@@H]2c3cc4c(cc3C(O[C@@H]3O[C@@H]5CO[C@@H](C)O[C@H]5[C@H](O)[C@H]3O)C3COC(=O)[C@@H]32)OCO4)cc(OC)c1O,0
TOX21NRAR-03797,Cn1c(=O)c2c(ncn2CCOC(=O)C(C)(C)Oc2ccc(Cl)cc2)n(C)c1=O,0
TOX21NRAR-03798,CCOC(=O)c1cncn1C(C)c1ccccc1,0
TOX21NRAR-03799,CCc1cc2c(s1)-n1c(C)nnc1CN=C2c1ccccc1Cl,0
TOX21NRAR-03800,Cn1c(=O)c2c(ncn2CCO)n(C)c1=O,0
TOX21NRAR-03801,Cc1ccccc1NC(=N)Nc1ccccc1C,0
TOX21NRAR-03802,CO[C@H]1O[C@H](CO)[C@@H](O)[C@H](O)[C@H]1O,0
TOX21NRAR-03803,CC(C)(C)c1ccc(O)c(C(C)(C)C)c1,0
TOX21NRAR-03804,CNC(=O)Oc1cccc(N=CN(C)C)c1,0
TOX21NRAR-03805,O=C1OCCO1,0
TOX21NRAR-03806,C=C(CC(=O)O)C(=O)O,0
TOX21NRAR-03807,CC(C)C(=O)OC(=O)C(C)C,0
TOX21NRAR-03808,O=C1NCCN1c1ncc([N+](=O)[O-])s1,0
TOX21NRAR-03809,Nc1nc2cc(Cl)ccc2o1,0
TOX21NRAR-03810,CN(CCCCCCCCCCN(C)C(=O)Oc1ccccc1[N+](C)(C)C)C(=O)Oc1ccccc1[N+](C)(C)C,0
TOX21NRAR-03811,COc1cc(NC(C)CCCN)c2ncccc2c1,0
TOX21NRAR-03812,Cc1ccc(Cl)cc1N,0
TOX21NRAR-03813,Cc1ccc(N)cc1Cl,0
TOX21NRAR-03814,CC(O)CCl,0
TOX21NRAR-03815,Nc1ccc(N)c(Cl)c1,0
TOX21NRAR-03816,Nc1ccc(Cl)cc1N,1
TOX21NRAR-03817,Nc1ccc(Cl)c(N)c1,0
TOX21NRAR-03818,CCCCN(CCC(=O)OCC)C(C)=O,0
TOX21NRAR-03819,COc1cnc(OC)n2nc(NS(=O)(=O)c3c(OCC(F)F)cccc3C(F)(F)F)nc12,0
TOX21NRAR-03820,CC(=O)CCC(=O)[O-].CC(=O)CCC(=O)[O-],0
TOX21NRAR-03821,O=C([O-])[O-].[Sr+2],0
TOX21NRAR-03822,CC(=O)N[C@@H](CCC(=O)O)C(=O)O,0
TOX21NRAR-03823,C=CC(=O)OC(C)(C)C,0
TOX21NRAR-03824,Cn1ccc2cc3c(cc21)CCN3C(=O)Nc1cccnc1,0
TOX21NRAR-03825,CC1(C)CC(O)CC(C)(C)N1,0
TOX21NRAR-03826,Cc1ccccn1,0
TOX21NRAR-03827,Cc1cccnc1,0
TOX21NRAR-03828,OC1CCCCC1,0
TOX21NRAR-03829,Cc1ccncc1,0
TOX21NRAR-03830,CC(C)OC(C)C,0
TOX21NRAR-03831,O=C(O)COc1ccc2ccccc2c1,0
TOX21NRAR-03832,CCCCOC(=O)C(C)O,0
TOX21NRAR-03833,CNC(=S)NC,0
TOX21NRAR-03834,CCCCCCCCCC[N+](C)(C)[O-],0
TOX21NRAR-03835,O=C1CCC(=O)N1Cl,0
TOX21NRAR-03836,CCCCNS(=O)(=O)c1ccc(C)cc1,0
TOX21NRAR-03837,CCN(CCN)c1cccc(C)c1,0
TOX21NRAR-03838,CC(COC(=O)c1ccccc1)OC(=O)c1ccccc1,0
TOX21NRAR-03839,O=C([O-])CNc1ccccc1,0
TOX21NRAR-03840,Cc1ccc2c(c1)C(=O)OC2=O,0
TOX21NRAR-03841,CC(C)(N)C#N,0
TOX21NRAR-03842,CNC(C)Cc1ccccc1OC,0
TOX21NRAR-03843,NCCN1CCOCC1,0
TOX21NRAR-03844,COP(=S)(OC)Oc1ccc(S(N)(=O)=O)cc1,0
TOX21NRAR-03845,CC1CC(C)C(=O)C1=O,0
TOX21NRAR-03846,CC(=O)SCc1ccco1,0
TOX21NRAR-03847,Cc1ccc(C(C)NC(=O)[C@@H](NC(=O)OC(C)C)C(C)C)cc1,0
TOX21NRAR-03848,c1coc(Cn2cccc2)c1,0
TOX21NRAR-03849,Brc1c(Br)c(Br)c(Br)c(Br)c1Br,1
TOX21NRAR-03850,CCCCCCCCCCC=CC#N,0
TOX21NRAR-03851,COC(=O)c1sccc1S(=O)(=O)NC(=O)Nc1nc(C)nc(OC)n1,0
TOX21NRAR-03852,CCCCCCC,1
TOX21NRAR-03853,ClC1=C(Cl)C2(Cl)C3C4OC4C(Cl)C3C1(Cl)C2(Cl)Cl,0
TOX21NRAR-03854,COC(=O)C(C)Oc1ccc(Oc2ncc(C(F)(F)F)cc2Cl)cc1,0
TOX21NRAR-03855,CC1=NN(c2cc(Cl)c(S(=O)(=O)[O-])cc2Cl)C(=O)C1/N=N/c1ccc(S(=O)(=O)[O-])cc1,0
TOX21NRAR-03856,COc1ccccc1/N=N/c1c(S(=O)(=O)[O-])cc2cc(S(=O)(=O)[O-])cc(NC(C)=O)c2c1O,0
TOX21NRAR-03857,CC1(C)[C@@H](O[C@H]2O[C@H](C(=O)O)[C@@H](O)[C@H](O)[C@H]2O[C@@H]2O[C@H](C(=O)O)[C@@H](O)[C@H](O)[C@H]2O)CC[C@@]2(C)[C@H]1CC[C@]1(C)[C@@H]2C(=O)C=C2[C@@H]3C[C@@](C)(C(=O)O)CC[C@]3(C)CC[C@]21C,1
TOX21NRAR-03858,ClCCOCCOCCCl,0
TOX21NRAR-03859,COC(Cc1ccccc1)OC,0
TOX21NRAR-03860,Cc1c(C(=O)O)c(O)cc2c1C(=O)c1c(O)c([C@@H]3O[C@H](CO)[C@@H](O)[C@H](O)[C@H]3O)c(O)c(O)c1C2=O,0
TOX21NRAR-03861,Nc1c(/N=N/c2ccc(-c3ccc(/N=N/c4cc(S(=O)(=O)[O-])c5ccccc5c4N)cc3)cc2)cc(S(=O)(=O)[O-])c2ccccc12,0
TOX21NRAR-03862,Cc1cc(-c2ccc(/N=N/c3ccc4c(S(=O)(=O)[O-])cc(S(=O)(=O)[O-])c(N)c4c3O)c(C)c2)ccc1/N=N/c1ccc2c(S(=O)(=O)[O-])cc(S(=O)(=O)[O-])c(N)c2c1O,0
TOX21NRAR-03863,O=C([O-])c1c(Cl)c(Cl)c(Cl)c(Cl)c1-c1c2cc(I)c(=O)c(I)c-2oc2c(I)c([O-])c(I)cc12,1
TOX21NRAR-03864,O=c1[nH]c2cc(Cl)ccc2o1,0
TOX21NRAR-03865,NS(=O)(=O)c1cc(C2(O)NC(=O)c3ccccc32)ccc1Cl,0
TOX21NRAR-03866,CN(C)CC/C=C1\c2ccccc2Sc2ccc(Cl)cc21,0
TOX21NRAR-03867,CCC(=O)O[C@]1(C(=O)CCl)[C@@H](C)C[C@H]2[C@@H]3C[C@H](F)C4=CC(=O)C=C[C@]4(C)[C@@]3(F)[C@@H](O)C[C@@]21C,1
TOX21NRAR-03868,O=C([O-])c1cc(O)c2c3nc4ccccc4oc-3cc(=O)c2n1,0
TOX21NRAR-03869,CCC(C)(Oc1ccc(C2(c3ccc(OC(C)(CC)C(=O)O)cc3)CCCCC2)cc1)C(=O)O,0
TOX21NRAR-03870,C(=C\c1ccccc1)\c1ccccc1,0
TOX21NRAR-03871,Cc1cccc(C)c1NC(=O)CC12CCCN1CCC2,1
TOX21NRAR-03872,CC(C)=CCC/C(C)=C/CC/C(C)=C/CC/C=C(\C)CC/C=C(\C)CCC=C(C)C,0
TOX21NRAR-03873,C[C@]12CC[C@H]3[C@@H](CC=C4C[C@@H](O)CC[C@@]43C)[C@@H]1CC[C@@H]2O,1
TOX21NRAR-03874,CC[N+](C)(C)c1cccc(O)c1,0
TOX21NRAR-03875,COC(=O)c1ccccc1O,0
TOX21NRAR-03876,Cc1ccc2ccc3cccc4ccc1c2c34,0
TOX21NRAR-03877,Nc1cc(-c2ccncc2)c[nH]c1=O,0
TOX21NRAR-03878,Cc1ccc2cccnc2c1,0
TOX21NRAR-03879,CC(C)(C#N)c1cc(Cn2cncn2)cc(C(C)(C)C#N)c1,0
TOX21NRAR-03880,CC(C)Cc1nccs1,0
TOX21NRAR-03881,Nc1cc(Cl)c(NC2=NCCN2)c(Cl)c1,0
TOX21NRAR-03882,CCN(CC)CCNC(=O)c1ccc(NC(C)=O)cc1,0
TOX21NRAR-03883,O=C(Oc1ccccc1)c1ccccc1C(=O)Oc1ccccc1,0
TOX21NRAR-03884,COP(=O)(OC)OC(c1ccc(Cl)cc1)P(=O)(OC)OC,0
TOX21NRAR-03885,CC1(N)CCC(C(C)(C)N)CC1,0
TOX21NRAR-03886,Cn1nc(N)c2cn([C@@H]3O[C@H](CO)[C@@H](O)[C@H]3O)c3ncnc1c23,0
TOX21NRAR-03887,CCC(CC)(CC(=O)Nc1cccc(/C=C/c2nc(C3CCC3)cs2)c1)C(=O)O,0
TOX21NRAR-03888,Cc1cc2nc3c(=O)[nH]c(=O)nc-3n(C[C@H](O)[C@H](O)[C@H](O)CO)c2cc1C,0
TOX21NRAR-03889,OC(CN1CCC(Cc2ccc(F)cc2)CC1)c1ccc(Cl)cc1,0
TOX21NRAR-03890,Cc1c[nH]c2ccccc12,0
TOX21NRAR-03891,c1cc2c3c(cccc3c1)CC2,0
TOX21NRAR-03892,CC/C(=N\OC/C=C/Cl)C1=C(O)CC(C2CCOCC2)CC1=O,0
TOX21NRAR-03893,CCOP(=O)(OCC)OC(=CCl)c1ccc(Cl)cc1Cl,0
TOX21NRAR-03894,NC(=O)CF,0
TOX21NRAR-03895,CC(C)(C)Cl,0
TOX21NRAR-03896,CC(C)O[Ti](OCCN(CCO)CCO)(OCCN(CCO)CCO)OC(C)C,0
TOX21NRAR-03897,CCCCCCCCCCCCSC,0
TOX21NRAR-03898,O=C1CCCN1CCO,0
TOX21NRAR-03899,CN(C)C=Nc1c(I)cc(I)c(CCC(=O)[O-])c1I,0
TOX21NRAR-03900,CC(=O)Nc1c(I)c(C(=O)[O-])c(I)c(N(C)C(C)=O)c1I,0
TOX21NRAR-03901,CCCCC(CC)COC(=O)OOC(C)(C)C,0
TOX21NRAR-03902,CCCCNC1CC(C)(C)NC(C)(C)C1,0
TOX21NRAR-03903,CCCCC(CC)CO[PH](=O)OCC(CC)CCCC,0
TOX21NRAR-03904,O=C(C(=O)c1ccc(Br)cc1)c1ccc(Br)cc1,0
TOX21NRAR-03905,Clc1ccc(C(Cn2ccnc2)OCc2csc3c(Cl)cccc23)c(Cl)c1,0
TOX21NRAR-03906,CCn1cc(C(=O)O)c(=O)c2cc(F)c(N3CCNC(C)C3)c(F)c21,0
TOX21NRAR-03907,C[C@@H](O)[C@H]1C(=O)N2C(C(=O)O)=C(S[C@@H]3CN[C@H](C(=O)N(C)C)C3)[C@H](C)[C@H]12,0
TOX21NRAR-03908,O=C(NCC(O)CO)c1c(I)c(C(=O)NCC(O)CO)c(I)c(N(CCO)C(=O)CO)c1I,0
TOX21NRAR-03909,CC(=O)N(CC(O)CN(C(C)=O)c1c(I)c(C(=O)NCC(O)CO)c(I)c(C(=O)NCC(O)CO)c1I)c1c(I)c(C(=O)NCC(O)CO)c(I)c(C(=O)NCC(O)CO)c1I,0
TOX21NRAR-03910,O=C(O)COC(=O)Cc1ccccc1Nc1c(Cl)cccc1Cl,0
TOX21NRAR-03911,O=S(=O)(O)c1ccccc1O,0
TOX21NRAR-03912,CCCCCCCC/C=C\CCCCCCCC(=O)OC[C@@H](O)[C@H]1OC[C@H](O)[C@H]1O,0
TOX21NRAR-03913,CCC1CCC(CCC(=O)O)C1,0
TOX21NRAR-03914,CC(=O)Oc1cc2c(s1)CCN(C(C(=O)C1CC1)c1ccccc1F)C2,0
TOX21NRAR-03915,Nc1ccccc1S(=O)(=O)c1ccccc1,0
TOX21NRAR-03916,CCOC(=O)[C@H](CCc1ccccc1)N[C@@H](C)C(=O)N1[C@H](C(=O)O)C[C@@H]2CCC[C@@H]21,0
TOX21NRAR-03917,O=C(c1ccc(OCCN2CCCCC2)cc1)c1c(-c2ccc(O)cc2)sc2cc(O)ccc12,0
TOX21NRAR-03918,CCOc1cc(CC(=O)N[C@@H](CC(C)C)c2ccccc2N2CCCCC2)ccc1C(=O)O,1
TOX21NRAR-03919,COC(=O)[C@H]1[C@H]2C[C@@H]3c4[nH]c5cc(OC)ccc5c4CCN3C[C@H]2C[C@@H](OC(=O)C=Cc2cc(OC)c(OC)c(OC)c2)[C@@H]1OC,0
TOX21NRAR-03920,NC(=O)c1ncn([C@@H]2O[C@H](CO)[C@@H](O)[C@H]2O)n1,0
TOX21NRAR-03921,CC1=C(/C=C/C(C)=C/C=C/C(C)=C/CO)C(C)(C)CCC1,0
TOX21NRAR-03922,CCCCCCCC(=O)CC[C@H]1[C@H](O)C[C@H](O)[C@@H]1C/C=C\CCCC(=O)OC(C)C,0
TOX21NRAR-03923,CCN1CCCC1CNC(=O)c1cc(S(=O)(=O)CC)ccc1OC,0
TOX21NRAR-03924,CCCCOCCOCCOC(C)=O,0
TOX21NRAR-03925,O=C1CCCCO1,0
TOX21NRAR-03926,CCCCOC(=O)CC#N,0
TOX21NRAR-03927,COc1ccc(C(CN(C)C)C2(O)CCCCC2)cc1,0
TOX21NRAR-03928,CC(=O)O[C@H]1C[C@@H]2CC[C@@H]3[C@H](CC[C@@]4(C)[C@H]3C[C@H]([N+]3(C)CCCCC3)[C@@H]4OC(C)=O)[C@@]2(C)C[C@@H]1N1CCCCC1,0
TOX21NRAR-03929,CCCC(CCC)C(=O)O,0
TOX21NRAR-03930,O=C(Cc1ccccc1)c1ccccc1,0
TOX21NRAR-03931,CC(C)(C)NCCO,0
TOX21NRAR-03932,C=CC(N)CCC(=O)O,0
TOX21NRAR-03933,CCN(CC)CCOC(=O)c1ccc(N)cc1,0
TOX21NRAR-03934,CC(=O)C1CCOC1=O,0
TOX21NRAR-03935,Nc1cc(N)cc(C(=O)O)c1,0
TOX21NRAR-03936,N#CC(Br)(Br)C(N)=O,0
TOX21NRAR-03937,N#Cc1c(Cl)cccc1Cl,0
TOX21NRAR-03938,c1ccc2occc2c1,0
TOX21NRAR-03939,Nc1nc(N)nc(-c2ccccc2)n1,0
TOX21NRAR-03940,O=C(O)c1ccccc1,0
TOX21NRAR-03941,O=C(c1ccccc1)C(O)c1ccccc1,0
TOX21NRAR-03942,O=C1C=CC(=O)C=C1,0
TOX21NRAR-03943,c1ccc2sc(SSc3nc4ccccc4s3)nc2c1,0
TOX21NRAR-03944,c1ccc2[nH]nnc2c1,0
TOX21NRAR-03945,ClC(Cl)(Cl)c1ccccc1,0
TOX21NRAR-03946,NNC(=O)c1ccccc1,0
TOX21NRAR-03947,CS(=O)(=O)Nc1ccc([N+](=O)[O-])cc1Oc1ccccc1,0
TOX21NRAR-03948,CCCC/C=C/C=C\C=O,0
TOX21NRAR-03949,CC(C)=CCCC(C)CC(=O)O,0
TOX21NRAR-03950,CCc1nccnc1CC,0
TOX21NRAR-03951,COc1ccc(O)cc1,0
TOX21NRAR-03952,c1ccc(Nc2cccc3ccccc23)cc1,0
TOX21NRAR-03953,N#Cc1ccncc1,0
TOX21NRAR-03954,C[C@@H](N)[C@@H](O)c1ccccc1,0
TOX21NRAR-03955,NCCCN1CCOCC1,0
TOX21NRAR-03956,CC(C)c1ccc2c(c1)CC[C@@H]1[C@]2(C)CCC[C@@]1(C)CN,0
TOX21NRAR-03957,O=[N+]([O-])c1cc[n+]([O-])cc1,0
TOX21NRAR-03958,CC1(C)CC(=O)CC(C)(C)N1,0
TOX21NRAR-03959,O=C(O)C(O)C(O)C(=O)O,0
TOX21NRAR-03960,Sc1ccccc1,0
TOX21NRAR-03961,O=c1c2ccccc2c(=O)c2c1cc(Cl)c1[nH]c3c([nH]c12)c(Cl)cc1c(=O)c2ccccc2c(=O)c13,0
TOX21NRAR-03962,COc1ccc2nc(NC(=O)Nc3ccccc3)sc2c1,1
TOX21NRAR-03963,CCC(C(=O)OCCOCCN(CC)CC)c1ccccc1.O=C(O)CC(O)(CC(=O)O)C(=O)O,0
TOX21NRAR-03964,O=C(N/N=C/c1ccccc1O)c1ccncc1,0
TOX21NRAR-03965,Cc1ccc(S(=O)(=O)NC(=O)NC2CCCCC2)cc1,0
TOX21NRAR-03966,CC(O)C(=O)O.CCOc1ccc2nc3cc(N)ccc3c(N)c2c1,0
TOX21NRAR-03967,NS(=O)(=O)c1ccc(NC(=O)CCC(=O)O)cc1,0
TOX21NRAR-03968,COc1ccc(S(=O)(=O)Nc2nnc(CC(C)C)s2)cc1,0
TOX21NRAR-03969,O=C(Nc1ncc([N+](=O)[O-])s1)c1cccs1,0
TOX21NRAR-03970,CC(C)(O)C(=O)O,0
TOX21NRAR-03971,CC[C@@H]1C[C@H](N(Cc2cc(C(F)(F)F)cc(C(F)(F)F)c2)C(C)=O)c2cc(C(F)(F)F)ccc2N1C(=O)OC(C)C,0
TOX21NRAR-03972,CC(C)(O)c1ccc(CNC(=O)c2cccnc2Oc2ccc(F)cc2)cc1,0
TOX21NRAR-03973,CNCc1ccc(NC(=O)c2c[nH]c3c2C(=O)CCC3)cc1,0
TOX21NRAR-03974,CC(Cc1ccc(OCC(=O)O)cc1)NCC(O)c1csc(C(F)(F)F)n1,0
TOX21NRAR-03975,Cc1nccn1-c1ccc(Sc2cccc(C3(C(N)=O)CCOCC3)c2)cc1,0
TOX21NRAR-03976,Cc1cc(CCN2CCN(c3nsc4ccccc34)CC2)cc2c1NC(=O)CC2(C)C,0
TOX21NRAR-03977,O=c1[nH]c2ccc(S(=O)CCN3CCC(Cc4ccc(F)cc4)CC3)cc2o1,0
TOX21NRAR-03978,Nc1cc(Cl)c(O)c(Cl)c1,0
TOX21NRAR-03979,O=C1CCC(C2CCCCC2)CC1,0
TOX21NRAR-03980,OC1CCC(C2CCCCC2)CC1,0
TOX21NRAR-03981,O=C(Nc1ccccc1)c1cc([N+](=O)[O-])ccc1Cl,0
TOX21NRAR-03982,O=C(O)c1ccc([Hg]Cl)cc1,0
TOX21NRAR-03983,Cc1c(C(=O)NCCO)[n+]([O-])c2ccccc2[n+]1[O-],0
TOX21NRAR-03984,OC(Cn1cncn1)(c1ccc(F)cc1)c1ccccc1F,0
TOX21NRAR-03985,CCCCOP(=O)(O)OCCCC,0
TOX21NRAR-03986,NC(=O)c1ccc([N+](=O)[O-])cc1,0
TOX21NRAR-03987,CCCO[Si](OCCC)(OCCC)OCCC,0
TOX21NRAR-03988,CCCCC[C@H](O)/C=C/[C@H]1[C@H](O)CC(=O)[C@@H]1CCCCCCC(=O)O,0
TOX21NRAR-03989,CCCCCCCCCCCC[n+]1ccc2ccccc2c1,0
TOX21NRAR-03990,CCCC(=O)Cl,0
TOX21NRAR-03991,CCCCCCCCCl,0
TOX21NRAR-03992,Oc1ccccc1Cl,0
TOX21NRAR-03993,CC(Cl)C(=O)O,0
TOX21NRAR-03994,O=C(O)CCCl,0
TOX21NRAR-03995,O=[Cd],0
TOX21NRAR-03996,COc1ccc(OC)c(C(O)CNC(=O)CN)c1,0
TOX21NRAR-03997,CSc1cnccn1,0
TOX21NRAR-03998,C=CC(C)(CCC=C(C)C)OC(=O)C(C)C,0
TOX21NRAR-03999,CCCCCCCCCCOC(=O)c1ccccc1C(=O)OCCCCCCCC,0
TOX21NRAR-04000,CC(C)OC=O,0
TOX21NRAR-04001,N#Cc1cccc(C#N)c1,0
TOX21NRAR-04002,CCOC(=O)/C=C/C(=O)OCC,0
TOX21NRAR-04003,CCC(C)COC(C)=O,0
TOX21NRAR-04004,c1ccc(Cc2ccccc2)cc1,0
TOX21NRAR-04005,C[C@H]1CNCCc2ccc(Cl)cc21,0
TOX21NRAR-04006,Cc1nnc(C(=O)NC(C)(C)c2nc(C(=O)NCc3ccc(F)cc3)c(O)c(=O)n2C)o1,0
TOX21NRAR-04007,O=S(=O)(c1ccccc1)c1ccccc1,0
TOX21NRAR-04008,CCC(C)OC(=O)c1ccc(O)cc1,0
TOX21NRAR-04009,Cc1ccc(NC(=O)N(C)C)cc1NC(=O)N(C)C,0
TOX21NRAR-04010,[O-][n+]1ccccc1SSc1cccc[n+]1[O-],0
TOX21NRAR-04011,C=COCC1CCC(COC=C)CC1,0
TOX21NRAR-04012,N#Cc1c(F)cccc1F,0
TOX21NRAR-04013,S=C=S,0
TOX21NRAR-04014,Nc1c(NC/C=C\COc2cc(CN3CCCCC3)ccn2)c(=O)c1=O,0
TOX21NRAR-04015,CN1[C@H]2CC[C@@H]1C[C@H](NC(=O)n1c(=O)[nH]c3ccccc31)C2,0
TOX21NRAR-04016,C1CCc2nnnn2CC1,0
TOX21NRAR-04017,CC(C(=O)O)c1ccc(/C=C2\CCCCC2=O)cc1,0
TOX21NRAR-04018,CCCCCOc1ccc(C2SC(=O)NC2=O)cc1OCC,0
TOX21NRAR-04019,CC[N+](CC)(CC)CCOC(=O)C(C1CCCC1)C1CCCC1,0
TOX21NRAR-04020,CCCCCCCCCCCCCCCCCCNC(=O)OC1CCN(C(=O)OC[C@H](COC(=O)N(Cc2cccc[n+]2CC)C(=O)c2ccccc2OC)OC)CC1,0
TOX21NRAR-04021,CCOC(=O)c1ccc(OCCN2C[C@H](O)[C@@H](O)[C@H](O)[C@H]2CO)cc1,0
TOX21NRAR-04022,CCC(C)N(C)C(=O)c1cc2ccccc2c(-c2ccccc2Cl)n1,0
TOX21NRAR-04023,Cc1ccc(/C=N/n2c(-c3ccccc3)csc2=S)cc1,0
TOX21NRAR-04024,CN(CCCN1c2ccccc2CCc2ccccc21)CC(=O)c1ccc(Cl)cc1,0
TOX21NRAR-04025,CN(C)CCOC(c1ccc(Cl)cc1)c1ccccn1,0
TOX21NRAR-04026,NC[C@@H]1O[C@H](O[C@@H]2[C@@H](CO)O[C@@H](O[C@@H]3[C@@H](O)[C@H](N)C[C@H](N)[C@H]3O[C@H]3O[C@H](CO)[C@@H](O)[C@H](O)[C@H]3N)[C@@H]2O)[C@H](N)[C@@H](O)[C@@H]1O,0
TOX21NRAR-04027,Clc1ccc(C(Cl)(Cl)Cl)cn1,0
TOX21NRAR-04028,c1ccc(P(c2ccccc2)c2ccccc2)cc1,0
TOX21NRAR-04029,c1ccc(OP(Oc2ccccc2)Oc2ccccc2)cc1,0
TOX21NRAR-04030,CC(CCl)OP(=O)(OC(C)CCl)OC(C)CCl,0
TOX21NRAR-04031,ClCCOP(OCCCl)OCCCl,0
TOX21NRAR-04032,CCOC(=O)OCC,0
TOX21NRAR-04033,CCN(C(=O)N(CC)c1ccccc1)c1ccccc1,0
TOX21NRAR-04034,C=CC(=O)OCCOCCOC(=O)C=C,0
TOX21NRAR-04035,CCOCCOCCOCC,0
TOX21NRAR-04036,CCOP(=S)(OCC)SCCSCC,0
TOX21NRAR-04037,COCCOCCO,0
TOX21NRAR-04038,C1CN2CCN1CC2,0
TOX21NRAR-04039,COc1ccc(OC)cc1,0
TOX21NRAR-04040,CCCCCCCC/C=C\CCCCCCCCO,0
TOX21NRAR-04041,CC(C)OC(=O)C(C)(C)Oc1ccc(C(=O)c2ccc(Cl)cc2)cc1,0
TOX21NRAR-04042,ClC(Cl)(Cl)Br,0
TOX21NRAR-04043,CC(C)(C)NC[C@H](O)COc1cccc2c1CCCC2=O,0
TOX21NRAR-04044,CC(C(=O)O)c1cccc(C(=O)c2ccccc2)c1,0
TOX21NRAR-04045,C[C@H](CCC(=O)O)[C@H]1CC[C@H]2[C@@H]3CC[C@@H]4C[C@H](O)CC[C@]4(C)[C@H]3CC[C@@]21C,0
TOX21NRAR-04046,C=C(C)[C@H]1CC=C(C)CC1,0
TOX21NRAR-04047,Nc1nc(=O)[nH]cc1F,0
TOX21NRAR-04048,O=C(O)Cc1sc(-c2ccccc2)nc1-c1ccc(Cl)cc1,0
TOX21NRAR-04049,CC(C)=CCC1C(=O)N(c2ccccc2)N(c2ccccc2)C1=O,1
TOX21NRAR-04050,O=CC1CC=CCC1,0
TOX21NRAR-04051,CS(=O)(=O)c1ccc(C(=O)C2C(=O)CCCC2=O)c([N+](=O)[O-])c1,0
TOX21NRAR-04052,CC1=C(/C=C/C(C)=C/C=C\C(C)=C\C(=O)O)C(C)(C)CCC1,0
TOX21NRAR-04053,SCc1ccccc1,0
TOX21NRAR-04054,N#Cc1cccnc1,0
TOX21NRAR-04055,O=S(=O)([O-])C(F)(F)C(F)(F)C(F)(F)C(F)(F)C(F)(F)C(F)(F)C(F)(F)C(F)(F)F,0
TOX21NRAR-04056,CCC1(CC)C(=O)C=CNC1=O,0
TOX21NRAR-04057,O=C(OCC(COC(=O)c1ccccc1)(COC(=O)c1ccccc1)COC(=O)c1ccccc1)c1ccccc1,0
TOX21NRAR-04058,COc1c2occc2c(OC)c2c(=O)cc(C)oc12,0
TOX21NRAR-04059,Nc1ccc(S(=O)(=O)Nc2ccc(Cl)nn2)cc1,0
TOX21NRAR-04060,O=C(O)CO,0
TOX21NRAR-04061,O=CC=O,0
TOX21NRAR-04062,CC1CCC(C(C)C)C(O)C1,0
TOX21NRAR-04063,CN(C)CCOC(C)(c1ccccc1)c1ccccn1.O=C(O)CCC(=O)O,0
TOX21NRAR-04064,Sc1nc2ccccc2s1,0
TOX21NRAR-04065,NCCc1ccc(O)c(O)c1,0
TOX21NRAR-04066,O=c1oc2c(O)c(O)cc3c(=O)oc4c(O)c(O)cc1c4c23,0
TOX21NRAR-04067,Cc1cnc(NC(=O)C2=C(O)c3ccccc3S(=O)(=O)N2C)s1,1
TOX21NRAR-04068,Nc1nc(N)nc(N)n1,0
TOX21NRAR-04069,CC[C@H]1CN2CCc3cc(OC)c(OC)cc3[C@@H]2C[C@@H]1C[C@H]1NCCc2cc(OC)c(OC)cc21,0
TOX21NRAR-04070,O=S(=O)([O-])CCS,0
TOX21NRAR-04071,CCn1cc[n+](C)c1C.O=S(=O)([N-]S(=O)(=O)C(F)(F)F)C(F)(F)F,0
TOX21NRAR-04072,CCCCCCCCCCCCSCCOCCO,0
TOX21NRAR-04073,N=C(N)n1cccn1,0
TOX21NRAR-04074,FC(F)(F)COCC(F)(F)F,0
TOX21NRAR-04075,Cc1c(I)c(=O)n(-c2ccccc2)n1C,0
TOX21NRAR-04076,CCC(C(N)=O)N1CCCC1=O,0
TOX21NRAR-04077,CC(=O)N[C@@H](Cc1ccc(O)cc1)C(=O)O,0
TOX21NRAR-04078,CC(=O)c1ccc2ccc3ccccc3c2c1,0
TOX21NRAR-04079,Nc1ccc(NCCO)c([N+](=O)[O-])c1,0
TOX21NRAR-04080,Cc1cc(C)c(S(=O)(=O)[O-])cc1N=Nc1cc(S(=O)(=O)[O-])c2ccccc2c1O,0
TOX21NRAR-04081,COc1ccccc1N1CCN(CCCCNC(=O)c2ccc(-c3ccc(C(C)=O)cc3)cc2)CC1,0
TOX21NRAR-04082,[Be+2],0
TOX21NRAR-04083,COCCOCCOCCOCCO,0
TOX21NRAR-04084,Cc1cccc(Oc2ccccc2)c1,0
TOX21NRAR-04085,CCCCCCCCCCCCCCCCCCCl,0
TOX21NRAR-04086,O=C(CC(C(=O)OC1CCCCC1)S(=O)(=O)[O-])OC1CCCCC1,0
TOX21NRAR-04087,CC/C(C)=N/O[Si](C)(O/N=C(\C)CC)O/N=C(\C)CC,0
TOX21NRAR-04088,CC(C)(C)C(=O)C(Cl)Cl,0
TOX21NRAR-04089,CCCOc1nn(C(=O)[N-]S(=O)(=O)c2ccccc2C(=O)OC)c(=O)n1C,0
TOX21NRAR-04090,CCCCCCC(CCCCCCCCCCC(=O)OCC(COC(C)=O)OC(C)=O)OC(C)=O,0
TOX21NRAR-04091,CC(C)CCCCCCOC(=O)C1CCCCC1C(=O)OCCCCCCC(C)C,0
TOX21NRAR-04092,c1ccc2cnccc2c1,0
TOX21NRAR-04093,C=CC(C)(CCC=C(C)C)OC=O,0
TOX21NRAR-04094,Cc1nc(-c2ccccn2)ncc1C(=O)Nn1cc(C)c2cc(F)ccc21,0
TOX21NRAR-04095,CCCCCCCCCCCCOC(C)=O,0
TOX21NRAR-04096,CC1C(C)(C)C2=C(C(=O)CCC2)C1(C)C,0
TOX21NRAR-04097,CC(=O)OCCCc1ccccc1,0
TOX21NRAR-04098,COc1ccc(COC=O)cc1,0
TOX21NRAR-04099,Oc1ccc(Cl)c2c1CCC2,0
TOX21NRAR-04100,CC(C)=CCC/C(C)=C/CC/C(C)=C/CO,0
TOX21NRAR-04101,O=C(NC(=O)c1c(F)cccc1F)Nc1cc(Cl)c(Oc2ncc(C(F)(F)F)cc2Cl)c(Cl)c1,0
TOX21NRAR-04102,CC(C)OC(=O)C(O)(c1ccc(Cl)cc1)c1ccc(Cl)cc1,0
TOX21NRAR-04103,OC[C@H](O)[C@@H](O)[C@H](O[C@@H]1O[C@H](CO)[C@H](O)[C@H](O)[C@H]1O)[C@H](O)CO,0
TOX21NRAR-04104,FC1(F)C(F)(F)C(F)(F)C2(F)C(F)(C1(F)F)C(F)(F)C(F)(F)C1(F)C(F)(F)C(F)(F)C(F)(F)C(F)(F)C12F,0
TOX21NRAR-04105,CC1(C)O[C@@H]2CO[C@@]3(COS(N)(=O)=O)OC(C)(C)O[C@H]3[C@@H]2O1,0
TOX21NRAR-04106,CC(C)CC(C)CC(C)CC(C)COC(=O)c1ccccc1C(=O)OCC(C)CC(C)CC(C)CC(C)C,0
TOX21NRAR-04107,F[B-](F)(F)F,0
TOX21NRAR-04108,CC(C)(C)NCC(O)c1cc(Cl)c(N)c(Cl)c1,0
TOX21NRAR-04109,C=C(Nc1ccc(OCC)cc1)Nc1ccc(OCC)cc1,0
TOX21NRAR-04110,C[N+]12CCC(CC1)C(OC(=O)C(O)(c1ccccc1)c1ccccc1)C2,0
TOX21NRAR-04111,Oc1c(I)cc(Cl)c2cccnc12,0
TOX21NRAR-04112,CC(C)/N=c1/cc2n(-c3ccc(Cl)cc3)c3ccccc3nc-2cc1Nc1ccc(Cl)cc1,0
TOX21NRAR-04113,C=CCOC(=O)CCCCCC,0
TOX21NRAR-04114,O=C(Nc1cccc(C(F)(F)F)c1)c1cc(Br)cc(Br)c1O,0
TOX21NRAR-04115,COc1cc(C(=O)NCCCCCC(=O)O)cc(OC)c1OC,0
TOX21NRAR-04116,O=S(=O)(Cl)Cl,0
TOX21NRAR-04117,C=C(Cl)CSC(=S)N(CC)CC,0
TOX21NRAR-04118,OC[C@H]1O[C@H](O[C@]2(CO)O[C@H](CO)[C@@H](O)[C@@H]2O)[C@H](O)[C@@H](O)[C@@H]1O,0
TOX21NRAR-04119,O=S(=O)([O-])[S-],0
TOX21NRAR-04120,CC(=O)NS(=O)(=O)c1ccc(N)cc1,0
TOX21NRAR-04121,C=C1C(C)(C)[C@@]2(Cl)C(Cl)[C@]1(Cl)C(Cl)(Cl)C2(Cl)Cl,0
TOX21NRAR-04122,CN(N=O)C(=O)N[C@H]1[C@@H](O)O[C@H](CO)[C@@H](O)[C@@H]1O,0
TOX21NRAR-04123,O=C1CCC(=O)O1,0
TOX21NRAR-04124,c1ccc(C2CO2)cc1,0
TOX21NRAR-04125,Nc1ccc(S(=O)(=O)Nc2nccs2)cc1,0
TOX21NRAR-04126,C=Cc1ccccc1,0
TOX21NRAR-04127,Cc1cc(=O)oc2cc(O)ccc12,1
TOX21NRAR-04128,C=CC(C)=O,0
TOX21NRAR-04129,CC(CCc1ccc(O)cc1)NCCc1ccc(O)c(O)c1,0
TOX21NRAR-04130,CCCCC(CC)COC(=O)CC(C(=O)OCC(CC)CCCC)S(=O)(=O)[O-],0
TOX21NRAR-04131,CCCCCCOc1ccccc1C(N)=O,0
TOX21NRAR-04132,CC(=O)Nc1ccc(S(=O)(=O)Nc2ccc([N+](=O)[O-])cc2)cc1,0
TOX21NRAR-04133,CC[C@@H](C(=O)[C@@H](C)[C@@H](O)[C@H](C)CCc1ccc(C)c(O)c1C(=O)[O-])[C@H]1O[C@](CC)([C@H]2CC[C@](O)(CC)[C@H](C)O2)C[C@@H]1C,1
TOX21NRAR-04134,O=C1C(O)=C(O)C(=O)C(O)=C1O,0
TOX21NRAR-04135,CC(N)CCCC(C)(C)O,0
TOX21NRAR-04136,CCc1cn([C@H]2C[C@H](O)[C@@H](CO)O2)c(=O)[nH]c1=O,0
TOX21NRAR-04137,COc1ccc(-c2cc(=O)c3c(O)cc(O[C@@H]4O[C@H](CO[C@@H]5O[C@@H](C)[C@H](O)[C@@H](O)[C@H]5O)[C@@H](O)[C@H](O)[C@H]4O)cc3o2)cc1O,0
TOX21NRAR-04138,CCc1cccc(O)c1,0
TOX21NRAR-04139,O=C(c1ccccc1)c1ccc(O)cc1,0
TOX21NRAR-04140,Oc1ccc(C(=C(Cl)Cl)c2ccc(O)cc2)cc1,0
TOX21NRAR-04141,O=C(O)/C=C/c1ccccc1,0
TOX21NRAR-04142,O=C(NCCN1CCOCC1)c1ccc(Cl)cc1,1
TOX21NRAR-04143,CCCCCCCCCCCCOCCCN,0
TOX21NRAR-04144,CCc1cccc(CC)c1NC(=O)CN(CC(=O)O)CC(=O)O,0
TOX21NRAR-04145,COc1ccc(C(=O)CCC(=O)O)c2ccccc12,0
TOX21NRAR-04146,O=C(OCCO)c1ccccc1O,0
TOX21NRAR-04147,O=C([O-])CC(S[Au])C(=O)[O-],0
TOX21NRAR-04148,CCC(=O)O[C@H]1CC[C@H]2[C@@H]3CCc4cc(O)ccc4[C@H]3CC[C@]12C,1
TOX21NRAR-04149,O=C(O)c1cc2ccccc2c(Cc2c(O)c(C(=O)O)cc3ccccc23)c1O,0
TOX21NRAR-04150,CCOc1ccc(C[C@H]2NC(=O)CCSSC[C@@H](C(=O)N3CCC[C@H]3C(=O)N[C@@H](CCCN)C(=O)NCC(N)=O)NC(=O)[C@H](CC(N)=O)NC(=O)[C@H]([C@@H](C)O)NC(=O)[C@H]([C@@H](C)CC)NC2=O)cc1,0
TOX21NRAR-04151,CCCC1([C@H](O)C/C=C/[C@H]2[C@H](O)CC(=O)[C@@H]2CCCCCCC(=O)OC)CCC1,0
TOX21NRAR-04152,CSCC[C@H](NC(=O)[C@H](Cc1c[nH]c2ccccc12)NC(=O)CCNC(=O)OC(C)(C)C)C(=O)N[C@@H](CC(=O)O)C(=O)N[C@@H](Cc1ccccc1)C(N)=O,0
TOX21NRAR-04153,C1CNCCN1.C[C@H](CCC(=O)O)[C@H]1CC[C@H]2[C@H]3[C@H](C[C@H](O)[C@@]21C)[C@@]1(C)CC[C@@H](O)C[C@H]1C[C@H]3O,0
TOX21NRAR-04154,CN1[C@H]2CC[C@@H]1C[C@H](OC(c1ccccc1)c1ccccc1)C2,0
TOX21NRAR-04155,CC(C)(C)c1ccc(CN2CCN(C(c3ccccc3)c3ccc(Cl)cc3)CC2)cc1,0
TOX21NRAR-04156,OC(CCN1CCCCC1)(c1ccccc1)c1ccccc1,0
TOX21NRAR-04157,O=C(O)CCc1nc2ccccc2[nH]1,0
TOX21NRAR-04158,CN1CCN(c2c(F)cc3c(=O)c(C(=O)O)cn(CCF)c3c2F)CC1,0
TOX21NRAR-04159,CC(C)=O,0
TOX21NRAR-04160,NC(=O)[C@@H]1CCCN1C(=O)[C@H](Cc1cnc[nH]1)NC(=O)[C@@H]1CCC(=O)N1,0
TOX21NRAR-04161,CC(O)Cn1cnc2c1c(=O)n(C)c(=O)n2C,0
TOX21NRAR-04162,O=NN(CCO)CCO,0
TOX21NRAR-04163,CCCCN(CCCC)N=O,0
TOX21NRAR-04164,C#CC1(O)CCCCC1,0
TOX21NRAR-04165,Nc1cccc2c(O)nnc(O)c12,0
TOX21NRAR-04166,OCC(F)(F)F,0
TOX21NRAR-04167,CC(=O)CN(CC(C)=O)N=O,0
TOX21NRAR-04168,CC(=O)C(C)(C)C,0
TOX21NRAR-04169,CN(C)S(=O)(=O)N(SC(F)(Cl)Cl)c1ccccc1,0
TOX21NRAR-04170,CC(C)CO,0
TOX21NRAR-04171,CCCCOCCOP(=O)(OCCOCCCC)OCCOCCCC,0
TOX21NRAR-04172,Nc1nc(CC(=O)O)cs1,0
TOX21NRAR-04173,Nc1nccs1,0
TOX21NRAR-04174,CN(C)CCCCl,0
TOX21NRAR-04175,Oc1cc(Cl)c(Cl)c(Cl)c1Cl,0
TOX21NRAR-04176,COc1cc(C[C@H](C)N)c(OC)cc1C,0
TOX21NRAR-04177,Cc1cc(OCCOCC[N+](C)(C)Cc2ccccc2)ccc1C(C)(C)CC(C)(C)C,0
TOX21NRAR-04178,[N-]=[N+]=C1C=Cc2c(cccc2S(=O)(=O)[O-])C1=O,0
TOX21NRAR-04179,Nc1cc(C(=O)O)ccc1Cl,0
TOX21NRAR-04180,COc1ccccc1OCC(O)COC(N)=O,0
TOX21NRAR-04181,CC(=O)N=c1sc(S(N)(=O)=O)nn1C,0
TOX21NRAR-04182,CCC1(CC)C(=O)NC(=O)N(C)C1=O,0
TOX21NRAR-04183,CC[C@@H](CO)NC(=O)[C@@H]1C=C2c3cccc4[nH]cc(c34)C[C@H]2N(C)C1,0
TOX21NRAR-04184,CN1C(C)(C)CC(O)CC1(C)C,0
TOX21NRAR-04185,CCCCOCCOC(=O)COc1ccc(Cl)cc1Cl,0
TOX21NRAR-04186,CCCC/C=C\CCCCCCCCCC=O,0
TOX21NRAR-04187,CCCC/C=C/CCCCO,0
TOX21NRAR-04188,CCC1(CC)C(=O)N=C([O-])NC1=O,0
TOX21NRAR-04189,O=C1CC(=O)NC(=O)N1,0
TOX21NRAR-04190,COP(=S)(OC)SCn1nnc2ccccc2c1=O,0
TOX21NRAR-04191,c1ccc(N=Nc2ccccc2)cc1,0
TOX21NRAR-04192,CC1=C(C(=O)OC(C)C)C(c2cccc([N+](=O)[O-])c2)C(C(=O)OC2CN(C(c3ccccc3)c3ccccc3)C2)=C(N)N1,0
TOX21NRAR-04193,[N-]=[N+]=[N-],0
TOX21NRAR-04194,Cc1cn([C@H]2C[C@H](N=[N+]=[N-])[C@@H](CO)O2)c(=O)[nH]c1=O,0
TOX21NRAR-04195,C/C(=C\c1ccccc1)[N+](=O)[O-],0
TOX21NRAR-04196,CCCCN(CCO)CCO,0
TOX21NRAR-04197,N#CCc1ccc(Cl)cc1Cl,0
TOX21NRAR-04198,C=C1CC[C@H]2C[C@@H]1C2(C)C,0
TOX21NRAR-04199,CCOC(=O)Cc1ccccc1,0
TOX21NRAR-04200,Cc1cc(O)c(C(C)C)cc1Cl,0
TOX21NRAR-04201,O=c1[nH]c2ccc(Cl)cc2o1,0
TOX21NRAR-04202,CC1CC(=O)NN=C1c1ccc(NCC(C)(C)NCC(O)COc2cc(Cl)ccc2C#N)cc1,0
TOX21NRAR-04203,CC(C)CCC(=O)CCC(C)C,0
TOX21NRAR-04204,O=C(O)COc1ccccc1,0
TOX21NRAR-04205,O=C1CCN(c2ccccc2)N1,0
TOX21NRAR-04206,CC(C)=CCC1=C(O)C(=O)c2ccccc2C1=O,0
TOX21NRAR-04207,C#CCOc1ccc2c(C)cc(=O)oc2c1,1
TOX21NRAR-04208,Cc1cc(C)c(NC(=O)CN(CC(=O)O)CC(=O)O)c(C)c1Br,0
TOX21NRAR-04209,CC/C=C\CCOC(=O)c1ccccc1O,0
TOX21NRAR-04210,CC(C)(O)CCC(C)(C)O,0
TOX21NRAR-04211,CCCCCCCCCCCCCC(=O)OC(C)C,0
TOX21NRAR-04212,CC(=O)OC1CCCCC1C(C)(C)C,0
TOX21NRAR-04213,Cc1oncc1C(=O)Nc1ccc(C(F)(F)F)cc1,0
TOX21NRAR-04214,Cc1c(OCC(F)(F)F)ccnc1CS(=O)c1nc2ccccc2[nH]1,0
TOX21NRAR-04215,CC(C)CCC[C@@H](C)[C@H]1CC[C@H]2[C@@H]3CC[C@@H]4C[C@H](O)CC[C@]4(C)[C@H]3CC[C@@]21C,0
TOX21NRAR-04216,C=C[C@]1(C)C[C@@H](OC(=O)CSCCN(CC)CC)[C@]2(C)C(C)CC[C@]3(CCC(=O)[C@H]32)[C@@H](C)[C@@H]1O,0
TOX21NRAR-04217,CO/N=C(\C(=O)N[C@@H]1C(=O)N2C(C(=O)O)=C(CSC(=O)c3ccco3)CS[C@H]12)c1csc(N)n1,0
TOX21NRAR-04218,NC(=O)N[C@@H](CCC(=O)O)C(=O)O,0
TOX21NRAR-04219,O=C1CC[C@@H](C(=O)N[C@H]2C[C@@H]2c2ccccc2)N1,0
TOX21NRAR-04220,CC(=O)Nc1ccc(OC(C)=O)cc1,0
TOX21NRAR-04221,CC1CCCCN1CCCOC(=O)c1ccccc1,0
TOX21NRAR-04222,O=C1C(=Cc2cccs2)CCCC1=Cc1cccs1,0
TOX21NRAR-04223,C(=Cc1ccncc1)c1ccccc1,0
TOX21NRAR-04224,c1ccc2c(c1)Sc1ccccc1N2CCN1CCCC1,0
TOX21NRAR-04225,CNC(=O)Oc1ccccc1C(=O)Nc1ccccc1,0
TOX21NRAR-04226,CCOC(=O)c1cc(-c2ccccc2)nc2ccc(C)cc12,0
TOX21NRAR-04227,OCC1(CO)COC(C(Cl)(Cl)Cl)OC1,0
TOX21NRAR-04228,CCCCCCCCCCCC(=O)N(C)CC(=O)O,0
TOX21NRAR-04229,ON=CC=NO,0
TOX21NRAR-04230,CC(Oc1ccc(Oc2ncc(C(F)(F)F)cc2Cl)cc1)C(=O)O,0
TOX21NRAR-04231,CC(C)c1cccc(C(C)C)c1NC(=O)[N-]S(=O)(=O)c1cc(C(C)(C)O)co1,0
TOX21NRAR-04232,CCOc1ccc2[nH]cc(C(=O)NCc3ccccc3)c(=O)c2n1,0
TOX21NRAR-04233,c1ccc(C(O[C@@H]2CCCN(CCc3ccc4c(c3)OCO4)C2)c2ccccc2)cc1,0
TOX21NRAR-04234,COc1ccc(OC(F)(F)F)cc1CN[C@H]1CCCN[C@H]1c1ccccc1,0
TOX21NRAR-04235,CCc1nn(C2CCCCC2)c2cc([C@]3(C#N)CC[C@@H](C(=O)O)CC3)ccc12,0
TOX21NRAR-04236,O=C(N[C@@H](Cc1ccccc1)[C@@H](O)C(=O)N1C[C@H](O)[C@H](O)C1)c1cc2cc(Cl)ccc2[nH]1,0
TOX21NRAR-04237,Clc1cc(Cl)c2c(c1)N=C1CCCCCN1C2,0
TOX21NRAR-04238,CN(C(=O)Cc1cccc2occc12)[C@H]1CC[C@@]2(CCCO2)C[C@@H]1N1CCCC1,0
TOX21NRAR-04239,CCCCCCCCCCCCCCCCn1cc[n+](C)c1,0
TOX21NRAR-04240,CCCCCc1ccc(N)cc1,0
TOX21NRAR-04241,O=C(O)c1cc(-c2ccccc2)nc2ccccc12,0
TOX21NRAR-04242,Cc1ccc(Cl)cc1Cl,0
TOX21NRAR-04243,CC(C)(C)c1ccc(C(=O)O)cc1,0
TOX21NRAR-04244,CO[Si](OC)(OC)c1ccccc1,0
TOX21NRAR-04245,CCOC(=O)CC(O)(CC(=O)OCC)C(=O)OCC,0
TOX21NRAR-04246,CCCCCCc1ccc(N)cc1,0
TOX21NRAR-04247,O=C(O)C1C2CCC(O2)C1C(=O)O,0
TOX21NRAR-04248,CCOP(=S)(OCC)SCSP(=S)(OCC)OCC,0
TOX21NRAR-04249,CCOCCO,0
TOX21NRAR-04250,O=P(O)(O)CCCl,0
TOX21NRAR-04251,O=P(OCCCl)(OCCCl)OCCCl,0
TOX21NRAR-04252,CCCCC(CC)COP(=O)(OCC(CC)CCCC)OCC(CC)CCCC,1
TOX21NRAR-04253,O=Cc1ccc(CO)o1,0
TOX21NRAR-04254,Oc1cc(O)c(Cl)cc1Cl,0
TOX21NRAR-04255,NC(=O)C(Cl)Cl,0
TOX21NRAR-04256,CC(Cl)C(C)Cl,0
TOX21NRAR-04257,C[Si](C)(CCCN)O[Si](C)(C)CCCN,0
TOX21NRAR-04258,COC(=O)c1ccc(C(=O)OC)c(C(=O)OC)c1,0
TOX21NRAR-04259,C=CC(=O)OCCCCO,0
TOX21NRAR-04260,O=CN(CCO)CCO,0
TOX21NRAR-04261,C=CC(=O)OCCCCCCCC,0
TOX21NRAR-04262,On1nnc2ccccc21,0
TOX21NRAR-04263,O=c1n(CCCN2CCN(c3cccc(Cl)c3)CC2)nc2ccccn12,0
TOX21NRAR-04264,O=C(COCCOCCOCC(=O)Nc1c(I)cc(I)c(C(=O)O)c1I)Nc1c(I)cc(I)c(C(=O)O)c1I,0
TOX21NRAR-04265,O=C(O)Cc1cccc(-c2cc(CCCCCCc3ccc(O[C@H]4O[C@H](CO)[C@@H](O)[C@H](O)[C@@H]4O)c(-c4cccc(CC(=O)O)c4)c3)ccc2O[C@H]2O[C@H](CO)[C@@H](O)[C@H](O)[C@@H]2O)c1,0
TOX21NRAR-04266,Cc1ccccc1C(=O)Nc1ccc(C(=O)N2CCCC(O)c3cc(Cl)ccc32)c(C)c1,0
TOX21NRAR-04267,C[N+]1(CC2COC(c3ccccc3)(c3ccccc3)O2)CCCCC1,0
TOX21NRAR-04268,O=C(CCCCCCCCC#CI)Oc1ccccc1,0
TOX21NRAR-04269,O=P(O)(O)C(O)(Cc1cnc2ccccn12)P(=O)(O)O,0
TOX21NRAR-04270,O=C(CCC1CCN(Cc2ccccc2)CC1)c1ccc2c(c1)NCCCC2,0
TOX21NRAR-04271,CCCCNc1ccc(C(=O)OCC[NH+](CC)CC)cc1,0
TOX21NRAR-04272,CCOC(=O)c1ncn2c1CN(C)C(=O)c1c(I)cccc1-2,0
TOX21NRAR-04273,Cc1cccc(C)c1N(CCCc1cccnc1)C(=O)C(C)N,0
TOX21NRAR-04274,CCc1ccc(C(=O)C(C)CN2CCCCC2)cc1,0
TOX21NRAR-04275,[2H]C([2H])([2H])[C@H](N)Cc1ccccc1.[2H]C([2H])([2H])[C@H](N)Cc1ccccc1,0
TOX21NRAR-04276,NC1CCN(c2nc3c(cc2F)c(=O)c(C(=O)O)cn3-c2ccc(F)cc2F)C1,0
TOX21NRAR-04277,CCOC(=O)C1(c2ccccc2)CCN(CCC(C#N)(c2ccccc2)c2ccccc2)CC1,0
TOX21NRAR-04278,C#CCN[C@@H]1CCc2ccccc21,0
TOX21NRAR-04279,Nc1ccn([C@@H]2O[C@H](CO)[C@@H](O)C2(F)F)c(=O)n1,0
TOX21NRAR-04280,Cc1ncc2n1-c1ccc(Cl)cc1C(c1ccccc1F)=NC2,0
TOX21NRAR-04281,C=CCN1CC[C@]23c4c5ccc(O)c4O[C@H]2[C@@H](O)C=C[C@H]3[C@H]1C5,0
TOX21NRAR-04282,O=C(OCCN1CCCCC1)C(O)(c1ccccc1)c1ccccc1,0
TOX21NRAR-04283,CC(=O)c1ccc2c(c1)N(CCCN1CCN(CCO)CC1)c1ccccc1S2,0
TOX21NRAR-04284,CN(C)C,0
TOX21NRAR-04285,CCCC(=O)c1cc(O)c(O)cc1O,0
TOX21NRAR-04286,Oc1cccc2cc3cccc(O)c3c(O)c12,0
TOX21NRAR-04287,CC=C(Cl)Cl,0
TOX21NRAR-04288,O=C(O)c1ccc2c(c1)C(=O)OC2=O,0
TOX21NRAR-04289,C1=CC2C3C=CC(C3)C2C1,0
TOX21NRAR-04290,O=C(OC1CCCCC1)c1ccccc1C(=O)OC1CCCCC1,0
TOX21NRAR-04291,CC1(C)[C@H]2CC[C@]1(C)[C@H](O)C2,0
TOX21NRAR-04292,C=CC(N)=O,0
TOX21NRAR-04293,O=C(O)c1cc(Oc2ccc(C(F)(F)F)cc2Cl)ccc1[N+](=O)[O-],0
TOX21NRAR-04294,C=CC=O,0
TOX21NRAR-04295,CC(=O)Nc1ccc(CC(=O)O)cc1,0
TOX21NRAR-04296,CC(=O)N[C@@H](CS)C(=O)O,0
TOX21NRAR-04297,C=CC#N,0
TOX21NRAR-04298,c1ccc(NNc2ccccc2)cc1,0
TOX21NRAR-04299,NS(=O)(=O)c1cc2c(cc1Cl)NCNS2(=O)=O,0
TOX21NRAR-04300,C[C@]12C[C@H](O)[C@H]3[C@@H](CCC4=CC(=O)CC[C@@]43C)[C@@H]1CC[C@]2(O)C(=O)CO,1
TOX21NRAR-04301,Oc1ccc(OCc2ccccc2)cc1,0
TOX21NRAR-04302,Oc1ccc(O)cc1,0
TOX21NRAR-04303,[Zn+2],0
TOX21NRAR-04304,CC[C@@H]1C=C(C)C[C@H](C)C[C@H](OC)[C@H]2O[C@@](O)(C(=O)C(=O)N3CCCC[C@H]3C(=O)O[C@H](/C(C)=C/[C@@H]3CC[C@@H](Cl)[C@H](OC)C3)[C@H](C)[C@@H](O)CC1=O)[C@H](C)C[C@@H]2OC,0
TOX21NRAR-04305,CC(C)(C)C(O)(CCc1ccc(Cl)cc1)Cn1cncn1,0
TOX21NRAR-04306,O=C(O)c1cccnc1Nc1cccc(C(F)(F)F)c1,0
TOX21NRAR-04307,O=[N+]([O-])/N=C1\NCCN1Cc1ccc(Cl)nc1,0
TOX21NRAR-04308,OC(c1ccccc1)(c1ccccc1)C1CCNCC1,0
TOX21NRAR-04309,O=C(O)CCC(=O)Nc1ccc(S(=O)(=O)Nc2nccs2)cc1,0
TOX21NRAR-04310,C=CCOC(=O)/C=C\C(=O)OCC=C,0
TOX21NRAR-04311,Nc1ccc(S(=O)(=O)NC(=O)c2ccccc2)cc1,0
TOX21NRAR-04312,CC(C)c1cccc(C(C)C)c1,0
TOX21NRAR-04313,O=C(Cl)c1cccc(C(=O)Cl)c1,0
TOX21NRAR-04314,O=C(O)c1ccc(O)cc1,0
TOX21NRAR-04315,Cc1ccc(C(C)C)cc1,0
TOX21NRAR-04316,O=C(O)c1cc(-c2ccc(F)cc2F)ccc1O,0
TOX21NRAR-04317,C[SiH](C)O[Si](C)(C)O[Si](C)(C)O[SiH](C)C,0
TOX21NRAR-04318,COC(C(=O)O)c1ccccc1,0
TOX21NRAR-04319,O=C(O)C(Br)Br,0
TOX21NRAR-04320,COc1ccc(C(c2ccc(OC)cc2)C(Cl)(Cl)Cl)cc1,0
TOX21NRAR-04321,COc1cccc(O)c1O,0
TOX21NRAR-04322,COc1cc2c(cc1N)oc1ccccc12,0
TOX21NRAR-04323,CN(Cc1cnc2nc(N)nc(N)c2n1)c1ccc(C(=O)N[C@@H](CCC(=O)O)C(=O)O)cc1,0
TOX21NRAR-04324,Cn1cc[nH]c1=S,0
TOX21NRAR-04325,CC(=O)Oc1ccccc1C(=O)Nc1ncc([N+](=O)[O-])s1,0
TOX21NRAR-04326,CC(=O)Nc1c(I)cc(I)c(C(=O)O)c1I,0
TOX21NRAR-04327,CCn1cc(C(=O)O)c(=O)c2cc(F)c(N3CCNCC3)cc21,0
TOX21NRAR-04328,CC=CC=O,0
TOX21NRAR-04329,CC(C)[C@@H](C)/C=C/[C@@H](C)[C@H]1CC[C@H]2/C(=C/C=C3\C[C@@H](O)CC[C@@H]3C)CCC[C@@]21C,0
TOX21NRAR-04330,CN(C)c1ccc(C2(c3ccc(N(C)C)cc3)OC(=O)c3cc(N(C)C)ccc32)cc1,0
TOX21NRAR-04331,Cc1ccc(OP(=O)(Oc2ccccc2)Oc2ccccc2)cc1,0
TOX21NRAR-04332,Cc1ccccc1OCC1CO1,0
TOX21NRAR-04333,CC(C)(OO)c1ccccc1,0
TOX21NRAR-04334,CCN(CC)CCN1C(=O)CN=C(c2ccccc2F)c2cc(Cl)ccc21,0
TOX21NRAR-04335,CC(CN1c2ccccc2Sc2ccc(S(=O)(=O)N(C)C)cc21)N(C)C,0
TOX21NRAR-04336,O=C([O-])P(=O)([O-])[O-],0
TOX21NRAR-04337,CC1(C)S[C@@H]2[C@H](NC(=O)[C@H](N)c3ccccc3)C(=O)N2[C@H]1C(=O)O,0
TOX21NRAR-04338,C=CS(=O)(=O)[O-],0
TOX21NRAR-04339,CN(C)CCOCCN(C)C,0
TOX21NRAR-04340,C1=CCC2CC=CC2C1,0
TOX21NRAR-04341,O=C(Oc1cccc2cccnc12)c1ccccc1,0
TOX21NRAR-04342,CC1(C)CC(O)CC(C)(C)N1[O],0
TOX21NRAR-04343,CC(C)(C#N)Nc1nc(Cl)nc(NC2CC2)n1,0
TOX21NRAR-04344,CC(C)CN(C[C@@H](O)[C@H](Cc1ccccc1)NC(=O)O[C@@H]1CCOC1)S(=O)(=O)c1ccc(N)cc1,0
TOX21NRAR-04345,CCOc1ccc(C(=O)OCCN(CC)CC)cc1,0
TOX21NRAR-04346,COC(=O)[C@H]1[C@H](OC(=O)c2ccccc2)C[C@@H]2CC[C@H]1N2C,0
TOX21NRAR-04347,CCCOC(=O)NCCCN(C)C,0
TOX21NRAR-04348,C[C@]12C[C@H](O)[C@H]3[C@@H](C[C@H](F)C4=CC(=O)C=C[C@@]43C)[C@@H]1CC[C@]2(O)C(=O)CO,1
TOX21NRAR-04349,Nc1ccc(C(=O)[O-])c(O)c1,0
TOX21NRAR-04350,C1CCC(SSC2CCCCC2)CC1,0
TOX21NRAR-04351,CCCCCCCCCC(C)C=O,0
TOX21NRAR-04352,CC(=O)c1nccs1,0
TOX21NRAR-04353,C=CCCCCCCCCC(=O)OCCCC,0
TOX21NRAR-04354,O=C1CCCCCCCCCCCCCCCO1,0
TOX21NRAR-04355,CCCCCCOC(=O)CCCCCCCC(=O)OCCCCCC,0
TOX21NRAR-04356,CCCCCCCCCCCCCCCC[N+](C)(C)CC,0
TOX21NRAR-04357,C[C@]12C(=O)OC(=O)[C@@]1(C)C1CCC2O1,0
TOX21NRAR-04358,CCNC(=O)C(C)OC(=O)Nc1ccccc1,0
TOX21NRAR-04359,C[C@@H]1OC(=O)C[C@H](O)C[C@H](O)CC[C@@H](O)[C@H](O)C[C@H](O)C[C@]2(O)C[C@H](O)[C@@H](C(=O)O)[C@H](C[C@@H](O[C@@H]3O[C@H](C)[C@@H](O)[C@H](N)[C@@H]3O)C=CC=CC=CC=CC=CC=CC=C[C@H](C)[C@@H](O)[C@H]1C)O2,0
TOX21NRAR-04360,Cc1ncc(C[n+]2csc(CCOP(=O)(O)O)c2C)c(N)n1,0
TOX21NRAR-04361,Cc1c(C)c2c(c(C)c1OC(=O)c1cccnc1)CC[C@@](C)(CCC[C@H](C)CCC[C@H](C)CCCC(C)C)O2,0
TOX21NRAR-04362,Cc1ccc(S(=O)(=O)NC(=O)NC2CCCC2)cc1,0
TOX21NRAR-04363,Cc1ccc(S(=O)(=O)NC(=O)NC2CCCCCCC2)cc1,0
TOX21NRAR-04364,NC(=S)N/N=C/c1cccnc1,0
TOX21NRAR-04365,CC(=O)Nc1ncc([N+](=O)[O-])s1,0
TOX21NRAR-04366,Cc1cc(NS(=O)(=O)c2ccc(N)cc2)nc(C)n1,0
TOX21NRAR-04367,OC1CCCC1,0
TOX21NRAR-04368,CC(=O)OCC(=O)[C@@]1(O)CC[C@H]2[C@@H]3CCC4=CC(=O)CC[C@]4(C)[C@H]3C(=O)C[C@@]21C,0
TOX21NRAR-04369,CN1CCN(C2=Nc3ccccc3Sc3ccc(Cl)cc32)CC1,0
TOX21NRAR-04370,C[C@]12CC(=O)[C@H]3[C@@H](CCC4=CC(=O)CC[C@@]43C)[C@@H]1CC[C@]2(O)C(=O)CO,1
TOX21NRAR-04371,CN1CCN(C2=Nc3cc(Cl)ccc3Nc3ccccc32)CC1,0
TOX21NRAR-04372,O=C(O)c1cc(O)c2c(c1)C(=O)c1cccc(O)c1C2=O,0
TOX21NRAR-04373,O=c1nc([O-])n(Cl)c(=O)n1Cl,0
TOX21NRAR-04374,CCCCN(CCCC)c1ccc(C(=O)c2ccccc2C(=O)O)c(O)c1,0
TOX21NRAR-04375,CC(C(=O)O)c1ccc2c(c1)[nH]c1ccc(Cl)cc12,0
TOX21NRAR-04376,COC(=O)c1ccc(C=O)cc1,0
TOX21NRAR-04377,Cc1ccco1,0
TOX21NRAR-04378,CC(C#N)CCC#N,0
TOX21NRAR-04379,CC(=O)N[C@@H](CC(C)C)C(=O)O,0
TOX21NRAR-04380,Cc1c[nH]cn1,0
TOX21NRAR-04381,CCCCCC(O)/C=C/C=O,0
TOX21NRAR-04382,Cn1c(=O)c2c(ncn2C)n(C)c1=O.O=C(O)CC(O)(CC(=O)O)C(=O)O,0
TOX21NRAR-04383,CC(CCc1ccccc1)NCC(O)c1ccc(O)c(C(N)=O)c1,0
TOX21NRAR-04384,Cn1c([N+](=O)[O-])cnc1COC(N)=O,0
TOX21NRAR-04385,OC(c1ccc(F)cc1)(c1cncnc1)c1ccccc1Cl,0
TOX21NRAR-04386,c1cc(OCC2CO2)ccc1Cc1ccc(OCC2CO2)cc1,0
TOX21NRAR-04387,Oc1ccccc1[Hg]Cl,0
TOX21NRAR-04388,C[C@@H]1O[C@@H]1P(=O)([O-])[O-],0
TOX21NRAR-04389,COc1c(N2CCNC(C)C2)c(F)cc2c(=O)c(C(=O)O)cn(C3CC3)c12,0
TOX21NRAR-04390,COC(=O)c1cncn1C(C)c1ccccc1,0
TOX21NRAR-04391,COc1cc(NCCCC(C)N)c2ncccc2c1,0
TOX21NRAR-04392,N[C@H]1[C@@H]2CN(c3nc4c(cc3F)c(=O)c(C(=O)O)cn4-c3ccc(F)cc3F)C[C@H]12,0
TOX21NRAR-04393,c1ccc(-c2nc[nH]c2-c2ccccc2)cc1,0
TOX21NRAR-04394,NC(=O)N1c2ccccc2CC(=O)c2ccccc21,0
TOX21NRAR-04395,CCN(CC)CC(=O)Nc1c(C)cc(C)cc1C,0
TOX21NRAR-04396,CC(=O)NCCCCCC(=O)O,0
TOX21NRAR-04397,O=C(O)c1cc(=O)c2ccccc2o1,0
TOX21NRAR-04398,CN1CCN(c2c(F)cc3c(=O)c(C(=O)O)cn4c3c2SCC4)CC1,0
TOX21NRAR-04399,CNC(=O)OCc1cccc(COC(=O)NC)n1,0
TOX21NRAR-04400,O=C(O)CCCCCCCCCCCBr,0
TOX21NRAR-04401,C=C1C(=O)O[C@H]2[C@H]1CCC(C)=CCC[C@@]1(C)O[C@@H]21,0
TOX21NRAR-04402,C=C1/C(=C\C=C2/CCC[C@@]3(C)[C@H]2CC[C@@H]3[C@H](C)/C=C/[C@H](C)C(C)C)C[C@@H](O)C[C@@H]1O,0
TOX21NRAR-04403,CCCN(CC)CC1COC2(CCC(C(C)(C)C)CC2)O1,0
TOX21NRAR-04404,CCCN(CCC)c1c([N+](=O)[O-])cc(C(F)(F)F)c(N)c1[N+](=O)[O-],0
TOX21NRAR-04405,COc1cccc2c1[C@@H]1CN(CCCCn3c(=O)[nH]c4c(sc5ncc(-c6ccccc6)nc54)c3=O)C[C@@H]1CO2,0
TOX21NRAR-04406,C[C@@H]1C[C@H]2C3C[C@H](F)C4=CC(=O)C=CC4(C)[C@@]3(F)[C@@H](O)CC2(C)[C@@]1(O)C(=O)COC(=O)C(C)(C)C,1
TOX21NRAR-04407,COc1ccc(C(=O)Nc2ccccc2CCC2CCCCN2C)cc1,0
TOX21NRAR-04408,CC(C)C(=O)c1c(C(C)C)nn2ccccc12,0
TOX21NRAR-04409,CCNC(=O)[C@@H]1CCCN1C(=O)[C@H](CCCNC(=N)N)NC(=O)[C@H](CC(C)C)NC(=O)[C@@H](CC(C)C)NC(=O)[C@H](Cc1ccc(O)cc1)NC(=O)[C@H](CO)NC(=O)[C@H](Cc1c[nH]c2ccccc12)NC(=O)[C@H](Cc1cnc[nH]1)NC(=O)[C@@H]1CCC(=O)N1,0
TOX21NRAR-04410,CCCCCCCCCCCCCCCCSCC(COC)COP(=O)([O-])OCC[N+](C)(C)C,0
TOX21NRAR-04411,C[C@@H]1[C@@H]2Cc3ccc(O)cc3[C@@]1(C)CCN2CC1CC1,0
TOX21NRAR-04412,CCN(CC)CCn1c(=O)c(Cc2ccc(OC)cc2)nc2ccccc21,0
TOX21NRAR-04413,CCCCOCC1CO1,0
TOX21NRAR-04414,CC(C)(C)OC=O,0
TOX21NRAR-04415,CCCCn1cc[n+](C)c1C.O=S(=O)([O-])C(F)(F)F,0
TOX21NRAR-04416,CC(C)(C)OOC(=O)c1ccccc1,0
TOX21NRAR-04417,O=C1[N-]C(=O)c2ccccc21,0
TOX21NRAR-04418,C=C[Si](OCCOC)(OCCOC)OCCOC,0
TOX21NRAR-04419,CCCCCCCCCCCl,0
TOX21NRAR-04420,CC(C)[N+](C)(CCOC(=O)C1c2ccccc2Oc2ccccc21)C(C)C,0
TOX21NRAR-04421,CCCN(CCC)C(=O)C(CCC(=O)O)NC(=O)c1ccccc1,0
TOX21NRAR-04422,CCC1(c2ccccc2)C(=O)NCNC1=O,0
TOX21NRAR-04423,CCC(C)(C)OC,0
TOX21NRAR-04424,C[C@]12CC[C@H]3[C@@H](CCC4=CC(=O)CC[C@@]43C)[C@@H]1CCC2=O,1
TOX21NRAR-04425,CCCCCON=O,0
TOX21NRAR-04426,CN(N=O)C(N)=O,0
TOX21NRAR-04427,COc1cccc(N)c1,0
TOX21NRAR-04428,CC(C)=CCCC(C)CCOC=O,0
TOX21NRAR-04429,CN(C)CCC=C1c2ccccc2CCc2ccccc21,0
TOX21NRAR-04430,CO[C@H]1C=CO[C@@]2(C)Oc3c(C)c(O)c4c(O)c(c(/C=N/N5CCN(C6CCCC6)CC5)c(O)c4c3C2=O)NC(=O)C(C)=CC=C[C@H](C)[C@H](O)[C@@H](C)[C@@H](O)[C@@H](C)[C@H](OC(C)=O)[C@@H]1C,0
TOX21NRAR-04431,CC[C@H]1OC(=O)[C@H](C)[C@@H](O[C@H]2C[C@@](C)(OC)[C@@H](O)[C@H](C)O2)[C@H](C)[C@@H](O[C@@H]2O[C@H](C)C[C@H](N(C)C)[C@H]2O)[C@](C)(O)C[C@@H](C)C(=NOCOCCOC)[C@H](C)[C@@H](O)[C@]1(C)O,0
TOX21NRAR-04432,CCC(=O)c1ccccc1,0
TOX21NRAR-04433,CC(C)(C)c1ccc(OC(=O)c2ccccc2O)cc1,0
TOX21NRAR-04434,CCOC(=O)C(=O)OCC,0
TOX21NRAR-04435,O=S(=O)(O)c1ccc(Cl)cc1,0
TOX21NRAR-04436,O=C(Nc1ccccc1)c1cc(Cl)ccc1O,0
TOX21NRAR-04437,CCO[Si](CCCS)(OCC)OCC,0
TOX21NRAR-04438,CNC(=O)Oc1cccc2c1OC(C)(C)O2,0
TOX21NRAR-04439,CC(C)OP(=S)(OC(C)C)SCCNS(=O)(=O)c1ccccc1,0
TOX21NRAR-04440,O=C1O[C@H]([C@@H](O)CO)C([O-])=C1O,0
TOX21NRAR-04441,O=C1O[C@H]([C@@H](O)CO)C(O)=C1O,0
TOX21NRAR-04442,COC(=O)[C@H](Cc1ccccc1)NC(=O)[C@@H](N)CC(=O)O,0
TOX21NRAR-04443,C1C2OC2C2C1C1CC2C2OC12,0
TOX21NRAR-04444,ClC1=C(Cl)[C@]2(Cl)[C@@H]3[C@@H]4C[C@H]([C@@H]3[C@@]1(Cl)C2(Cl)Cl)[C@H]1O[C@@H]41,0
TOX21NRAR-04445,OC(c1ccc(Cl)cc1)(c1ccc(Cl)cc1)C(Cl)(Cl)Cl,0
TOX21NRAR-04446,O1[As]2O[As]3O[As]1O[As](O2)O3,1
TOX21NRAR-04447,CC(=O)Oc1ccccc1C(=O)O,0
TOX21NRAR-04448,CCOP(=S)(OCC)Oc1nc(Cl)c(Cl)cc1Cl,0
TOX21NRAR-04449,CCN(CC)C(C)=O,0
TOX21NRAR-04450,O=S(=O)([O-])O.[Na+],0
TOX21NRAR-04451,Cc1cc(CC(=O)[O-])n(C)c1C(=O)c1ccc(Cl)cc1,1
TOX21NRAR-04452,N#C[N-]C#N,0
TOX21NRAR-04453,COCCOC(=O)C1=C(C)NC(C)=C(C(=O)OC/C=C/c2ccccc2)C1c1cccc([N+](=O)[O-])c1,0
TOX21NRAR-04454,c1cnc2c(c1)ccc1cccnc12,0
TOX21NRAR-04455,ClSC(Cl)(Cl)Cl,0
TOX21NRAR-04456,CCC=CC#N,0
TOX21NRAR-04457,CC=CCC#N,0
TOX21NRAR-04458,CCCCCC[C@@H](O)C/C=C\CCCCCCCC(=O)O,0
TOX21NRAR-04459,CCC(C)(NC(=O)c1cc(Cl)c(C)c(Cl)c1)C(=O)CCl,0
TOX21NRAR-04460,CO/N=C(/C(=O)OC)c1ccccc1CON=C(C)c1cccc(C(F)(F)F)c1,0
TOX21NRAR-04461,NCCO.O=C(O)c1nc(Cl)ccc1Cl,0
TOX21NRAR-04462,O=c1oc2ccccc2c(O)c1C(CC(O)c1ccc(-c2ccc(Br)cc2)cc1)c1ccccc1,0
TOX21NRAR-04463,N[Pt](N)(Cl)Cl,0
TOX21NRAR-04464,O=C(O)c1ccc(Cl)c(Cl)c1,0
TOX21NRAR-04465,O=S(=O)(c1ccc(Cl)cc1)c1ccc(Cl)cc1,0
TOX21NRAR-04466,CC1(C)C(=O)N(Cl)C(=O)N1Cl,0
TOX21NRAR-04467,C=CCOC(=O)COCCC(C)C,0
TOX21NRAR-04468,CC[C@H](C)COC(=O)/C=C/c1ccc(/N=C/c2ccc(OC)cc2)cc1,0
TOX21NRAR-04469,O=Cc1cccc(Oc2ccccc2)c1,0
TOX21NRAR-04470,Cc1ccc2oc(=O)ccc2c1,0
TOX21NRAR-04471,CCCC[Sn](CCCC)(CCCC)OC(=O)c1ccccc1,0
TOX21NRAR-04472,CCOC(=S)SSC(=S)OCC,0
TOX21NRAR-04473,CCCCCCCCCC[N+](C)(CCCCCCCCCC)CCC[Si](OC)(OC)OC,0
TOX21NRAR-04474,CC/C(=C(\c1ccccc1)c1ccc(OCCN(C)C)cc1)c1ccccc1,0
TOX21NRAR-04475,CC(=O)S[C@@H]1CC2=CC(=O)CC[C@]2(C)[C@H]2CC[C@@]3(C)[C@@H](CC[C@@]34CCC(=O)O4)[C@@H]21,1
TOX21NRAR-04476,N[C@H]1C(O)O[C@H](CO)[C@H](O)[C@@H]1O,0
TOX21NRAR-04477,CC[C@H]1CC[C@H](NCc2cc3c(cc2OC)[C@H]2C[C@H]2C(=O)N3C)[C@H](c2ccccc2)N1,0
TOX21NRAR-04478,NC(=O)Oc1ccc(Cc2ccccc2)cc1,0
TOX21NRAR-04479,CC(C)(C)C(=O)Oc1ccc(S(=O)(=O)Nc2ccccc2C(=O)NCC(=O)[O-])cc1,1
TOX21NRAR-04480,FC(F)(F)c1cccc(C2=CCN(CCc3ccc4ccccc4c3)CC2)c1,0
TOX21NRAR-04481,Oc1cn2c(n1)Nc1ccc(Cl)c(Cl)c1C2,0
TOX21NRAR-04482,C[C@@H]1C[C@H]2[C@@H]3CCC4=CC(=O)C=C[C@]4(C)[C@@]3(F)[C@@H](O)C[C@]2(C)[C@@]1(O)C(=O)COC(=O)c1cccc(S(=O)(=O)[O-])c1,1
TOX21NRAR-04483,COc1ccc(C(=O)/C(Br)=C\C(=O)O)cc1,0
TOX21NRAR-04484,CCCCCCCCCCCCCCCC(=O)OC[C@H](COP(=O)([O-])OCC[N+](C)(C)C)OC(=O)CCCCCCCCCCCCCCC,0
TOX21NRAR-04485,COC(=O)[C@H]1[C@H]2C[C@@H]3c4[nH]c5cc(OC)ccc5c4CCN3C[C@H]2C[C@@H](OC(=O)COc2ccc(OC)cc2)[C@@H]1OC,0
TOX21NRAR-04486,CN(Cc1ccccc1)Cc1ccccc1,0
TOX21NRAR-04487,O=C(NNCNNC(=O)c1ccncc1)c1ccncc1,0
TOX21NRAR-04488,O=C([O-])[C@H](CC(=O)N1C[C@H]2CCCC[C@H]2C1)Cc1ccccc1.O=C([O-])[C@H](CC(=O)N1C[C@H]2CCCC[C@H]2C1)Cc1ccccc1,0
TOX21NRAR-04489,CC(C)(COP(=O)([O-])OP(=O)([O-])OC[C@H]1O[C@@H](n2cnc3c(N)ncnc32)[C@H](O)[C@@H]1OP(=O)([O-])O)C(O)C(=O)NCCC(=O)NCCS,0
TOX21NRAR-04490,Clc1cc(Cl)c(Cl)cc1Cl,0
TOX21NRAR-04491,CCCCCCCOC(=O)CCC,0
TOX21NRAR-04492,CCOP(=S)(OCC)OP(=S)(OCC)OCC,0
TOX21NRAR-04493,CC(C)CCCCCCOC(=O)CCCCC(=O)OCCCCCCC(C)C,0
TOX21NRAR-04494,CCC(O)OCCCOC,0
TOX21NRAR-04495,CC(C)(C)c1n[nH]c(=S)n(N)c1=O,0
TOX21NRAR-04496,O=[N+]([O-])c1cc(C2CCCCC2)c(O)c([N+](=O)[O-])c1,0
TOX21NRAR-04497,O=[N+]([O-])c1cccc([N+](=O)[O-])c1,0
TOX21NRAR-04498,O=[N+]([O-])c1ccccc1[N+](=O)[O-],0
TOX21NRAR-04499,CCCc1nc2c(C)cc(-c3nc4ccccc4n3C)cc2n1Cc1ccc(-c2ccccc2C(=O)O)cc1,0
TOX21NRAR-04500,Cc1ccc(O)cc1C,0
TOX21NRAR-04501,Cc1cccc(C)c1O,0
TOX21NRAR-04502,CC(=O)c1ccc(S(=O)(=O)NC(=O)NC2CCCCC2)cc1,0
TOX21NRAR-04503,CC(=O)Nc1ccc(O)cc1,0
TOX21NRAR-04504,CC(N)=O,0
TOX21NRAR-04505,CC=O,0
TOX21NRAR-04506,COC(=O)/C=C\C(=O)OC,0
TOX21NRAR-04507,O=C(Nc1ccc(Cl)c(Cl)c1)c1cc(Cl)cc(Cl)c1O,0
TOX21NRAR-04508,Cc1cc(SCc2sc(-c3ccc(C(F)(F)F)c(F)c3)nc2C)ccc1OCC(=O)O,0
TOX21NRAR-04509,CC#N,0
TOX21NRAR-04510,COc1cc(Br)c(C[N+]2(CCOCCC3CCC4CC3C4(C)C)CCOCC2)cc1OC,0
TOX21NRAR-04511,c1ccc(CCCc2ccncc2)cc1,0
TOX21NRAR-04512,CC(=O)Nc1ccc(C)cc1C,0
TOX21NRAR-04513,CC1(C)S[C@@H]2[C@H](NC(=O)[C@@H](c3ccccc3)S(=O)(=O)[O-])C(=O)N2[C@H]1C(=O)[O-],0
TOX21NRAR-04514,Oc1cccc(-c2c3nc(c(-c4cccc(O)c4)c4ccc([nH]4)c(-c4cccc(O)c4)c4ccc(n4)c(-c4cccc(O)c4)c4ccc2[nH]4)CC3)c1,0
TOX21NRAR-04515,N[C@@H](CCC(=O)N[C@@H](CSSC[C@H](NC(=O)CC[C@H](N)C(=O)O)C(=O)NCC(=O)O)C(=O)NCC(=O)O)C(=O)O,1
TOX21NRAR-04516,C[C@]12CCC(=O)C[C@@H]1CC[C@@H]1[C@@H]2CC[C@@]2(C)[C@H]1CC[C@]2(C)O,1
TOX21NRAR-04517,CCOC(=O)CC(C(C)=O)C(C)=O,0
TOX21NRAR-04518,Cc1c(C)c2c(c(C)c1OC(=O)CCC(=O)OCCO)CC[C@@](C)(CCC[C@H](C)CCC[C@H](C)CCCC(C)C)O2,0
TOX21NRAR-04519,CC(CC(c1ccccc1)c1ccccc1)NC(C)(C)C,0
TOX21NRAR-04520,Cc1cccc(N)n1,0
TOX21NRAR-04521,C=C(C)C(=O)OCC(C)(C)COC(=O)C(=C)C,0
TOX21NRAR-04522,O=C1NCCN1CCN1CCC(c2cn(-c3ccc(F)cc3)c3ccc(Cl)cc23)CC1,0
TOX21NRAR-04523,C[C@]12C[C@H](O)[C@H]3[C@@H](CCC4=CC(=O)C=C[C@@]43C)[C@@H]1CC[C@]2(O)C(=O)COC(=O)CCC(=O)O,1
TOX21NRAR-04524,CN(N=O)c1ccc([N+](=O)[O-])cc1,0
TOX21NRAR-04525,COc1cc(C(=O)OC(COCCC(C)C)CN2CCOCC2)cc(OC)c1OC,0
TOX21NRAR-04526,CC(=O)Oc1ccc(C2(c3ccc(OC(C)=O)cc3)Oc3ccccc3NC2=O)cc1,0
TOX21NRAR-04527,COc1ccc2c(C(=S)N(C)CC(=O)O)cccc2c1C(F)(F)F,0
TOX21NRAR-04528,CN1CCC(N(Cc2cccs2)c2ccccc2)CC1,0
TOX21NRAR-04529,O=C1[C@H]2[C@@H]3CC[C@@H](C3)[C@H]2C(=O)N1CCCCN1CCN(c2ncccn2)CC1,0
TOX21NRAR-04530,CC(COc1ccccc1)NN,0
TOX21NRAR-04531,CCCN(CCC)C(=O)C(CCC(=O)OCCCN1CCN(CCOC(=O)Cc2c(C)n(C(=O)c3ccc(Cl)cc3)c3ccc(OC)cc23)CC1)NC(=O)c1ccccc1,0
TOX21NRAR-04532,CCOP(=O)(CC)Oc1ccc([N+](=O)[O-])cc1,0
TOX21NRAR-04533,CC(C)(O)c1ccc(C(C)(C)O)cc1,0
TOX21NRAR-04534,O=C(Nc1ccc(Cl)cc1)Nc1ccc(Cl)c(Cl)c1,0
TOX21NRAR-04535,C1C[C@H]2[C@@H]3CC[C@H](C3)[C@H]2C1,0
TOX21NRAR-04536,CC(C)(c1ccccc1)c1ccc(O)c(C(C)(C)c2ccccc2)c1,0
TOX21NRAR-04537,C=C[Si](OC)(OC)OC,0
TOX21NRAR-04538,CCCCCCCCCCCCCCCCCC(=O)[O-].OCC[NH+](CCO)CCO,0
TOX21NRAR-04539,Oc1ccc(Cl)c(Cl)c1,0
TOX21NRAR-04540,Cc1ccccc1C=O,0
TOX21NRAR-04541,Oc1cc(Cl)cc(Cl)c1,0
TOX21NRAR-04542,Oc1cccc(Cl)c1Cl,0
TOX21NRAR-04543,Clc1cccc(Cl)c1,0
TOX21NRAR-04544,Oc1cc(Cl)ccc1Cl,0
TOX21NRAR-04545,CCCCSCCCC,0
TOX21NRAR-04546,CCCN(CCC)c1c([N+](=O)[O-])cc(C(C)C)cc1[N+](=O)[O-],0
TOX21NRAR-04547,CCc1ccc2c(c1)N(CC(C)CN(C)C)c1ccccc1S2,0
TOX21NRAR-04548,c1cc2c(c(NC3=NCCN3)c1)CCCC2,0
TOX21NRAR-04549,NS(=O)(=O)c1cc2c(cc1Cl)NC(Cc1ccccc1)NS2(=O)=O,0
TOX21NRAR-04550,CC(C)C1(C)N=C(c2nc3ccccc3cc2C(=O)O)NC1=O,0
TOX21NRAR-04551,O=c1[nH]c2ccccc2n1CCCN1CCC(n2c(=O)[nH]c3cc(Cl)ccc32)CC1,0
TOX21NRAR-04552,Clc1ccccc1-c1nc(-c2ccncc2)no1,0
TOX21NRAR-04553,O=C(O)CCc1nc(-c2ccccc2)c(-c2ccccc2)o1,0
TOX21NRAR-04554,CC[C@]12CCCN3CCc4c(n(c5ccccc45)C(=O)C1)[C@@H]32,0
TOX21NRAR-04555,CCCCOCN(C(=O)CCl)c1c(CC)cccc1CC,0
TOX21NRAR-04556,CC(C)N1C(=O)N(c2ccccc2)CSC1=NC(C)(C)C,0
TOX21NRAR-04557,O=C(O)Cc1c[nH]c2ccccc12,0
TOX21NRAR-04558,O=Cc1ccc(F)cc1,0
TOX21NRAR-04559,CC(C)Cc1ccc(C(C)C(=O)O)cc1,0
TOX21NRAR-04560,Oc1cccc2cccnc12,0
TOX21NRAR-04561,c1ccc2[nH]ccc2c1,0
TOX21NRAR-04562,CCCSP(=O)(OCC)Oc1ccc(Br)cc1Cl,0
TOX21NRAR-04563,CN1C[C@H](CNC(=O)OCc2ccccc2)C[C@@H]2c3cccc4c3c(cn4C)C[C@H]21,0
TOX21NRAR-04564,CCN1CCC[C@H]1CNC(=O)c1cc(S(N)(=O)=O)ccc1OC,0
TOX21NRAR-04565,OCCO,0
TOX21NRAR-04566,CCc1ccccc1,0
TOX21NRAR-04567,CC(C)(CCl)c1ccccc1,0
TOX21NRAR-04568,CCN(N=O)C(N)=O,0
TOX21NRAR-04569,CCOC(=O)C1OC1(C)c1ccccc1,0
TOX21NRAR-04570,O=C(O)[C@H](O)[C@@H](O)[C@H](O)[C@H](O)CO,0
TOX21NRAR-04571,O=S1(=O)OCCO1,0
TOX21NRAR-04572,CC(C)(C)C(=O)C(Oc1ccc(Cl)cc1)n1cncn1,0
TOX21NRAR-04573,CC[C@H](C)[C@H]1O[C@]2(C=C[C@@H]1C)C[C@@H]1C[C@@H](CC=C(C)[C@@H](O[C@H]3C[C@H](OC)[C@@H](O[C@H]4C[C@H](OC)[C@@H](O)[C@H](C)O4)[C@H](C)O3)[C@@H](C)C=CC=C3CO[C@@H]4[C@H](O)C(C)=C[C@@H](C(=O)O1)[C@]34O)O2,0
TOX21NRAR-04574,COc1ccc([C@@H]2CC(=O)c3c(O)cc(O[C@@H]4O[C@H](CO[C@@H]5O[C@@H](C)[C@H](O)[C@@H](O)[C@H]5O)[C@@H](O)[C@H](O)[C@H]4O)cc3O2)cc1OC,0
TOX21NRAR-04575,CCCCC/C=C\C/C=C\CCCCCCCC(=O)OC,1
TOX21NRAR-04576,CC1OC1C1CCC2(C)OC2C1,0
TOX21NRAR-04577,COS(C)(=O)=O,0
TOX21NRAR-04578,C=C(C)C(=O)OC,0
TOX21NRAR-04579,Cc1ccc2c(c1[N+](=O)[O-])C(=O)c1ccccc1C2=O,0
TOX21NRAR-04580,CN(N=O)C(=N)N[N+](=O)[O-],0
TOX21NRAR-04581,NCc1ccccc1,0
TOX21NRAR-04582,O=[N+]([O-])c1ccc(O)cc1,0
TOX21NRAR-04583,CN(C)c1ccc(C=O)cc1,0
TOX21NRAR-04584,CCN(CC)CCO,0
TOX21NRAR-04585,Cc1cccc([N+](=O)[O-])c1,0
TOX21NRAR-04586,Cc1ccc(N(C)C)cc1,0
TOX21NRAR-04587,O=[N+]([O-])[O-].[NH4+],0
TOX21NRAR-04588,CC1=C(C(=O)OCCN(Cc2ccccc2)c2ccccc2)C(c2cccc([N+](=O)[O-])c2)C(P2(=O)OCC(C)(C)CO2)=C(C)N1,0
TOX21NRAR-04589,C#C[C@]1(O)CC[C@H]2[C@@H]3CCC4=CC(=O)CCC4=C3C=C[C@@]21CC,1
TOX21NRAR-04590,Cc1ccc(S(=O)(=O)NC(=O)NN2CC3CCCC3C2)cc1,0
TOX21NRAR-04591,COc1ccc2c(c1)C(=O)N(CCc1ccc(S(=O)(=O)NC(=O)NC3CCCCC3)cc1)C(=O)C2(C)C,0
TOX21NRAR-04592,Cc1cc(C(=O)NCCc2ccc(S(=O)(=O)NC(=O)NN3CCCCCC3)cc2)no1,0
TOX21NRAR-04593,CC(C)[C@H]1CC[C@@H](C)CC1=O,0
TOX21NRAR-04594,O=C(O)CS,0
TOX21NRAR-04595,COC1CCC=CO1,0
TOX21NRAR-04596,CC(CO)(CO)C(=O)O,0
TOX21NRAR-04597,OCCOCCOCCOCCOCCO,0
TOX21NRAR-04598,COC(=O)c1cccnc1,0
TOX21NRAR-04599,CC1=C2N=C(C=C3N=C(C(C)=C4N([Co+]C[C@H]5O[C@@H](n6cnc7c(N)ncnc76)[C@H](O)[C@@H]5O)C(C(CC(N)=O)C4(C)CCC(=O)NCC(C)OP(=O)([O-])O[C@@H]4[C@@H](CO)O[C@H](n5cnc6cc(C)c(C)cc65)[C@@H]4O)C4(C)N=C1C(CCC(N)=O)C4(C)CC(N)=O)C(CCC(N)=O)C3(C)C)C(CCC(N)=O)C2(C)CC(N)=O,0
TOX21NRAR-04600,CC(C)C[C@@H]1NC(=O)[C@H](CCCN)NC(=O)[C@H](C(C)C)NC(=O)[C@@H]2CCCN2C(=O)[C@@H](Cc2ccccc2)NC(=O)[C@H](CC(C)C)NC(=O)[C@H](CCCN)NC(=O)[C@H](C(C)C)NC(=O)[C@@H]2CCCN2C(=O)[C@@H](Cc2ccccc2)NC1=O,0
TOX21NRAR-04601,CNCc1ccccc1,0
TOX21NRAR-04602,CN(C)CCC[C@@]1(c2ccc(F)cc2)OCc2cc(C#N)ccc21,0
TOX21NRAR-04603,CC(C)CC(=O)OCc1ccccc1,0
TOX21NRAR-04604,CC(C)(O)Cc1ccccc1,0
TOX21NRAR-04605,CCC(=O)OC/C=C/c1ccccc1,0
TOX21NRAR-04606,NC(=O)Cn1c(=O)cc(CCN2CCN(c3nccc4sccc34)CC2)c2ccc(F)cc21,0
TOX21NRAR-04607,CCCC(=O)OCCc1ccccc1,0
TOX21NRAR-04608,O=C(C=Cc1ccccc1)OCCc1ccccc1,0
TOX21NRAR-04609,COc1ccc(S(=O)(=O)N2C(=O)[C@@](c3ccccc3OC)(N3C[C@H](O)C[C@H]3C(=O)N(C)C)c3cc(Cl)ccc32)c(OC)c1,0
TOX21NRAR-04610,O=C(Oc1ccc(Br)cc1)N1CCN2CCC1CC2,0
TOX21NRAR-04611,CC(C)C(=O)OCC=Cc1ccccc1,0
TOX21NRAR-04612,CCCCC1CCC(=O)O1,0
TOX21NRAR-04613,NCCS,0
TOX21NRAR-04614,NS(=O)(=O)c1cc2c(cc1Cl)NC(C1CC3C=CC1C3)NS2(=O)=O,0
TOX21NRAR-04615,N[C@@H]1CONC1=O,0
TOX21NRAR-04616,CN1CCC(=C2c3ccccc3C=Cc3ccccc32)CC1,0
TOX21NRAR-04617,O=C(OC1CN2CCC1CC2)c1ccccc1,0
TOX21NRAR-04618,Cc1ccc2c(c1)C1CN(C)CCC1N2,0
TOX21NRAR-04619,COc1ccccc1Oc1c(NS(=O)(=O)c2ccc(C(C)(C)C)cc2)nc(-c2ncccn2)nc1OCCO,0
TOX21NRAR-04620,O=C1CCCCC1CN1CCCCC1,0
TOX21NRAR-04621,CC1=CC(=O)/C(=C(/C)[O-])C(=O)O1,0
TOX21NRAR-04622,Nc1ccc([As](=O)([O-])O)cc1,0
TOX21NRAR-04623,CCCCCCCc1ccc(O)cc1,0
TOX21NRAR-04624,O[C@H]1CO[C@@H]2[C@H](O)CO[C@H]12,0
TOX21NRAR-04625,Fc1ccc(C2(Cn3cncn3)OC2c2ccccc2Cl)cc1,0
TOX21NRAR-04626,O[C@H](CBr)[C@@H](O)[C@H](O)[C@H](O)CBr,0
TOX21NRAR-04627,CC(=O)Nc1c(I)c(NC(C)=O)c(I)c(C(=O)[O-])c1I,0
TOX21NRAR-04628,Cc1ccc(N)cc1[N+](=O)[O-],0
TOX21NRAR-04629,OC[C@H]1OC(O)[C@H](O)[C@@H](O)[C@@H]1O,0
TOX21NRAR-04630,Cc1c(C(=O)O)cccc1[N+](=O)[O-],0
TOX21NRAR-04631,CC1=Nc2ccc(Cl)cc2S(=O)(=O)N1,0
TOX21NRAR-04632,NC[C@@H]1CC[C@@H](N)[C@@H](O[C@@H]2[C@@H](N)C[C@@H](N)[C@H](O[C@H]3O[C@H](CO)[C@@H](O)[C@H](N)[C@H]3O)[C@H]2O)O1,1
TOX21NRAR-04633,CCOCCn1c(N2CCCN(C)CC2)nc2ccccc21,0
TOX21NRAR-04634,NS(=O)(=O)c1cc(-c2nnn[nH]2)c(NCc2cccs2)cc1Cl,0
TOX21NRAR-04635,COc1cc2c(cc1OC)CC(=O)N(CCCN(C)C[C@H]1Cc3cc(OC)c(OC)cc31)CC2,0
TOX21NRAR-04636,CCOC(=O)[C@H](CCc1ccccc1)N[C@@H](C)C(=O)N1C(=O)N(C)C[C@H]1C(=O)O,0
TOX21NRAR-04637,CC1(C)C[C@@H]1C(=O)N/C(=C\CCCCSC[C@H](N)C(=O)O)C(=O)[O-],0
TOX21NRAR-04638,CCOC(=O)[C@H](CCc1ccccc1)N[C@H]1CS[C@H](c2cccs2)CN(CC(=O)O)C1=O,0
TOX21NRAR-04639,CCCCC/C=C\CCC(=O)N[C@H]1[C@H](Oc2c3cc4cc2Oc2ccc(cc2Cl)[C@@H](O[C@@H]2O[C@H](CO)[C@@H](O)[C@H](O)[C@H]2NC(C)=O)[C@@H]2NC(=O)[C@H](NC(=O)[C@@H]4NC(=O)[C@H]4NC(=O)[C@@H](Cc5ccc(c(Cl)c5)O3)NC(=O)[C@@H](N)c3ccc(O)c(c3)Oc3cc(O)cc4c3)c3ccc(O)c(c3)-c3c(O[C@H]4O[C@H](CO)[C@@H](O)[C@H](O)[C@@H]4O)cc(O)cc3[C@H](C(=O)O)NC2=O)O[C@H](CO)[C@@H](O)[C@@H]1O,0
TOX21NRAR-04640,S=C(NC1CCCCC1)NC1CCCCC1,0
TOX21NRAR-04641,CCCN(CCC)c1c([N+](=O)[O-])cc(S(C)(=O)=O)cc1[N+](=O)[O-],0
TOX21NRAR-04642,CCCCCCCCCCCCN1CCCC1=O,0
TOX21NRAR-04643,CCCCCCCCN(C)CCCCCCCC,0
TOX21NRAR-04644,CNC(=O)C(c1ccccc1)c1ccccc1,0
TOX21NRAR-04645,CC(Oc1cccc(Cl)c1)C(=O)O,0
TOX21NRAR-04646,O=Cc1ccc(F)c(Br)c1,0
TOX21NRAR-04647,O=C(O)c1cccc(/C=C2/C[C@H]3[C@H](C[C@@H](O)[C@@H]3/C=C/[C@@H](O)C3CCCCC3)O2)c1,0
TOX21NRAR-04648,O=C(O)c1ccccc1S,0
TOX21NRAR-04649,C=COCCOCCOC=C,0
TOX21NRAR-04650,CS(=O)(=O)NC(=O)CCC/C=C\C[C@H]1C(=O)C[C@@H](O)[C@@H]1/C=C/[C@H](O)COc1ccccc1,0
TOX21NRAR-04651,OCC(O)COc1ccc(Cl)cc1,0
TOX21NRAR-04652,CN(C)CCCNCCC#N,0
TOX21NRAR-04653,O=P(O)(O)Oc1ccccc1,0
TOX21NRAR-04654,CN(C1CCCCC1)S(=O)(=O)c1ccccc1N,0
TOX21NRAR-04655,C=CC(=O)OCCOCCOCC,0
TOX21NRAR-04656,C=C(C)[C@H]1Cc2c(ccc3c2O[C@@H]2COc4cc(OC)c(OC)cc4[C@@H]2C3=O)O1,0
TOX21NRAR-04657,N=C1C=CC(=C(c2ccc(N)cc2)c2ccc(N)cc2)C=C1,0
TOX21NRAR-04658,Cc1cc(C(=C2C=CC(=N)C=C2)c2ccc(N)cc2)ccc1N,0
TOX21NRAR-04659,CO[C@H]1C=CO[C@@]2(C)Oc3c(C)c(O)c4c(O)c(c(/C=N/N5CCN(C)CC5)c(O)c4c3C2=O)NC(=O)C(C)=CC=C[C@H](C)[C@H](O)[C@@H](C)[C@@H](O)[C@@H](C)[C@H](OC(C)=O)[C@@H]1C,0
TOX21NRAR-04660,CC/N=c1/cc2oc3cc(NCC)c(C)cc3c(-c3ccccc3C(=O)OCC)c-2cc1C,0
TOX21NRAR-04661,CCCCCCCCCCCCCCCC(=O)OC/C=C(C)/C=C/C=C(C)/C=C/C1=C(C)CCCC1(C)C,0
TOX21NRAR-04662,CC(=O)OC/C=C(C)/C=C/C=C(C)/C=C/C1=C(C)CCCC1(C)C,0
TOX21NRAR-04663,CO[Si](C)(OC)OC,0
TOX21NRAR-04664,O=C1Nc2ccccc2C1=O,0
TOX21NRAR-04665,CCN(CC)C1CCCCC1,0
TOX21NRAR-04666,c1ccc2ncccc2c1,0
TOX21NRAR-04667,CCC(=O)c1c(O)cc(O)cc1O,0
TOX21NRAR-04668,O=[N+]([O-])c1ccccc1O,0
TOX21NRAR-04669,Oc1cccc2ccccc12,0
TOX21NRAR-04670,O=NN1CCCCC1,0
TOX21NRAR-04671,O=c1c2ccccc2oc2ccccc12,0
TOX21NRAR-04672,Cc1ccccc1N=O,0
TOX21NRAR-04673,O=C(O)CN(CC(=O)O)CC1=CC2C(=CC1=O)Oc1cc(O)c(CN(CC(=O)O)CC(=O)O)cc1C21OC(=O)c2ccccc21,0
TOX21NRAR-04674,CN(C)P(=O)(N(C)C)N(C)C,0
TOX21NRAR-04675,CCCCCC(N)=O,0
TOX21NRAR-04676,CCCCCCOc1cc(C)c(O)c(C)c1C,0
TOX21NRAR-04677,Oc1c(Cl)cc(Cl)c(Cl)c1Cc1c(O)c(Cl)cc(Cl)c1Cl,0
TOX21NRAR-04678,CCCCCCC(O)CCCCCCCCCCC(=O)OC,0
TOX21NRAR-04679,CCCCOCCOCCOC(=O)CCCCC(=O)OCCOCCOCCCC,0
TOX21NRAR-04680,CC(C)OC(=S)[S-],0
TOX21NRAR-04681,CCc1cccc(CC)c1N(COC)C(=O)CCl,0
TOX21NRAR-04682,CNC(=O)ON=C(C)SC,0
TOX21NRAR-04683,COc1ccc([C@@H]2CC(=O)c3c(O)cc(O[C@@H]4O[C@H](CO[C@@H]5O[C@@H](C)[C@H](O)[C@@H](O)[C@H]5O)[C@@H](O)[C@H](O)[C@H]4O)cc3O2)cc1O,0
TOX21NRAR-04684,Cc1ccc([N+](=O)[O-])cc1,0
TOX21NRAR-04685,O=S(=O)([O-])CCN1CCN(CCO)CC1,0
TOX21NRAR-04686,Cc1c(C2(c3cc(Br)c(O)c(Br)c3C)OS(=O)(=O)c3ccccc32)cc(Br)c(O)c1Br,0
TOX21NRAR-04687,N=C(N)c1ccc(OCCCCCOc2ccc(C(=N)N)cc2)cc1.O=S(=O)(O)CCO.O=S(=O)(O)CCO,0
TOX21NRAR-04688,C[C@]12C/C(=C/O)C(=O)C[C@@H]1CC[C@@H]1[C@@H]2CC[C@@]2(C)[C@H]1CC[C@]2(C)O,1
TOX21NRAR-04689,O=C(CCCCCCC(=O)Nc1ccccc1)NO,0
TOX21NRAR-04690,CCCOC(OCCC)OCCC,0
TOX21NRAR-04691,COC(=O)CCCCC(=O)O,0
TOX21NRAR-04692,Nc1cc[nH]c(=O)n1,0
TOX21NRAR-04693,CC[N+](CC)(CC)CC,0
TOX21NRAR-04694,CCOC(=O)CC(=O)CCl,0
TOX21NRAR-04695,C=C(C)C(=O)OCCCCCCOC(=O)C(=C)C,0
TOX21NRAR-04696,C[C@H](C(=O)[O-])c1cccc(Oc2ccccc2)c1.C[C@H](C(=O)[O-])c1cccc(Oc2ccccc2)c1,0
TOX21NRAR-04697,CCSc1ccc2c(c1)N(CCCN1CCN(C)CC1)c1ccccc1S2.O=C(O)CC(O)C(=O)O.O=C(O)CC(O)C(=O)O,0
TOX21NRAR-04698,NC(=O)c1cc[n+](CC2=C(C(=O)[O-])N3C(=O)[C@@H](NC(=O)[C@H](c4ccccc4)S(=O)(=O)[O-])[C@@H]3SC2)cc1,0
TOX21NRAR-04699,CNC[C@H](O)[C@@H](O)[C@@H](O)[C@H](O)CO.Cc1c(Nc2ncccc2C(=O)O)cccc1C(F)(F)F,0
TOX21NRAR-04700,CCCCC[C@H](O)/C=C/[C@H]1[C@H](O)C[C@H](O)[C@@H]1C/C=C\CCCC(=O)O.COC(N)(CO)CO,0
TOX21NRAR-04701,CC1(C)S[C@@H]2[C@H](NC(=O)[C@@H](NC(=O)N3CCNC3=O)c3ccccc3)C(=O)N2[C@H]1C(=O)[O-],0
TOX21NRAR-04702,c1cc(OCC2CO2)cc(OCC2CO2)c1,0
TOX21NRAR-04703,O=C1CCc2ccccc2O1,0
TOX21NRAR-04704,CC1(C)OC(=O)NC1=O,0
TOX21NRAR-04705,CNC(=O)CSP(=S)(OC)OC,0
TOX21NRAR-04706,Oc1c(Cl)cc(Cl)cc1Sc1cc(Cl)cc(Cl)c1O,0
TOX21NRAR-04707,BrC(Br)C(Br)(Br)Br,0
TOX21NRAR-04708,NS(=O)(=O)c1cc2c(cc1C(F)(F)F)NCNS2(=O)=O,0
TOX21NRAR-04709,Clc1ccc(C(Cl)(Cl)Cl)c(Cl)c1,0
TOX21NRAR-04710,CCCCNc1ccc(C(=O)OCCN(C)C)cc1,0
TOX21NRAR-04711,CCCCOc1ccc(C(=O)CCN2CCCCC2)cc1,0
TOX21NRAR-04712,COC(=O)C1CCC(C(=O)OC)CC1,0
TOX21NRAR-04713,CNC(=O)Oc1c(C(C)(C)C)cc(C)cc1C(C)(C)C,0
TOX21NRAR-04714,CCC(C)(CN(C)C)OC(=O)c1ccccc1,0
TOX21NRAR-04715,CCCCCCCC/C=C\CCCCCCCC(=O)N(CCO)CCO,0
TOX21NRAR-04716,CCCCCCCCCCCCCCCC[N+](C)(C)CCN(Cc1ccc(OC)cc1)c1ncccn1,0
TOX21NRAR-04717,CCCOc1cc(N)ccc1C(=O)OCCN(CC)CC,0
TOX21NRAR-04718,O=C(Nc1ccccc1)OCC(CN1CCCCC1)OC(=O)Nc1ccccc1,0
TOX21NRAR-04719,C#C[C@]1(O)CC[C@H]2[C@@H]3CCC4=CC(=O)CC[C@@H]4[C@H]3CC[C@@]21CC,1
TOX21NRAR-04720,O=[N+]([O-])c1ccccc1[O-],0
TOX21NRAR-04721,CCOC(=O)CBr,0
TOX21NRAR-04722,NCC(O)c1cccc(O)c1,0
TOX21NRAR-04723,Oc1cc(Cl)c(Cl)c(Cl)c1,0
TOX21NRAR-04724,CC(O)[C@H]1CC[C@H]2[C@@H]3CC[C@@H]4C[C@@H](O)CC[C@]4(C)[C@H]3CC[C@]12C,0
TOX21NRAR-04725,C=CCn1c(=O)n([C@@H]2O[C@H](CO)[C@@H](O)[C@H]2O)c2nc(N)[nH]c(=O)c21,0
TOX21NRAR-04726,CC1=C[C@H](O)CC(C)(C)[C@H]1/C=C/C(C)=C/C=C/C(C)=C/C=C\C=C(C)\C=C\C=C(C)\C=C\C1=C(C)C[C@@H](O)CC1(C)C,0
TOX21NRAR-04727,CC(C)(Cc1c[nH]c2ccccc12)NCC(O)COc1ccccc1C#N,0
TOX21NRAR-04728,CCOc1cc(-c2nccc3cc(OC)c(OC)cc23)cc(OCC)c1OCC,0
TOX21NRAR-04729,CC(=O)O[C@]1(C(C)=O)CC[C@H]2[C@@H]3CCC4=CC(=O)CC[C@]4(C)[C@@]3(F)[C@@H](O)C[C@@]21C,1
TOX21NRAR-04730,Cc1nc(-c2ccc(Cl)cc2)oc1COC(C)(C)C(=O)O,0
TOX21NRAR-04731,CN1CCC(OC(=O)C(Oc2ccc(Cl)cc2)Oc2ccc(Cl)cc2)CC1,0
TOX21NRAR-04732,N[Pt]1(N)OC(=O)C2(CCC2)C(=O)O1,0
TOX21NRAR-04733,CCC1Nc2cc(Cl)c(S(N)(=O)=O)cc2S(=O)(=O)N1,0
TOX21NRAR-04734,CCCC(=O)OCCC(C)C,0
TOX21NRAR-04735,Cc1ccccc1NC(=N)NC(=N)N,0
TOX21NRAR-04736,C1=Cc2ccccc2C1,0
TOX21NRAR-04737,O=C(O)C(=O)Cc1c[nH]c2ccccc12,0
TOX21NRAR-04738,O=[Se](O)O,0
TOX21NRAR-04739,NC(N)=[Se],0
TOX21NRAR-04740,CCc1oc2ccccc2c1C(=O)c1cc(Br)c(O)c(Br)c1,0
TOX21NRAR-04741,CCCC(=NOCC)C1=C(O)CC(CC(C)SCC)CC1=O,0
TOX21NRAR-04742,O=C([O-])[C@H](O)[C@H](O)[C@@H](O)[C@H](O)[C@H](O)CO,0
TOX21NRAR-04743,CC(C)CCCCCCCCCCCCCCC(=O)O,0
TOX21NRAR-04744,CCOP(=O)(OCC)Oc1ccc([N+](=O)[O-])cc1,0
TOX21NRAR-04745,CCOS(=O)(=O)OCC,0
TOX21NRAR-04746,COS(=O)(=O)[O-].Cn1c(-c2ccccc2)cc(-c2ccccc2)[n+]1C,0
TOX21NRAR-04747,O=C(NC(=O)c1c(F)cccc1F)Nc1ccc(Cl)cc1,0
TOX21NRAR-04748,Cc1ccc(NC=O)c(C)c1,0
TOX21NRAR-04749,Cc1ccc(C=O)s1,0
TOX21NRAR-04750,CC1(C)C2CCC3(C2)[C@H]1C(=O)CCC3(C)C,0
TOX21NRAR-04751,CC(=O)c1ccc2c(c1)CCCC2,0
TOX21NRAR-04752,C=CC(=O)CCCCC,0
TOX21NRAR-04753,CC(=O)CCc1ccc2c(c1)OCO2,0
TOX21NRAR-04754,C=CC(C)(CCC=C(C)C)OC(=O)CC(C)C,0
TOX21NRAR-04755,CNC(C)=O,0
TOX21NRAR-04756,COc1ccc(CCC(C)=O)cc1,0
TOX21NRAR-04757,Cc1ccc2c(c1)OCC(=O)CO2,0
TOX21NRAR-04758,CCCC1CCCC(=O)O1,0
TOX21NRAR-04759,C[C@]12C[C@H](O)[C@@]3(F)[C@@H](CCC4=CC(=O)C=C[C@@]43C)[C@@H]1C[C@@H](O)[C@]2(O)C(=O)CO,1
TOX21NRAR-04760,Cn1sccc1=O,0
TOX21NRAR-04761,CNC(=O)Oc1ccccc1C1OCCO1,0
TOX21NRAR-04762,CC(=O)[C@@]1(O)CC[C@H]2[C@@H]3CCC4=CC(=O)CC[C@]4(C)[C@H]3CC[C@@]21C,1
TOX21NRAR-04763,CCCc1c(OCCCOc2ccc(OCC(=O)O)cc2)ccc(C(C)=O)c1O,0
TOX21NRAR-04764,C=C(C)C(=O)OCC(O)COc1ccc(C(C)(C)c2ccc(OCC(O)COC(=O)C(=C)C)cc2)cc1,0
TOX21NRAR-04765,C=C(C)CS(=O)(=O)[O-],0
TOX21NRAR-04766,NC(=O)Cc1cccc(C(=O)c2ccccc2)c1N,0
TOX21NRAR-04767,C[Si](NC1CCCCC1)(NC1CCCCC1)NC1CCCCC1,0
TOX21NRAR-04768,CCCCOC(=O)CCS,0
TOX21NRAR-04769,CCCCCCCCOCCCN,0
TOX21NRAR-04770,CC(C)OP(=O)(CP(=O)(OC(C)C)OC(C)C)OC(C)C,0
TOX21NRAR-04771,O=Cc1ccc(Cl)c([N+](=O)[O-])c1,0
TOX21NRAR-04772,Nc1nc(=S)[nH][nH]1,0
TOX21NRAR-04773,C=CC(=O)NCOCC(C)C,0
TOX21NRAR-04774,CC1=Nc2ccc3ccccc3c2C1(C)C,0
TOX21NRAR-04775,CC(C)(C)NC(=O)[C@H]1CC[C@H]2[C@@H]3CC=C4C=C(C(=O)O)CC[C@]4(C)[C@H]3CC[C@]12C,0
TOX21NRAR-04776,O=[N+]([O-])c1cccc(C(F)(F)F)c1,0
TOX21NRAR-04777,CCCCCCCCC,0
TOX21NRAR-04778,Cc1ccccc1[N+](=O)[O-],0
TOX21NRAR-04779,O=[N+]([O-])c1ccccc1C(F)(F)F,0
TOX21NRAR-04780,CCOC(=O)N(C)N=O,0
TOX21NRAR-04781,C#C[C@@]1(O)CC[C@H]2[C@@H]3CCC4=CCCC[C@@H]4[C@H]3CC[C@@]21C,1
TOX21NRAR-04782,CC(=O)Nc1ccc2c(c1)Cc1cc(NC(C)=O)ccc1-2,0
TOX21NRAR-04783,O=C1NCCN1CCO,0
TOX21NRAR-04784,CNCCS(=O)(=O)[O-],0
TOX21NRAR-04785,CCc1cc(C(C)(C)C)c(O)c(C(C)(C)C)c1,0
TOX21NRAR-04786,COc1cc(NC(=O)CC(C)=O)c(OC)cc1Cl,0
TOX21NRAR-04787,CCO[Si](CCCCl)(OCC)OCC,0
TOX21NRAR-04788,Oc1c(Br)c(Br)c(Br)c(Br)c1Br,0
TOX21NRAR-04789,O=C(Nc1ccccc1-c1ccc(Cl)cc1)c1cccnc1Cl,0
TOX21NRAR-04790,CCCCCCCCCCCC(C)=O,0
TOX21NRAR-04791,OC[C@H]1O[C@](O)(CO)[C@@H](O)[C@@H]1O,0
TOX21NRAR-04792,Clc1ccc(Cn2c(CN3CCCC3)nc3ccccc32)cc1,0
TOX21NRAR-04793,O=C1CCc2cc(OCCCCc3nnnn3C3CCCCC3)ccc2N1,0
TOX21NRAR-04794,Oc1cc(O)c2c(c1)O[C@H](c1ccc(O)c(O)c1)[C@H](O)C2,0
TOX21NRAR-04795,c1ccc(C2CC2)c(OCC2=NCCN2)c1,0
TOX21NRAR-04796,Clc1cccc(N2CCNCC2)c1,0
TOX21NRAR-04797,NC(Cc1ccc(Cl)cc1)C(=O)O,0
TOX21NRAR-04798,Nc1ccc2c(c1)C(=O)c1ccccc1C2=O,0
TOX21NRAR-04799,Cc1cc(N=Nc2ccccc2C)ccc1N,0
TOX21NRAR-04800,Nc1cc([N+](=O)[O-])ccc1O,0
TOX21NRAR-04801,Nc1ccc([N+](=O)[O-])cc1O,0
TOX21NRAR-04802,Nc1ncc([N+](=O)[O-])s1,0
TOX21NRAR-04803,Nc1ccc(O)c([N+](=O)[O-])c1,0
TOX21NRAR-04804,Nc1nc(-c2ccc([N+](=O)[O-])cc2)cs1,0
TOX21NRAR-04805,O=C(NN1CCCC1)NS(=O)(=O)c1ccc(Cl)cc1,0
TOX21NRAR-04806,C=CC[N+]1([C@H]2C[C@H]3[C@@H]4CC[C@H]5C[C@H](OC(C)=O)[C@@H](N6CCCCC6)C[C@]5(C)[C@H]4CC[C@]3(C)[C@H]2OC(=O)CC)CCCCC1,0
TOX21NRAR-04807,CCOC(=O)CCC(=O)OCC,0
TOX21NRAR-04808,O=[N+]([O-])c1nccn1CO[C@@H](CO)[C@H](O)CO,0
TOX21NRAR-04809,CC[C@H]1C[C@H]2[C@@H]3CCC4=CC(=O)CC[C@@H]4[C@H]3CC[C@]2(C)[C@H]1O,1
TOX21NRAR-04810,CCCCCC1Nc2cc(C(F)(F)F)c(S(N)(=O)=O)cc2S(=O)(=O)N1,0
TOX21NRAR-04811,CO/N=C(/C(=O)N[C@@H]1C(=O)N2C(C(=O)O)=C(Cn3nnc(C)n3)CS[C@H]12)c1csc(N)n1,0
TOX21NRAR-04812,Cc1cccc(N(C)C(=S)Oc2ccc3c(c2)CCC3)c1,0
TOX21NRAR-04813,CC(=O)OCC(=O)Nc1cc(C#N)cc(NC(=O)COC(C)=O)c1Cl,0
TOX21NRAR-04814,C[C@](N)(Cc1ccc(O)c(O)c1)C(=O)O.C[C@](N)(Cc1ccc(O)c(O)c1)C(=O)O,0
TOX21NRAR-04815,Cc1ccc2cc3c(ccc4ccccc43)c3c2c1CC3,0
TOX21NRAR-04816,Cc1ccc(O)c(O)c1,0
TOX21NRAR-04817,Cc1cc(Cc2ccc(N)c(C)c2)ccc1N,0
TOX21NRAR-04818,FC(F)(F)C(Cl)(Cl)Cl,0
TOX21NRAR-04819,N#CCC(=O)O,0
TOX21NRAR-04820,CCSCC,0
TOX21NRAR-04821,CN(C)c1ccc(Cc2ccc(N(C)C)cc2)cc1,0
TOX21NRAR-04822,ClCCl,0
TOX21NRAR-04823,FC(F)(F)c1ccc(Cl)c(Cl)c1,0
TOX21NRAR-04824,O=C=Nc1cccc(C(F)(F)F)c1,0
TOX21NRAR-04825,CC[C@@H](CO)NC(=O)[C@@H]1C=C2c3cccc4c3c(cn4C)C[C@H]2N(C)C1,0
TOX21NRAR-04826,C[C@H]1C[C@H]2[C@@H]3CC[C@](O)(C(=O)CO)[C@@]3(C)C[C@H](O)[C@@H]2[C@@]2(C)C=CC(=O)C=C12,1
TOX21NRAR-04827,CC(=O)OCC(=O)[C@@]1(O)CC[C@H]2[C@@H]3C[C@H](C)C4=CC(=O)C=C[C@]4(C)[C@H]3[C@@H](O)C[C@@]21C,1
TOX21NRAR-04828,C[C@H]1C[C@H]2[C@@H]3CC[C@](O)(C(=O)COC(=O)CCC(=O)[O-])[C@@]3(C)C[C@H](O)[C@@H]2[C@@]2(C)C=CC(=O)C=C12,1
TOX21NRAR-04829,C=CCOC(=O)C(=C)C,0
TOX21NRAR-04830,Nc1ccc(Cl)c(Cl)c1,0
TOX21NRAR-04831,NCCCC(=O)O,0
TOX21NRAR-04832,Nc1ccccc1Cl,0
TOX21NRAR-04833,CCC(C)C=O,0
TOX21NRAR-04834,FC(F)(F)c1ccc(Cl)cc1,0
TOX21NRAR-04835,C[Si](C)(C)Cl,0
TOX21NRAR-04836,CCC(Cl)C(Cl)C(Cl)CC(Cl)C(Cl)C(C)Cl,0
TOX21NRAR-04837,C=Cc1ccc(C=C)cc1,0
TOX21NRAR-04838,Nc1ccc([As](=O)(O)O)cc1,0
TOX21NRAR-04839,O=[N+]([O-])C(Cl)(Cl)Cl,0
TOX21NRAR-04840,Clc1ccc(Sc2cc(Cl)c(Cl)cc2Cl)cc1,0
TOX21NRAR-04841,Cc1ccc(C)c2ccccc12,0
TOX21NRAR-04842,O=S(=O)(Oc1ccc(Cl)cc1)c1ccc(Cl)cc1,0
TOX21NRAR-04843,Cc1nnc2n1-c1sc(CCc3ccc(CC(C)C)cc3)cc1C(c1ccccc1Cl)=NC2C,0
TOX21NRAR-04844,CCC(=O)[O-].CCC(=O)[O-],0
TOX21NRAR-04845,COC(=O)c1cc(C(=O)OC)cc(S(=O)(=O)[O-])c1,0
TOX21NRAR-04846,O=C([O-])CCl,0
TOX21NRAR-04847,CC(C)C(OC(=O)c1ccccc1)C(C)(C)COC(=O)c1ccccc1,0
TOX21NRAR-04848,OCCCO,0
TOX21NRAR-04849,O=C(CC(=O)c1ccccc1)c1ccccc1,0
TOX21NRAR-04850,CC(C)(C)c1cc(O)c(C(C)(C)C)cc1O,0
TOX21NRAR-04851,COC(=O)[C@H](c1ccccc1Cl)N1CCc2sccc2C1,0
TOX21NRAR-04852,CC(C)CCCCOC(=O)c1ccccc1C(=O)OCCCCC(C)C,0
TOX21NRAR-04853,Cc1ncc(CO)c(C=O)c1O,0
TOX21NRAR-04854,NS(=O)(=O)Cc1noc2ccccc12,0
TOX21NRAR-04855,CNC1=Nc2ccc(Cl)cc2C(c2ccccc2)=[N+]([O-])C1,0
TOX21NRAR-04856,O=C1Nc2ccc(Cl)cc2[C@@](C#CC2CC2)(C(F)(F)F)O1,0
TOX21NRAR-04857,O=C(NC(=O)c1cc(F)c(F)cc1Cl)Nc1cc(F)ccc1N1CCC(C(=O)O)CC1,0
TOX21NRAR-04858,CCOC(=O)O[C@H](C)OC(=O)c1ccc2c(c1)cc(C(=O)NC1CCN(C(C)C)CC1)n2Cc1cc(-c2ccc(Cl)s2)on1,0
TOX21NRAR-04859,COc1ccc(C(=O)Nc2nc3ccccc3c(NCc3ccccc3)c2C#N)cc1,0
TOX21NRAR-04860,O=C(O)c1ccccc1-n1cc(C(=O)O)c(=O)c2cc(Nc3c(F)cc(F)cc3Cl)c(Cl)cc21,0
TOX21NRAR-04861,CC[C@H](NC(=O)c1cc(F)ccc1[N-]S(=O)(=O)c1cccc2cccnc12)c1ccccc1,0
TOX21NRAR-04862,NCc1cccc(C2CCN(C(=O)c3ccc(C#Cc4ccccc4F)o3)CC2)c1,0
TOX21NRAR-04863,CCN(Cc1cccnc1)C(=O)c1cccc(Cl)c1[C@]1(C)C(=O)N(Cc2ccc(OC)cc2OC)c2ccc(Cl)cc21,0
TOX21NRAR-04864,CC(C)(C)C(=O)CCc1ccc(Cl)cc1,0
TOX21NRAR-04865,CCCCCC(C)OC(=O)COc1ccc(Cl)c2cccnc12,0
TOX21NRAR-04866,Cc1nc(C)c(Cl)c(O)c1Cl,0
TOX21NRAR-04867,CC(C)=CCCC(C)CC=O,0
TOX21NRAR-04868,O=c1oc2ccccc2c(O)c1C1CCCc2ccccc21,0
TOX21NRAR-04869,COCC(C)OC(C)=O,1
TOX21NRAR-04870,Cc1cc(C)cc(C)c1,1
TOX21NRAR-04871,Cc1cccc(N)c1,0
TOX21NRAR-04872,COC(=O)C1=C(C)NC(C)=C(C(=O)OCCN2CCN(C(c3ccccc3)c3ccccc3)CC2)C1c1cccc([N+](=O)[O-])c1,0
TOX21NRAR-04873,Clc1nc(Cl)nc(Cl)n1,0
TOX21NRAR-04874,C#C[C@]1(O)CC[C@H]2[C@@H]3CCC4=CCCC[C@@H]4[C@H]3C(=C)C[C@@]21CC,1
TOX21NRAR-04875,CC(=O)OCC(=O)[C@H]1CC[C@H]2[C@@H]3CCC4=CC(=O)CC[C@]4(C)[C@H]3CC[C@]12C,1
TOX21NRAR-04876,CC(C)Nc1cccnc1N1CCN(C(=O)c2cc3cc(NS(C)(=O)=O)ccc3[nH]2)CC1,0
TOX21NRAR-04877,CCNC(=O)[C@@H]1CCCN1C(=O)[C@H](CCCNC(=N)N)NC(=O)[C@H](CC(C)C)NC(=O)[C@@H](Cc1c[nH]c2ccccc12)NC(=O)[C@H](Cc1ccc(O)cc1)NC(=O)[C@H](CO)NC(=O)[C@H](Cc1c[nH]c2ccccc12)NC(=O)[C@H](Cc1c[nH]cn1)NC(=O)[C@@H]1CCC(=O)N1,0
TOX21NRAR-04878,CCCCCCCCCCCCCCCCCCCCCC(=O)Nc1ccn([C@@H]2O[C@H](CO)[C@@H](O)[C@@H]2O)c(=O)n1,0
TOX21NRAR-04879,COc1ccc2[nH]c(S(=O)Cc3ncc(C)c(OC)c3C)nc2n1,0
TOX21NRAR-04880,COc1cc(C)c(Cc2cnc(N)nc2N)cc1OC,0
TOX21NRAR-04881,Oc1ccc(C(O)CNCCCCCCNCC(O)c2ccc(O)c(O)c2)cc1O,0
TOX21NRAR-04882,O=C([O-])[C@H]1/C(=C/CO)O[C@@H]2CC(=O)N21,0
TOX21NRAR-04883,CCC1CCC(=O)O1,0
TOX21NRAR-04884,C=CC(C)(CCC=C(C)C)OC(=O)C=Cc1ccccc1,0
TOX21NRAR-04885,C/C=C/C(=O)Oc1c(CCCCCC(C)C)cc([N+](=O)[O-])cc1[N+](=O)[O-],0
TOX21NRAR-04886,O=C(O)CCCCCCCCCC(=O)O,0
TOX21NRAR-04887,CC(C)[C@H]1CC[C@H](C(=O)N[C@H](Cc2ccccc2)C(=O)O)CC1,0
TOX21NRAR-04888,COc1ccc2cc([C@H](C)C(=O)O)ccc2c1,0
TOX21NRAR-04889,Nc1cc(N2CCCCC2)nc(N)[n+]1[O-],0
TOX21NRAR-04890,CC[C@H](C)C(=O)O[C@H]1CCC=C2C=C[C@H](C)[C@H](CC[C@@H]3C[C@@H](O)CC(=O)O3)[C@H]21,0
TOX21NRAR-04891,CC(=O)O[C@]1(C(C)=O)CC[C@H]2[C@@H]3C=C(C)C4=CC(=O)CC[C@]4(C)[C@H]3CC[C@@]21C,1
TOX21NRAR-04892,COC(=O)Nc1nc2cc(C(=O)c3ccccc3)ccc2[nH]1,0
TOX21NRAR-04893,C[C@@H]1OC(=O)C[C@H](O)C[C@H](O)C[C@H](O)CC[C@@H](O)[C@H](O)C[C@]2(O)C[C@H](O)[C@@H](C(=O)O)C(C[C@@H](O[C@H]3O[C@@H](C)[C@H](O)[C@@H](N)[C@H]3O)C=CC=CC=CC=CCCC=CC=C[C@H](C)[C@@H](O)[C@H]1C)O2,0
TOX21NRAR-04894,COc1cc(OC)c(C(=O)CCCN2CCCC2)c(OC)c1,0
TOX21NRAR-04895,OCCSc1ccccc1,0
TOX21NRAR-04896,CC(C)c1cccc(C(C)C)c1N1C(=O)c2ccc(O)cc2C1=O,0
TOX21NRAR-04897,O=C1Cc2ccccc2N1c1c(Cl)cccc1Cl,0
TOX21NRAR-04898,CCCCCSCCCCC,0
TOX21NRAR-04899,C=CC(=O)OCC(COC(=O)C=C)(COC(=O)C=C)COC(=O)C=C,0
TOX21NRAR-04900,CSc1c(Cl)c(Cl)c(Cl)c(Cl)c1Cl,0
TOX21NRAR-04901,CC(S)C(C)S,0
TOX21NRAR-04902,O=C(Nc1ccccc1)N(Cc1ccc(Cl)cc1)C1CCCC1,0
TOX21NRAR-04903,CCCC(Cn1cncn1)c1ccc(Cl)cc1Cl,0
TOX21NRAR-04904,CC(=O)c1ccc[nH]1,0
TOX21NRAR-04905,CC(=O)c1cnccn1,0
TOX21NRAR-04906,CCCCCC/C=C/C=O,0
TOX21NRAR-04907,COC(=O)c1ccccc1OC,0
TOX21NRAR-04908,CCc1ccc(C=O)cc1,0
TOX21NRAR-04909,CC(C)(C)C1CCCCC1=O,0
TOX21NRAR-04910,CCOP(=S)(OCC)SCSc1cc(Cl)ccc1Cl,0
TOX21NRAR-04911,CCCC(=O)OC,0
TOX21NRAR-04912,CC(CN(CCN(CC(C)OCCO)CC(C)OCCO)CC(C)OCCO)OCCO,0
TOX21NRAR-04913,CCN(CC)CCCN(c1ccccc1)C1Cc2ccccc2C1,0
TOX21NRAR-04914,CO.COc1cc(Nc2c(C#N)cnc3cc(OCCCN4CCN(C)CC4)c(OC)cc23)c(Cl)cc1Cl,0
TOX21NRAR-04915,COC(=O)C1=C(C)NC(C)=C(C(=O)O[C@@H]2CCCN(Cc3ccccc3)C2)[C@@H]1c1cccc([N+](=O)[O-])c1,0
TOX21NRAR-04916,COCCCOc1cc(C[C@@H](C[C@H](N)[C@@H](O)C[C@H](C(=O)NCC(C)(C)C(N)=O)C(C)C)C(C)C)ccc1OC,0
TOX21NRAR-04917,CC(=O)Nc1ccc(S(=O)(=O)Nc2cc(C)on2)cc1,0
TOX21NRAR-04918,C[C@@H](O[C@H]1OCCN(CC2=NC(=O)N=N2)[C@H]1C1CCC(F)CC1)c1cc(C(F)(F)F)cc(C(F)(F)F)c1,0
TOX21NRAR-04919,CCCN(CCC)C(=O)Cc1c(-c2ccc(Cl)cc2)nc2ccc(Cl)cn12,0
TOX21NRAR-04920,CC1(C)N=C(N)N=C(N)N1c1ccc(Cl)cc1,0
TOX21NRAR-04921,NC(=O)COCCN1CCN(C(c2ccccc2)c2ccc(Cl)cc2)CC1,0
TOX21NRAR-04922,CCNc1nc(Cl)nc(NCC)n1,0
TOX21NRAR-04923,CCN(CC)CCOc1ccc(-c2nc3cc(Cl)ccc3s2)cc1,0
TOX21NRAR-04924,C=C1CC[C@H](O)C/C1=C/C=C1\CCC[C@@]2(C)[C@H]1CC[C@@H]2[C@H](C)CC[C@@H](O)C(C)(C)O,0
TOX21NRAR-04925,O=[Se]=O,0
TOX21NRAR-04926,Oc1ccc2c(c1)OCO2,1
TOX21NRAR-04927,CN1C(=O)CCS(=O)(=O)C1c1ccc(Cl)cc1,0
TOX21NRAR-04928,S=C(SSSSSSC(=S)N1CCCCC1)N1CCCCC1,0
TOX21NRAR-04929,ClC/C=C\CCl,0
TOX21NRAR-04930,CCc1ncnc2cc(OC)c(OC)cc12,0
TOX21NRAR-04931,CC(C)(C)C(=O)C(=O)O,0
TOX21NRAR-04932,Cc1c(N)cccc1N,0
TOX21NRAR-04933,CCOC(=O)NC(O)C(Cl)(Cl)Cl,0
TOX21NRAR-04934,CC(=O)[C@@]1(O)CC[C@H]2[C@@H]3C=C(Cl)C4=CC(=O)CC[C@]4(C)[C@H]3CC[C@@]21C,1
TOX21NRAR-04935,O=NN1CCCCCC1,0
TOX21NRAR-04936,O=S(=O)(O)c1ccccc1,0
TOX21NRAR-04937,CC[C@@H](C)CCCCC(=O)N[C@H](CCN)C(=O)N[C@@H](C(=O)N[C@H](CCN)C(=O)N[C@@H]1CCNC(=O)C([C@@H](C)O)NC(=O)[C@@H](CCN)NC(=O)[C@@H](CCN)NC(=O)[C@@H](CC(C)C)NC(=O)[C@@H](Cc2ccccc2)NC(=O)[C@@H](CCN)NC1=O)[C@@H](C)O,0
TOX21NRAR-04938,NC(=O)c1cc([N+](=O)[O-])cc([N+](=O)[O-])c1,0
TOX21NRAR-04939,COc1cccc(OC)c1C(=O)N[C@@H]1C(=O)N2[C@@H](C(=O)[O-])C(C)(C)S[C@H]12,0
TOX21NRAR-04940,OC[C@H]1O[C@](O)(CO)[C@@H](O)[C@@H]1O[C@@H]1O[C@H](CO)[C@H](O)[C@H](O)[C@H]1O,0
TOX21NRAR-04941,O=[N+]([O-])O[C@H]1CO[C@H]2[C@@H]1OC[C@H]2O[N+](=O)[O-],0
TOX21NRAR-04942,CC(C(=O)O)c1ccc(N2Cc3ccccc3C2=O)cc1,0
TOX21NRAR-04943,Oc1cc2c(cc1O)[C@H]1c3ccc(O)c(O)c3OC[C@@]1(O)C2,0
TOX21NRAR-04944,ClC1=C(Cl)C2(Cl)C3C(Cl)C=CC3C1(Cl)C2(Cl)Cl,0
TOX21NRAR-04945,COC1=CC(=O)O[C@@H](/C=C/c2ccc3c(c2)OCO3)C1,0
TOX21NRAR-04946,COC1=CC(=O)C[C@@H](C)[C@]12Oc1c(Cl)c(OC)cc(OC)c1C2=O,0
TOX21NRAR-04947,CCN(Cc1cccc(S(=O)(=O)[O-])c1)c1ccc(C(=C2C=CC(=[N+](CC)Cc3cccc(S(=O)(=O)[O-])c3)C=C2)c2ccc(O)cc2S(=O)(=O)[O-])cc1,0
TOX21NRAR-04948,COC(=O)CS,0
TOX21NRAR-04949,CCCN1CCCC[C@H]1C(=O)Nc1c(C)cccc1C,0
TOX21NRAR-04950,O=C([O-])C(F)(F)C(F)(F)C(F)(F)C(F)(F)C(F)(F)C(F)(F)C(F)(F)F,0
TOX21NRAR-04951,O=S(=O)([O-])C(F)(F)C(F)(F)C(F)(F)C(F)(F)C(F)(F)C(F)(F)F,0
TOX21NRAR-04952,CC1(C)[C@H]2CC[C@](C)(C2)[C@H]1O,0
TOX21NRAR-04953,CC(C)c1c(C(=O)Nc2ccccc2)c(-c2ccccc2)c(-c2ccc(F)cc2)n1CC[C@@H](O)C[C@@H](O)CC(=O)[O-].CC(C)c1c(C(=O)Nc2ccccc2)c(-c2ccccc2)c(-c2ccc(F)cc2)n1CC[C@@H](O)C[C@@H](O)CC(=O)[O-],0
TOX21NRAR-04954,CCOC(=O)C(C)C(C)=O,0
TOX21NRAR-04955,ClCC(Br)CBr,0
TOX21NRAR-04956,c1ccc2c(c1)Oc1ccccc1O2,0
TOX21NRAR-04957,BrCCBr,0
TOX21NRAR-04958,CCCCCCCCCCCOC(=O)c1ccccc1C(=O)OCCCCCCCCCCC,0
TOX21NRAR-04959,C=Cc1ccccc1C=C,0
TOX21NRAR-04960,CCCCCCCCC/C=C/CC1CC(=O)OC1=O,0
TOX21NRAR-04961,NCCCN1CCN(CCCN)CC1,0
TOX21NRAR-04962,C=CC(C)(O)CCC=C(C)CCC=C(C)C,0
TOX21NRAR-04963,CCCCCCCCCCCCOCCO,0
TOX21NRAR-04964,CCCCCCCCCC(CC)c1ccc(S(=O)(=O)[O-])cc1,0
TOX21NRAR-04965,Cc1cc2c(C(C)C)c(O)c(O)c(C=O)c2c(O)c1-c1c(C)cc2c(C(C)C)c(O)c(O)c(C=O)c2c1O,0
TOX21NRAR-04966,CN(C(=O)CN(CCO)CC(=O)N(C)C(C)(C)Cc1ccccc1)C(C)(C)Cc1ccccc1,0
TOX21NRAR-04967,c1ccc(COCc2ccccc2)cc1,0
TOX21NRAR-04968,COc1ccccc1OCC(O)CO,0
TOX21NRAR-04969,CCCCCc1cc(O)cc(O)c1,0
TOX21NRAR-04970,CCCCCCCC/C=C\CCCCCCCC(=O)OC,0
TOX21NRAR-04971,O=C(O)C(=O)O,0
TOX21NRAR-04972,O=C(O)c1cc(O)nc(O)n1,0
TOX21NRAR-04973,Cc1ccccc1C(OCCN(C)C)c1ccccc1,0
TOX21NRAR-04974,O=C1O[C@H](CO)[C@@H](O)[C@H](O)[C@H]1O,0
TOX21NRAR-04975,CN(C)Cc1cc(CN(C)C)c(O)c(CN(C)C)c1,0
TOX21NRAR-04976,IC(I)=C(I)I,0
TOX21NRAR-04977,O=P([O-])([O-])OP(=O)([O-])[O-],0
TOX21NRAR-04978,CC(C)NC[C@@H](O)COc1cccc2ccccc12,0
TOX21NRAR-04979,CC(=O)OCC(=O)[C@@]12OC(C)(C)O[C@@H]1C[C@H]1[C@@H]3C[C@H](F)C4=CC(=O)C=C[C@]4(C)[C@@]3(F)[C@@H](O)C[C@@]12C,1
TOX21NRAR-04980,CC(=O)OCC(=O)[C@@]1(O)CC[C@H]2[C@@H]3CCC4=CC(=O)C=C[C@]4(C)[C@@]3(F)[C@@H](O)C[C@@]21C,1
TOX21NRAR-04981,CNC(=O)ON=C(CSC)C(C)(C)C,0
TOX21NRAR-04982,O=c1nn[nH]c2ccccc12,0
TOX21NRAR-04983,Nc1ccc2cc(S(=O)(=O)O)cc(O)c2c1,0
TOX21NRAR-04984,CCOC(=O)COc1cc(-n2ncc(C(F)(F)F)c(C)c2=O)c(F)cc1Cl,0
TOX21NRAR-04985,CCCCOC(=O)C(C)Oc1ccc(Oc2ccc(C(F)(F)F)cn2)cc1,0
TOX21NRAR-04986,COc1nn(C(=O)[N-]S(=O)(=O)c2ccccc2OC(F)(F)F)c(=O)n1C,0
TOX21NRAR-04987,CCCCCOC(=O)c1ccccc1C(=O)OCCCCC,0
TOX21NRAR-04988,CCCOC(=O)c1ccccc1C(=O)OCCC,0
TOX21NRAR-04989,CCc1ccc(C(=O)NN(C(=O)c2cc(C)cc(C)c2)C(C)(C)C)cc1,0
TOX21NRAR-04990,c1nc[n-]n1,0
TOX21NRAR-04991,N#CCCSCCC#N,0
TOX21NRAR-04992,CCOC(=O)C1=C[C@]2(CC)CCCN3CCc4c(n1c1ccccc41)[C@@H]32,0
TOX21NRAR-04993,Cc1nnc2n1-c1ccc(Cl)cc1C(c1ccccc1Cl)=NC2,0
TOX21NRAR-04994,CCOc1ccc2c3c1O[C@H]1[C@@H](O)C=C[C@H]4[C@@H](C2)N(C)CC[C@]314,0
TOX21NRAR-04995,CC(=O)Oc1ccc2c3c1O[C@H]1[C@@H](OC(C)=O)C=C[C@H]4[C@@H](C2)N(C)CC[C@]314,0
TOX21NRAR-04996,CCC(=O)O[C@]1(c2ccccc2)CCN(C)C[C@H]1C,0
TOX21NRAR-04997,CC(C)Cn1cnc2c1c(=O)n(C)c(=O)n2C,0
TOX21NRAR-04998,Brc1c2ccccc2c(Br)c2ccccc12,0
TOX21NRAR-04999,Cc1nc2ccccc2c(=O)o1,0
TOX21NRAR-05000,CCn1cc[n+](C)c1.COS(=O)(=O)[O-],0
TOX21NRAR-05001,C/C=C(\C)C=O,0
TOX21NRAR-05002,CN(C)c1ccc(CCO)cc1,0
TOX21NRAR-05003,O=C1c2ccccc2-c2ccccc21,0
TOX21NRAR-05004,CNC(=O)Oc1ccccc1C(C)C,0
TOX21NRAR-05005,CC(C)c1ccc(NC(=O)N(C)C)cc1,0
TOX21NRAR-05006,Cc1ccc(C(C)C)cc1O,0
TOX21NRAR-05007,CCOCCOCCOCCO,0
TOX21NRAR-05008,CC(Cl)C(Cl)Cl,0
TOX21NRAR-05009,CCN(CC)CC,0
TOX21NRAR-05010,CCCCCCCCCCCCCCCC/C=C/C1CC(=O)OC1=O,0
TOX21NRAR-05011,CCOP(=S)(OCC)SCn1nnc2ccccc2c1=O,0
TOX21NRAR-05012,CC(C)Nc1nc(N)nc(Cl)n1,0
TOX21NRAR-05013,CCNc1nc(N)nc(Cl)n1,0
TOX21NRAR-05014,CCNc1nc(NC(C)C)nc(OC)n1,0
TOX21NRAR-05015,O=C1CCCCCCCCCCCCCC1,0
TOX21NRAR-05016,CCC(=O)C=Cc1ccc(OC)cc1,0
TOX21NRAR-05017,CC(C)(Cl)[N+](=O)[O-],0
TOX21NRAR-05018,O=[N+]([O-])c1cc(C(F)(F)F)ccc1Cl,0
TOX21NRAR-05019,CC1=C(O)C(=O)CO1,0
TOX21NRAR-05020,C=CC(=C)CCCC(C)(C)OC(C)=O,0
TOX21NRAR-05021,C=CC(C)(O)CC/C=C(\C)CC,0
TOX21NRAR-05022,CCC(=O)Oc1ccc(/C(CC)=C(\CC)c2ccc(OC(=O)CC)cc2)cc1,0
TOX21NRAR-05023,CC(C)C1CCC(O)CC1,0
TOX21NRAR-05024,COc1cc(Cl)c(OC)cc1Cl,0
TOX21NRAR-05025,CC(C)CC=C(C=O)c1ccccc1,0
TOX21NRAR-05026,Clc1cccc2ccccc12,0
TOX21NRAR-05027,CCC(Cl)[N+](=O)[O-],0
TOX21NRAR-05028,CC(=O)OCC(C)OC(C)=O,0
TOX21NRAR-05029,CC(C)CCCC(C)CC=O,0
TOX21NRAR-05030,CC(C)(C)c1cccc(O)c1,0
TOX21NRAR-05031,CC1=CCC(O)(C(C)C)CC1,0
TOX21NRAR-05032,C=C(C)C(=O)[O-],0
TOX21NRAR-05033,CC(CCO)CCc1ccccc1,0
TOX21NRAR-05034,CCOC(=O)C(C#N)=C(c1ccccc1)c1ccccc1,0
TOX21NRAR-05035,COc1ccc(C(=O)CC(=O)c2ccc(C(C)(C)C)cc2)cc1,0
TOX21NRAR-05036,C=CCCCCCCCCC(=O)OCC,0
TOX21NRAR-05037,O=C1NC(=O)c2cc([N+](=O)[O-])ccc21,0
TOX21NRAR-05038,O=C1OC(=O)c2cc([N+](=O)[O-])ccc21,0
TOX21NRAR-05039,O=c1[nH][nH]c(=O)c2cc([N+](=O)[O-])ccc12,0
TOX21NRAR-05040,Nc1ccc([N+](=O)[O-])c(N)c1,0
TOX21NRAR-05041,O=[N+]([O-])c1ccc(NCCO)c(OCCO)c1,0
TOX21NRAR-05042,O=S(=O)([O-])c1ccc(/N=N/c2c(O)ccc3cc(S(=O)(=O)[O-])ccc23)cc1,0
TOX21NRAR-05043,CC(/C=C/C=C(\C)C(=O)O[C@@H]1O[C@H](CO[C@@H]2O[C@H](CO)[C@@H](O)[C@H](O)[C@H]2O)[C@@H](O)[C@H](O)[C@H]1O)=C\C=C\C=C(C)\C=C\C=C(/C)C(=O)O[C@@H]1O[C@H](CO[C@@H]2O[C@H](CO)[C@@H](O)[C@H](O)[C@H]2O)[C@@H](O)[C@H](O)[C@H]1O,0
TOX21NRAR-05044,O=C([O-])c1[nH]n(-c2ccc(S(=O)(=O)[O-])cc2)c(=O)c1/N=N/c1ccc(S(=O)(=O)[O-])cc1,0
TOX21NRAR-05045,CCN(CC)CCCl,0
TOX21NRAR-05046,COC(=O)c1ccc2cc(C(=O)OC)ccc2c1,0
TOX21NRAR-05047,Cc1cccc[n+]1[O-],0
TOX21NRAR-05048,CC[N+](CC)(CC(=O)Nc1c(C)cccc1C)Cc1ccccc1.O=C([O-])c1ccccc1,0
TOX21NRAR-05049,CCC(C)C1CCCCC1=O,0
TOX21NRAR-05050,NC1CCN(c2cccc(Cl)n2)CC1,0
TOX21NRAR-05051,C#CCC(Cc1cnc2nc(N)nc(N)c2n1)c1ccc(C(=O)N[C@@H](CCC(=O)O)C(=O)O)cc1,0
TOX21NRAR-05052,C/C=C1\NC(=O)[C@H]2CSSCCC=C[C@H](CC(=O)N[C@H](C(C)C)C(=O)N2)OC(=O)[C@H](C(C)C)NC1=O,0
TOX21NRAR-05053,CC1CCC(CO)CC1,0
TOX21NRAR-05054,CCS(=O)(=O)C(C)(C)S(=O)(=O)CC,0
TOX21NRAR-05055,NCCCC[C@H](NC(=O)[C@@H]1CCCN1C(=O)[C@@H]1CSSC[C@H](N)C(=O)N[C@@H](Cc2ccc(O)cc2)C(=O)N[C@@H](Cc2ccccc2)C(=O)N[C@@H](CCC(N)=O)C(=O)N[C@@H](CC(N)=O)C(=O)N1)C(=O)NCC(N)=O,0
TOX21NRAR-05056,CC(=O)SC[C@@H](C)C(=O)N1CCC[C@H]1C(=O)N[C@@H](Cc1ccccc1)C(=O)O,0
TOX21NRAR-05057,CCC(C)(C)OC(=O)N[C@@H](Cc1c[nH]c2ccccc12)C(=O)N[C@@H](CCSC)C(=O)N[C@@H](CC(=O)O)C(=O)N[C@@H](Cc1ccccc1)C(N)=O,0
TOX21NRAR-05058,Nc1c2c(nc3ccccc13)CCCC2O,0
TOX21NRAR-05059,N=C(N)NC(=O)Cc1c(Cl)cccc1Cl,0
TOX21NRAR-05060,O=c1c2ccccc2[se]n1-c1ccccc1,0
TOX21NRAR-05061,O=C1NCN(c2ccccc2)C12CCN(CCCC(c1ccc(F)cc1)c1ccc(F)cc1)CC2,0
TOX21NRAR-05062,Cc1nc2c([nH]1)c(=O)n(C)c(=O)n2Cc1ccco1,0
TOX21NRAR-05063,ClC1=C(Cl)[C@]2(Cl)[C@H]3[C@H](C4C=C[C@H]3C4)C1(Cl)C2(Cl)Cl,0
TOX21NRAR-05064,NC(=O)NC1NC(=O)NC1=O,1
TOX21NRAR-05065,C=CCO,0
TOX21NRAR-05066,C=CCCl,0
TOX21NRAR-05067,C=CCOCC1CO1,0
TOX21NRAR-05068,C=CCN=C=S,0
TOX21NRAR-05069,C=CCOC(=O)CC(C)C,0
TOX21NRAR-05070,[S-]c1nc2ccccc2s1,0
TOX21NRAR-05071,CCCCNCC,0
TOX21NRAR-05072,Cc1[nH]c(=O)c(C#N)cc1-c1ccncc1,0
TOX21NRAR-05073,CN1CCN2c3ncccc3Cc3ccccc3C2C1,0
TOX21NRAR-05074,CC#C[C@]1(O)CC[C@H]2[C@@H]3CCC4=CC(=O)CCC4=C3[C@@H](c3ccc(N(C)C)cc3)C[C@@]21C,1
TOX21NRAR-05075,Cc1cccc2cccnc12,0
TOX21NRAR-05076,O=S([O-])CO,0
TOX21NRAR-05077,Cc1ccc2ncccc2c1,0
TOX21NRAR-05078,COC(=O)C(c1ccccc1)C1CCCCN1,0
TOX21NRAR-05079,NC(=O)CS(=O)C(c1ccccc1)c1ccccc1,0
TOX21NRAR-05080,Oc1ccc(Cl)cc1,0
TOX21NRAR-05081,Cc1ccc(N)cc1,0
TOX21NRAR-05082,C=CC(=O)OCC(C)C,0
TOX21NRAR-05083,CCCBr,0
TOX21NRAR-05084,OCCCl,0
TOX21NRAR-05085,CCC#N,0
TOX21NRAR-05086,CCc1cc(Cc2cc(CC)cc(C(C)(C)C)c2O)c(O)c(C(C)(C)C)c1,0
TOX21NRAR-05087,CCCC(C)C1(CC)C(=O)N=C([S-])NC1=O,0
TOX21NRAR-05088,CCC(=O)OCCc1ccccc1,0
TOX21NRAR-05089,CC1(C)C(=O)NC(=O)N1CO,0
TOX21NRAR-05090,C#C[C@]1(OC(C)=O)CC[C@H]2[C@@H]3CCC4=C[C@@H](OC(C)=O)CC[C@@H]4[C@H]3CC[C@@]21C,1
TOX21NRAR-05091,CCc1cccc2c3c([nH]c12)C(CC)(CC(=O)O)OCC3,0
TOX21NRAR-05092,CCN(CC)CCOc1ccc(C(=C(Cl)c2ccccc2)c2ccccc2)cc1.O=C(O)CC(O)(CC(=O)O)C(=O)O,0
TOX21NRAR-05093,CCOC(=O)C(C)(C)Oc1ccc(Cl)cc1,0
TOX21NRAR-05094,O=C(O)CC(O)(CC(=O)O)C(=O)O,0
TOX21NRAR-05095,CC(C)(Oc1ccc(C2CC2(Cl)Cl)cc1)C(=O)O,0
TOX21NRAR-05096,Nc1ccccc1C(=O)OCC=Cc1ccccc1,0
TOX21NRAR-05097,CCCCCCCCCCCC[N+](C)(C)CC(=O)[O-],0
TOX21NRAR-05098,CCCCCCCCC(CO)CCCCCC,0
TOX21NRAR-05099,Cc1c(Cl)cccc1[N+](=O)[O-],0
TOX21NRAR-05100,C=CCOCC(O)CCl,0
TOX21NRAR-05101,CCOC(=O)c1nc(C(Cl)(Cl)Cl)n(-c2ccc(Cl)cc2Cl)n1,0
TOX21NRAR-05102,Nc1cc([N+](=O)[O-])ccc1C(=O)O,0
TOX21NRAR-05103,CCC(C(=O)NC(N)=O)c1ccccc1,0
TOX21NRAR-05104,O=c1ssc(Cl)c1Cl,0
TOX21NRAR-05105,CCN1C(=CC=Cc2ccc3ccccc3[n+]2CC)C=Cc2ccccc21,0
TOX21NRAR-05106,N=C(N)NN=C(C=Cc1ccc([N+](=O)[O-])o1)C=Cc1ccc([N+](=O)[O-])o1,0
TOX21NRAR-05107,CCCCCCCCOC(=O)CCCCCCCCC(=O)OCCCCCCCC,0
TOX21NRAR-05108,O=C(OCCCCCCOC(=O)c1ccccc1)c1ccccc1,0
TOX21NRAR-05109,NC(=O)N(O)[C@@H]1COc2cc(OCc3ccccc3)ccc21,0
TOX21NRAR-05110,CC(=O)c1ccc2c(c1)[C@H](NC(=O)c1ccc(F)cc1)[C@@H](O)C(C)(C)O2,0
TOX21NRAR-05111,CCc1cc(SCc2sc(-c3ccc(C(F)(F)F)cc3)nc2CN2CCN(c3ccc(OC)cc3)CC2)ccc1OCC(=O)O,0
TOX21NRAR-05112,CCCCN1C(=O)[C@@H]([C@H](O)C2CCCCC2)NC(=O)C12CCN(Cc1ccc(Oc3ccc(C(=O)O)cc3)cc1)CC2,0
TOX21NRAR-05113,Cc1oc(-c2ccccc2)nc1CCOc1ccc(C[C@H](Nc2ccccc2C(=O)c2ccccc2)C(=O)O)cc1,0
TOX21NRAR-05114,CNS(=O)(=O)c1cc(C(=O)N2CCC(CCN3C4CCC3CC(n3c(C)nc5ccccc53)C4)(c3cccc(F)c3)CC2)c(Cl)cc1F,0
TOX21NRAR-05115,N#Cc1ccc(N(CC(N)=O)CC(F)(F)F)cc1C(F)(F)F,1
TOX21NRAR-05116,CCN(C(=O)c1cc(C)cc(OC[C@H](C)Nc2ccncc2)c1)C(C)C,0
TOX21NRAR-05117,O=C(NCCCN1CCOCC1)c1ccc(Cl)cc1,0
TOX21NRAR-05118,CSCC[C@H](NC(=O)[C@H](Cc1ccc(OS(=O)(=O)O)cc1)NC(=O)[C@@H](N)CC(=O)O)C(=O)NCC(=O)N[C@@H](Cc1c[nH]c2ccccc12)C(=O)N[C@@H](CCSC)C(=O)N[C@@H](CC(=O)O)C(=O)N[C@@H](Cc1ccccc1)C(N)=O,0
TOX21NRAR-05119,C[C@]12CC[C@H]3[C@@H](CCC4=CC(=O)CC[C@@]43C)[C@@H]1CC[C@H]2O,1
TOX21NRAR-05120,Cc1ccc(O)c2ncccc12,0
TOX21NRAR-05121,CC(O)C(=O)O.CCCCCCCCCCCCCCNCCO,0
TOX21NRAR-05122,CNCCCC1c2ccccc2C=Cc2ccccc21,0
TOX21NRAR-05123,O=C(Nc1ccc(C(=O)O)c(O)c1)c1ccccc1,0
TOX21NRAR-05124,COc1ccccc1OC(=O)Oc1ccccc1OC,0
TOX21NRAR-05125,CC(=O)CCC=C(C)CC/C=C(\C)CC/C=C(\C)CCC=C(C)C,0
TOX21NRAR-05126,O=C(Nc1ccc(O)cc1)c1ccccc1O,0
TOX21NRAR-05127,CC(C)(C)C1(CCc2ccc(Cl)cc2)CO1,0
TOX21NRAR-05128,O=P([O-])(O)C(Sc1ccc(Cl)cc1)P(=O)([O-])O,0
TOX21NRAR-05129,CCCCCCCC/C=C\CCCCCCCC(=O)N(C)CC(=O)O,0
TOX21NRAR-05130,CCc1ccccc1N,0
TOX21NRAR-05131,CCCCCCCCCCCCCCCC(=O)OCCC1CCN(CCCN2c3ccccc3Sc3ccc(S(=O)(=O)N(C)C)cc32)CC1,0
TOX21NRAR-05132,CS(=O)(=O)Nc1cc2occ(NC=O)c(=O)c2cc1Oc1ccccc1,0
TOX21NRAR-05133,NNc1nncc2ccccc12,0
TOX21NRAR-05134,CC(C)=CCC/C(C)=C/CC/C(C)=C/CC/C(C)=C/CC1=C(C)C(=O)c2ccccc2C1=O,0
TOX21NRAR-05135,CC(=O)OCCN(CCOC(C)=O)c1ccc(/N=N/c2ccc([N+](=O)[O-])cc2C#N)cc1,0
TOX21NRAR-05136,CCCCCCCCCCCCCCN(CCO)CCO,0
TOX21NRAR-05137,CC(=O)[C@H]1CC[C@H]2[C@@H]3CC[C@H]4C[C@H](O)CC[C@]4(C)[C@H]3CC[C@]12C,0
TOX21NRAR-05138,CCN(CC)CCC(=O)N1c2ccccc2Sc2ccc(C(F)(F)F)cc21,0
TOX21NRAR-05139,CCCOC(=O)c1cc(O)c(O)c(O)c1,0
TOX21NRAR-05140,CC(O)CO,0
TOX21NRAR-05141,Brc1ccc(Oc2ccc(Br)cc2Br)c(Br)c1,0
TOX21NRAR-05142,O=C1CCC(c2ccccc2)(C2CCN(Cc3ccccc3)CC2)C(=O)N1,0
TOX21NRAR-05143,CCCc1cc(=O)[nH]c(=S)[nH]1,0
TOX21NRAR-05144,CCc1cnc(C(=O)O)c(C(=O)O)c1,0
TOX21NRAR-05145,CCO[Si](CCC#N)(OCC)OCC,0
TOX21NRAR-05146,CCO[Si](CCCN)(OCC)OCC,0
TOX21NRAR-05147,FC(F)(F)c1ccccc1,0
TOX21NRAR-05148,c1ccc2scnc2c1,0
TOX21NRAR-05149,c1ccc2c(c1)ccc1ncccc12,0
TOX21NRAR-05150,CC(=O)OC(C(=O)c1ccccc1)c1ccccc1,0
TOX21NRAR-05151,CN(C)C/C=C(/c1ccc(Br)cc1)c1cccnc1,0
TOX21NRAR-05152,CI.CN1[C@H]2CC[C@@H]1CC(OC(=O)c1c[nH]c3ccccc13)C2,0
TOX21NRAR-05153,O=C(CCCN1CCC(O)(c2cccc(C(F)(F)F)c2)CC1)c1ccc(F)cc1,0
TOX21NRAR-05154,Cc1[nH]c(=O)c(C#N)cc1-c1ccc2nccn2c1,0
TOX21NRAR-05155,O=C(O)c1cc(O)c(O)c(O)c1,0
TOX21NRAR-05156,Cc1ccc(C)c(OCCCC(C)(C)C(=O)O)c1,0
TOX21NRAR-05157,CN(C)c1ccc(C(=C2C=CC(=[N+](C)C)C=C2)c2ccc(N(C)C)cc2)cc1,0
TOX21NRAR-05158,CC(=O)OC/C=C(\C)CCC=C(C)C,0
TOX21NRAR-05159,C=C1C[C@]23C[C@@]1(O)CC[C@H]2[C@@]12C=C[C@H](O)[C@@](C)(C(=O)O1)[C@H]2[C@@H]3C(=O)O,0
TOX21NRAR-05160,BrCCCCBr,0
TOX21NRAR-05161,OC[C@H]1O[C@H](O[C@H]2O[C@H](CO)[C@@H](O)[C@H](O)[C@H]2O)[C@H](O)[C@@H](O)[C@@H]1O,0
TOX21NRAR-05162,O=C(Cc1ccccc1)OCCc1ccccc1,0
TOX21NRAR-05163,CC(=O)CCc1ccc(O)cc1,0
TOX21NRAR-05164,CC(C)CCCC(C)CCO,0
TOX21NRAR-05165,NNC(=O)CCCCC(=O)NN,0
TOX21NRAR-05166,O=C1CCCC(=O)O1,0
TOX21NRAR-05167,CCCCCCCCCC(=O)OCC,0
TOX21NRAR-05168,CCn1cc[n+](C)c1.O=S(=O)([O-])C(F)(F)F,0
TOX21NRAR-05169,CCn1cc[n+](C)c1.N#CN=C=[N-],0
TOX21NRAR-05170,CCn1cc[n+](C)c1.O=S(=O)([N-]S(=O)(=O)C(F)(F)F)C(F)(F)F,0
TOX21NRAR-05171,O=C(O)c1ccccc1O.OCCN(CCO)CCO,0
TOX21NRAR-05172,CCCC[N+]1(C)CCCC1.O=S(=O)([N-]S(=O)(=O)C(F)(F)F)C(F)(F)F,0
TOX21NRAR-05173,COP(=O)([O-])OC.Cn1cc[n+](C)c1,0
TOX21NRAR-05174,O=S(=O)([O-])OOS(=O)(=O)[O-],0
TOX21NRAR-05175,O=[N+]([O-])[O-].[K+],0
TOX21NRAR-05176,CCCNCCC,0
TOX21NRAR-05177,CCC(O)OC(O)CC,0
TOX21NRAR-05178,Nc1nc(F)nc2c1ncn2[C@@H]1O[C@H](CO)[C@@H](O)[C@@H]1O,0
TOX21NRAR-05179,O=C(Nc1ccccc1)Nc1ccccc1,0
TOX21NRAR-05180,OC1(c2ccc(Cl)c(C(F)(F)F)c2)CCN(CCCC(c2ccc(F)cc2)c2ccc(F)cc2)CC1,0
TOX21NRAR-05181,OCCN1CCN(CC/C=C2/c3ccccc3Sc3ccc(C(F)(F)F)cc32)CC1,0
TOX21NRAR-05182,CS(=O)(=O)O,0
TOX21NRAR-05183,C[Si](C)(C)C,0
TOX21NRAR-05184,CC1(c2ccc(Oc3ccccc3)cc2)OC(=O)N(Nc2ccccc2)C1=O,0
TOX21NRAR-05185,Nc1nc(=O)c2nc(CNc3ccc(C(=O)N[C@@H](CCC(=O)O)C(=O)O)cc3)cnc2[nH]1,0
TOX21NRAR-05186,CCOC(=O)Cc1cccc2ccccc12,0
TOX21NRAR-05187,BrCC1CO1,0
TOX21NRAR-05188,O=C([O-])c1ccccc1-c1c2cc(Br)c(=O)c(Br)c-2oc2c(Br)c([O-])c(Br)cc12,0
TOX21NRAR-05189,CCOC1Oc2ccc(OS(C)(=O)=O)cc2C1(C)C,0
TOX21NRAR-05190,CCOc1cc(C(C)(C)C)ccc1C1COC(c2c(F)cccc2F)=N1,0
TOX21NRAR-05191,Cc1cc(Cl)ccc1O,0
TOX21NRAR-05192,Cc1cc(O)c2c(c1)C(=O)c1cc(O)cc(O)c1C2=O,0
TOX21NRAR-05193,COC(=O)C1=C(C)NC(C)=C(C(=O)OC(C)C)C1c1cccc2nonc12,0
TOX21NRAR-05194,Cl[Zn]Cl,0
TOX21NRAR-05195,Cc1cc(C(=O)NNCc2ccccc2)no1,0
TOX21NRAR-05196,CC(C)COC(=O)c1ccc(N)cc1,0
TOX21NRAR-05197,O=[N+]([O-])O[C@@H]1CO[C@@H]2[C@@H](O)CO[C@H]12,0
TOX21NRAR-05198,CC(C)[N+](C)(CCC(C(N)=O)(c1ccccc1)c1ccccc1)C(C)C,0
TOX21NRAR-05199,O=c1n(Cl)c(=O)n(Cl)c(=O)n1Cl,0
TOX21NRAR-05200,Nc1ccc2c(O)cc(S(=O)(=O)O)cc2c1,0
TOX21NRAR-05201,Cc1cc(S(=O)(=O)O)c(N)cc1Cl,0
TOX21NRAR-05202,Cc1ccc(N)c(S(=O)(=O)O)c1,0
TOX21NRAR-05203,CC(C)(C)c1ccccc1O,0
TOX21NRAR-05204,Cc1ccc(C(C)(C)C)c(O)c1,0
TOX21NRAR-05205,Cc1cc(N)c(S(=O)(=O)O)cc1Cl,0
TOX21NRAR-05206,C[C@]12CC[C@H]3[C@@H](CC[C@H]4C[C@@H]5S[C@@H]5C[C@@]43C)[C@@H]1CC[C@@H]2O,1
TOX21NRAR-05207,Cc1c(NC(=O)c2cccnc2)c(=O)n(-c2ccccc2)n1C,0
TOX21NRAR-05208,C[C@@H]1C[C@H]2[C@@H]3C[C@H](F)C4=CC(=O)C=C[C@]4(C)[C@@]3(F)[C@@H](O)C[C@]2(C)[C@@]1(O)C(=O)CO,1
TOX21NRAR-05209,O=C(CCCN1CCC(n2c(=O)[nH]c3ccccc32)CC1)c1ccc(F)cc1,0
TOX21NRAR-05210,O=C(CCCN1CCN(c2ccccn2)CC1)c1ccc(F)cc1,0
TOX21NRAR-05211,CCCCCCCCCCCCCCCCOS(=O)(=O)[O-],0
TOX21NRAR-05212,CCCCOc1ccc(CC(=O)NO)cc1,0
TOX21NRAR-05213,CCCCc1c(C)nc(NCC)nc1OS(=O)(=O)N(C)C,0
TOX21NRAR-05214,CC(Cl)Cl,0
TOX21NRAR-05215,Clc1ccccc1Cl,0
TOX21NRAR-05216,Clc1ccc(Cl)cc1,0
TOX21NRAR-05217,Nc1ccc(-c2ccc(N)c(Cl)c2)cc1Cl,1
TOX21NRAR-05218,ClCCCl,0
TOX21NRAR-05219,Oc1ccc(Cl)cc1Cl,0
TOX21NRAR-05220,CCCCOC(=O)CCC(=O)OCCCC,0
TOX21NRAR-05221,c1ccc2c(c1)oc1ccccc12,0
TOX21NRAR-05222,NCCN1CCNCC1,0
TOX21NRAR-05223,CCC(=O)[O-],0
TOX21NRAR-05224,CCN(CC)C(=O)c1cccc(C)c1,0
TOX21NRAR-05225,Nc1ccc(C(=O)Oc2ccccc2)c(O)c1,0
TOX21NRAR-05226,COCCCN,0
TOX21NRAR-05227,CC1(C)C(C=C(Cl)Cl)C1C(=O)OCc1cccc(Oc2ccccc2)c1,0
TOX21NRAR-05228,COc1nc(C)nc(NC(=O)NS(=O)(=O)c2ccccc2OCCCl)n1,0
TOX21NRAR-05229,CC(C)N(C(=O)SCC(Cl)=C(Cl)Cl)C(C)C,0
TOX21NRAR-05230,Brc1ccc(Br)c(Br)c1,0
TOX21NRAR-05231,CCCCN(CCCC)CCCCCCN(CCCC)CCCC,0
TOX21NRAR-05232,CC(COCC(C)OC(=O)c1ccccc1)OC(=O)c1ccccc1,0
TOX21NRAR-05233,CCCCCCCCCC(CC)c1ccc(S(=O)(=O)O)cc1,0
TOX21NRAR-05234,CC(C)CCCCCCCOC(=O)CCCCC(=O)OCCCCCCCC(C)C,0
TOX21NRAR-05235,CC(C)(C)CC(C)(C)c1ccccc1O,0
TOX21NRAR-05236,CCCCCCCCCCCCc1ccccc1O,0
TOX21NRAR-05237,CCCCC(CC)CO[N+](=O)[O-],0
TOX21NRAR-05238,NC(=S)NC(N)=S,0
TOX21NRAR-05239,N#C/N=C1\SCCN1Cc1ccc(Cl)nc1,0
TOX21NRAR-05240,CN1COCN(Cc2cnc(Cl)s2)C1=N[N+](=O)[O-],0
TOX21NRAR-05241,CC1=CC(=O)CC(C)(C)C1(O)/C=C/C(C)=C\C(=O)O,0
TOX21NRAR-05242,CC1=CC(=O)[N-]S(=O)(=O)O1,0
TOX21NRAR-05243,CCOC(C)OCC,0
TOX21NRAR-05244,CC1(C)C(C(=O)OC(C#N)c2cccc(Oc3ccccc3)c2)C1(C)C,0
TOX21NRAR-05245,COC(=O)c1c(Cl)c(Cl)c(C(=O)OC)c(Cl)c1Cl,0
TOX21NRAR-05246,CC(Cl)(Cl)C(=O)[O-],0
TOX21NRAR-05247,C=CC(O)CCCCC,0
TOX21NRAR-05248,C[Sn](Cl)(Cl)Cl,0
TOX21NRAR-05249,C=CCS(=O)(=O)[O-],0
TOX21NRAR-05250,CCCC(C)c1ccccc1O,0
TOX21NRAR-05251,CC(C)CCOCc1ccccc1,0
TOX21NRAR-05252,Cc1cc([N+](=O)[O-])cc([N+](=O)[O-])c1O,0
TOX21NRAR-05253,O=C1O[Pt]2(N[C@@H]3CCCC[C@H]3N2)OC1=O,0
TOX21NRAR-05254,C[C@]12CC[C@H]3C(=CCc4cc(O)ccc43)[C@@H]1CCC2=O,1
TOX21NRAR-05255,CC(=O)[C@@]1(O)CC[C@H]2[C@@H]3C[C@H](C)C4=CC(=O)C=C[C@]4(C)[C@@]3(F)[C@@H](O)C[C@@]21C,1
TOX21NRAR-05256,CC1(C)O[C@@H]2C[C@H]3[C@@H]4C[C@H](F)C5=CC(=O)CC[C@]5(C)[C@H]4[C@@H](O)C[C@]3(C)[C@]2(C(=O)CO)O1,1
TOX21NRAR-05257,CCCCCCC1CCOC1=O,0
TOX21NRAR-05258,C[C@H](CCC(=O)NCC(=O)O)[C@H]1CC[C@H]2[C@H]3[C@H](C[C@H](O)[C@@]21C)[C@@]1(C)CC[C@@H](O)C[C@H]1C[C@H]3O,0
TOX21NRAR-05259,CCC(C)(C)C1CCC(=O)CC1,0
TOX21NRAR-05260,O=P([O-])(O)OP(=O)([O-])O,0
TOX21NRAR-05261,C=CCCCCCCCCOC(C)=O,0
TOX21NRAR-05262,Cc1ccccc1C#N,0
TOX21NRAR-05263,CCCCCCCCCOC(C)=O,0
TOX21NRAR-05264,O=Cc1cc2ccccc2o1,0
TOX21NRAR-05265,CC(=O)c1c(C)cc(C(C)(C)C)cc1C,0
TOX21NRAR-05266,COC(=O)C=C(C)CCC=C(C)C,0
TOX21NRAR-05267,CC(=O)OCC=C(C)C,0
TOX21NRAR-05268,CCN(CC#N)c1cccc(C)c1,0
TOX21NRAR-05269,Oc1cccc2cccnc12.Oc1cccc2cccnc12,0
TOX21NRAR-05270,N[C@@H](Cc1c[nH]c2ccc(O)cc12)C(=O)O,0
TOX21NRAR-05271,CC(=O)OC(C)(C)C,0
TOX21NRAR-05272,NC(=O)NO,0
TOX21NRAR-05273,COC(=O)OC,0
TOX21NRAR-05274,CC1CCCNC1,0
TOX21NRAR-05275,CCc1ccc(C)cc1,0
TOX21NRAR-05276,O=C(O)CNC(=O)c1ccc([N+](=O)[O-])cc1,0
TOX21NRAR-05277,O=[N+]([O-])CCO,0
TOX21NRAR-05278,CN(CCCl)CCCl,0
TOX21NRAR-05279,C=C(Cl)Cl,0
TOX21NRAR-05280,N=C(N)S(=O)O,0
TOX21NRAR-05281,O=C(O)c1nc(Cl)ccc1Cl,0
TOX21NRAR-05282,Cc1ccc(N)nc1,0
TOX21NRAR-05283,Cc1ccc(C(C)c2ccc(C)c(C)c2)cc1C,0
TOX21NRAR-05284,C=COC(C)=O,0
TOX21NRAR-05285,C=Cc1cccc(C)c1,0
TOX21NRAR-05286,C=CC1CC=CCC1,0
TOX21NRAR-05287,COP(=O)(OC)OC,0
TOX21NRAR-05288,CC(C)(C)c1ccc(CCOc2ncnc3ccccc23)cc1,0
TOX21NRAR-05289,O=C(NC(=O)c1c(F)cccc1F)Nc1cc(Cl)c(OC(F)(F)C(F)C(F)(F)F)cc1Cl,0
TOX21NRAR-05290,O=C(NC(=O)c1ccccc1Cl)Nc1ccc(OC(F)(F)F)cc1,0
TOX21NRAR-05291,O=C(O)c1ccc(-n2nc(-c3ccccc3O)nc2-c2ccccc2O)cc1,0
TOX21NRAR-05292,CO[C@@]12CC[C@@]3(C[C@@H]1[C@](C)(O)C(C)(C)C)[C@H]1Cc4ccc(O)c5c4[C@@]3(CCN1CC1CC1)[C@H]2O5,0
TOX21NRAR-05293,COc1ccc2c3c1O[C@H]1[C@@H](O)C=C[C@H]4[C@@H](C2)NCC[C@]314,0
TOX21NRAR-05294,Cc1ccc(C)c(C)c1,0
TOX21NRAR-05295,CCC(C)(O)CCC=C(C)C,0
TOX21NRAR-05296,O=P(O)(O)OC(Cn1cncn1)(Cn1cncn1)c1ccc(F)cc1F,0
TOX21NRAR-05297,C[C@H]1[C@@H]2Cc3ccc(O)cc3[C@@]1(C)CCN2C.C[C@H]1[C@@H]2Cc3ccc(O)cc3[C@@]1(C)CCN2C,0
TOX21NRAR-05298,C[C@@H]1[C@H]2Cc3ccc(O)cc3[C@]1(C)CCN2C,0
TOX21NRAR-05299,CC(=O)OC(C)(C)Cc1ccccc1,0
TOX21NRAR-05300,CC(=O)NCCO,0
TOX21NRAR-05301,CCCC(=O)O[C@]1(C(=O)COC(=O)CC)CC[C@H]2[C@@H]3CCC4=CC(=O)CC[C@]4(C)[C@H]3[C@@H](O)C[C@@]21C,1
TOX21NRAR-05302,CCNc1nc(NC(C)C(C)C)nc(SC)n1,0
TOX21NRAR-05303,CON(C)C(=O)Nc1ccc(Cl)c(Cl)c1,0
TOX21NRAR-05304,CCCCOCCOC(=O)CCCCCCCCC(=O)OCCOCCCC,0
TOX21NRAR-05305,O=C1c2c(O)ccc(O)c2C(=O)c2c(NCCNCCO)ccc(NCCNCCO)c21,0
TOX21NRAR-05306,COc1nc(C)nc(Cl)c1NC1=NCCN1,0
TOX21NRAR-05307,CCOC(=O)[N-]c1c[n+](N2CCOCC2)no1,0
TOX21NRAR-05308,COc1ccccc1N1CCN(CC(O)COc2cccc3ccccc23)CC1,0
TOX21NRAR-05309,CC12CC3CC(C)(C1)CC(N)(C3)C2,0
TOX21NRAR-05310,CNCCC(Oc1ccccc1OC)c1ccccc1,0
TOX21NRAR-05311,C[C@@H](Cc1ccc(O)c(O)c1)[C@H](C)Cc1ccc(O)c(O)c1,0
TOX21NRAR-05312,Cc1ncc(CNC(=O)N(CCCl)N=O)c(N)n1,0
TOX21NRAR-05313,Cc1c(N)c(=O)n(-c2ccccc2)n1C,0
TOX21NRAR-05314,CN(C)CCN(Cc1ccc(Cl)cc1)c1ccccn1,0
TOX21NRAR-05315,C[C@H](CN1CCCC1)C(=O)c1ccc(C(F)(F)F)cc1,0
TOX21NRAR-05316,Cc1nccn1CC1CCc2c(c3ccccc3n2C)C1=O,0
TOX21NRAR-05317,CCCCC1C(=O)NC(=O)N(C2CCCCC2)C1=O,0
TOX21NRAR-05318,O=C1CC[C@H](C(=O)N2CCCCC2)N1,0
TOX21NRAR-05319,C=CC[C@]1(O)CC[C@H]2[C@@H]3CCC4=CC(=O)CCC4=C3C=C[C@@]21C,1
TOX21NRAR-05320,C=CCc1ccccc1O,0
TOX21NRAR-05321,N#Cc1cc(Br)c(O)c(Br)c1,1
TOX21NRAR-05322,N#Cc1cc(I)c(O)c(I)c1,0
TOX21NRAR-05323,Oc1ccc(/N=N/c2ccccc2)cc1,0
TOX21NRAR-05324,C=C(C)C(=O)OCCCCCCCCCCCC,0
TOX21NRAR-05325,CCCCCCCCCCCCCCCC(=O)OC(C)C,0
TOX21NRAR-05326,NCCCCCCNCCCCCCN,0
TOX21NRAR-05327,COc1c(C)c2c(c(O)c1C/C=C(\C)CCC(=O)OCCN1CCOCC1)C(=O)OC2,0
TOX21NRAR-05328,CC(C)(C)NCC(O)COc1cccc2c1C[C@H](O)[C@H](O)C2,0
TOX21NRAR-05329,C=C1CC[C@@]2(O)[C@H]3Cc4ccc(O)c5c4[C@@]2(CCN3CC2CC2)[C@H]1O5,0
TOX21NRAR-05330,C=C(C)C(=O)OCCOc1ccccc1,0
TOX21NRAR-05331,C=CCN1CC[C@]23c4c5ccc(O)c4O[C@H]2C(=O)CC[C@@]3(O)[C@H]1C5,0
TOX21NRAR-05332,CC(CC(C)C)=NO,0
TOX21NRAR-05333,COc1ccc(COC(C)=O)cc1,0
TOX21NRAR-05334,CC(C)(O)C(=O)c1ccc(OCCO)cc1,0
TOX21NRAR-05335,C=CC(=O)OCCC#N,0
TOX21NRAR-05336,O=C1CCCCCCCCCCCC(=O)OCCO1,0
TOX21NRAR-05337,OCCN1CCNCC1,0
TOX21NRAR-05338,CC(C)(O)CCc1ccccc1,0
TOX21NRAR-05339,CCCCc1ccc(N)cc1,0
TOX21NRAR-05340,CCCCCCCCCc1ccc(O)cc1,0
TOX21NRAR-05341,CN(C)Cc1ccccc1,0
TOX21NRAR-05342,CO[Si](CCCNCCC[Si](OC)(OC)OC)(OC)OC,0
TOX21NRAR-05343,Cc1ccccc1OP(=O)(Oc1ccccc1C)Oc1ccccc1C,0
TOX21NRAR-05344,c1coc(CNc2[nH]cnc3ncnc2-3)c1,0
TOX21NRAR-05345,Cc1c(C)c2c(c(C)c1OC(=O)CCC(=O)O)CC[C@@](C)(CCC[C@H](C)CCC[C@H](C)CCCC(C)C)O2,0
TOX21NRAR-05346,O=C(Oc1ccccc1)c1cccc(C(=O)Oc2ccccc2)c1,0
TOX21NRAR-05347,Cc1c(N=C=O)cccc1N=C=O,0
TOX21NRAR-05348,O=C1CCCCC1,0
TOX21NRAR-05349,OC[C@H]1O[C@@H]2O[C@@H]3[C@@H](CO)O[C@H](O[C@@H]4[C@@H](CO)O[C@H](O[C@@H]5[C@@H](CO)O[C@H](O[C@@H]6[C@@H](CO)O[C@H](O[C@@H]7[C@@H](CO)O[C@H](O[C@@H]8[C@@H](CO)O[C@H](O[C@H]1[C@H](O)[C@H]2O)[C@H](O)[C@H]8O)[C@H](O)[C@H]7O)[C@H](O)[C@H]6O)[C@H](O)[C@H]5O)[C@H](O)[C@H]4O)[C@H](O)[C@H]3O,0
TOX21NRAR-05350,O=C1c2ccccc2C(=O)c2c(O)ccc(O)c21,0
TOX21NRAR-05351,CCCCCCCCCCO[C@@H]1O[C@H](CO)[C@@H](O)[C@H](O)[C@H]1O,0
TOX21NRAR-05352,C=C(C)C1CCC(C)(O)CC1,0
TOX21NRAR-05353,C=C[Si](OCC)(OCC)OCC,0
TOX21NRAR-05354,c1csc(-c2ccc(-c3cccs3)s2)c1,1
TOX21NRAR-05355,O=NN([O-])c1ccccc1,0
TOX21NRAR-05356,O=S(=O)([O-])NC1CCCCC1,0
TOX21NRAR-05357,N#CNC(=N)N,0
TOX21NRAR-05358,N=c1ccn2c(n1)O[C@H]1[C@H](O)[C@@H](CO)O[C@H]12,0
TOX21NRAR-05359,CC(CO)c1ccccc1,0
TOX21NRAR-05360,Nc1ccc2c(c1)Cc1ccccc1-2,1
TOX21NRAR-05361,CCCCCCCCCCCC[N+](C)(C)CCCS(=O)(=O)[O-],0
TOX21NRAR-05362,OCc1c2ccccc2cc2ccccc12,0
TOX21NRAR-05363,S=c1nccc[nH]1,0
TOX21NRAR-05364,CCn1cc[n+](C)c1.F[B-](F)(F)F,0
TOX21NRAR-05365,CC(=O)C(=O)CC(C)C,0
TOX21NRAR-05366,CCCC[n+]1ccccc1C,0
TOX21NRAR-05367,CCCCN(CC)C(=O)SCCC,0
TOX21NRAR-05368,CC(C)NCC(O)COc1cccc2ccccc12,0
TOX21NRAR-05369,Cc1ncc([C@@H](CCCCCCc2ccc3c(n2)NCCC3)CC(=O)O)cn1,0
TOX21NRAR-05370,CC(C)(O)c1cnn2c(-c3ccc(F)c(-c4c(F)cccc4C#N)c3)cnc2n1,0
TOX21NRAR-05371,CCCCc1ccc2c(n1)[C@@H](c1ccc(OC)cc1C[C@H](C)C(=O)[O-])[C@H](C(=O)[O-])[C@H]2c1ccc2c(c1)OCO2,0
TOX21NRAR-05372,CCOc1cccc(-n2cc(C(=O)N3CCN(c4cc(C(=O)[O-])c5ccccc5c4)CC3)nc2-c2ccc(C)cc2)c1,0
TOX21NRAR-05373,Fc1ccccc1[C@@H](F)CO[C@H]1CC[C@H](Nc2[nH]cnc3nncc2-3)CC1,0
TOX21NRAR-05374,CO[C@@H]1COCC[C@@H]1[NH2+][C@@H]1CC[C@@](C(=O)N2CCc3ncc(C(F)(F)F)cc3C2)(C(C)C)C1.O=C([O-])CCC(=O)O,0
TOX21NRAR-05375,OC12N=C(c3ccccc3)SC1Cc1cc(Cl)ccc12,0
TOX21NRAR-05376,CN(C)C(=O)NC1(c2ccccc2)CCN(CC[C@@]2(c3ccc(F)c(F)c3)CN(C(=O)c3ccccc3)CCO2)CC1,0
TOX21NRAR-05377,Cc1cccc(C)c1NC1=NCCCS1,0
TOX21NRAR-05378,CN1[C@H]2CC[C@@H]1C[C@H](OC(=O)C(CO)c1ccccc1)C2,1
TOX21NRAR-05379,Cl[Ni]Cl,0
TOX21NRAR-05380,CCNc1nc(Cl)nc(NC(C)C)n1,0
TOX21NRAR-05381,O=S(=O)(O)c1ccc(O)cc1,0
TOX21NRAR-05382,O=C(CCN1CCN2CCCC2C1)N1c2ccccc2Sc2ccc(Cl)cc21,0
TOX21NRAR-05383,COc1ccc(CCN2CCC(Nc3nc4ccccc4n3Cc3ccc(F)cc3)CC2)cc1,0
TOX21NRAR-05384,NC(=O)NS(=O)(=O)c1ccc(N)cc1,1
TOX21NRAR-05385,CCN(CC)CCNC(=O)COc1ccc(Cl)cc1,0
TOX21NRAR-05386,COc1ccc(CN2CCN(C(c3ccc(F)cc3)c3ccc(F)cc3)CC2)c(OC)c1OC,1
TOX21NRAR-05387,CC(C)(C)NCC(O)COc1ccc(NC(=O)NC2CCCCC2)cc1,0
TOX21NRAR-05388,CCOC(=O)C1=C(C)NC(C)=C(C(=O)OCC)C1c1ccccc1/C=C/C(=O)OC(C)(C)C,0
TOX21NRAR-05389,Nc1ncn([C@@H]2O[C@H](CO)[C@@H](O)[C@H]2O)c(=O)n1,0
TOX21NRAR-05390,CCP(CC)(CC)=[Au]S[C@H]1O[C@@H](COC(C)=O)[C@H](OC(C)=O)[C@@H](OC(C)=O)[C@@H]1OC(C)=O,0
TOX21NRAR-05391,CN(C)c1ccc(C(=N)c2ccc(N(C)C)cc2)cc1,0
TOX21NRAR-05392,CCOP(=S)(Cl)OCC,0
TOX21NRAR-05393,COP(=S)(Cl)OC,0
TOX21NRAR-05394,CO[Si](CCCOCC1CO1)(OC)OC,0
TOX21NRAR-05395,C=CCc1cc(S(=O)(=O)c2ccc(O)c(CC=C)c2)ccc1O,0
TOX21NRAR-05396,CCCCCCOC(=O)C(C)CC,0
TOX21NRAR-05397,Cc1ccc(S(=O)(=O)Oc2ccc(N=Nc3ccc(-c4ccc(N=Nc5c(O)ccc6cc(S(=O)(=O)[O-])cc(S(=O)(=O)[O-])c56)c(C)c4)cc3C)cc2)cc1,0
TOX21NRAR-05398,[Cr+2].c1cc[cH-]c1.c1cc[cH-]c1,0
TOX21NRAR-05399,CCOC(=O)[C@H](CCc1ccccc1)N[C@@H](C)C(=O)N1Cc2ccccc2C[C@H]1C(=O)O,0
TOX21NRAR-05400,CC1=CCC(C(C)C)C=C1,0
TOX21NRAR-05401,Cn1cc(C(=O)[C@@H]2CCc3[nH]cnc3C2)c2ccccc21,0
TOX21NRAR-05402,ON=C1C=CC(=NO)C=C1,0
TOX21NRAR-05403,C[C@@H]1[C@@H]2Cc3ccc(O)cc3[C@@]1(C)CCN2CCc1ccccc1,0
TOX21NRAR-05404,CC(C)CCCCCCc1ccc(O)cc1,0
TOX21NRAR-05405,c1coc(-c2nc3ccccc3[nH]2)c1,0
TOX21NRAR-05406,O=C1OCCN1/N=C/c1ccc([N+](=O)[O-])o1,0
TOX21NRAR-05407,Cl[Sb](Cl)Cl,0
TOX21NRAR-05408,CCn1cc(C(=O)O)c(=O)c2cc3c(cc21)OCO3,0
TOX21NRAR-05409,CC(C)NNC(=O)c1ccncc1,0
TOX21NRAR-05410,O=[N+]([O-])c1ccc(Nc2ccc(Nc3ccccc3)c(S(=O)(=O)[O-])c2)c([N+](=O)[O-])c1,0
TOX21NRAR-05411,COc1ccc2[nH]c(S(=O)Cc3ncc(C)c(OC)c3C)nc2c1,0
TOX21NRAR-05412,COCC(C)N,0
TOX21NRAR-05413,O=S(=O)([O-])c1cc(S(=O)(=O)[O-])c2c(/N=N/c3ccccc3)c(O)ccc2c1,0
TOX21NRAR-05414,COc1cc(/C=C/C(=O)O[C@H]2CC[C@]34C[C@]35CC[C@]3(C)[C@@H]([C@H](C)CCC=C(C)C)CC[C@@]3(C)[C@@H]5CC[C@H]4C2(C)C)ccc1O,0
TOX21NRAR-05415,O=C1Nc2ccc(Cl)cc2C(c2ccccc2)=NC1O,1
TOX21NRAR-05416,CNC(=O)ON=C(SC)C(=O)N(C)C,0
TOX21NRAR-05417,COc1ccc(CO)cc1,0
TOX21NRAR-05418,Cc1ccc2c(c1)[C@]13CCCC[C@@H]1[C@H](C2)N(C)CC3,0
TOX21NRAR-05419,O=c1[nH]c(=O)n([C@H]2C[C@H](O)[C@@H](CO)O2)cc1Br,0
TOX21NRAR-05420,CN(C)Cc1ccccc1O,0
TOX21NRAR-05421,CC(=O)N(CC(O)CO)c1c(I)c(C(=O)NCCO)c(I)c(C(=O)NCC(O)CO)c1I,0
TOX21NRAR-05422,CC(C)(C(=O)O)c1ccc(C(O)CCCN2CCC(C(O)(c3ccccc3)c3ccccc3)CC2)cc1,0
TOX21NRAR-05423,COc1ncc(F)c2nc(S(=O)(=O)Nc3c(F)cccc3F)nn12,0
TOX21NRAR-05424,CCOC(=O)Nc1ccc2c(c1)N(C(=O)CN(C)C)c1ccccc1CC2,0
TOX21NRAR-05425,CCN(CCO)CCn1c(Cc2ccccc2)nc2c1c(=O)n(C)c(=O)n2C,0
TOX21NRAR-05426,C=CC1(C)CC(OC(=O)CO)C2(C)C(C)CCC3(CCC(=O)C32)C(C)C1O,0
TOX21NRAR-05427,C=C1CC2C3CCC4=CC(=O)C=C[C@]4(C)[C@@]3(F)[C@@H](O)C[C@]2(C)[C@@]1(O)C(=O)COC(C)=O,1
TOX21NRAR-05428,CCCCCCCCCCCCCC[P+](CCCCCC)(CCCCCC)CCCCCC,0
TOX21NRAR-05429,CCCCCCn1cc[n+](C)c1,0
TOX21NRAR-05430,CCCn1cc[n+](C)c1.O=S(=O)([N-]S(=O)(=O)C(F)(F)F)C(F)(F)F,0
TOX21NRAR-05431,CCCCCCCCn1cc[n+](C)c1.O=S(=O)([O-])C(F)(F)F,0
TOX21NRAR-05432,Clc1cc(Cl)cc(Cl)c1,0
TOX21NRAR-05433,Clc1cccc(Cl)c1Cl,0
TOX21NRAR-05434,O=C(CCl)c1ccc(Cl)cc1Cl,0
TOX21NRAR-05435,C=CC1=C(C(=O)O)N2C(=O)[C@@H](NC(=O)/C(=N/OCC(=O)O)c3csc(N)n3)[C@H]2SC1,0
TOX21NRAR-05436,N[C@@H](C(=O)N[C@@H]1C(=O)N2C(C(=O)O)=C(CSc3c[nH]nn3)CS[C@H]12)c1ccc(O)cc1,0
TOX21NRAR-05437,Cc1nnc(SCC2=C(C(=O)O)N3C(=O)[C@@H](NC(=O)Cn4cnnn4)[C@H]3SC2)s1,0
TOX21NRAR-05438,NS(=O)(=O)c1cc(C(=O)O)cc(N2CCCC2)c1Oc1ccccc1,1
TOX21NRAR-05439,CC(=O)c1ccc2c(c1)N(CCCN1CCC(CCO)CC1)c1ccccc1S2,0
TOX21NRAR-05440,CN1CCN(CC(=O)N2c3ccccc3C(=O)Nc3cccnc32)CC1,0
TOX21NRAR-05441,CCCc1ccc(O)cc1,0
TOX21NRAR-05442,CCC(CO)(CO)CO,0
TOX21NRAR-05443,CCC(C)N,0
TOX21NRAR-05444,Cc1cccc(Nc2ncccc2C(=O)O)c1C,0
TOX21NRAR-05445,Cc1cccc(C)c1Nc1ncccc1C(=O)O,0
TOX21NRAR-05446,O=C(NCCO[N+](=O)[O-])c1cccnc1,0
TOX21NRAR-05447,Cc1cccc(C(C)c2c[nH]cn2)c1C,0
TOX21NRAR-05448,CCOc1ccccc1O[C@H](c1ccccc1)[C@H]1CNCCO1,0
TOX21NRAR-05449,COC(C)(C)OC,0
TOX21NRAR-05450,CC(CO)(CO)CO,0
TOX21NRAR-05451,CCCCCCOc1ccc(N)cc1,0
TOX21NRAR-05452,O=C(NCCc1c[nH]c2ccccc12)c1cccnc1,0
TOX21NRAR-05453,CC[n+]1c(-c2ccccc2)c2cc(N)ccc2c2ccc(N)cc21,0
TOX21NRAR-05454,CN(C)c1nc(N(C)C)nc(N(C)C)n1,0
TOX21NRAR-05455,Nc1ccc(-c2ccc(F)cc2)cc1,0
TOX21NRAR-05456,CCC[N+](=O)[O-],0
TOX21NRAR-05457,CC(C)[N+](=O)[O-],0
TOX21NRAR-05458,O=C(O)CC[N+](=O)[O-],0
TOX21NRAR-05459,O=[N+]([O-])c1ccc2ccc3cccc4ccc1c2c34,0
TOX21NRAR-05460,C=CCN(C1=NCCN1)c1c(Cl)cccc1Cl,0
TOX21NRAR-05461,Oc1ncnc2[nH]ncc12,0
TOX21NRAR-05462,C=CC[C@]1(O)CC[C@H]2[C@@H]3CCC4=CCCC[C@@H]4[C@H]3CC[C@@]21C,1
TOX21NRAR-05463,CC(=O)[C@H]1CC[C@H]2[C@@H]3CC[C@H]4C[C@H](O)CC[C@]4(C)[C@H]3C(=O)C[C@]12C,0
TOX21NRAR-05464,C=C(CC)C(=O)c1ccc(OCC(=O)O)c(Cl)c1Cl,0
TOX21NRAR-05465,Clc1cc(Cl)c(Cl)c(Cl)c1,1
TOX21NRAR-05466,CCCOC/C(=N\c1ccc(Cl)cc1C(F)(F)F)n1ccnc1,0
TOX21NRAR-05467,CC1CS(=O)(=O)CCN1N=Cc1ccc([N+](=O)[O-])o1,0
TOX21NRAR-05468,C[C@H](NCCc1ccc(O)cc1)[C@H](O)c1ccc(O)cc1,0
TOX21NRAR-05469,Cc1cccc(CN2CCN(C(c3ccccc3)c3ccc(Cl)cc3)CC2)c1,0
TOX21NRAR-05470,CC[C@@H](CO)NCCN[C@@H](CC)CO,0
TOX21NRAR-05471,N=C(N)NCC1COC2(CCCCC2)O1.N=C(N)NCC1COC2(CCCCC2)O1,0
TOX21NRAR-05472,CCN(CC)C(C)CN1c2ccccc2Sc2ccccc21,0
TOX21NRAR-05473,Cc1cc2c(cc1S(N)(=O)=O)S(=O)(=O)CCC2,0
TOX21NRAR-05474,CC(C)(C)NCC(O)c1cc(O)cc(O)c1.CC(C)(C)NCC(O)c1cc(O)cc(O)c1,0
TOX21NRAR-05475,CC(C=O)Cc1ccc(C(C)(C)C)cc1,0
TOX21NRAR-05476,CC(C)c1c(CN(C)C(C)Cc2ccccc2)n(C)n(-c2ccccc2)c1=O,0
TOX21NRAR-05477,O=C(Cn1ccnc1[N+](=O)[O-])NCCO,0
TOX21NRAR-05478,NCC(CC(=O)O)c1ccc(Cl)cc1,0
TOX21NRAR-05479,CCCCN(CC)c1c([N+](=O)[O-])cc(C(F)(F)F)cc1[N+](=O)[O-],0
TOX21NRAR-05480,CCCCC(O)(Cn1cncn1)c1ccc(Cl)cc1Cl,0
TOX21NRAR-05481,Nc1ccc(/N=N/c2ccc(-c3ccc(/N=N/c4c(S(=O)(=O)[O-])cc5cc(S(=O)(=O)[O-])c(/N=N/c6ccccc6)c(O)c5c4N)cc3)cc2)c(N)c1,0
TOX21NRAR-05482,O=[Bi]Cl,0
TOX21NRAR-05483,CC(C)(c1ccc(O)cc1)c1ccc(O)cc1,0
TOX21NRAR-05484,CCCCCCCC/C=C\CCCCCCCC(=O)OCCOC(=O)CCCCCCC/C=C\CCCCCCCC,0
TOX21NRAR-05485,CCCCCCCC/C=C\CCCCCCCCOCCO,0
TOX21NRAR-05486,CCCCCCCC/C=C\CCCCCCCC(=O)OCCO,0
TOX21NRAR-05487,O=C1C=CC(=O)N1c1ccc(Cc2ccc(N3C(=O)C=CC3=O)cc2)cc1,0
TOX21NRAR-05488,Oc1c(I)cc(I)c2cccnc12,0
TOX21NRAR-05489,CC(=O)N(CC(O)CO)c1c(I)c(C(=O)NCC(O)CO)c(I)c(C(=O)NCC(O)CO)c1I,0
TOX21NRAR-05490,CC1=C(CC(=O)O)c2cc(F)ccc2/C1=C\c1ccc(S(C)=O)cc1,0
TOX21NRAR-05491,O=S([O-])CNc1ccc(S(=O)(=O)c2ccc(NCS(=O)[O-])cc2)cc1,0
TOX21NRAR-05492,Nc1ccc(S(N)(=O)=O)cc1,0
TOX21NRAR-05493,O=C1OC(c2ccc(O)c(S(=O)(=O)[O-])c2)(c2ccc(O)c(S(=O)(=O)[O-])c2)c2c(Br)c(Br)c(Br)c(Br)c21,0
TOX21NRAR-05494,CCC(Cc1c(I)cc(I)c(N)c1I)C(=O)O,0
TOX21NRAR-05495,C[C@H](O)C(=O)Nc1c(I)c(C(=O)NC(CO)CO)c(I)c(C(=O)NC(CO)CO)c1I,1
TOX21NRAR-05496,CCOC(=O)Oc1c(OC)cc(C(=O)O[C@@H]2C[C@@H]3CN4CCc5c([nH]c6cc(OC)ccc56)[C@H]4C[C@@H]3[C@H](C(=O)OC)[C@H]2OC)cc1OC,0
TOX21NRAR-05497,CNS(=O)(=O)Cc1ccc2[nH]cc(CCN(C)C)c2c1,0
TOX21NRAR-05498,O=C([O-])CCC(=O)OC[C@@H](NC(=O)C(Cl)Cl)[C@H](O)c1ccc([N+](=O)[O-])cc1,0
TOX21NRAR-05499,CC1=CC2C3CC(C=C3C)C2C1,0
TOX21NRAR-05500,Nc1ccc2cc3ccc(N)cc3nc2c1.Nc1ccc2cc3ccc(N)cc3nc2c1,0
TOX21NRAR-05501,C/C(=C\C(C)CC(C)CC(C)C)C1CC(=O)OC1=O,0
TOX21NRAR-05502,O=C(O)C(F)(F)C(F)(F)C(F)(F)C(F)(F)C(F)(F)C(F)(F)F,0
TOX21NRAR-05503,[Br-].[Na+],0
TOX21NRAR-05504,COc1cc2c(c(OC)c1OC)-c1ccc(OC)c(=O)cc1[C@@H](NC(C)=O)CC2,0
TOX21NRAR-05505,CC(CO)(CO)[N+](=O)[O-],0
TOX21NRAR-05506,CCC(C)(C)O,0
TOX21NRAR-05507,[Co+2].c1cc[cH-]c1.c1cc[cH-]c1,0
TOX21NRAR-05508,CC(C)Oc1ccccc1O,0
TOX21NRAR-05509,Cc1ccc2c(c1)C(=O)c1ccccc1C2=O,1
TOX21NRAR-05510,CC12CCC(CC1=O)C2(C)C,0
TOX21NRAR-05511,COC(OC)C(C)c1ccccc1,0
TOX21NRAR-05512,SC1CCCC1,0
TOX21NRAR-05513,O=C1[N-]S(=O)(=O)c2ccccc21.O=C1[N-]S(=O)(=O)c2ccccc21,0
TOX21NRAR-05514,COc1cc(C)ccc1O,0
TOX21NRAR-05515,O=C1OC(=O)C2C3C=CC(C3)C12,0
TOX21NRAR-05516,CC(CC=O)CC(C)(C)C,0
TOX21NRAR-05517,CC1(C)OC[C@@H]2O[C@@]3(C(=O)O)OC(C)(C)O[C@H]3[C@@H]2O1,0
TOX21NRAR-05518,C1CCN(CN2CCCCC2)CC1,0
TOX21NRAR-05519,CCCCCCCCCCCCCCCCCCOS(=O)(=O)[O-],0
TOX21NRAR-05520,Clc1ccc2[nH]nnc2c1,0
TOX21NRAR-05521,NC(=O)c1ccccc1[N+](=O)[O-],0
TOX21NRAR-05522,NC(=O)c1cccc([N+](=O)[O-])c1,0
TOX21NRAR-05523,O=C(O)c1cccc([N+](=O)[O-])c1,0
TOX21NRAR-05524,O=C(O)c1ccccc1[N+](=O)[O-],0
TOX21NRAR-05525,CN(C)c1ccc(C(c2ccccc2)c2ccc(N(C)C)cc2)cc1,0
TOX21NRAR-05526,COc1cc(C=CC(=O)N2CCN(CC(=O)N3CCCC3)CC2)cc(OC)c1OC,0
TOX21NRAR-05527,Nc1cccc(S(=O)(=O)O)c1,0
TOX21NRAR-05528,CCN(CC)C(=O)Nc1ccc(OCC(O)CNC(C)(C)C)c(C(C)=O)c1,0
TOX21NRAR-05529,CCCCCCCCCCOc1cc2c(O)c(C(=O)OCC)cnc2cc1OCC,0
TOX21NRAR-05530,CC(C)OC(=O)Nc1ccc2[nH]c(-c3cscn3)nc2c1,0
TOX21NRAR-05531,CC1(C)CCC(C)(C)c2cc(NC(=O)c3ccc(C(=O)O)cc3)ccc21,0
TOX21NRAR-05532,CO[C@@H]1[C@@H](O[C@@H]2O[C@H](C)[C@@H](O[C@H]3C[C@@](C)(O)[C@@H](OC(=O)CC(C)C)[C@H](C)O3)[C@H](N(C)C)[C@H]2O)[C@@H](CC=O)C[C@@H](C)C(=O)C=CC2OC2C[C@@H](C)OC(=O)C[C@H]1OC(C)=O,0
TOX21NRAR-05533,CC[C@H]1NC(=O)[C@@H](NC(=O)c2ncccc2O)C(C)OC(=O)[C@H](c2ccccc2)NC(=O)C2CC(=O)CCN2C(=O)[C@H](Cc2ccccc2)N(C)C(=O)[C@@H]2CCCN2C1=O,0
TOX21NRAR-05534,Cc1nc(NS(=O)(=O)c2ccc(N)cc2)nc(C)c1Br,0
TOX21NRAR-05535,CCCCCCCCCCCCCOP(=O)(O)O,0
TOX21NRAR-05536,O=C([O-])c1ccccc1C(=O)O,0
TOX21NRAR-05537,N#C/C=C/C#N,0
TOX21NRAR-05538,C=C1CC[C@H](O)C/C1=C/C=C1\CCC[C@@]2(C)[C@H]1CC[C@@H]2[C@H](C)CCCC(C)C,0
TOX21NRAR-05539,Cc1ccc(Nc2ccc(O)c3c2C(=O)c2ccccc2C3=O)cc1,0
TOX21NRAR-05540,COc1ccc(C(O)(c2cncnc2)C2CC2)cc1,0
TOX21NRAR-05541,CCCC(=O)Nc1ncnc2c1ncn2[C@@H]1O[C@@H]2COP(=O)(O)O[C@H]2[C@H]1OC(=O)CCC,0
TOX21NRAR-05542,CC(C)NC(C)C,0
TOX21NRAR-05543,CC(C)N=C=NC(C)C,0
TOX21NRAR-05544,CC(C)CC(=O)CC(C)C,0
TOX21NRAR-05545,CC(=O)C=Cc1ccco1,0
TOX21NRAR-05546,COc1cc(CC(C)N)cc2c1OCO2,0
TOX21NRAR-05547,CC(Cc1ccc2c(c1)OCO2)NO,0
TOX21NRAR-05548,CCc1cc(OC)c(C[C@H](C)N)cc1OC,0
TOX21NRAR-05549,CCc1cc(OC)c(C[C@@H](C)N)cc1OC,0
TOX21NRAR-05550,COc1ccc(OC)c(CC(C)N)c1,0
TOX21NRAR-05551,CC1(C)C2CC[C@]3(C)[C@H](C(=O)C=C4[C@@H]5C[C@@](C)(C(=O)O)CC[C@]5(C)CC[C@]43C)[C@@]2(C)CC[C@@H]1O[C@H]1O[C@H](C(=O)[O-])[C@@H](O)[C@H](O)[C@H]1O[C@@H]1O[C@H](C(=O)O)[C@@H](O)[C@H](O)[C@H]1O,0
TOX21NRAR-05552,COc1cc(C[C@@H](C)N)c(OC)cc1C,0
TOX21NRAR-05553,O=C(NC(O)C(Cl)(Cl)Cl)NC(O)C(Cl)(Cl)Cl,0
TOX21NRAR-05554,CCNC(C)Cc1ccc2c(c1)OCO2,0
TOX21NRAR-05555,CNC(C)Cc1ccc2c(c1)OCO2,0
TOX21NRAR-05556,CC=Cc1ccc(OC)cc1,0
TOX21NRAR-05557,C/C=C/c1ccc(OC)cc1,0
TOX21NRAR-05558,CCC1(CCC(C)C)C(=O)NC(=O)NC1=O,0
TOX21NRAR-05559,CC[C@@H](N)CO,0
TOX21NRAR-05560,OC[C@@H](O)[C@H]1O[C@@H]2O[C@H](C(Cl)(Cl)Cl)O[C@@H]2[C@H]1O,0
TOX21NRAR-05561,CC=C(CC)C(=O)NC(N)=O,0
TOX21NRAR-05562,NNCCc1ccccc1,1
TOX21NRAR-05563,c1ccc(OCC2CO2)cc1,0
TOX21NRAR-05564,NNc1ccccc1,0
TOX21NRAR-05565,CNC[C@H](O)c1cccc(O)c1,0
TOX21NRAR-05566,CC(O)CN(CC(C)O)CC(C)O,0
TOX21NRAR-05567,NC(Cc1c[nH]c2ccccc12)C(=O)O,0
TOX21NRAR-05568,N[C@@H](Cc1c[nH]c2ccccc12)C(=O)O,0
TOX21NRAR-05569,C=CC(=O)OCC(C)O,0
TOX21NRAR-05570,COC1=CC(=O)O[C@@H](/C=C/c2ccccc2)C1,0
TOX21NRAR-05571,Nc1cc(S(=O)(=O)O)ccc1S(=O)(=O)O,0
TOX21NRAR-05572,COc1ccc(N)c([N+](=O)[O-])c1,0
TOX21NRAR-05573,CC(C)=CCCC(C)C=O,0
TOX21NRAR-05574,CN1C(=O)CN=C(c2ccccc2)c2cc([N+](=O)[O-])ccc21,1
TOX21NRAR-05575,C=CCOC(=O)CCC1CCCCC1,0
TOX21NRAR-05576,Cc1cn([C@H]2C=C[C@@H](CO)O2)c(=O)[nH]c1=O,0
TOX21NRAR-05577,CC(C)CCOC(=O)CC(C)C,0
TOX21NRAR-05578,CC1=CC[C@H](CC=O)C1(C)C,0
TOX21NRAR-05579,O=C(CCNNC(=O)c1ccncc1)NCc1ccccc1,0
TOX21NRAR-05580,COC(=O)C1=C(C)NC(C)=C(C(=O)OCCN(C)Cc2ccccc2)C1c1cccc([N+](=O)[O-])c1,0
TOX21NRAR-05581,C(=NC1CCCCC1)=NC1CCCCC1,0
TOX21NRAR-05582,CC(C)(C)CC(C)(C)c1ccc(OCCOCC[N+](C)(C)Cc2ccccc2)cc1,0
TOX21NRAR-05583,OCc1cccnc1,0
TOX21NRAR-05584,O=C(OCC(COC(=O)c1cccnc1)(COC(=O)c1cccnc1)COC(=O)c1cccnc1)c1cccnc1,0
TOX21NRAR-05585,CCOC(=O)C1=C(COCCN)NC(C)=C(C(=O)OC)C1c1ccccc1Cl.O=S(=O)(O)c1ccccc1,0
TOX21NRAR-05586,CC(C=O)Cc1ccc2c(c1)OCO2,0
TOX21NRAR-05587,CCCCN(CCCC)C(=O)N(CCCC)CCCC,0
TOX21NRAR-05588,OC1OCCOC1O,0
TOX21NRAR-05589,CC(C)(COC(=O)c1ccccc1)COC(=O)c1ccccc1,0
TOX21NRAR-05590,Clc1ccc(C(c2ccc(Cl)cc2)C(Cl)Cl)cc1,0
TOX21NRAR-05591,Clc1ccc(C(c2ccccc2Cl)C(Cl)Cl)cc1,0
TOX21NRAR-05592,Nc1ccc(S(=O)(=O)c2ccc(N)cc2)cc1,0
TOX21NRAR-05593,CN(C)NC(=O)CCC(=O)O,0
TOX21NRAR-05594,Clc1ccc(C(c2ccc(Cl)cc2)C(Cl)(Cl)Cl)cc1,0
TOX21NRAR-05595,ClC(Cl)=C(c1ccc(Cl)cc1)c1ccc(Cl)cc1,0
TOX21NRAR-05596,C[C@]12CC[C@H]3[C@@H](CC=C4C[C@@H](O)CC[C@@]43C)[C@@H]1CCC2=O,0
TOX21NRAR-05597,CC(=O)OCC(=O)[C@@]12N=C(C)O[C@@H]1C[C@H]1[C@@H]3CCC4=CC(=O)C=C[C@]4(C)[C@H]3[C@@H](O)C[C@@]12C,1
TOX21NRAR-05598,O=C1NC(=O)[C@@H]2CC=CC[C@H]12,0
TOX21NRAR-05599,OCCCCC(O)CO,0
TOX21NRAR-05600,Nc1ccc(O)c(C(=O)O)c1,0
TOX21NRAR-05601,CCCCCCCCOS(=O)(=O)[O-],0
TOX21NRAR-05602,CN[C@H]1C[C@@H](N)[C@H](O)[C@@H](O[C@@H]2O[C@H](CO)[C@H](O)[C@@H]3OC4(O[C@H]23)O[C@H](C(N)CO)[C@H](O)[C@H](O)[C@H]4O)[C@@H]1O,0
TOX21NRAR-05603,CCCCCCCCCCOS(=O)(=O)[O-],0
TOX21NRAR-05604,Cc1cccn2c(=O)c(-c3nnn[n-]3)cnc12,0
TOX21NRAR-05605,Nc1ncnc(Nc2ccccc2)n1,0
TOX21NRAR-05606,CCC(=O)OC(OP(=O)(CCCCc1ccccc1)CC(=O)N1C[C@H](C2CCCCC2)C[C@H]1C(=O)[O-])C(C)C,0
TOX21NRAR-05607,C[C@]12CC[C@H]3[C@@H](CCC4=C(Cl)C(=O)CC[C@@]43C)[C@@H]1CC[C@@H]2O,1
TOX21NRAR-05608,COc1cc(C(=S)N2CCOCC2)cc(OC)c1OC,0
TOX21NRAR-05609,CC(=O)O[C@H]1CC[C@H]2[C@@H]3CCC4=CC(=O)CCC4=C3C=C[C@]12C,1
TOX21NRAR-05610,CCOc1ccc(NC(=S)Nc2ccc(OCC)cc2)cc1,0
TOX21NRAR-05611,COC(=O)C1=C(C#N)NC(C)=C(C(=O)OC(C)C)C1c1cccc([N+](=O)[O-])c1,0
TOX21NRAR-05612,CCCCCCCCCC(=O)O[C@H]1CC[C@H]2[C@@H]3CCC4=CC(=O)CC[C@]4(C)[C@H]3CC[C@]12C,1
TOX21NRAR-05613,CCOc1ccccc1OCCN[C@H](C)Cc1ccc(OC)c(S(N)(=O)=O)c1,1
TOX21NRAR-05614,COc1cccc(OC)c1C(=O)O,0
TOX21NRAR-05615,CCCCP(CCCC)CCCC,0
TOX21NRAR-05616,COc1ccc2cc(S(=O)(=O)N[C@H](CC(=O)N[C@H](Cc3ccc(CN4[C@@H](C)CCC[C@H]4C)cc3)C(=O)N(C)C(C)C)c3ccc4c(c3)OCO4)ccc2c1,0
TOX21NRAR-05617,CO/N=C(/C(=O)N[C@@H]1C(=O)N2C(C(=O)[O-])=C(COC(C)=O)CS[C@H]12)c1csc(N)n1,0
TOX21NRAR-05618,CCOC(=N)CC(=O)OCC,0
TOX21NRAR-05619,C=C1[C@@H](n2cnc3c(=O)[nH]c(N)nc32)C[C@H](O)[C@H]1CO,0
TOX21NRAR-05620,C[C@@H]1CC(=O)NN=C1c1ccc(NN=C(C#N)C#N)cc1,0
TOX21NRAR-05621,Nc1nc(NC2CC2)c2ncn([C@@H]3C=C[C@@H](CO)C3)c2n1,0
TOX21NRAR-05622,CNCC[C@H](Oc1cccc2ccccc12)c1cccs1,0
TOX21NRAR-05623,C#CCOC(C(=O)OCCN(C)C)(c1ccccc1)c1ccccc1,0
TOX21NRAR-05624,O=C(O)C(=O)Cc1ccccc1,0
TOX21NRAR-05625,CCOC(=O)C(SP(=S)(OC)OC)c1ccccc1,0
TOX21NRAR-05626,CCOP(=O)(N=C1SCCS1)OCC,0
TOX21NRAR-05627,O=C1[C@H]2CCCC[C@H]2C(=O)N1CCCCN1CCN(c2nsc3ccccc23)CC1,0
TOX21NRAR-05628,O=C([O-])C[C@H](O)CC(O)/C=C/c1c(C2CC2)nc2ccccc2c1-c1ccc(F)cc1.O=C([O-])C[C@H](O)C[C@H](O)/C=C/c1c(C2CC2)nc2ccccc2c1-c1ccc(F)cc1,0
TOX21NRAR-05629,CC(=O)S[C@H](C(=O)N[C@H]1Cc2ccccc2[C@H]2CCC[C@@H](C(=O)O)N2C1=O)C(C)C,0
TOX21NRAR-05630,CCc1c(C(=O)NN2CCCCC2)nn(-c2ccc(Cl)cc2Cl)c1-c1ccc(Br)cc1,0
TOX21NRAR-05631,Brc1ccccc1-c1ccccc1,0
TOX21NRAR-05632,Brc1ccccc1,0
TOX21NRAR-05633,OCCN(CCO)c1nc(N2CCCCC2)c2nc(N(CCO)CCO)nc(N3CCCCC3)c2n1,0
TOX21NRAR-05634,CC(C)(Oc1ccc(Cl)cc1)C(=O)O,0
TOX21NRAR-05635,Cc1cc(C(C#N)c2ccc(Cl)cc2)c(Cl)cc1NC(=O)c1cc(I)cc(I)c1O,0
TOX21NRAR-05636,CC=CC(=O)N(CC)c1ccccc1C,0
TOX21NRAR-05637,Cc1c(O)c(=O)ccn1C,0
TOX21NRAR-05638,COc1cc(C(=O)NC2CCN(C)CC2)ccc1Nc1ncc2c(n1)N(C1CCCC1)CC(F)(F)C(=O)N2C,0
TOX21NRAR-05639,O=C(O)c1cccc(N(Cc2cccnc2)c2ccc(OC(F)F)c(OC(F)F)c2)c1,0
TOX21NRAR-05640,Cc1cc(F)ccc1-c1cc(N2CC[C@@H](O)[C@H]2CO)ncc1N(C)C(=O)C(C)(C)c1cc(C(F)(F)F)cc(C(F)(F)F)c1,0
TOX21NRAR-05641,O=C(CCCCCCCCc1cccnc1)N1CCC(C=C(c2ccccc2)c2ccccc2)CC1,0
TOX21NRAR-05642,Cn1c(=O)cc(Oc2ccc(F)cc2F)c2cnc(NCC(C)(C)O)nc21,0
TOX21NRAR-05643,CS(=O)(=O)c1ccc([C@@H](CC2CCCC2)C(=O)Nc2cnccn2)cc1Cl,0
TOX21NRAR-05644,CCCN(C1CCN(C(=O)C2CCNCC2)CC1)[C@@H]1CCc2ccc(OC)cc2C1,0
TOX21NRAR-05645,CC(C)CC(O)Cc1ccccc1,0
TOX21NRAR-05646,CC1(C)SC(C)(C)SC(C)(C)S1,0
TOX21NRAR-05647,CC(=O)OC(c1ccccc1)C(Cl)(Cl)Cl,0
TOX21NRAR-05648,C/C=C\c1ccc(OCC)c(O)c1,0
TOX21NRAR-05649,CO[C@H]1C[C@@H]2CC[C@@H](C)[C@@](O)(O2)C(=O)C(=O)N2CCCC[C@H]2C(=O)O[C@H]([C@H](C)C[C@@H]2CC[C@@H](OCCO)[C@H](OC)C2)CC(=O)[C@H](C)C=C(C)[C@@H](O)[C@@H](OC)C(=O)[C@H](C)C[C@H](C)C=CC=CC=C1C,0
TOX21NRAR-05650,O=C(O)CSCC(=O)NC1CCSC1=O,0
TOX21NRAR-05651,CCCCCCCCCCCCCCCC(=O)O[C@@H]1[C@@H](O)[C@@H](O)[C@@H]([C@H](NC(=O)[C@@H]2C[C@@H](CCC)CN2C)[C@H](C)Cl)O[C@@H]1SC,0
TOX21NRAR-05652,CC(C)=CCOc1c2occc2cc2ccc(=O)oc12,0
TOX21NRAR-05653,CCOC(=O)COc1ccc2c(=O)cc(-c3ccccc3)oc2c1,0
TOX21NRAR-05654,N=C(N)NCCCCNC(=N)N,0
TOX21NRAR-05655,CCN(CC)N(O)N=O.CCNCC,0
TOX21NRAR-05656,O=C(O)[C@@H](O)[C@H](O)[C@H](O)[C@@H](O)C(=O)O,0
TOX21NRAR-05657,COc1cc([C@@H]2c3cc4c(cc3[C@@H](O)[C@H]3COC(=O)[C@H]23)OCO4)cc(OC)c1O,0
TOX21NRAR-05658,C[n+]1ccn(Cc2ccccc2)c1,0
TOX21NRAR-05659,C=CCn1cc[n+](C)c1,0
TOX21NRAR-05660,CCCCCCCC[N+](C)(CCCCCCCC)CCCCCCCC.O=S(=O)([N-]S(=O)(=O)C(F)(F)F)C(F)(F)F,0
TOX21NRAR-05661,Cc1ccc(-c2cc(C(F)(F)F)nn2-c2ccc(S(N)(=O)=O)cc2)cc1,0
TOX21NRAR-05662,CON=C(C(=O)N[C@@H]1C(=O)N2C(C(=O)O)=C(COC(N)=O)CS[C@H]12)c1ccco1,0
TOX21NRAR-05663,CCCCCC(=O)O,0
TOX21NRAR-05664,O=C(O)CCCCC(=O)O,0
TOX21NRAR-05665,CCCCCC=O,0
TOX21NRAR-05666,CCCCCC/C=C/CCCCCCCC(=O)O,0
TOX21NRAR-05667,CCCCCCCCCCCCCCCC(=O)O,0
TOX21NRAR-05668,O=C(C(Cl)(Cl)Cl)C(Cl)(Cl)Cl,0
TOX21NRAR-05669,CCCCCCC(=O)O,0
TOX21NRAR-05670,CCCC(=O)CC,0
TOX21NRAR-05671,CC(C)C#N,0
TOX21NRAR-05672,CCOC(=O)c1ccccc1N,0
TOX21NRAR-05673,CCNc1ccccc1,0
TOX21NRAR-05674,Nc1nc2c(ncn2COCCO)c(=O)[nH]1,0
TOX21NRAR-05675,Nc1ncnc2[nH]cnc12,0
TOX21NRAR-05676,Cc1ccc(/C(=C\CN2CCCC2)c2cccc(/C=C/C(=O)O)n2)cc1,0
TOX21NRAR-05677,Nc1ncnc2c1ncn2[C@@H]1O[C@H](CO)[C@@H](O)[C@H]1O,0
TOX21NRAR-05678,Nc1ncnc2c1ncn2[C@@H]1O[C@H](COP(=O)(O)OP(=O)(O)OP(=O)(O)O)[C@@H](O)[C@H]1O,0
TOX21NRAR-05679,N#Cc1ccc(C2CCCc3cncn32)cc1,0
TOX21NRAR-05680,CN(C)c1ccc(N=NS(=O)(=O)[O-])cc1,0
TOX21NRAR-05681,CC[N+](=O)[O-],0
TOX21NRAR-05682,O=C(O)c1ccc([N+](=O)[O-])cc1,0
TOX21NRAR-05683,CCCC[N+](=O)[O-],0
TOX21NRAR-05684,O=[N+]([O-])c1ccccc1,0
TOX21NRAR-05685,O=[N+]([O-])c1ccc2[nH]cnc2c1,0
TOX21NRAR-05686,COc1ccccc1[N+](=O)[O-],0
TOX21NRAR-05687,CNC(=O)O/N=C/C(C)(C)S(C)=O,0
TOX21NRAR-05688,O=[N+]([O-])c1ccc2c3c(cccc13)CC2,0
TOX21NRAR-05689,Nc1ccc([N+](=O)[O-])cc1,0
TOX21NRAR-05690,Cc1nc(N(C)C)nc(OC(=O)N(C)C)c1C,0
TOX21NRAR-05691,CCCCc1ccc2[nH]c(NC(=O)OC)nc2c1,1
TOX21NRAR-05692,Clc1ccc(C(OCCN2CCCCC2)c2ccccc2)cc1,0
TOX21NRAR-05693,C=CC[N@@+]12CC[C@@]34c5ccccc5N5C=C6[C@H]7C[C@H]8[C@@]9(CC[N@@+]8(CC=C)C/C7=C/CO)c7ccccc7N(C=C([C@@H](C[C@@H]31)/C(=C\CO)C2)[C@H]54)[C@@H]69,0
TOX21NRAR-05694,CCc1c(C)[nH]c2c1C(=O)C(CN1CCOCC1)CC2,0
TOX21NRAR-05695,CCN(CC)c1cc(C)nc2ncnn12,0
TOX21NRAR-05696,CC(Cc1ccc(O)cc1)NCC(O)c1cc(O)cc(O)c1,0
TOX21NRAR-05697,CC(C)C1CCC(Cc2ccc(Cl)cc2)C1(O)Cn1cncn1,0
TOX21NRAR-05698,CCOP(=S)(OCC)Oc1nc(Cl)n(C(C)C)n1,0
TOX21NRAR-05699,COC(=O)c1ccc(I)cc1S(=O)(=O)[N-]C(=O)Nc1nc(C)nc(OC)n1,0
TOX21NRAR-05700,II,0
TOX21NRAR-05701,Oc1c(Br)cc(Br)cc1Br,0
TOX21NRAR-05702,CCOC(=O)c1ccccc1O,0
TOX21NRAR-05703,O=C(Oc1ccccc1)c1ccccc1O,1
TOX21NRAR-05704,CCCCCCCCOC(=O)c1ccccc1C(=O)OCCCCCCCC,0
TOX21NRAR-05705,CCOP(=S)(OCC)Oc1ccc(S(C)=O)cc1,0
TOX21NRAR-05706,O=P(Oc1ccccc1)(Oc1ccccc1)Oc1ccccc1,0
TOX21NRAR-05707,Cc1ccc(S(=O)(=O)[O-])cc1.[Na+],0
TOX21NRAR-05708,CC1C=[C-]C=C1.[C-]#[O+].[C-]#[O+].[C-]#[O+].[Mn+],0
TOX21NRAR-05709,O=C1C[C@@H]2OCC=C3CN4CC[C@]56c7ccccc7N1[C@H]5[C@H]2[C@H]3C[C@H]46,0
TOX21NRAR-05710,C[N+](C)(C)CCOC(=O)CCC(=O)OCC[N+](C)(C)C,0
TOX21NRAR-05711,O=C(O)CCC(=O)O,0
TOX21NRAR-05712,CC1(C)[C@H](C(=O)O)N2C(=O)C[C@H]2S1(=O)=O,0
TOX21NRAR-05713,COc1cc(NS(=O)(=O)c2ccc(N)cc2)nc(OC)n1,0
TOX21NRAR-05714,N=C(N)NS(=O)(=O)c1ccc(N)cc1,0
TOX21NRAR-05715,COc1ncnc(NS(=O)(=O)c2ccc(N)cc2)c1OC,0
TOX21NRAR-05716,CCCCC(CC)COC(=O)CS,0
TOX21NRAR-05717,C=CC(=O)[O-],0
TOX21NRAR-05718,C=C(C)C(=O)O[C@@H]1C[C@H]2CC[C@]1(C)C2(C)C,0
TOX21NRAR-05719,C=CC[N+](C)(C)CC=C,0
TOX21NRAR-05720,CCOC(=O)/C=C(C)/C=C/C[C@@H](C)CCCC(C)C,0
TOX21NRAR-05721,COC(C)(C)CCC[C@H](C)C/C=C/C(C)=C/C(=O)OC(C)C,0
TOX21NRAR-05722,CCCCCCCCS(=O)(=O)Cl,0
TOX21NRAR-05723,Cn1nnc2c(C(N)=O)ncn2c1=O,0
TOX21NRAR-05724,O=C([O-])C(Cl)(Cl)Cl,0
TOX21NRAR-05725,Cc1cc(C)c(C2=C(OC(=O)CC(C)(C)C)C3(CCCC3)OC2=O)c(C)c1,0
TOX21NRAR-05726,CCC(C)(C)C(=O)OC1=C(c2cc(Cl)cc(Cl)c2)C(=O)OC12CCCCC2,0
TOX21NRAR-05727,CCCCCCCCCCC1CO1,0
TOX21NRAR-05728,CCC(CC)C(=O)O,0
TOX21NRAR-05729,CCC(CO)(CO)[N+](=O)[O-],0
TOX21NRAR-05730,CCC(CC)CO,0
TOX21NRAR-05731,Cc1cc(Br)ccc1NC(=O)CCl,0
TOX21NRAR-05732,C=C(C)[C@@H]1CC=C(C)C(=O)C1,0
TOX21NRAR-05733,O=C(CCl)NCO,0
TOX21NRAR-05734,O=C(O)COc1ccccc1/C=N/NC(=O)c1ccncc1,0
TOX21NRAR-05735,NCCC[C@H](N)CC(=O)N[C@H]1CNC(=O)[C@H]([C@H]2C[C@H](O)N=C(N)N2)NC(=O)/C(=C/NC(N)=O)NC(=O)[C@H](CO)NC(=O)[C@H](CO)NC1=O,0
TOX21NRAR-05736,O=C(CN1CCN(Cc2ccc3c(c2)OCO3)CC1)N1c2ccccc2Sc2ccccc21,0
TOX21NRAR-05737,O=[N+]([O-])c1cccc(S(=O)(=O)NCCNS(=O)(=O)c2cccc([N+](=O)[O-])c2)c1,0
TOX21NRAR-05738,CCN(CC)CCOC(=O)C(C)(c1ccccc1)c1ccccc1,0
TOX21NRAR-05739,OC(C#CCN1CCCC1)(c1ccccc1)c1ccccc1,0
TOX21NRAR-05740,O=C1NC(=O)[C@H]2[C@@H]1[C@@H]1C=C[C@H]2C1,0
TOX21NRAR-05741,CCCOC(=O)c1ccc(N)cc1,0
TOX21NRAR-05742,SCCCCCCCCS,0
TOX21NRAR-05743,C#CC1(O)CC[C@H]2[C@@H]3CCC4=CC(=O)CC[C@@H]4[C@H]3CC[C@@]21CC,1
TOX21NRAR-05744,c1csc(SSc2cccs2)c1,0
TOX21NRAR-05745,CC(=O)OC(C)C,0
TOX21NRAR-05746,C=CC(C)(O)CCCC(C)CCCC(C)CCCC(C)C,0
TOX21NRAR-05747,CCCCCCCCCCCCCCN(C)C,0
TOX21NRAR-05748,CCCCCCCCCCCCCCO,0
TOX21NRAR-05749,CCCCCCCCCCCCCCCCN(C)C,0
TOX21NRAR-05750,OCCOCCOCCOCCO,0
TOX21NRAR-05751,CCCCCCOCCOCCO,0
TOX21NRAR-05752,CC(C)CC(C)CC(O)CC(C)C,0
TOX21NRAR-05753,OCCN1CCN(CCO)CC1,0
TOX21NRAR-05754,CCCCCC(C=O)=Cc1ccccc1,0
TOX21NRAR-05755,O=C1CCCC1,0
TOX21NRAR-05756,O=C(OCc1ccccc1)c1ccccc1,0
TOX21NRAR-05757,COc1ccc(C)cc1[N+](=O)[O-],0
TOX21NRAR-05758,CCC(N)(CO)CO,0
TOX21NRAR-05759,COC(=O)C1=C(C)NC(C)=C(C(=O)OC)C1c1ccccc1[N+](=O)[O-],0
TOX21NRAR-05760,O=C1c2ccccc2C(=O)C1(O)O,0
TOX21NRAR-05761,O=C(Cl)C(Cl)(Cl)Cl,0
TOX21NRAR-05762,CCC/C=C/C=C/C(=O)O[C@H]1/C(=C/C(=O)OC)C[C@H]2C[C@H]([C@@H](C)O)OC(=O)C[C@H](O)C[C@@H]3C[C@H](OC(C)=O)C(C)(C)[C@](O)(C[C@@H]4C/C(=C/C(=O)OC)C[C@H](C=CC(C)(C)[C@]1(O)O2)O4)O3,0
TOX21NRAR-05763,Oc1ccc([Hg]Cl)cc1,0
TOX21NRAR-05764,COC(COC(N)=O)C1=C(N2CC2)C(=O)C(C)=C(N2CC2)C1=O,0
TOX21NRAR-05765,CC1C(=O)CC2C3(C)CCC2(C(C)C(=O)O)C(=O)C13,0
TOX21NRAR-05766,COC(=O)CC(=O)C(C)(C)C,0
TOX21NRAR-05767,COC(=O)c1cc(Cl)cc(Cl)c1,0
TOX21NRAR-05768,COC(=O)C(Br)CBr,0
TOX21NRAR-05769,COC(=O)Cc1cccc2ccccc12,0
TOX21NRAR-05770,Cc1cccc(NC(=S)N(C)C)c1,0
TOX21NRAR-05771,Nc1cccc(N)n1,0
TOX21NRAR-05772,Nc1ncnc2c1ncn2[C@@H]1O[C@@H]2COP(=O)(O)O[C@H]2[C@H]1O,0
TOX21NRAR-05773,CCCCCCCCCCCC[N+](C)(C)Cc1ccccc1,0
TOX21NRAR-05774,CC(C)(CO)[C@@H](O)C(=O)NCCC(=O)[O-].CC(C)(CO)[C@@H](O)C(=O)NCCC(=O)[O-],1
TOX21NRAR-05775,Nc1nc(=O)n([C@@H]2CS[C@H](CO)O2)cc1F,0
TOX21NRAR-05776,NCCCC[C@H](NC(=O)[C@@H]1CCCN1C(=O)[C@@H]1CSSC[C@H](NC(=O)CNC(=O)CNC(=O)CN)C(=O)N[C@@H](Cc2ccc(O)cc2)C(=O)N[C@@H](Cc2ccccc2)C(=O)N[C@@H](CCC(N)=O)C(=O)N[C@@H](CC(N)=O)C(=O)N1)C(=O)NCC(N)=O,0
TOX21NRAR-05777,C[C@]12CC[C@@H]3c4ccc(OC(=O)N(CCCl)CCCl)cc4CC[C@H]3[C@@H]1CC[C@@H]2OP(=O)([O-])[O-],1
TOX21NRAR-05778,NC1(c2ccc(-c3nc4ccn5c(=O)[nH]nc5c4cc3-c3ccccc3)cc2)CCC1,0
TOX21NRAR-05779,Cc1nnc(C(C)C)n1C1C[C@H]2CC[C@H](C1)N2CC[C@H](NC(=O)C1CCC(F)(F)CC1)c1ccccc1,0
TOX21NRAR-05780,COc1cc2c(c(OC)c1OC)-c1c(cc3c(c1OC)OCO3)C[C@@H](C)[C@](C)(O)C2,0
TOX21NRAR-05781,Cn1cnc2c(F)c(Nc3ccc(Br)cc3Cl)c(C(=O)NOCCO)cc21,0
TOX21NRAR-05782,O=C(NOCC1CC1)c1ccc(F)c(F)c1Nc1ccc(I)cc1Cl,0
TOX21NRAR-05783,CCCCCCCCCCCCCCCCCCOP(=O)([O-])OC1CC[N+](C)(C)CC1,0
TOX21NRAR-05784,COc1cc2c(N3CCN(C(=O)Nc4ccc(OC(C)C)cc4)CC3)ncnc2cc1OCCCN1CCCCC1,0
TOX21NRAR-05785,ClC=C(Cl)Cl,0
TOX21NRAR-05786,ClCC(Cl)Cl,0
TOX21NRAR-05787,CC(Cl)(Cl)Cl,0
TOX21NRAR-05788,Oc1c(Cl)cc(Cl)cc1Cl,0
TOX21NRAR-05789,CC(Oc1cc(Cl)c(Cl)cc1Cl)C(=O)O,0
TOX21NRAR-05790,FC(Cl)(Cl)Cl,1
TOX21NRAR-05791,O=C1c2ccccc2C(=O)N1SC(Cl)(Cl)Cl,0
TOX21NRAR-05792,O=C(O)COc1cc(Cl)c(Cl)cc1Cl,0
TOX21NRAR-05793,COP(=O)(OC)C(O)C(Cl)(Cl)Cl,0
TOX21NRAR-05794,CC(=O)OCC(=O)[C@@]1(OC(C)=O)[C@@H](C)C[C@H]2[C@@H]3C[C@H](F)C4=CC(=O)C=C[C@]4(C)[C@@]3(F)[C@@H](O)C[C@@]21C,1
TOX21NRAR-05795,CN(C)C1CCCCC1,0
TOX21NRAR-05796,O=C(Cl)c1ccccc1,0
TOX21NRAR-05797,CCOP(=S)(OCC)SC(CCl)N1C(=O)c2ccccc2C1=O,0
TOX21NRAR-05798,CCOP(=O)(OCC)Oc1cc(C)nc(C(C)C)n1,0
TOX21NRAR-05799,CCOc1ccc(NC(=O)OC(C)C)cc1OCC,0
TOX21NRAR-05800,CCCCCCCCS(=O)C(C)Cc1ccc2c(c1)OCO2,0
TOX21NRAR-05801,CC(=O)c1ccccn1,0
TOX21NRAR-05802,CCCCOCCOCCOCc1cc2c(cc1CCC)OCO2,0
TOX21NRAR-05803,C1CCNCC1,0
TOX21NRAR-05804,CC[C@@H]1C(=O)OC[C@@H]1Cc1cncn1C,0
TOX21NRAR-05805,C[C@@H]1CC=CC=CC=CC=C[C@H](O[C@@H]2O[C@H](C)[C@@H](O)[C@H](N)[C@@H]2O)C[C@@H]2O[C@](O)(C[C@@H](O)C[C@H]3O[C@@H]3C=CC(=O)O1)C[C@H](O)[C@H]2C(=O)O,0
TOX21NRAR-05806,Nc1c(Cl)c(Cl)nc(C(=O)O)c1Cl,0
TOX21NRAR-05807,C=C(C)C(=O)OCCO,0
TOX21NRAR-05808,C=CC(=O)OCCO,0
TOX21NRAR-05809,O=P(c1ccccc1)(c1ccccc1)c1ccccc1,0
TOX21NRAR-05810,CCOP(=S)(OCC)SCSc1ccc(Cl)cc1,0
TOX21NRAR-05811,Oc1ccc(Oc2ccccc2)cc1,0
TOX21NRAR-05812,C#CC(O)CCCCC,0
TOX21NRAR-05813,CC(C)(C)NC(=O)[C@@H]1C[C@@H]2CCCC[C@@H]2CN1C[C@@H](O)[C@H](Cc1ccccc1)NC(=O)[C@H](CC(N)=O)NC(=O)c1ccc2ccccc2n1,0
TOX21NRAR-05814,C[Si](C)=O,0
TOX21NRAR-05815,CCOc1cc([N+](=O)[O-])c(OCC)cc1N1CCOCC1,0
TOX21NRAR-05816,O=S(=O)([O-])c1cccc(S(=O)(=O)[O-])c1,0
TOX21NRAR-05817,CN(C)CCOCCN(C)CCO,0
TOX21NRAR-05818,O=C([O-])c1cccc([N+](=O)[O-])c1,0
TOX21NRAR-05819,O=C1NC(=O)c2cccc3cccc1c23,0
TOX21NRAR-05820,CCOC(=O)C1=NN(c2ccccc2)C(=O)C1,0
TOX21NRAR-05821,C=C[Si]1(C)O[Si](C)(C=C)O[Si](C)(C=C)O[Si](C)(C=C)O1,0
TOX21NRAR-05822,CCCCOC(=O)CCC(C)=O,0
TOX21NRAR-05823,c1ccc(CNc2ncnc3c2ncn3C2CCCCO2)cc1,0
TOX21NRAR-05824,Cc1ccc(N)c([N+](=O)[O-])c1,0
TOX21NRAR-05825,ClCC=CCCl,0
TOX21NRAR-05826,Cc1ccc([N+](=O)[O-])c(N)c1,0
TOX21NRAR-05827,CC1=CCC2CC1C2(C)C,0
TOX21NRAR-05828,CC(=O)NNC(C)=O,0
TOX21NRAR-05829,C=CCOC(=O)c1ccccc1C(=O)OCC=C,0
TOX21NRAR-05830,Oc1cccc(O)c1O,0
TOX21NRAR-05831,S=C1NCCN1,0
TOX21NRAR-05832,O=[N+]([O-])c1ccc2c(c1)Cc1ccccc1-2,0
TOX21NRAR-05833,CCCCC(CC)COC(=O)CCCCC(=O)OCC(CC)CCCC,0
TOX21NRAR-05834,O=c1c(-c2ccccc2)c1-c1ccccc1,0
TOX21NRAR-05835,O=C(OCc1ccccc1)c1cccnc1,0
TOX21NRAR-05836,O=C1CN(N=Cc2ccc([N+](=O)[O-])o2)C(=O)N1,0
TOX21NRAR-05837,OC1OC[C@@H](O)[C@H](O)[C@@H]1O,0
TOX21NRAR-05838,NC(=O)CCCCC1CCSS1,0
TOX21NRAR-05839,CCOC(=O)CC#N,0
TOX21NRAR-05840,CCOC(=O)CCl,0
TOX21NRAR-05841,COC(=O)CC(C)=O,0
TOX21NRAR-05842,COc1ccc(C)cc1,0
TOX21NRAR-05843,CCc1ccc(CC)cc1,0
TOX21NRAR-05844,OCC1CCC(CO)CC1,0
TOX21NRAR-05845,C=C(C)C(=O)OCCN(CC)CC,0
TOX21NRAR-05846,CCN(CC)CCOCCOC(=O)C(CC)(CC)c1ccccc1.O=C(O)CC(O)(CC(=O)O)C(=O)O,0
TOX21NRAR-05847,O=P([O-])([O-])OC[C@@]1(O)O[C@H](COP(=O)([O-])O)[C@@H](O)[C@@H]1O,0
TOX21NRAR-05848,CN1CCN(c2c(F)cc3c(=O)c(C(=O)O)cn4c3c2OCN4C)CC1,0
TOX21NRAR-05849,NC1CCCCC1.NC1CCCCC1.O=P(O)(O)OC[C@H](O)CO,0
TOX21NRAR-05850,O=c1[nH]c(=O)n([C@H]2C[C@H](O)[C@@H](CO)O2)cc1C(F)(F)F,0
TOX21NRAR-05851,CCC(=O)O.CCC(=O)O.O=C(Nc1cccc(C2=NCCN2)c1)Nc1cccc(C2=NCCN2)c1,0
TOX21NRAR-05852,O=S(=O)([O-])CC(S)CS,0
TOX21NRAR-05853,CCCCCCCCCCCCCC[N+](C)(C)Cc1ccccc1,0
TOX21NRAR-05854,CCC(CC)Nc1c([N+](=O)[O-])cc(C)c(C)c1[N+](=O)[O-],0
TOX21NRAR-05855,Brc1ccc(Oc2cc(Br)c(Br)cc2Br)c(Br)c1,0
TOX21NRAR-05856,Clc1cc(Cl)c(Cl)c(Cl)c1Cl,0
TOX21NRAR-05857,CCOc1cc(Oc2ccc(C(F)(F)F)cc2Cl)ccc1[N+](=O)[O-],0
TOX21NRAR-05858,CC(C)(C)C(O)C(Cc1ccc(Cl)cc1)n1cncn1,0
TOX21NRAR-05859,O=C(O)c1ccccc1OP(=O)(O)O,0
TOX21NRAR-05860,COc1c2c(cc3c1OCO3)CCN(C)C2,0
TOX21NRAR-05861,CCCCOc1cc(C(=O)OCCN(CC)CC)ccc1N,0
TOX21NRAR-05862,CN(C)CCOC(=O)C(c1ccccc1)C1(O)CCCC1,0
TOX21NRAR-05863,CC(C)CC(NC(=O)CNC(=O)[C@H](Cc1ccc(O)cc1)NC(=O)[C@@H](CO)NC(=O)[C@@H](Cc1c[nH]c2ccccc12)NC(=O)[C@@H](Cc1c[nH]cn1)NC(=O)[C@H]1CCC(=O)N1)C(=O)N[C@H](CCCNC(=N)N)C(=O)N1CCC[C@@H]1C(=O)NCC(N)=O,0
TOX21NRAR-05864,C[C@]12CC[C@H]3[C@H]([C@@H]1[C@@H]1C[C@@H]1[C@@]21CCC(=O)O1)[C@H]1C[C@H]1C1=CC(=O)CC[C@@]13C,1
TOX21NRAR-05865,NC(=O)OCCCc1ccccc1,0
TOX21NRAR-05866,C[C@H]1CNc2c(cccc2S(=O)(=O)N[C@@H](CCCNC(=N)N)C(=O)N2CC[C@@H](C)C[C@@H]2C(=O)O)C1,0
TOX21NRAR-05867,COC(=O)c1ccccc1C(=O)c1ccc(OCCN2CCCCC2)cc1,1
TOX21NRAR-05868,C[C@@H]1C[C@H]2[C@@H]3C[C@H](F)C4=CC(=O)C(Cl)=C[C@]4(C)[C@@]3(F)[C@@H](O)C[C@]2(C)[C@@]1(O)C(=O)CO,1
TOX21NRAR-05869,CC(C)OC(=O)C(C(=O)OC(C)C)=C1SC=CS1,0
TOX21NRAR-05870,CN[C@@H]1[C@@H](O)[C@@H](O[C@@H]2[C@@H](O)[C@H](O[C@H]3O[C@H](CN)[C@@H](O)[C@H](O)[C@H]3O)[C@@H](N)C[C@H]2NC(=O)C(O)CN)OC[C@]1(C)O,1
TOX21NRAR-05871,Cc1ccnc2c1NC(=O)c1cccnc1N2C1CC1,0
TOX21NRAR-05872,Cc1cc(-n2c(=O)[nH]c(=O)n(C)c2=O)ccc1Oc1ccc(S(=O)(=O)C(F)(F)F)cc1,0
TOX21NRAR-05873,CCOC(=O)[C@H](CCc1ccccc1)N[C@H]1CCCN2CCC[C@@H](C(=O)O)N2C1=O,0
TOX21NRAR-05874,CC(=O)Nc1c(I)c(NC(C)=O)c(I)c(C(=O)O)c1I,0
TOX21NRAR-05875,CCOC(=O)NCCC[Si](OCC)(OCC)OCC,0
TOX21NRAR-05876,CCO[Si](CC(C)C)(OCC)OCC,0
TOX21NRAR-05877,Cc1ccccc1C(OCCN(C)C)c1ccccc1.O=C(O)CC(O)(CC(=O)O)C(=O)O,0
TOX21NRAR-05878,COc1cccc(C(=O)CCN[C@@H](C)[C@H](O)c2ccccc2)c1,0
TOX21NRAR-05879,O=[N+]([O-])C(Br)(CO)CO,0
TOX21NRAR-05880,OCCCBr,0
TOX21NRAR-05881,Cc1cccc(Br)c1,0
TOX21NRAR-05882,BrCc1ccccc1,0
TOX21NRAR-05883,C[N+]1(C)[C@H]2C[C@H](OC(=O)[C@H](CO)c3ccccc3)C[C@@H]1[C@H]1O[C@@H]21,0
TOX21NRAR-05884,COP(=S)(NC(C)C)Oc1ccc(C)cc1[N+](=O)[O-],0
TOX21NRAR-05885,CCCCCOC(=O)CCC,0
TOX21NRAR-05886,c1cncc([C@@H]2CCCCN2)c1,0
TOX21NRAR-05887,CCOC(=O)C(Br)c1ccccc1,0
TOX21NRAR-05888,CCCCCC(=O)CC,0
TOX21NRAR-05889,CCN(CCO)CCO,0
TOX21NRAR-05890,COc1ccc(C2CNC(=O)C2)cc1OC1CCCC1,0
TOX21NRAR-05891,CCOC(OCC)OCC,0
TOX21NRAR-05892,CCOC(=O)C(F)(F)F,0
TOX21NRAR-05893,C=C[C@@H](C)CCC=C(C)C,0
TOX21NRAR-05894,NC1=NC(=O)N2CC12,0
TOX21NRAR-05895,SCCSCCS,0
TOX21NRAR-05896,CCCCNC(C)(C)[PH](=O)O,0
TOX21NRAR-05897,N[C@@H](Cc1cc(I)c(O)c(I)c1)C(=O)O,0
TOX21NRAR-05898,CN(C(=O)Cc1ccc(Cl)c(Cl)c1)[C@H]1CC[C@@]2(CCCO2)C[C@@H]1N1CCCC1,0
TOX21NRAR-05899,CCC[C@@H]1C[C@@H](C(=O)N[C@H]([C@H](C)Cl)[C@H]2O[C@H](SC)[C@H](OP(=O)(O)O)[C@@H](O)[C@H]2O)N(C)C1,0
TOX21NRAR-05900,O=C1CC2(CCCC2)CC(=O)N1CCNCC1COc2ccccc2O1,0
TOX21NRAR-05901,O=C(C(=O)c1ccccc1)c1ccccc1,0
TOX21NRAR-05902,N=C(N)c1ccc(OCCCOc2ccc(C(=N)N)cc2)cc1,0
TOX21NRAR-05903,CCCCCCC#N,0
TOX21NRAR-05904,O=C(O)CCCCCC(=O)O,0
TOX21NRAR-05905,COc1ccc(Nc2ccccc2)c(C)c1,0
TOX21NRAR-05906,CCCC(=O)OC[C@@H](OC(=O)CCC)[C@@H](OC(=O)CCC)[C@H](Cn1c2nc(=O)[nH]c(=O)c-2nc2cc(C)c(C)cc21)OC(=O)CCC,1
TOX21NRAR-05907,CCO[Si](CCCSSSSCCC[Si](OCC)(OCC)OCC)(OCC)OCC,0
TOX21NRAR-05908,C=COC(=O)C(C)(CC)CCC(C)C,0
TOX21NRAR-05909,CCCC[N+]1(C)[C@H]2C[C@H](OC(=O)[C@H](CO)c3ccccc3)C[C@@H]1[C@H]1O[C@@H]21,0
TOX21NRAR-05910,CCCCCCCCSCC,0
TOX21NRAR-05911,O=S(O)CO[Na],0
TOX21NRAR-05912,C=COCCOCCOCCOC=C,0
TOX21NRAR-05913,CCC(C)C(=O)O,0
TOX21NRAR-05914,CC(C)CC#N,0
TOX21NRAR-05915,Cc1ccc(C(=O)O)o1,0
TOX21NRAR-05916,CC(C)c1ccc(CO)cc1,0
TOX21NRAR-05917,CC(=O)CCC=C(C)C,0
TOX21NRAR-05918,CCC(C)C(C(=O)OCC[N+](C)(CC)CC)c1ccccc1,0
TOX21NRAR-05919,Nc1ncnc(Nc2ccc(Cl)cc2)n1,0
TOX21NRAR-05920,CN(C)CCCSc1ccccc1NC(=O)/C=C/c1ccccc1,0
TOX21NRAR-05921,CC(C)NCC(O)c1ccc(N)c(C#N)c1,0
TOX21NRAR-05922,CN1C(=O)COc2c(C(=O)NC3CN4CCC3CC4)cc(Cl)cc21,0
TOX21NRAR-05923,C=C1C2CCC(C2)C1(C)C,0
TOX21NRAR-05924,CC(C(O)c1ccc(O)cc1)N1CCC(Cc2ccccc2)CC1,0
TOX21NRAR-05925,O=C(O)CN1C(=O)c2cccc3cccc(c23)C1=O,0
TOX21NRAR-05926,NP(N)(=O)NC(=O)c1ccc(F)cc1,0
TOX21NRAR-05927,Clc1cccc(SC2CCNCC2)n1,0
TOX21NRAR-05928,CC(=O)OC1CN2CCC1CC2,0
TOX21NRAR-05929,CCCCC(CC)COC(=O)C(C#N)=C(c1ccccc1)c1ccccc1,0
TOX21NRAR-05930,CCCC=C(C=O)CC,0
TOX21NRAR-05931,C=CC(=O)OCC(CC)CCCC,0
TOX21NRAR-05932,CCCCC(C=O)CC,0
TOX21NRAR-05933,CCCC(O)C(CC)CO,0
TOX21NRAR-05934,CCCCC(CC)C(=O)O,0
TOX21NRAR-05935,O=[N+]([O-])c1ccc(-c2nnc(O)o2)o1,0
TOX21NRAR-05936,O=C(O)c1cccc(Oc2ccccc2)c1,0
TOX21NRAR-05937,COc1ccc([N+](=O)[O-])cc1N,0
TOX21NRAR-05938,NC(=O)N/N=C/c1ccc([N+](=O)[O-])o1,0
TOX21NRAR-05939,CC(=O)OC(OC(C)=O)c1ccc([N+](=O)[O-])o1,0
TOX21NRAR-05940,O=C(O)Cc1ccc(-c2ccccc2)cc1,0
TOX21NRAR-05941,NC(=O)c1cc[n+](CC2=C(C(=O)[O-])N3C(=O)[C@@H](NC(=O)Cc4cccs4)[C@H]3SC2)cc1,0
TOX21NRAR-05942,CCOc1nc(C(Cl)(Cl)Cl)ns1,0
TOX21NRAR-05943,O=C1OC(CN2CCOCC2)CN1N=Cc1ccc([N+](=O)[O-])o1,0
TOX21NRAR-05944,CCN(CC)CCNC(=O)c1cc(Br)c(N)cc1OC,0
TOX21NRAR-05945,C=C1c2cccc(O)c2C(=O)C2=C(O)[C@]3(O)C(=O)C(C(N)=O)=C(O)[C@@H](N(C)C)[C@@H]3[C@@H](O)[C@H]12,0
TOX21NRAR-05946,CC(=O)N[C@@H](CC(=O)N[C@@H](CCC(=O)O)C(=O)O)C(=O)O,0
TOX21NRAR-05947,C[N+]1([O-])[C@H]2CC[C@@H]1C[C@H](OC(=O)C(CO)c1ccccc1)C2,0
TOX21NRAR-05948,C[C@H]1CCC[C@@H](C)N1,0
TOX21NRAR-05949,CCCCCCCCN1CCCC1=O,0
TOX21NRAR-05950,COC(=O)[C@@]1(C)[C@H](C)C[C@H]2[C@@H]3CCC4=CC(=O)C=C[C@]4(C)[C@H]3[C@@H](O)C[C@@]21C,1
TOX21NRAR-05951,COc1ccc2cc(CCC(C)=O)ccc2c1,0
TOX21NRAR-05952,Cc1cc(-n2nc3ccc(Cl)cc3n2)c(O)c(C(C)(C)C)c1,0
TOX21NRAR-05953,CN[C@@H]1[C@@H](O)[C@@H](O[C@@H]2[C@@H](O)[C@H](OC3OC(CN)=CCC3N)[C@@H](N)C[C@H]2N)OC[C@]1(C)O.CN[C@@H]1[C@@H](O)[C@@H](O[C@@H]2[C@@H](O)[C@H](OC3OC(CN)=CCC3N)[C@@H](N)C[C@H]2N)OC[C@]1(C)O,1
TOX21NRAR-05954,CC(C)(C)NCC(O)COc1cccc2c1CCC(=O)N2,0
TOX21NRAR-05955,O=C(O)c1cc2ccccc2nc1C(=O)O,0
TOX21NRAR-05956,CCCCCCCCCCCCCCCCCC#N,0
TOX21NRAR-05957,CN(C)c1ccc(N=Nc2ccccc2)cc1,1
TOX21NRAR-05958,Cc1ncc([N+](=O)[O-])n1C,0
TOX21NRAR-05959,COP(C)(=O)OC,0
TOX21NRAR-05960,C/C=C(C)/C=C/C=C(C)C,0
TOX21NRAR-05961,COC(=O)c1ccc(C(=O)OC)cc1,0
TOX21NRAR-05962,CC(=O)N(C)C,0
TOX21NRAR-05963,CCNc1nc(Cl)nc(NC(C)(C)C#N)n1,0
TOX21NRAR-05964,Nc1nc(N)nc(NC2CC2)n1,0
TOX21NRAR-05965,CC1(C)C(C=C(Cl)Cl)C1C(=O)OC(C#N)c1cccc(Oc2ccccc2)c1,0
TOX21NRAR-05966,NC(=O)NC(=O)Cc1ccccc1,0
TOX21NRAR-05967,OCCN1CCN(CCCN2c3ccccc3Sc3ccc(Cl)cc32)CC1,0
TOX21NRAR-05968,CCC[C@H](N[C@@H](C)C(=O)N1[C@H](C(=O)O)C[C@@H]2CCCC[C@@H]21)C(=O)OCC,0
TOX21NRAR-05969,CNC(=O)O/N=C(\C)C(C)S(C)(=O)=O,0
TOX21NRAR-05970,CC(=O)CC(C)=O,0
TOX21NRAR-05971,CN(C)C(=S)[S-].CN(C)C(=S)[S-].[Zn+2],0
TOX21NRAR-05972,O=[N+]([O-])c1cccc(Cl)c1,0
TOX21NRAR-05973,c1ccc(Nc2ccccc2)cc1,0
TOX21NRAR-05974,CC(C)c1ccc(C=O)cc1,0
TOX21NRAR-05975,CCc1ccc(O)cc1,0
TOX21NRAR-05976,CCCCN(CCCC)C(=S)[S-].CCCCN(CCCC)C(=S)[S-].[Zn+2],0
TOX21NRAR-05977,CC(C)C(C)(N)C#N,0
TOX21NRAR-05978,C[C@H]1CCCC(=O)CCCC=Cc2cc(O)cc(O)c2C(=O)O1,0
TOX21NRAR-05979,OCc1cccc(Oc2ccccc2)c1,0
TOX21NRAR-05980,Clc1ccccc1CN1CCc2sccc2C1,0
TOX21NRAR-05981,CCN(CC)CCOC(=O)C(c1ccccc1)C1CCCCC1,0
TOX21NRAR-05982,CN1CCC(=C2c3ccccc3CC(=O)c3sccc32)CC1,0
TOX21NRAR-05983,CCN(CC)CCSC(=O)C(c1ccccc1)c1ccccc1,0
TOX21NRAR-05984,C#C[C@]1(O)CC[C@H]2[C@H]3[C@H](CC[C@@]21C)C1=C(CC(=O)CC1)C[C@H]3C,1
TOX21NRAR-05985,Nc1ccn([C@H]2CS[C@@H](CO)O2)c(=O)n1,0
TOX21NRAR-05986,CC(C(=O)O)c1ccc(C(=O)c2ccccc2)s1,0
TOX21NRAR-05987,CC(O)C(=O)[O-].CC(O)C(=O)[O-],0
TOX21NRAR-05988,[Ca+2].[Cl-].[Cl-],0
TOX21NRAR-05989,Cn1c(=O)c2c(ncn2C)n(C)c1=O,0
TOX21NRAR-05990,C=C1CC[C@H](O)C/C1=C/C=C1\CCC[C@@]2(C)[C@H]1CC[C@@H]2[C@H](C)/C=C/[C@H](C)C(C)C,0
TOX21NRAR-05991,CCC(C)OC(C)CC,0
TOX21NRAR-05992,O=C(O)C=Cc1ccc(O)c(O)c1,1
TOX21NRAR-05993,CCCOCCOCCO,0
TOX21NRAR-05994,CN(C)C(=O)COC(=O)Cc1ccc(OC(=O)c2ccc(NC(=N)N)cc2)cc1,0
TOX21NRAR-05995,CCOc1nc2cccc(C(=O)OC(C)OC(=O)OC3CCCCC3)c2n1Cc1ccc(-c2ccccc2-c2nnn[nH]2)cc1,0
TOX21NRAR-05996,CC(CC(=O)O)CC(C)(C)C,0
TOX21NRAR-05997,c1cc(N(CC2CO2)CC2CO2)ccc1OCC1CO1,0
TOX21NRAR-05998,CC(=O)c1ccc2ccccc2c1,0
TOX21NRAR-05999,C=C(C)C(=O)OCCOC(=O)CC(C)=O,0
TOX21NRAR-06000,COC(=O)[C@H]1CC[C@H](C(=O)OC)CC1,0
TOX21NRAR-06001,CCOC(=O)C(C)(C)C,0
TOX21NRAR-06002,O=C/C=C/c1ccco1,0
TOX21NRAR-06003,CCCCCCCCCCCCCCn1cc[n+](C)c1.O=S(=O)([N-]S(=O)(=O)C(F)(F)F)C(F)(F)F,0
TOX21NRAR-06004,CCCCCCCCCCCCCCCCn1cc[n+](C)c1.O=S(=O)([N-]S(=O)(=O)C(F)(F)F)C(F)(F)F,0
TOX21NRAR-06005,CCCCCCCCCCCCCCCCCl,0
TOX21NRAR-06006,CCCCCCCCCI,0
TOX21NRAR-06007,CCCCCCCCCCCCI,0
TOX21NRAR-06008,CN(C)c1ccc(/C=C/c2ccc([N+](=O)[O-])cc2)cc1,0
TOX21NRAR-06009,COC(=O)/C=C\C(=O)O,0
TOX21NRAR-06010,CC(C)c1ccc2cc(C(C)C)ccc2c1,0
TOX21NRAR-06011,CCOC(=O)c1ccccc1,0
TOX21NRAR-06012,CC(=O)OCCC(C)C,0
TOX21NRAR-06013,CC(C)CCOC(=O)C=Cc1ccccc1,0
TOX21NRAR-06014,O=c1[nH]ncc2ccccc12,0
TOX21NRAR-06015,CCCCCCCCCCCCCCCCCC[N+](C)(C)C,0
TOX21NRAR-06016,CCOCCOCCOC(C)=O,0
TOX21NRAR-06017,CCCCOCCOC(C)=O,0
TOX21NRAR-06018,CCCCCCCCCCCCN(C)C,0
TOX21NRAR-06019,CCCCCCOCCO,0
TOX21NRAR-06020,CC(=O)C=C(C)C,0
TOX21NRAR-06021,CN1c2c(O)nc(N)nc2NCC1CNc1ccc(C(=O)NC(CCC(=O)[O-])C(=O)[O-])cc1,0
TOX21NRAR-06022,CC(C)(CO)C(O)C(=O)NCCC(=O)NCCSSCCNC(=O)CCNC(=O)C(O)C(C)(C)CO,0
TOX21NRAR-06023,CCCCCCCCCCCCCC(=O)OCC(COP(=O)([O-])OCC[N+](C)(C)C)OC(=O)CCCCCCCCCCCCC,0
TOX21NRAR-06024,Clc1cccc(C(c2ccc3nc[nH]c3c2)n2ccnc2)c1,0
TOX21NRAR-06025,Cc1ccc2nc(N)[nH]c(=O)c2c1Sc1ccncc1,0
TOX21NRAR-06026,CC1(C)[C@H](C=C(Cl)Cl)[C@H]1C(=O)OCc1c(F)c(F)cc(F)c1F,0
TOX21NRAR-06027,N=C(NN=Cc1ccc(Cl)cc1)NN=Cc1ccc(Cl)cc1,0
TOX21NRAR-06028,CCCCC(O)c1ccccc1,0
TOX21NRAR-06029,CCN(CC)CCOC[C@H]1O[C@@H](O)[C@H](OCCN(CC)CC)[C@@H](O)[C@@H]1O,0
TOX21NRAR-06030,CC#Cc1cc(C)nc(Nc2ccccc2)n1,0
TOX21NRAR-06031,Cl[Hg]c1ccccc1,0
TOX21NRAR-06032,C[N+](C)(C)CC(O)CC(=O)[O-],0
TOX21NRAR-06033,C[C@H]1CC[C@]2(NC1)O[C@H]1C[C@H]3[C@@H]4CC[C@H]5C[C@@H](O[C@@H]6O[C@H](CO)[C@H](O[C@@H]7O[C@H](CO)[C@@H](O)[C@H](O[C@@H]8OC[C@@H](O)[C@H](O)[C@H]8O)[C@H]7O[C@@H]7O[C@H](CO)[C@@H](O)[C@H](O)[C@H]7O)[C@H](O)[C@H]6O)CC[C@]5(C)[C@H]4CC[C@]3(C)[C@H]1[C@@H]2C,0
TOX21NRAR-06034,O=NN1CCCC1,0
TOX21NRAR-06035,C[C@H]1[C@H]2Cc3ccc(O)cc3[C@]1(C)CCN2CCc1ccccc1,0
TOX21NRAR-06036,CCC(=O)N(c1ccccc1)C1(COC)CCN(CCn2nnn(CC)c2=O)CC1,0
TOX21NRAR-06037,CC(C)=CCN1CC[C@@]2(C)c3cc(O)ccc3C[C@@H]1[C@@H]2C.O=C(O)CCC(=O)O,0
TOX21NRAR-06038,O=Cc1ccccc1O,0
TOX21NRAR-06039,CCC(=O)N(c1ccccc1)[C@@H]1CCN(CCc2ccccc2)C[C@@H]1C,0
TOX21NRAR-06040,CCC(=O)N(c1ccccc1)[C@H]1CCN(CCc2ccccc2)C[C@@H]1C,0
TOX21NRAR-06041,CCC(=O)N(c1ccccc1)C1(COC)CCN(CCc2cccs2)CC1.O=C(O)CC(O)(CC(=O)O)C(=O)O,0
TOX21NRAR-06042,CCC(=O)N(c1ccc(F)cc1)C1CCN(CCc2ccccc2)CC1,0
TOX21NRAR-06043,CC(=O)N[C@H]1C(O)O[C@H](CO)[C@@H](O)[C@@H]1O,0
TOX21NRAR-06044,CCC(=O)N(c1ccccc1)C1CCN(C(C)Cc2ccccc2)CC1,0
TOX21NRAR-06045,CCC(=O)N(c1ccccc1)C1CCN(Cc2ccccc2)CC1,0
TOX21NRAR-06046,CC(C)Br,0
TOX21NRAR-06047,C=C1C(CCl)(CCl)C2(Cl)C(Cl)C(Cl)C1(Cl)C2(Cl)Cl,0
TOX21NRAR-06048,C=CCSCC1Nc2cc(Cl)c(S(N)(=O)=O)cc2S(=O)(=O)N1,0
TOX21NRAR-06049,Cc1ccc(NC(N)=O)cc1,0
TOX21NRAR-06050,CN(C)CCOc1ccc(/C(=C(/CCCl)c2ccccc2)c2ccccc2)cc1.O=C(O)CC(O)(CC(=O)O)C(=O)O,0
TOX21NRAR-06051,Cc1ccccc1,0
TOX21NRAR-06052,Cc1ccc(N=C=O)cc1N=C=O,0
TOX21NRAR-06053,Cc1ccccc1S(N)(=O)=O,0
TOX21NRAR-06054,C[SiH](O[Si](C)(C)C)O[Si](C)(C)C,0
TOX21NRAR-06055,CCOc1ccccc1OCC,0
TOX21NRAR-06056,C1N2CN3CN1CN(C2)C3,0
TOX21NRAR-06057,Cc1cc(Cl)ccc1N=CN(C)C,0
TOX21NRAR-06058,[SbH6+3],0
TOX21NRAR-06059,O=[N+]([O-])OCC(CO[N+](=O)[O-])(CO[N+](=O)[O-])CO[N+](=O)[O-],0
TOX21NRAR-06060,CCCCCCCCCCCc1ccccc1,0
TOX21NRAR-06061,Cn1c(N)c(N=O)c(=O)n(C)c1=O,0
TOX21NRAR-06062,C[N+]1([O-])CCOCC1,0
TOX21NRAR-06063,CCOP(=S)(OCC)Oc1ccc([N+](=O)[O-])cc1,0
TOX21NRAR-06064,CC(Cc1cccc(C(F)(F)F)c1)NCCOC(=O)c1ccccc1,0
TOX21NRAR-06065,CC1(C)S[C@@H]2[C@H](NC(=O)COc3ccccc3)C(=O)N2[C@H]1C(=O)[O-],0
TOX21NRAR-06066,COc1c(Cl)c(Cl)c(Cl)c(Cl)c1Cl,0
TOX21NRAR-06067,ClC(Cl)C(Cl)(Cl)Cl,0
TOX21NRAR-06068,O=[N+]([O-])c1c(Cl)c(Cl)c(Cl)c(Cl)c1Cl,0
TOX21NRAR-06069,Nc1ccc(C(=O)O)cc1,0
TOX21NRAR-06070,Nc1nc2ccccc2s1,0
TOX21NRAR-06071,COc1ccc(OC)c(C[C@H](C)N)c1,0
TOX21NRAR-06072,CCCCCCc1ccc(O)cc1O,0
TOX21NRAR-06073,CC(=O)N(O)CCCCCNC(=O)CCC(=O)N(O)CCCCCNC(=O)CCC(=O)N(O)CCCCCN,0
TOX21NRAR-06074,O=C([O-])c1cc(Oc2ccc(C(F)(F)F)cc2Cl)ccc1[N+](=O)[O-],0
TOX21NRAR-06075,CCCOC(=O)c1c(Cl)c(Cl)c(Cl)c(Cl)c1C(=O)OCCC,0
TOX21NRAR-06076,COc1ccc(/N=N/c2cc(C)c(/N=N/c3ccc(S(=O)(=O)[O-])cc3)cc2OC)cc1,0
TOX21NRAR-06077,CC1(C)Cc2cccc(N)c2O1,0
TOX21NRAR-06078,NC(=O)CC[C@H](Nc1ccc([N+](=O)[O-])cc1)C(=O)O,0
TOX21NRAR-06079,CCCCC(C)C(=O)O,0
TOX21NRAR-06080,O=C1CCCN1C1CCCCC1,0
TOX21NRAR-06081,Cc1ccc(Cl)c(N)c1Cl,0
TOX21NRAR-06082,Nc1ccc2cc(S(=O)(=O)[O-])cc(O)c2c1/N=N/c1ccccc1C(F)(F)F,0
TOX21NRAR-06083,COCc1ccc(COC)cc1,0
TOX21NRAR-06084,Nc1cc(C(=O)O)c(O)c(S(=O)(=O)O)c1,0
TOX21NRAR-06085,C=CCCC(=O)/C=C/C1C(C)=CCCC1(C)C,0
TOX21NRAR-06086,O=CN1CCCCC1,0
TOX21NRAR-06087,C[C@@H]1CC2(OC3C[C@@]4(C)C5=CC[C@H]6C(C)(C)C(O[C@@H]7OC[C@@H](O)[C@H](O)[C@H]7O)CC[C@@]67C[C@@]57CC[C@]4(C)C31)OC(O)C1(C)OC21,0
TOX21NRAR-06088,O=C(/C=C/c1ccc(O)c(O)c1)O[C@@H](C(=O)O)[C@@H](OC(=O)/C=C/c1ccc(O)c(O)c1)C(=O)O,0
TOX21NRAR-06089,CC(C)(C)c1csc(-c2cc3cc(OCc4ccccc4CC(=O)O)ccc3o2)n1,0
TOX21NRAR-06090,Cc1ccc2oc(CN(Cc3ccccc3)C(=O)Nc3c(F)cc(F)cc3F)c(-c3ccc(Cl)cc3)c2c1,0
TOX21NRAR-06091,O=C1c2ccccc2C(=O)N1CCc1noc(-c2ccc(CN3CCCCCC3)s2)n1,0
TOX21NRAR-06092,COc1cc(C=O)cc2c1[C@H](COC(N)=O)[C@]1(OC(C)=O)ON2C[C@H]2[C@@H]1N2C(C)=O,0
TOX21NRAR-06093,Cc1[nH]cnc1C[C@H]1CCc2c(C)c3ccccc3n2C1=O,0
TOX21NRAR-06094,Cc1oc2c(NC(=O)c3c(Cl)cccc3Cl)cccc2c1C(C)(C)O,0
TOX21NRAR-06095,COc1ccc(-n2nc(C(F)F)cc2-c2ccc(S(C)=O)cc2)cc1,0
TOX21NRAR-06096,OCCc1ccccc1,0
TOX21NRAR-06097,NC=O,0
TOX21NRAR-06098,COC(=O)c1ccccc1C(=O)OC,0
TOX21NRAR-06099,NC(Cc1ccc(F)cc1)C(=O)O,0
TOX21NRAR-06100,O=[N+]([O-])c1ccc(F)c([N+](=O)[O-])c1,0
TOX21NRAR-06101,O=C(Cl)c1ccccc1F,0
TOX21NRAR-06102,CCCCCCC1CCC(=O)O1,0
TOX21NRAR-06103,O=CNc1ccccc1,0
TOX21NRAR-06104,C[C@]12C=CC(=O)C=C1CC[C@@H]1[C@@H]2CC[C@@]2(C)[C@H]1CC[C@]2(C)O,1
TOX21NRAR-06105,CC[N+](C)(CC)CCOC(=O)C1c2ccccc2Oc2ccccc21,0
TOX21NRAR-06106,CC(=O)OC(C)C[N+](C)(C)C,0
TOX21NRAR-06107,Cc1ccccc1-n1c(C)nc2ccccc2c1=O,0
TOX21NRAR-06108,CC(C)=CC1C(C(=O)OCc2cccc(Oc3ccccc3)c2)C1(C)C,0
TOX21NRAR-06109,COC(=O)/C=C(\C)OP(=O)(OC)OC,0
TOX21NRAR-06110,CCCC(=O)c1ccccc1,0
TOX21NRAR-06111,O=P1(N(CCCl)CCCl)NCCCO1,0
TOX21NRAR-06112,C[C@H]1C[C@H](C)C(=O)[C@H]([C@H](O)CC2CC(=O)NC(=O)C2)C1,0
TOX21NRAR-06113,CCS(=O)(=O)CCSP(=O)(OC)OC,0
TOX21NRAR-06114,C1CCC2OC2C1,0
TOX21NRAR-06115,O=C1C=CCCC1,0
TOX21NRAR-06116,c1cc2c3c(c1)ccc1cccc(c13)C2,0
TOX21NRAR-06117,Cc1ccc(S(=O)(=O)NC2CCCCC2)cc1,0
TOX21NRAR-06118,N#Cc1ccccc1C#N,0
TOX21NRAR-06119,CC1=CC[C@H](C(C)C)C=C1,0
TOX21NRAR-06120,O=C(Cl)OCCOCCOC(=O)Cl,0
TOX21NRAR-06121,CC(=O)CCc1ccc(OC(C)=O)cc1,0
TOX21NRAR-06122,O=c1c(O)c(O)c1=O,0
TOX21NRAR-06123,O=C(O)c1ccccn1,0
TOX21NRAR-06124,CC1=Nc2ccccc2C1(C)C,0
TOX21NRAR-06125,COC(=O)C1=C(C)NC(C)=C(C(=O)OC(C)(C)CN(C)CCC(c2ccccc2)c2ccccc2)C1c1cccc([N+](=O)[O-])c1,0
TOX21NRAR-06126,Nc1cccc2c1CN(C1CCC(=O)NC1=O)C2=O,0
TOX21NRAR-06127,CCCCN(CCCC)CC(O)c1cc(Cl)cc2c1-c1ccc(Cl)cc1/C2=C/c1ccc(Cl)cc1,0
TOX21NRAR-06128,COc1cccc(CCc2ccccc2OCC(CN(C)C)OC(=O)CCC(=O)O)c1,0
TOX21NRAR-06129,COc1nc(N)nc2nc[nH]c12,0
TOX21NRAR-06130,Nc1nc(=O)c2c(CCc3ccc(C(=O)N[C@@H](CCC(=O)[O-])C(=O)[O-])cc3)c[nH]c2[nH]1,0
TOX21NRAR-06131,Cc1nc(Nc2ncc(C(=O)Nc3c(C)cccc3Cl)s2)cc(N2CCN(CCO)CC2)n1,0
TOX21NRAR-06132,CCN(CC)c1nc(C)cc(OP(=S)(OC)OC)n1,0
TOX21NRAR-06133,O=P(O)(O)O,0
TOX21NRAR-06134,COP(=S)(OC)SCN1C(=O)c2ccccc2C1=O,0
TOX21NRAR-06135,C=C(C)C(N)=O,0
TOX21NRAR-06136,CC1CCc2c(N3CCC(O)CC3)c(F)cc3c(=O)c(C(=O)O)cn1c23,0
TOX21NRAR-06137,Cc1nc2ccc(CN(C)c3ccc(C(=O)N[C@@H](CCC(=O)O)C(=O)O)s3)cc2c(=O)[nH]1,0
TOX21NRAR-06138,COc1ccc(-c2ccc3cc(C(=O)O)ccc3c2)cc1C12CC3CC(CC(C3)C1)C2,0
TOX21NRAR-06139,Cc1oc(=O)oc1CN1CCN(c2cc3c(cc2F)c(=O)c(C(=O)O)c2n3C(C)S2)CC1,1
TOX21NRAR-06140,CN(C)CC/C=C1/c2ccccc2COc2ccc(CC(=O)O)cc21,0
TOX21NRAR-06141,C[C@@H](c1ncncc1F)[C@](O)(Cn1cncn1)c1ccc(F)cc1F,0
TOX21NRAR-06142,C[N+]1(CCC(C(N)=O)(c2ccccc2)c2ccccc2)CCCCC1,0
TOX21NRAR-06143,CC(=O)NC[C@H]1CN(c2ccc(N3CCOCC3)c(F)c2)C(=O)O1,0
TOX21NRAR-06144,COCc1c(C(C)C)nc(C(C)C)c(/C=C/[C@@H](O)C[C@@H](O)CC(=O)[O-])c1-c1ccc(F)cc1,1
TOX21NRAR-06145,CC[C@H]1OC(=O)[C@H](C)[C@@H](O[C@H]2C[C@@](C)(OC)[C@@H](O)[C@H](C)O2)[C@H](C)[C@@H](O[C@@H]2O[C@H](C)C[C@H](N(C)C)[C@H]2O)[C@](C)(O)C[C@@H](C)CN(C)[C@H](C)[C@@H](O)[C@]1(C)O,0
TOX21NRAR-06146,OCCOCCN1CCN(C(c2ccccc2)c2ccc(Cl)cc2)CC1,0
TOX21NRAR-06147,CCCCCCCCOC(=O)c1ccc(C(=O)OCCCCCCCC)c(C(=O)OCCCCCCCC)c1,0
TOX21NRAR-06148,CCCCCCOC(=O)CC(CC(=O)OCCCCCC)(OC(=O)CCC)C(=O)OCCCCCC,0
TOX21NRAR-06149,CN(C[C@@H](CC[N+]12CCC(C3CCCCC3)(CC1)CC2)c1ccc(Cl)c(Cl)c1)C(=O)c1cc(C(F)(F)F)cc(C(F)(F)F)c1,0
TOX21NRAR-06150,CCCOc1ccc(S(=O)(=O)N2CCN(CC)CC2)cc1-c1nc2c(CC)n(Cc3ccccn3)nc2c(=O)[nH]1,0
TOX21NRAR-06151,COCCOC[C@H](CC1(C(=O)N[C@H]2CC[C@@H](C(=O)O)CC2)CCCC1)C(=O)Oc1ccc2c(c1)CCC2,0
TOX21NRAR-06152,COCc1nnc(-c2ccc[n+]([O-])c2)n1-c1c(Cl)c(Cl)cc2[nH]c(=O)c(=O)[nH]c12,0
TOX21NRAR-06153,O=C(N[C@H]1CN2CCC1CC2)c1cc2ccoc2cn1,0
TOX21NRAR-06154,C=CC(=O)OCCCC,1
TOX21NRAR-06155,C[C@@H](Oc1ccc(CNC(=O)c2cccnc2Oc2ccc3c(c2)OCO3)c(F)c1)C(=O)O,0
TOX21NRAR-06156,O=C(O)CC(C(=O)O)C(CC(=O)O)C(=O)O,0
TOX21NRAR-06157,CNCc1cc(F)ccc1Oc1ccc(Cl)c(Cl)c1,0
TOX21NRAR-06158,CC(C)(O)c1ccc(CNC(=O)c2cccnc2Oc2ccc3nonc3c2)cc1,0
TOX21NRAR-06159,C=C(NC(=O)C(=C)NC(=O)c1csc(C2=NC3c4csc(n4)C4NC(=O)c5csc(n5)C(C(C)(O)C(C)O)NC(=O)C5CSC(=N5)/C(=C\C)NC(=O)C(C(C)O)NC(=O)c5csc(n5)C3(CC2)NC(=O)C(C)NC(=O)C(=C)NC(=O)C(C)NC(=O)C(C(C)CC)NC2C=Cc3c(C(C)O)cc(nc3C2O)C(=O)OC4C)n1)C(N)=O,0
TOX21NRAR-06160,Cc1ccc(C=O)cc1C,0
TOX21NRAR-06161,CC(C)NC(=O)c1ccccc1N,0
TOX21NRAR-06162,O=C(O)CONC(=O)c1ccccc1,0
TOX21NRAR-06163,CCOC(=O)CCN(SN(C)C(=O)Oc1cccc2c1OC(C)(C)C2)C(C)C,0
TOX21NRAR-06164,O=C(Nc1ccccc1)c1ccccc1I,0
TOX21NRAR-06165,CCOC(=O)Cn1c(=O)sc2cccc(Cl)c21,0
TOX21NRAR-06166,CC(C)OC(=O)C(C)N(C(=O)c1ccccc1)c1ccc(F)c(Cl)c1,0
TOX21NRAR-06167,O=S(=O)(Oc1ccc(Cl)cc1)c1ccccc1,0
TOX21NRAR-06168,CC12CCC(C1)C(C)(C)C2O,0
TOX21NRAR-06169,CCCCC(CC)C(=O)OC(C)C,0
TOX21NRAR-06170,O=C(NC(=O)c1c(F)cccc1F)Nc1ccc(Oc2ccc(C(F)(F)F)cc2Cl)cc1F,0
TOX21NRAR-06171,COc1cc(C(=O)NCc2ccc(OCCN(C)C)cc2)cc(OC)c1OC,0
TOX21NRAR-06172,CC(C)NC(=N)NC(=N)Nc1ccc(Cl)cc1,0
TOX21NRAR-06173,CCCCOc1ccc(OCCCN2CCOCC2)cc1,0
TOX21NRAR-06174,CN1CCC(OC(c2ccccc2)c2ccccc2)CC1,0
TOX21NRAR-06175,CN1CCN(C(c2ccccc2)c2ccccc2)CC1,0
TOX21NRAR-06176,CC(O)CN(CCCN(C)C)CCCN(C)C,0
TOX21NRAR-06177,CN(C)CC/C=C1/c2ccccc2CSc2ccccc21,0
TOX21NRAR-06178,CCOc1ccc(Cc2nccc3cc(OCC)c(OCC)cc23)cc1OCC,0
TOX21NRAR-06179,CN(C)CCCNCCCN(C)C,0
TOX21NRAR-06180,Fc1ccc(Br)cc1,0
TOX21NRAR-06181,c1c[nH]cn1,0
TOX21NRAR-06182,O=C([O-])[C@H](O)[C@@H](O)[C@H](O)[C@H](O)CO,0
TOX21NRAR-06183,CCC[N+](CCC)(CCC)CCC,0
TOX21NRAR-06184,O=C(OCCOCCOCCOC(=O)c1ccccc1)c1ccccc1,0
TOX21NRAR-06185,C=C(C)C1CC=C(C)CC1,1
TOX21NRAR-06186,CN1C2=CC(=O)C(=NNC(N)=O)C=C2CC1S(=O)(=O)[O-],0
TOX21NRAR-06187,C[N+](C)(C)CCOC(N)=O,0
TOX21NRAR-06188,NC(=O)N1c2ccccc2C=Cc2ccccc21,1
TOX21NRAR-06189,CCOC(=O)n1ccn(C)c1=S,0
TOX21NRAR-06190,CN(C)c1cccc(O)c1,0
TOX21NRAR-06191,CCN(CC)CCOCCOC(=O)C1(c2ccccc2)CCCC1,0
TOX21NRAR-06192,COc1ccc(C[C@H](C)NC[C@@H](O)c2ccc(O)c(NC=O)c2)cc1.COc1ccc(C[C@H](C)NC[C@@H](O)c2ccc(O)c(NC=O)c2)cc1,0
TOX21NRAR-06193,COC(=O)C[C@](O)(CCCC(C)(C)O)C(=O)O[C@@H]1C(OC)=CC23CCCN2CCc2cc4c(cc2[C@H]13)OCO4,0
TOX21NRAR-06194,CC(=O)CCC(=O)O,0
TOX21NRAR-06195,O=C(C1CCCCC1)N1CC(=O)N2CCc3ccccc3C2C1,0
TOX21NRAR-06196,CCCCCCCC=O,0
TOX21NRAR-06197,CCCCCCCCCCCCCCCCCC(=O)O,0
TOX21NRAR-06198,CCCCCCCCC(=O)O,0
TOX21NRAR-06199,O=C(O)CCCCCCCC(=O)O,0
TOX21NRAR-06200,CCCC(=O)C(=O)O,0
TOX21NRAR-06201,O=C(O)CC(=O)C(=O)O,0
TOX21NRAR-06202,CCCCCCCC(=O)O,0
TOX21NRAR-06203,Cl/C(=C\n1cncn1)c1ccc(Cl)cc1Cl,0
TOX21NRAR-06204,CC(C)c1ccc2oc3nc(N)c(C(=O)O)cc3c(=O)c2c1,1
TOX21NRAR-06205,CC(=O)Nc1ccc(/C=N/NC(N)=S)cc1,1
TOX21NRAR-06206,Nc1ccc(C(=O)NCC(=O)O)cc1,0
TOX21NRAR-06207,Clc1ccc2c(c1)C(N1CCNCC1)=Nc1ccccc1O2,0
TOX21NRAR-06208,CCCCOC(=O)[C@@H](C)Oc1ccc(Oc2ccc(C#N)cc2F)cc1,0
TOX21NRAR-06209,Cc1cccc(C)c1NC(=O)CN1CCCC1=O,0
TOX21NRAR-06210,Nc1cccc2ccccc12,0
TOX21NRAR-06211,Nc1ccc2ccccc2c1,0
TOX21NRAR-06212,CCCCN(CCCC)C(=S)S[Ni]SC(=S)N(CCCC)CCCC,0
TOX21NRAR-06213,[Ni+2],0
TOX21NRAR-06214,NC(=O)c1cccnc1,0
TOX21NRAR-06215,CCCCCCCCCCCCCCCC(=O)OC[C@@H](COP(=O)([O-])OCC[N+](C)(C)C)OC(=O)CCCCCCCCCCCCCCC,0
TOX21NRAR-06216,CCN(CC)c1ccc(C(=C2C=CC(=[N+](CC)CC)C=C2)c2ccccc2)cc1,0
TOX21NRAR-06217,c1ccc(CCNc2nc(-c3ccccc3)cs2)cc1,1
TOX21NRAR-06218,Nc1nnnn1-c1ccccc1,0
TOX21NRAR-06219,CCOc1ccc(NS(=O)(=O)c2ccc(N)cc2)nn1,0
TOX21NRAR-06220,CN1CCCN=C1COC(=O)C(O)(c1ccccc1)C1CCCCC1,0
TOX21NRAR-06221,CC(C)(C)C(=O)OCOC(=O)[C@@H]1N2C(=O)[C@@H](NC(=O)[C@H](N)c3ccccc3)[C@H]2SC1(C)C,0
TOX21NRAR-06222,CCn1cc(C(=O)O)c(=O)c2cc(F)c(N3CCNCC3)nc21,0
TOX21NRAR-06223,CO[C@H]1C[C@H](O[C@@H]2C(C)=CC[C@@H]3C[C@@H](C[C@]4(CC[C@H](C)[C@@H](C5CCCCC5)O4)O3)OC(=O)[C@@H]3C=C(C)/C(=N/O)[C@H]4OCC(=CC=C[C@@H]2C)[C@@]34O)O[C@@H](C)[C@@H]1O,0
TOX21NRAR-06224,CC[C@@H](C(=O)[C@@H](C)[C@@H](O)[C@H](C)[C@@H]1O[C@@H]([C@@H](CC)C(=O)[O-])CC[C@@H]1C)[C@H]1O[C@]2(C=C[C@@H](O)[C@]3(CC[C@@](C)([C@H]4CC[C@](O)(CC)[C@H](C)O4)O3)O2)[C@H](C)C[C@@H]1C,0
TOX21NRAR-06225,CC(=O)Oc1cccc(O)c1,0
TOX21NRAR-06226,CNc1ccc(C(=O)CC(O)CCC(C)C2OC(=O)CC(O)CC(=O)CC(O)CC(O)CC(O)CC(O)CC3(O)CC(O)C(C(=O)OC)C(CC(O[C@@H]4O[C@H](C)[C@@H](O)[C@H](N)[C@@H]4O)C=CC=CC=CC=CC=CC=CC=CC2C)O3)cc1,0
TOX21NRAR-06227,CCC(=O)O[C@]1(C(=O)CCl)[C@@H](C)C[C@H]2[C@@H]3CCC4=CC(=O)C=C[C@]4(C)[C@@]3(F)[C@@H](O)C[C@@]21C,1
TOX21NRAR-06228,Cc1c(NC(C)C)c(=O)n(-c2ccccc2)n1C,0
TOX21NRAR-06229,CC(C)(C)C(=O)OCOC(=O)[C@@H]1N2C(=O)[C@@H](N=CN3CCCCCC3)[C@H]2SC1(C)C,0
TOX21NRAR-06230,COc1ccc2cc([C@H](C)CO)ccc2c1,0
TOX21NRAR-06231,CO[Si](CCCNc1ccccc1)(OC)OC,0
TOX21NRAR-06232,C#CCN(C)Cc1ccccc1,0
TOX21NRAR-06233,CN1C(=O)CC(c2ccccc2)C1=O,0
TOX21NRAR-06234,NC(Cc1ccccc1)C(=O)O,0
TOX21NRAR-06235,Cc1ccc(N(CC2=NCCN2)c2cccc(O)c2)cc1,0
TOX21NRAR-06236,CCCCCC,0
TOX21NRAR-06237,CCCCCC(C)=O,0
TOX21NRAR-06238,CCOC(=O)CCCCCCCCC(=O)OCC,0
TOX21NRAR-06239,CC(=O)CCC(C)C,0
TOX21NRAR-06240,CC1(C)COP(Oc2ccccc2)OC1,0
TOX21NRAR-06241,O=C([O-])CN(CCN(CC(=O)[O-])CC(=O)[O-])CC(=O)[O-].[Fe+3],0
TOX21NRAR-06242,CCCCCCC(C)Nc1ccc(Nc2ccccc2)cc1,0
TOX21NRAR-06243,C=CC(=O)NC(C)(C)CS(=O)(=O)O,0
TOX21NRAR-06244,C=CC(=O)OCC(CC)(COC(=O)C=C)COC(=O)C=C,0
TOX21NRAR-06245,CC(CN)CCCN,0
TOX21NRAR-06246,CN(C)[C@@H]1C(O)=C(C(N)=O)C(=O)[C@@]2(O)C(O)=C3C(=O)c4c(O)cccc4[C@@](C)(O)[C@H]3C[C@@H]12,0
TOX21NRAR-06247,C[C@]12CC[C@H]3[C@@H](CCC4=CC(=O)C=C[C@@]43C)[C@@H]1CCC(=O)O2,1
TOX21NRAR-06248,CN(C/C=C/C#CC(C)(C)C)Cc1cccc2ccccc12,0
TOX21NRAR-06249,CC1(O)CCC(C(C)(C)O)CC1,0
TOX21NRAR-06250,CC(C)(C)c1ccc(C(O)CCCN2CCC(C(O)(c3ccccc3)c3ccccc3)CC2)cc1,0
TOX21NRAR-06251,OCCOc1cccc(OCCO)c1,0
TOX21NRAR-06252,O=C1c2ccccc2C(=O)C1c1nc2ccccc2c(Br)c1O,0
TOX21NRAR-06253,O=[N+]([O-])O[Cd]O[N+](=O)[O-],0
TOX21NRAR-06254,CC(=O)OCCc1ccccc1,0
TOX21NRAR-06255,CNCCCC12CCC(c3ccccc31)c1ccccc12,0
TOX21NRAR-06256,CC(C)N1C(=O)c2ccccc2C1=O,0
TOX21NRAR-06257,CCCCN(CCCCO)N=O,0
TOX21NRAR-06258,CC(C)(C)c1cc(CO)cc(C(C)(C)C)c1O,0
TOX21NRAR-06259,Cc1ccc(O)c(C(C)(C)C)c1,0
TOX21NRAR-06260,CCCCN(N=O)C(=N)N[N+](=O)[O-],0
TOX21NRAR-06261,COc1ccc(O)c(C(C)(C)C)c1,0
TOX21NRAR-06262,Cc1cc(C(C)(C)C)c(O)c(C(C)(C)C)c1,0
TOX21NRAR-06263,COC(=O)C1CC(=O)C(C(=O)OC)CC1=O,0
TOX21NRAR-06264,CC(Cl)COP(=O)(OCC(C)Cl)OCC(C)Cl,0
TOX21NRAR-06265,O=C(O)Cc1ccc(Cl)cc1Cl,0
TOX21NRAR-06266,OCc1ccc(Cl)cc1Cl,0
TOX21NRAR-06267,Nc1c(Cl)cc(Cl)cc1[N+](=O)[O-],0
TOX21NRAR-06268,N#CSc1ccc([N+](=O)[O-])cc1[N+](=O)[O-],0
TOX21NRAR-06269,COc1ccc([N+](=O)[O-])cc1[N+](=O)[O-],0
TOX21NRAR-06270,C[N+](C)(C)CC1CO1,0
TOX21NRAR-06271,CCC1(C)NC(=O)NC1=O,0
TOX21NRAR-06272,CCCCCCCCN1C=CN(C)C1,0
TOX21NRAR-06273,CCC[N+]1(C)CCCCC1.O=S(=O)([N-]S(=O)(=O)C(F)(F)F)C(F)(F)F,0
TOX21NRAR-06274,CCOC(=O)C(Cl)C(C)=O,0
TOX21NRAR-06275,O=C1Nc2ccc([N+](=O)[O-])cc2C1=O,0
TOX21NRAR-06276,O=c1[nH]c2ccccc2o1,0
TOX21NRAR-06277,CCCC[n+]1cccc(C)c1.F[B-](F)(F)F,0
TOX21NRAR-06278,COC(=O)C(C)=O,0
TOX21NRAR-06279,CCOC(=O)c1ccc(N)cc1,0
TOX21NRAR-06280,CC(=O)OCC(COC(C)=O)OC(C)=O,0
TOX21NRAR-06281,CCCCC(CC)COC(C)=O,0
TOX21NRAR-06282,CCCCC(CC)COC(=O)CCCCCCCC(=O)OCC(CC)CCCC,0
TOX21NRAR-06283,C1CN(SSN2CCOCC2)CCO1,0
TOX21NRAR-06284,CC(COc1ccccc1)NC(C)C(O)c1ccc(O)cc1,0
TOX21NRAR-06285,CC(=O)C=Cc1ccc2c(c1)OCO2,0
TOX21NRAR-06286,CC(=O)OCc1ccc2c(c1)OCO2,0
TOX21NRAR-06287,CC1CCC2CC1C2(C)C,0
TOX21NRAR-06288,CCNCC(O)c1cccc(O)c1,0
TOX21NRAR-06289,Cc1ccc(O)c([N+](=O)[O-])c1,0
TOX21NRAR-06290,O=C(OCCOCCOC(=O)c1ccccc1)c1ccccc1,0
TOX21NRAR-06291,CC(CNC1CCCCC1)OC(=O)c1ccccc1,0
TOX21NRAR-06292,Cc1cc(C)c(NC(=O)C[C@H](CC(=O)[O-])c2cccc3ccccc23)c(C(=O)N2CCC3(CCCC3)CC2)c1,0
TOX21NRAR-06293,O=C(NC(=O)c1c(F)cccc1F)Nc1cc(Cl)c(F)c(Cl)c1F,0
TOX21NRAR-06294,CC(=O)CC(=O)Nc1ccccc1C,0
TOX21NRAR-06295,N[C@@H](COP(=O)(O)O)C(=O)O,0
TOX21NRAR-06296,COCC(=O)O,0
TOX21NRAR-06297,CC(C)c1ncc([N+](=O)[O-])n1C,0
TOX21NRAR-06298,CBr.CCN(CC)CCOC(=O)C(O)(c1ccccc1)c1ccccc1,0
TOX21NRAR-06299,CN/C(=N\C#N)NCCSCc1csc(N=C(N)N)n1,0
TOX21NRAR-06300,ClCc1ccccc1.O=C1C[C@@H]2OCC=C3CN4CC[C@]56c7ccccc7N1[C@H]5[C@H]2[C@H]3C[C@H]46,0
TOX21NRAR-06301,O=C(O)c1cc2ccccc2cc1O,0
TOX21NRAR-06302,CNC(C)C(O)c1ccc(O)cc1,0
TOX21NRAR-06303,NC(=O)CC[C@@H](N)C(=O)O,0
TOX21NRAR-06304,CCCCCCCCCCCCCC[n+]1ccc(C)cc1,0
TOX21NRAR-06305,CC(C)C[C@@H](N)C(=O)O,0
TOX21NRAR-06306,NNC(N)=S,0
TOX21NRAR-06307,C=CC(=O)OCC1CCCO1,0
TOX21NRAR-06308,O=C(N=NC(=O)OCc1ccccc1)OCc1ccccc1,0
TOX21NRAR-06309,O=C1OC(=O)c2cc(-c3ccc4c(c3)C(=O)OC4=O)ccc21,0
TOX21NRAR-06310,COC(=O)NCCC[Si](OC)(OC)OC,0
TOX21NRAR-06311,CCCOCCOCCOCCO,0
TOX21NRAR-06312,CCCCS(=O)(=O)Cl,0
TOX21NRAR-06313,C=C(C)C(=O)OCCOCCOC(=O)C(=C)C,0
TOX21NRAR-06314,CCCCC(CC)C(=O)[O-].CCCCC(CC)C(=O)[O-].[Ba+2],0
TOX21NRAR-06315,NC(N)=S,0
TOX21NRAR-06316,CCC(C)(O)CCCC(C)C,0
TOX21NRAR-06317,c1ccc(-c2cccc(-c3ccccc3)c2)cc1,0
TOX21NRAR-06318,Cc1cc(Cl)ccc1OCCCC(=O)O,0
TOX21NRAR-06319,Cc1cc(Cl)ccc1OC(C)C(=O)O,0
TOX21NRAR-06320,Cc1cc(Cl)ccc1OCC(=O)O,0
TOX21NRAR-06321,O=C=Nc1ccc(Cc2ccc(N=C=O)cc2)cc1,0
TOX21NRAR-06322,CCC1(c2ccccc2)C(=O)NC(=O)NC1=O,0
TOX21NRAR-06323,CCC1(c2ccccc2)C(=O)N=C([O-])NC1=O,0
TOX21NRAR-06324,S=C=NCCc1ccccc1,0
TOX21NRAR-06325,C=CCOC(=O)c1ccccc1N,0
TOX21NRAR-06326,c1ccc2c(c1)Nc1ccccc1S2,0
TOX21NRAR-06327,Oc1ccccc1,0
TOX21NRAR-06328,O=C1OC(c2ccc(O)cc2)(c2ccc(O)cc2)c2ccccc21,0
TOX21NRAR-06329,COc1ccc(CCC(=O)c2c(O)cc(O[C@@H]3O[C@H](CO)[C@@H](O)[C@H](O)[C@H]3O[C@@H]3O[C@@H](C)[C@H](O)[C@@H](O)[C@H]3O)cc2O)cc1O,0
TOX21NRAR-06330,CN(C)N=Nc1ccccc1,0
TOX21NRAR-06331,S=C=Nc1ccccc1,0
TOX21NRAR-06332,CC(=O)OC(C)OC(C)=O,0
TOX21NRAR-06333,C/C=C1\C(=O)C[C@H]2[C@@H]3CCC4=CC(=O)CC[C@]4(C)[C@H]3CC[C@]12C,0
TOX21NRAR-06334,C/C=C1/C(=O)C[C@H]2[C@@H]3CCC4=CC(=O)CC[C@]4(C)[C@H]3CC[C@]12C,0
TOX21NRAR-06335,CC(C)Cc1ccccc1,0
TOX21NRAR-06336,CCOC(=O)Cl,0
TOX21NRAR-06337,C[Si]1(C)O[Si](C)(C)O[Si](C)(C)O[Si](C)(C)O[Si](C)(C)O1,0
TOX21NRAR-06338,C[Si]1(C)O[Si](C)(C)O[Si](C)(C)O1,0
TOX21NRAR-06339,c1ccc2cc3ccccc3cc2c1,0
TOX21NRAR-06340,CCOC(=O)[C@H](CCc1ccccc1)N[C@@H](C)C(=O)N1Cc2cc(OC)c(OC)cc2C[C@H]1C(=O)O,0
TOX21NRAR-06341,CNCC[C@@H](Oc1ccccc1C)c1ccccc1,0
TOX21NRAR-06342,O=C(O)COCCN1CCN(C(c2ccccc2)c2ccc(Cl)cc2)CC1,0
TOX21NRAR-06343,Nc1ccncc1,0
TOX21NRAR-06344,Cc1ccc(/N=C/N(C)/C=N/c2ccc(C)cc2C)c(C)c1,0
TOX21NRAR-06345,NS(=O)(=O)[O-],0
TOX21NRAR-06346,COCCl,0
TOX21NRAR-06347,O=C(CCCN1CCC(O)(c2ccc(Br)cc2)CC1)c1ccc(F)cc1,0
TOX21NRAR-06348,Cc1nnc2n1-c1sc(Br)cc1C(c1ccccc1Cl)=NC2,0
TOX21NRAR-06349,CCCCNc1cc(C(=O)O)cc(S(N)(=O)=O)c1Oc1ccccc1,0
TOX21NRAR-06350,C[N+](C)(C)CCCl,0
TOX21NRAR-06351,CC(C)(C)c1ccc(-c2ccc(C(C)(C)C)cc2)cc1,0
TOX21NRAR-06352,CCCCCCC(=O)c1ccccc1,0
TOX21NRAR-06353,CCC(C)(C)C1CCC(OC)CC1,0
TOX21NRAR-06354,Cc1ccc(S)cc1,0
TOX21NRAR-06355,O=C(O)Cc1cc(I)c(Oc2cc(I)c(O)c(I)c2)c(I)c1,0
TOX21NRAR-06356,CCc1cc(Cc2cc(CC)c(N)c(CC)c2)cc(CC)c1N,0
TOX21NRAR-06357,CCCCc1ccc(Cl)cc1,0
TOX21NRAR-06358,CCCCCCCCCCCCOC(=O)c1cc(O)c(O)c(O)c1,0
TOX21NRAR-06359,COC(=O)[C@]1(C)CCC[C@]2(C)[C@H]3CCC(C(C)C)=CC3=CC[C@@H]12,0
TOX21NRAR-06360,ClC(Cl)(Cl)c1ccc(C(Cl)(Cl)Cl)cc1,0
TOX21NRAR-06361,O=C(O)c1ccccc1O,0
TOX21NRAR-06362,CCOP(=S)(OCC)SCCl,0
TOX21NRAR-06363,CCNS(=O)(=O)c1ccc(C)cc1,0
TOX21NRAR-06364,CCN1CCOCC1,0
TOX21NRAR-06365,CCN(Cc1ccccc1)c1ccccc1,0
TOX21NRAR-06366,C[C@]12C[C@H](O)[C@H]3[C@@H](CCC4=CC(=O)CC[C@@]43C)[C@@H]1CC[C@@H]2C(=O)CO,1
TOX21NRAR-06367,CCc1ccccc1O,0
TOX21NRAR-06368,C=CC(=O)CC,0
TOX21NRAR-06369,CCC1(c2ccccc2)C(=O)NC(=O)N(C)C1=O,1
TOX21NRAR-06370,Cc1ccccc1OCC(O)CO,0
TOX21NRAR-06371,COc1ccccc1OCC1CNC(=O)O1,0
TOX21NRAR-06372,CC(C)[C@H](C(=O)O[C@H](C#N)c1cccc(Oc2ccccc2)c1)c1ccc(Cl)cc1,0
TOX21NRAR-06373,CC(CC(C#N)(c1ccccc1)c1ccccc1)N(C)C,0
TOX21NRAR-06374,CCC(=O)O[C@H]1CC[C@H]2[C@@H]3CCC4=CC(=O)CC[C@]4(C)[C@H]3CC[C@]12C,1
TOX21NRAR-06375,CC1=C(/C=C/C(C)=C/C=C\C(C)=C\C(=O)Nc2ccc(O)cc2)C(C)(C)CCC1,0
TOX21NRAR-06376,CC[Ge](Cl)(CC)CC,0
TOX21NRAR-06377,CCN1C=CN(C)C1C,0
TOX21NRAR-06378,CCCC[N+]1(C)CCCCC1.O=S(=O)([O-])C(F)(F)F,0
TOX21NRAR-06379,O=Cc1cccc([N+](=O)[O-])c1,0
TOX21NRAR-06380,Cc1c(C)n(Cc2ccccc2)c2ccc(C(=O)OCCN(C)C)cc12,0
TOX21NRAR-06381,C[C@@H](CSC(=O)c1ccccc1)C(=O)N1C[C@@H](Sc2ccccc2)C[C@H]1C(=O)O,0
TOX21NRAR-06382,CO/N=C(\C(=O)N[C@@H]1C(=O)N2C(C(=O)[O-])=CCS[C@H]12)c1csc(N)n1,0
TOX21NRAR-06383,CCc1oc2ccccc2c1C(=O)c1cc(I)c(O)c(I)c1,0
TOX21NRAR-06384,CCC[N+]1(C)CCCC1.O=S(=O)([O-])C(F)(F)F,0
TOX21NRAR-06385,CCN(CC)CCOc1ccccc1OC,0
TOX21NRAR-06386,CCC1(c2ccccc2)C(=O)NC(=O)N(C(=O)c2ccccc2)C1=O,0
TOX21NRAR-06387,C=C1/C(=C\C=C2/CCC[C@@]3(C)[C@H]2CC[C@@H]3[C@H](C)/C=C/[C@@H](O)C2CC2)C[C@@H](O)C[C@@H]1O,0
TOX21NRAR-06388,COP(=O)(OC)OC(Br)C(Cl)(Cl)Br,0
TOX21NRAR-06389,N#CC(C#N)=NNc1cccc(Cl)c1,0
TOX21NRAR-06390,Cc1cccc(O)c1,0
TOX21NRAR-06391,CSc1nnc(C(C)(C)C)c(=O)n1N,0
TOX21NRAR-06392,CCSC(=O)N1CCCCCC1,0
TOX21NRAR-06393,CCO,0
TOX21NRAR-06394,CC(C)=CCC/C(C)=C/COC=O,0
TOX21NRAR-06395,CN(C)C(=O)NC1(c2ccccc2)CCN(CCC[C@@]2(c3ccc(Cl)c(Cl)c3)CCCN(C(=O)c3ccccc3)C2)CC1,0
TOX21NRAR-06396,CCN(CC)CCNc1ccc(CNC=O)c2sc3ccc(OC)cc3c(=O)c12,0
TOX21NRAR-06397,N#C[C@@H]1CC(F)(F)CN1C(=O)CNC1CC2CCC(C1)N2c1ncccn1,0
TOX21NRAR-06398,CC(C)(CO)C(O)C(=O)NCCCO,0
TOX21NRAR-06399,CCOP(=O)(Cl)Cl,0
TOX21NRAR-06400,CCCC[Sn](Cl)(CCCC)CCCC,0
TOX21NRAR-06401,COC(=O)c1cccc(C(=O)OC)c1,0
TOX21NRAR-06402,COC(C)(OC)OC,0
TOX21NRAR-06403,CC(C)CCC[C@@H](C)[C@H]1CC(=O)C2=C3CC[C@H]4C[C@@H](O)CC[C@]4(C)[C@H]3CC[C@@]21C,0
TOX21NRAR-06404,CCOCC(=O)O,0
TOX21NRAR-06405,CC(=O)C1(C)CC2=C(CCCC2(C)C)CC1C,0
TOX21NRAR-06406,O=C1OC(OC(=O)c2cccnc2Nc2cccc(C(F)(F)F)c2)c2ccccc21,0
TOX21NRAR-06407,CCCCCCCCCOC(=O)CCCCC(=O)OCCCCCCC,0
TOX21NRAR-06408,CCCC(=O)OCc1ccccc1,0
TOX21NRAR-06409,CCCCCCCCCCCCCCCC(=O)OCC,0
TOX21NRAR-06410,O=S1(=O)c2cccc3cccc(c23)N1CCCN1CCN(c2ccc(F)cc2)CC1,0
TOX21NRAR-06411,c1ccc([C@H]2CN3CCSC3=N2)cc1,0
TOX21NRAR-06412,CCCCCCOC(=O)C(C)C,1
TOX21NRAR-06413,COC(C)(C)CC(C)=O,0
TOX21NRAR-06414,CC(C)CCCCCCOC(=O)c1ccc(C(=O)OCCCCCCC(C)C)c(C(=O)OCCCCCCC(C)C)c1,0
TOX21NRAR-06415,COc1ccccc1/C=C/C=O,0
TOX21NRAR-06416,CC1(C)CC(OC(=O)CCCCCCCCC(=O)OC2CC(C)(C)NC(C)(C)C2)CC(C)(C)N1,0
TOX21NRAR-06417,COc1ccc(C(=O)Nc2ccccc2)cc1[N+](=O)[O-],0
TOX21NRAR-06418,CC1=NN(c2cc(S(=O)(=O)[O-])ccc2Cl)C(=O)C1/N=N/c1ccccc1,0
TOX21NRAR-06419,Cc1ccc(C)c(S(=O)(=O)O)c1,0
TOX21NRAR-06420,O=Cc1ccccc1S(=O)(=O)[O-],0
TOX21NRAR-06421,COc1ccc2c3c1O[C@H]1C(=O)CC[C@H]4[C@@H](C2)N(C)CC[C@]314.COc1ccc2c3c1O[C@H]1C(=O)CC[C@H]4[C@@H](C2)N(C)CC[C@]314,0
TOX21NRAR-06422,CN(C)CCOc1ccccc1Cc1ccccc1.O=C(O)CC(O)(CC(=O)O)C(=O)O,0
TOX21NRAR-06423,Cc1c(N)nc([C@H](CC(N)=O)NC[C@H](N)C(N)=O)nc1C(=O)N[C@H](C(=O)N[C@H](C)[C@@H](O)[C@H](C)C(=O)N[C@H](C(=O)NCCc1nc(-c2nc(C(=O)NCCCCNC(=N)N)cs2)cs1)[C@@H](C)O)[C@@H](O[C@@H]1O[C@@H](CO)[C@@H](O)[C@H](O)[C@@H]1O[C@H]1O[C@H](CO)[C@@H](O)[C@H](OC(N)=O)[C@@H]1O)c1cnc[nH]1,1
TOX21NRAR-06424,CC(=O)[C@]1(O)Cc2c(O)c3c(c(O)c2[C@@H](O[C@H]2C[C@H](N)[C@H](O)[C@H](C)O2)C1)C(=O)c1ccccc1C3=O,0
TOX21NRAR-06425,O=C(CCCN1CCC(O)(c2ccc(Cl)cc2)CC1)c1ccc(F)cc1,0
TOX21NRAR-06426,c1ccc2c(c1)CCNC2,0
TOX21NRAR-06427,c1ccc2c(c1)CCCC2,0
TOX21NRAR-06428,Cc1cc(C)c(C)c(C)c1,0
TOX21NRAR-06429,COC(C)COC(C)COC(C)CO,0
TOX21NRAR-06430,COC(=O)CCCC(=O)OC,0
TOX21NRAR-06431,CCCCC(CC)COC(=O)c1ccc(N(C)C)cc1,0
TOX21NRAR-06432,CCCCCC1C(=O)CCC1CC(=O)OC,0
TOX21NRAR-06433,C=CCOc1c(Br)cc(C(C)(C)c2cc(Br)c(OCC=C)c(Br)c2)cc1Br,0
TOX21NRAR-06434,OCCOCC#CCOCCO,0
TOX21NRAR-06435,NCCOCCN,0
TOX21NRAR-06436,CCCCOC(=O)C(=O)OCCCC,0
TOX21NRAR-06437,OCCN(CCO)CCN(CCO)CCO,0
TOX21NRAR-06438,CCC1COC(Cn2cncn2)(c2ccc(Cl)cc2Cl)O1,0
TOX21NRAR-06439,CCCCCCC=O,0
TOX21NRAR-06440,CCN1CCN(c2cc3c(cc2F)c(=O)c(C(=O)O)cn3C2CC2)CC1,0
TOX21NRAR-06441,CCCCN1C[C@H](O)[C@@H](O)[C@H](O)[C@H]1CO,0
TOX21NRAR-06442,Fc1ccc(C(c2ccc(F)cc2)N2CCN(C/C=C/c3ccccc3)CC2)cc1,0
TOX21NRAR-06443,O=S(=O)(c1cccc2cnccc12)N1CCCNCC1,0
TOX21NRAR-06444,CN1C[C@H](C(=O)N[C@]2(C)O[C@@]3(O)[C@@H]4CCCN4C(=O)[C@H](Cc4ccccc4)N3C2=O)C[C@@H]2c3cccc4[nH]cc(c34)C[C@H]21,0
TOX21NRAR-06445,CC(C)[C@@H]1CC[C@@H](C)CC1=O,0
TOX21NRAR-06446,COc1ccc2c(c1OC)C(=O)O[C@H]2[C@@H]1c2cc3c(cc2CCN1C)OCO3,0
TOX21NRAR-06447,CCOc1nc(F)cc2nc(S(=O)(=O)Nc3c(Cl)cccc3Cl)nn12,0
TOX21NRAR-06448,CO[C@H]1C=CO[C@@]2(C)Oc3c(C)c(O)c4c(O)c(cc([O-])c4c3C2=O)NC(=O)C(C)=CC=C[C@H](C)[C@H](O)[C@@H](C)[C@@H](O)[C@@H](C)[C@H](OC(C)=O)[C@@H]1C,0
TOX21NRAR-06449,Cc1ncsc1CCO,0
TOX21NRAR-06450,c1ccc(Sc2ccccc2)cc1,0
TOX21NRAR-06451,CCCCCCCCCCCC(=O)O,0
TOX21NRAR-06452,O=C(O)CCl,0
TOX21NRAR-06453,C[C@H]1C(=O)O[C@@H]2CCN3CC=C(COC(=O)[C@](C)(O)[C@]1(C)O)[C@H]23,0
TOX21NRAR-06454,CN(C)CCN1C(=O)c2ccccc2N(C)c2ccccc21,0
TOX21NRAR-06455,O=C(Cl)c1ccc(C(=O)Cl)cc1,0
TOX21NRAR-06456,COc1c(N2C[C@@H]3CCCN[C@@H]3C2)c(F)cc2c(=O)c(C(=O)O)cn(C3CC3)c12,0
TOX21NRAR-06457,CCCc1nc(C(C)(C)O)c(C(=O)OCc2oc(=O)oc2C)n1Cc1ccc(-c2ccccc2-c2nn[nH]n2)cc1,0
TOX21NRAR-06458,CC(C)CC(N(C)C)C1(c2ccc(Cl)cc2)CCC1,0
TOX21NRAR-06459,C[C@@H]1O[C@@H](OC[C@H]2O[C@@H](Oc3c(-c4ccc(OCCO)c(OCCO)c4)oc4cc(OCCO)cc(O)c4c3=O)[C@H](O)[C@@H](O)[C@@H]2O)[C@H](O)[C@H](O)[C@H]1O,0
TOX21NRAR-06460,CC1(C)CC(N)CC(C)(C)N1,0
TOX21NRAR-06461,CC(O)[C@@H]1NC(=O)[C@H](CCCCN)NC(=O)[C@@H](Cc2c[nH]c3ccccc23)NC(=O)[C@H](Cc2ccccc2)NC(=O)[C@@H](NC(=O)[C@H](N)Cc2ccccc2)CSSC[C@@H](C(=O)N[C@H](CO)[C@@H](C)O)NC1=O,0
TOX21NRAR-06462,CCC(C)SSC(C)CC,0
TOX21NRAR-06463,Cc1cccc(OCCOc2cccc(C)c2)c1,0
TOX21NRAR-06464,CC(C)c1ccc2sc3ccccc3c(=O)c2c1,0
TOX21NRAR-06465,O=C(CCN1CC1)OCC(CO)(COC(=O)CCN1CC1)COC(=O)CCN1CC1,0
TOX21NRAR-06466,C#CC(O)C(CC)CCCC,0
TOX21NRAR-06467,CCCCCCCCCCCCCC=O,0
TOX21NRAR-06468,O=CC(Br)(Br)Br,0
TOX21NRAR-06469,CCCCCCCCCCCCCC(=O)O,0
TOX21NRAR-06470,ClC1=C(Cl)C1(Cl)Cl,0
TOX21NRAR-06471,O=C(O)C(Br)(Br)Br,0
TOX21NRAR-06472,C[C@H]1CCC[C@H](O)CCCCCc2cc(O)cc(O)c2C(=O)O1,0
TOX21NRAR-06473,O=c1c(-c2ccc(O)cc2)coc2cc(O)ccc12,0
TOX21NRAR-06474,CCCCCCCCc1ccc(O)cc1,0
TOX21NRAR-06475,CCCCCCCO,0
TOX21NRAR-06476,N#CCCCCC#N,0
TOX21NRAR-06477,CCCCCCO,0
TOX21NRAR-06478,CCCCCCN,0
TOX21NRAR-06479,OCCNCCO,0
TOX21NRAR-06480,C=C(C)CNCC,0
TOX21NRAR-06481,CCCCC(CC)C(=O)OCCOCCOCCOCCOC(=O)C(CC)CCCC,0
TOX21NRAR-06482,N#Cc1nc(Cl)c(Cl)c(Cl)c1Cl,0
TOX21NRAR-06483,O=C1c2ccccc2C(=O)N1SC1CCCCC1,0
TOX21NRAR-06484,CC[Si](OC(C)=O)(OC(C)=O)OC(C)=O,0
TOX21NRAR-06485,CCCOCC(C)OCC(C)O,0
TOX21NRAR-06486,O=C1c2ccccc2C(=O)N1CCl,0
TOX21NRAR-06487,O=C1Nc2ccccc2C1(c1ccc(O)cc1)c1ccc(O)cc1,0
TOX21NRAR-06488,CCOc1ccc(NC(=O)CC(C)=O)cc1,0
TOX21NRAR-06489,O=C(CS)OCCOC(=O)CS,0
TOX21NRAR-06490,CC(O)C(=O)O[Hg]c1ccccc1,0
TOX21NRAR-06491,CCN(CC)C(=O)N(CC)CC,0
TOX21NRAR-06492,Cc1ccc(N)cc1S(=O)(=O)O,0
TOX21NRAR-06493,CCOC(=O)c1ccccc1C(=C1C=C(Br)C(=O)C(Br)=C1)c1cc(Br)c(O)c(Br)c1,0
TOX21NRAR-06494,CC[C@]1(O)C[C@H]2CN(CCc3c([nH]c4ccccc34)[C@@](C(=O)OC)(c3cc4c(cc3OC)N(C=O)[C@H]3[C@@](O)(C(=O)OC)[C@H](OC(C)=O)[C@]5(CC)C=CCN6CC[C@]43[C@@H]65)C2)C1,0
TOX21NRAR-06495,COC(=O)COc1ccc(Cl)cc1Cl,0
TOX21NRAR-06496,O=[N+]([O-])c1ccc(Cl)c([N+](=O)[O-])c1,0
TOX21NRAR-06497,C=C(C)CCl,0
TOX21NRAR-06498,O=C1OC(O)C(C(Cl)Cl)=C1Cl,0
TOX21NRAR-06499,CC(=O)O[C@]1(C(C)=O)CC[C@H]2[C@@H]3C=C(Cl)C4=CC(=O)CC[C@]4(C)[C@H]3CC[C@@]21C,1
TOX21NRAR-06500,Nc1ccc(Oc2ccc(Cl)cc2)cc1,0
TOX21NRAR-06501,Cc1cc(O)ccc1N,0
TOX21NRAR-06502,Nc1ccc2c3c(cccc13)-c1ccccc1-2,0
TOX21NRAR-06503,Cc1cccc(O)c1N,0
TOX21NRAR-06504,CCCCCCCCCCCCCCCCn1cc[n+](C)c1.F[B-](F)(F)F,0
TOX21NRAR-06505,CCCCCCCCCCl,0
TOX21NRAR-06506,N#Cc1cc2ccccc2c2ccccc12,1
TOX21NRAR-06507,Oc1cc(Cl)ccc1Oc1ccc(Cl)cc1Cl,0
TOX21NRAR-06508,CC(C)(C)C(O)C(Oc1ccc(Cl)cc1)n1cncn1,0
TOX21NRAR-06509,O=C(O)COc1nc(Cl)c(Cl)cc1Cl,0
TOX21NRAR-06510,Nc1ccc(N=Nc2ccccc2)c(N)n1,0
TOX21NRAR-06511,Cc1cccc(S(=O)(=O)[O-])c1C,0
TOX21NRAR-06512,CCCCCCCCCCCCOCC1CO1,0
TOX21NRAR-06513,CCCCCCCCCCCCCl,0
TOX21NRAR-06514,CCCCCCCCCCCC(=O)N(CCO)CCO,0
TOX21NRAR-06515,C=Cc1c(C)c2cc3[nH]c(cc4nc(cc5[nH]c(cc1n2)c(C)c5CCC(=O)[O-])c(CCC(=O)[O-])c4C)c(C)c3C=C,0
TOX21NRAR-06516,CC(C)CCOC(=O)c1ccc(N(C)C)cc1,0
TOX21NRAR-06517,Oc1cc(O)cc(O)c1,0
TOX21NRAR-06518,O=c1[nH]c(=O)c2ccccc2o1,0
TOX21NRAR-06519,O=C(O)c1ccc(OCCCOc2ccc(C(=O)O)cc2)cc1,0
TOX21NRAR-06520,C=CC(C)(CCC=C(C)C)OC(C)=O,0
TOX21NRAR-06521,OCC(CO)(CO)CO,0
TOX21NRAR-06522,O=C(O)C(=O)Nc1cccc(-c2nnn[nH]2)c1,0
TOX21NRAR-06523,C1CCC(C(CC2CCCCN2)C2CCCCC2)CC1,0
TOX21NRAR-06524,Cc1ccc(Nc2nccc(N(C)c3ccc4c(C)n(C)nc4c3)n2)cc1S(N)(=O)=O,0
TOX21NRAR-06525,CC(C)OC(=O)OCOP(=O)(CO[C@H](C)Cn1cnc2c(N)ncnc21)OCOC(=O)OC(C)C,0
TOX21NRAR-06526,CC(=O)N[C@H]([C@@H](O)CC(=O)C(=O)O)[C@@H](O)[C@H](O)[C@H](O)CO,0
TOX21NRAR-06527,O=C(C=Cc1ccc(O)c(O)c1)O[C@@H]1C[C@@](OC(=O)C=Cc2ccc(O)c(O)c2)(C(=O)O)C[C@@H](O)[C@@H]1O,0
TOX21NRAR-06528,CO[C@H](C(=O)[C@@H](O)[C@@H](C)O)[C@@H]1Cc2cc3cc(O[C@H]4C[C@@H](O[C@@H]5C[C@@H](O)[C@@H](OC)[C@@H](C)O5)[C@@H](OC(=O)O)[C@@H](C)O4)c(C)c(O)c3c(O)c2C(=O)[C@H]1O[C@H]1C[C@@H](O[C@H]2C[C@@H](O[C@H]3C[C@](C)(O)[C@@H](OC(C)=O)[C@H](C)O3)[C@H](O)[C@@H](C)O2)[C@H](O)[C@@H](C)O1,0
TOX21NRAR-06529,CCCCCCC(=O)CCCCCC/C=C/C[C@@H](O)[C@H](O)[C@@](N)(CO)C(=O)O,0
TOX21NRAR-06530,CCC1OC(=O)C[C@@H](O)[C@H](C)[C@@H](O[C@@H]2O[C@H](C)C[C@H](N(C)C)[C@H]2O)[C@@H](CC=O)C[C@@H](C)C(=O)C=C[C@]2(C)OC2C1C,0
TOX21NRAR-06531,CC(C)CCOC(=O)c1ccccc1,0
TOX21NRAR-06532,Cc1cc(C)c(C)c(O)c1,0
TOX21NRAR-06533,CCC(=O)OCCC(C)CCC=C(C)C,0
TOX21NRAR-06534,CC(C)COC(=O)c1ccccc1O,0
TOX21NRAR-06535,CC(C)CCCCCCCOC(=O)c1ccc(C(=O)OCCCCCCCC(C)C)c(C(=O)OCCCCCCCC(C)C)c1,0
TOX21NRAR-06536,CCCCCCCCCCCC(=O)O.OCCN(CCO)CCO,0
TOX21NRAR-06537,CCCCCCCCC(=O)OCC(C)OC(=O)CCCCCCCC,0
TOX21NRAR-06538,CCCCCCCCCCOC(C)=O,0
TOX21NRAR-06539,CC(=O)OCCC1CCCCC1,0
TOX21NRAR-06540,COP(=O)(OC)OC(=CCl)c1cc(Cl)c(Cl)cc1Cl,0
TOX21NRAR-06541,CCN(CC)C(=S)SSC(=S)N(CC)CC,0
TOX21NRAR-06542,CCCCCc1cc(O)c2c(c1)OC(C)(C)[C@@H]1CCC(C)=C[C@@H]21,0
TOX21NRAR-06543,C1CCOC1,0
TOX21NRAR-06544,CN1C(C)(C)CCCC1(C)C,0
TOX21NRAR-06545,CC1=CCC(C(C)(C)O)CC1,0
TOX21NRAR-06546,CCN(Cc1cccc(S(=O)(=O)O)c1)c1ccccc1,0
TOX21NRAR-06547,CC(=O)c1ccc(O)cc1,0
TOX21NRAR-06548,Cc1cc(C(C)(C)C)cc(C)c1CC1=NCCN1,0
TOX21NRAR-06549,F[Sn](c1ccccc1)(c1ccccc1)c1ccccc1,0
TOX21NRAR-06550,CCOc1ccc(O)cc1,0
TOX21NRAR-06551,O=S1(=O)OCC2C(CO1)C1(Cl)C(Cl)=C(Cl)C2(Cl)C1(Cl)Cl,0
TOX21NRAR-06552,CCSCc1ccccc1OC(=O)NC,0
TOX21NRAR-06553,Brc1nc2ccccc2s1,0
TOX21NRAR-06554,CCC(C)Br,0
TOX21NRAR-06555,N#CCc1ccccc1,0
TOX21NRAR-06556,O=C(O)c1ccc(CO)o1,0
TOX21NRAR-06557,N#Cc1ccccc1,0
TOX21NRAR-06558,N#CCBr,0
TOX21NRAR-06559,O=C(O)CBr,0
TOX21NRAR-06560,CN1CC(O)C2=C/C(=N/NC(N)=O)C(=O)C=C21,0
TOX21NRAR-06561,Cc1ccc(C2(O)CCN(CCCC(=O)c3ccc(F)cc3)CC2)cc1,0
TOX21NRAR-06562,O=S(=O)(O)F,0
TOX21NRAR-06563,C[C@]1(O)CC[C@H]2[C@@H]3CCC4=CC(=O)CC[C@]4(C)[C@@]3(F)[C@@H](O)C[C@@]21C,1
TOX21NRAR-06564,N=C(N)c1ccc(OCCCOc2ccc(C(=N)N)cc2Br)c(Br)c1,0
TOX21NRAR-06565,CN1[C@H]2CCC[C@@H]1C[C@H](NC(=O)c1nn(C)c3ccccc13)C2,0
TOX21NRAR-06566,O=C(Cl)/C=C/C(=O)Cl,0
TOX21NRAR-06567,Cc1nc2n(c(=O)c1CCN1CCC(c3noc4cc(F)ccc34)CC1)CCC[C@H]2O,0
TOX21NRAR-06568,COc1cc(C(C)=O)ccc1OCCCN1CCC(c2noc3cc(F)ccc23)CC1,0
TOX21NRAR-06569,CN(C(=O)CO)c1c(I)c(C(=O)NCC(O)CO)c(I)c(C(=O)NCC(O)CO)c1I,0
TOX21NRAR-06570,O=C1OC2(c3ccccc31)c1cc(I)c(O)c(I)c1Oc1c2cc(I)c(O)c1I,0
TOX21NRAR-06571,Nc1c(CC(=O)[O-])cccc1C(=O)c1ccc(Br)cc1.Nc1c(CC(=O)[O-])cccc1C(=O)c1ccc(Br)cc1,0
TOX21NRAR-06572,COCCCOc1ccnc(CS(=O)c2nc3ccccc3[n-]2)c1C,1
TOX21NRAR-06573,COCC(=O)O[C@]1(CCN(C)CCCc2nc3ccccc3[nH]2)CCc2cc(F)ccc2[C@@H]1C(C)C,0
TOX21NRAR-06574,CCc1ccc(CCOc2ccc(CC3SC(=O)NC3=O)cc2)nc1,0
TOX21NRAR-06575,CCCCCCCCOC(C)=O,0
TOX21NRAR-06576,OCCOCCN1CCN(C2=Nc3ccccc3Sc3ccccc32)CC1.OCCOCCN1CCN(C2=Nc3ccccc3Sc3ccccc32)CC1,0
TOX21NRAR-06577,O=C(O)CCSCCC(=O)O,0
TOX21NRAR-06578,Cc1nc[nH]c1CN1CCc2c(c3ccccc3n2C)C1=O,0
TOX21NRAR-06579,O=C(O)CCCC[C@@H]1SC[C@@H]2NC(=O)N[C@H]12,0
TOX21NRAR-06580,C[C@](O)(CS(=O)(=O)c1ccc(F)cc1)C(=O)Nc1ccc(C#N)c(C(F)(F)F)c1,0
TOX21NRAR-06581,CC(C[N+](C)(C)C)OC(N)=O,0
TOX21NRAR-06582,CC(C)NCC(O)COc1ccc(CCOCC2CC2)cc1,0
TOX21NRAR-06583,CCCCC(=O)O[C@]1(C(=O)CO)[C@@H](C)C[C@H]2[C@@H]3CCC4=CC(=O)C=C[C@]4(C)[C@@]3(F)[C@@H](O)C[C@@]21C,1
TOX21NRAR-06584,CCCC(=O)O[C@]1(C(=O)COC(=O)CC)[C@@H](C)C[C@H]2[C@@H]3CCC4=CC(=O)C=C[C@]4(C)[C@@]3(F)[C@@H](O)C[C@@]21C,1
TOX21NRAR-06585,O=C(CBr)OCc1ccccc1,0
TOX21NRAR-06586,CCCCCc1ccc(Cl)cc1,0
TOX21NRAR-06587,COC(=O)c1ccccc1C,0
TOX21NRAR-06588,CC(C)(C)C(=O)c1ccccc1,0
TOX21NRAR-06589,O=C(Oc1ccccc1)c1ccccc1,0
TOX21NRAR-06590,CCOC(=O)c1ccc(C)cc1,0
TOX21NRAR-06591,Cc1cc(C)cc(N)c1,0
TOX21NRAR-06592,CC(C)c1c(C(=O)Nc2ccccc2)c(-c2ccccc2)c(-c2ccc(F)cc2)n1CC[C@@H](O)C[C@@H](O)CC(=O)O,0
TOX21NRAR-06593,Cc1cc(C2(c3cc(C)c(O)cc3C)OS(=O)(=O)c3ccccc32)c(C)cc1O,0
TOX21NRAR-06594,Cc1ccc(S(=O)(=O)[O-])cc1C,0
TOX21NRAR-06595,Cc1cccc(C)c1N,0
TOX21NRAR-06596,Cc1ccc(C)c(N)c1,0
TOX21NRAR-06597,Cc1cccc(N)c1C,0
TOX21NRAR-06598,CC=Cc1ccc(O)c(OC)c1,0
TOX21NRAR-06599,FC(F)(F)C(Cl)Br,0
TOX21NRAR-06600,O=C(O)c1ccc(S(=O)(=O)N(Cl)Cl)cc1,0
TOX21NRAR-06601,CCCCOC(=O)c1ccc(N)cc1,0
TOX21NRAR-06602,Cc1ccc2c(C)cccc2c1,0
TOX21NRAR-06603,CCN(CC)C(=O)[C@@H]1C=C2c3cccc4[nH]cc(c34)C[C@H]2N(C)C1,0
TOX21NRAR-06604,OC[C@@H](O)[C@@H](O)[C@H](O)[C@H](O)CO,0
TOX21NRAR-06605,CN1CCN(CCCN2c3ccccc3Sc3ccc(S(=O)(=O)N(C)C)cc32)CC1,0
TOX21NRAR-06606,CCNCC.O=S(=O)(O)c1cc(O)ccc1O,0
TOX21NRAR-06607,Cc1nn(-c2cc(NS(C)(=O)=O)c(Cl)cc2Cl)c(=O)n1C(F)F,0
TOX21NRAR-06608,OC(c1ccc(Cl)cc1)(c1cncnc1)c1ccccc1Cl,0
TOX21NRAR-06609,CCOC(=O)C(C)Oc1ccc(Oc2nc3ccc(Cl)cc3o2)cc1,0
TOX21NRAR-06610,CCOC(=O)NCCOc1ccc(Oc2ccccc2)cc1,0
TOX21NRAR-06611,COc1c(O)cc2c(c1O)[C@@H]1O[C@H](CO)[C@@H](O)[C@H](O)[C@H]1OC2=O,0
TOX21NRAR-06612,Cc1onc(-c2ccccc2Cl)c1C(=O)N[C@@H]1C(=O)N2[C@@H](C(=O)[O-])C(C)(C)S[C@H]12,0
TOX21NRAR-06613,CC(=O)O[C@H]1C[C@@]2(C)[C@@H](C[C@@H](O)[C@H]3[C@@]4(C)CC[C@@H](O)[C@@H](C)[C@@H]4CC[C@@]32C)/C1=C(\CCC=C(C)C)C(=O)[O-],0
TOX21NRAR-06614,N#Cc1c[nH]cc1-c1cccc2c1OC(F)(F)O2,0
TOX21NRAR-06615,CCN(CC)C(=O)N1CCN(C)CC1.O=C(O)CC(O)(CC(=O)O)C(=O)O,1
TOX21NRAR-06616,CCN(CC)CCc1nc(-c2ccccc2)no1.O=C(O)CC(O)(CC(=O)O)C(=O)O,0
TOX21NRAR-06617,CN1[C@H]2CC[C@@H]1C[C@H](OC1c3ccccc3CCc3ccccc31)C2.O=C(O)CC(O)(CC(=O)O)C(=O)O,0
TOX21NRAR-06618,COc1ccc(C=O)cc1,0
TOX21NRAR-06619,COP(=S)(OC)Oc1c(Cl)cc(C)cc1Cl,0
TOX21NRAR-06620,O=C(NC(=O)c1c(F)cccc1F)Nc1ccc(OC(F)(F)C(F)OC(F)(F)F)c(Cl)c1,0
TOX21NRAR-06621,CCCOC(=O)c1ccc(C(=O)OCCC)nc1,0
TOX21NRAR-06622,CC(O)CCO,0
TOX21NRAR-06623,O=C(O)CCS,0
TOX21NRAR-06624,CCCC[n+]1ccc(C)cc1.O=S(=O)([O-])C(F)(F)F,0
TOX21NRAR-06625,CCC[N+]1(C)CCCCC1.F[B-](F)(F)F,0
TOX21NRAR-06626,CC(=O)C1CCCCC1=O,0
TOX21NRAR-06627,CCCC[n+]1cccc(C)c1.O=S(=O)([O-])C(F)(F)F,0
TOX21NRAR-06628,CCCCN1C=CN(C)C1,0
TOX21NRAR-06629,CC1(C(=O)Nc2ccc(O)c(Cl)c2Cl)CCCCC1,0
TOX21NRAR-06630,CCC[N+]1(C)CCCCC1,0
TOX21NRAR-06631,CCCC[N+]1(C)CCCCC1.F[B-](F)(F)F,0
TOX21NRAR-06632,N=C(N)N[N+](=O)[O-],0
TOX21NRAR-06633,CC(C)(C)OOC(C)(C)C,0
TOX21NRAR-06634,CCC(C)Nc1ccc(NC(C)CC)cc1,0
TOX21NRAR-06635,CCCCNCCCC,0
TOX21NRAR-06636,CCCCN(CCO)CCCC,0
TOX21NRAR-06637,O=C(O)c1ccc2[nH]cc(CCCCN3CC=C(c4ccccc4)CC3)c2c1,0
TOX21NRAR-06638,CN1C2CCC1CC(OC(c1ccccc1)c1ccc(Cl)cc1)C2,0
TOX21NRAR-06639,Oc1ccc(C2CNCCc3c2cc(O)c(O)c3Cl)cc1,0
TOX21NRAR-06640,Oc1ccc2[nH]cc(CCCCN3CC=C(c4ccccc4)CC3)c2c1,0
TOX21NRAR-06641,C[C@@H](/C=C/[C@@H](C)[C@H]1CC[C@H]2/C(=C/C=C3C[C@@H](O)C[C@H](O)C3)CCC[C@@]21C)C(C)(C)O,0
TOX21NRAR-06642,CCOC(=O)NNc1nncc2ccccc12,0
TOX21NRAR-06643,CC(C)(C)NCCNC(C)(C)C,0
TOX21NRAR-06644,CCCCC(F)(F)[C@@]1(O)CC[C@H]2[C@@H](CC(=O)[C@@H]2CCCCCCC(=O)O)O1,0
TOX21NRAR-06645,CC(C)=CCC/C(C)=C/CC/C(C)=C/CCC(=O)OC/C=C(\C)CCC=C(C)C,0
TOX21NRAR-06646,CCN(CC)Cc1nccn1-c1ccc([N+](=O)[O-])cc1C(=O)c1ccccc1Cl,0
TOX21NRAR-06647,OC1CCCCCCCCCCC1,0
TOX21NRAR-06648,CCCCS(=O)(=O)N[C@@H](Cc1ccc(OCCCCC2CCNCC2)cc1)C(=O)O,0
TOX21NRAR-06649,COC(=O)c1ccc(C(=O)O)cc1,0
TOX21NRAR-06650,CN(C)CCOCCO,0
TOX21NRAR-06651,CC(C)[N+](C)(C)CC(O)COc1cccc2ccccc12,0
TOX21NRAR-06652,Cc1ccc(S(=O)(=O)NC(=O)N[C@@H](C)Cc2ccccc2)cc1,0
TOX21NRAR-06653,Nc1ccc(S(=O)(=O)NCc2ccccc2)cc1,0
TOX21NRAR-06654,CC=CC=NNC(=O)c1ccncc1,0
TOX21NRAR-06655,O=C1C(=O)c2ncccc2-c2cccnc21,0
TOX21NRAR-06656,CC12CCC(C[N+](C)(CCC[N+](C)(C)C)C1)C2(C)C.COS(=O)(=O)[O-].COS(=O)(=O)[O-],0
TOX21NRAR-06657,Nc1ccc(C(=O)Nc2ccccc2N)cc1,1
TOX21NRAR-06658,C[N+](C)(C)CCOC(=O)C(O)(c1ccccc1)c1ccccc1,0
TOX21NRAR-06659,O=C(O)C=CC(=O)Nc1ccc(S(=O)(=O)Nc2nccs2)cc1,0
TOX21NRAR-06660,FC(F)(F)C(F)(F)C(F)(F)C(F)(F)CCI,0
TOX21NRAR-06661,CC/C=C\CCOC(=O)CC,0
TOX21NRAR-06662,CO[PH](=O)OC,0
TOX21NRAR-06663,C=CC(C)(CCC=C(C)C)OC(=O)CC,0
TOX21NRAR-06664,CN1C(=O)CC[C@H]1c1cccnc1,0
TOX21NRAR-06665,C[C@H]1C[C@@H](O)CC(C)(C)C1,0
TOX21NRAR-06666,ClP(Cl)c1ccccc1,0
TOX21NRAR-06667,C1COCO1,0
TOX21NRAR-06668,Cc1c(O)cccc1O,0
TOX21NRAR-06669,CCOC(=O)CC([O-])C(=O)OCC,0
TOX21NRAR-06670,c1ccc(CCc2ccccc2)cc1,0
TOX21NRAR-06671,COC(=O)c1ccccc1,0
TOX21NRAR-06672,C=CC(=O)OCC(C)OCC(C)OCC(C)OC(=O)C=C,0
TOX21NRAR-06673,Cc1ccc(CO)cc1,0
TOX21NRAR-06674,C/C=C(/C)C#N,0
TOX21NRAR-06675,C=CC(=O)OCC[N+](C)(C)C,0
TOX21NRAR-06676,O=C(C=Cc1ccccc1)OCc1ccccc1,0
TOX21NRAR-06677,N#Cc1ccccc1O,0
TOX21NRAR-06678,CCCCCCCCCCCCCCCC[N+](C)(C)Cc1ccccc1,0
TOX21NRAR-06679,CC(N)C12CC3CC(CC(C3)C1)C2,0
TOX21NRAR-06680,CC(C)(N)Cc1ccc(Cl)cc1,0
TOX21NRAR-06681,CCCCC(CC)COC(=O)COc1ccc(Cl)cc1C,0
TOX21NRAR-06682,CN(C)CC[C@@H](c1ccc(Br)cc1)c1ccccn1,0
TOX21NRAR-06683,O[C@@H](c1cc(C(F)(F)F)nc2c(C(F)(F)F)cccc12)[C@H]1CCCCN1,0
TOX21NRAR-06684,O=C(O)CCC(=O)O.c1ccc(C2(c3ccccc3)CC2C2=NCCN2)cc1,0
TOX21NRAR-06685,CC1NCCOC1c1ccccc1,0
TOX21NRAR-06686,CCCCCC(CO)CCC,0
TOX21NRAR-06687,Cc1cccc2[nH]nnc12,0
TOX21NRAR-06688,CCCCCCCCCCCC(=O)OC[C@@H](O)[C@H]1OC[C@H](OCCO)[C@H]1OCCO,0
TOX21NRAR-06689,CS(=O)(=O)OCC(O)C(O)COS(C)(=O)=O,0
TOX21NRAR-06690,C=CCN(CC=C)CC=C,0
TOX21NRAR-06691,C=CCn1c(=O)n(CC=C)c(=O)n(CC=C)c1=O,0
TOX21NRAR-06692,O=C(NCO)NCO,0
TOX21NRAR-06693,Cc1cccc(O)c1C,0
TOX21NRAR-06694,Cc1ccc(C)c(O)c1,0
TOX21NRAR-06695,Cc1cc(C)cc(O)c1,0
TOX21NRAR-06696,COc1cc2c(cc1O)CCN[C@]21CS[C@@H]2c3c(OC(C)=O)c(C)c4c(c3[C@H](COC1=O)N1[C@@H](O)[C@@H]3Cc5cc(C)c(OC)c(O)c5[C@H]([C@H]21)N3C)OCO4,0
TOX21NRAR-06697,Nc1cc(=O)nc(N)[nH]1,0
TOX21NRAR-06698,Nc1c[n+](N2CCOCC2)no1,0
TOX21NRAR-06699,CC(C)(Cl)Cl,0
TOX21NRAR-06700,O=C(O)Cc1ccc(OCCNC[C@H](O)c2ccccc2)cc1,0
TOX21NRAR-06701,CN1CCCN(C(c2ccccc2)c2ccc(Cl)cc2)CC1,0
TOX21NRAR-06702,Cn1cc(NC(=O)c2cc(NC(=O)c3cc(NC=O)cn3C)cn2C)cc1C(=O)NCCC(=N)N,0
TOX21NRAR-06703,CC(=O)O[C@H]1CC[C@@]2(C)C(=CC[C@H]3[C@@H]4CC=C(c5cccnc5)[C@@]4(C)CC[C@@H]32)C1,0
TOX21NRAR-06704,c1ccc(-c2ccc(C(c3ccccc3)n3ccnc3)cc2)cc1,0
TOX21NRAR-06705,CCCCC(=O)O[C@]1(C(=O)CO)CC[C@H]2[C@@H]3CCC4=CC(=O)CC[C@]4(C)[C@H]3[C@@H](O)C[C@@]21C,1
TOX21NRAR-06706,CC[N+](C)(CC)CCOC(=O)C(O)(c1ccccc1)C1CCCCC1,0
TOX21NRAR-06707,O=C(O)c1ccc(OCCn2ccnc2)cc1,0
TOX21NRAR-06708,CCCCCCCCNC(C)C(O)c1ccc(SC(C)C)cc1,0
TOX21NRAR-06709,COc1cc(OC)nc(NC(=O)[N-]S(=O)(=O)c2ncccc2OCC(F)(F)F)n1,0
TOX21NRAR-06710,CN/C(=N/[N+](=O)[O-])NCC1CCOC1,0
TOX21NRAR-06711,CC1(C)OC[C@@H]2O[C@@]3(C(=O)[O-])OC(C)(C)O[C@H]3[C@@H]2O1,0
TOX21NRAR-06712,O=Cc1ccccc1Cl,0
TOX21NRAR-06713,Nc1cccc(Cl)c1,0
TOX21NRAR-06714,CCOc1ccc(N)c([N+](=O)[O-])c1,0
TOX21NRAR-06715,Cc1ccc(-c2nc3ccc(C)cn3c2CC(=O)N(C)C)cc1,1
TOX21NRAR-06716,CN1CCCC(n2nc(Cc3ccc(Cl)cc3)c3ccccc3c2=O)CC1,0
TOX21NRAR-06717,O=C1C=C2C=C[C@@H]3C[C@@]2(O1)[C@H]1CCCCN31,0
TOX21NRAR-06718,Clc1ccc(CO/N=C(\Cn2ccnc2)c2ccc(Cl)cc2Cl)c(Cl)c1,0
TOX21NRAR-06719,CCCCCCCCCCCCCCCCOP(=O)([O-])OCC[N+](C)(C)C,0
TOX21NRAR-06720,CC(=O)Nc1ccccc1O,0
TOX21NRAR-06721,CCCc1cc(C(N)=S)ccn1,0
TOX21NRAR-06722,CC(=O)Nc1cccc(O)c1,0
TOX21NRAR-06723,CO/N=C1\CN(c2nc3c(cc2F)c(=O)c(C(=O)O)cn3C2CC2)CC1CN,0
TOX21NRAR-06724,C=CCCC#N,0
TOX21NRAR-06725,C=CC/C=C/C,0
TOX21NRAR-06726,CCCCOC(=O)CC,0
TOX21NRAR-06727,CC1=CCC(=C(C)C)CC1,0
TOX21NRAR-06728,CCCCOC(=O)COC(=O)c1ccccc1C(=O)OCCCC,0
TOX21NRAR-06729,Fc1ccc([C@@H]2CCNC[C@H]2COc2ccc3c(c2)OCO3)cc1,0
TOX21NRAR-06730,CCSC(=O)N(CC(C)C)CC(C)C,0
TOX21NRAR-06731,NC1=NC(=O)C(c2ccccc2)O1,0
TOX21NRAR-06732,CCC(=O)c1ccc(O)cc1,0
TOX21NRAR-06733,CCCCCCCC(=O)Oc1c(Br)cc(C#N)cc1Br,0
TOX21NRAR-06734,CC(=O)OCC(=O)[C@@]1(O)[C@H](C)C[C@H]2[C@@H]3C[C@H](F)C4=CC(=O)C=C[C@]4(C)[C@H]3[C@@H](O)C[C@@]21C,1
TOX21NRAR-06735,CCCCCCCCCCC,0
TOX21NRAR-06736,CCCCCCCCCCC=O,0
TOX21NRAR-06737,CC1=CC(=O)CC(C)(C)C1=O,0
TOX21NRAR-06738,CCCCCCCCCCCCC(=O)O,0
TOX21NRAR-06739,O=C(O)CCCCCCCCCCCC(=O)O,0
TOX21NRAR-06740,O=C(CCl)C(Cl)Cl,0
TOX21NRAR-06741,CCC(C)c1ccc(O)cc1,0
TOX21NRAR-06742,CCCCCCCC(=O)N(C)C,0
TOX21NRAR-06743,CCC(C)c1ccccc1O,0
TOX21NRAR-06744,CN(C)CCCCCCN(C)C,0
TOX21NRAR-06745,O=C(O)c1nn(Cc2ccc(Cl)cc2Cl)c2ccccc12,0
TOX21NRAR-06746,CC[C@H](C)C(=O)O[C@H]1C[C@@H](C)C=C2C=C[C@H](C)[C@H](CC[C@@H]3C[C@@H](O)CC(=O)O3)[C@H]21,0
TOX21NRAR-06747,O=C(Nc1cccc([N+](=O)[O-])c1)c1cc2ccccc2cc1O,0
TOX21NRAR-06748,CN(C)c1ccc(O)c2c1C[C@H]1C[C@H]3[C@H](N(C)C)C(O)=C(C(N)=O)C(=O)[C@@]3(O)C(O)=C1C2=O,0
TOX21NRAR-06749,CCCCCCCC1CCCC1=O,0
TOX21NRAR-06750,CC1=CC(C)C(C=O)C(C)C1,0
TOX21NRAR-06751,O=S(=O)([O-])c1ccc2cc(O)c(S(=O)(=O)[O-])cc2c1,0
TOX21NRAR-06752,NC[C@H]1O[C@H](O[C@@H]2[C@@H](N)C[C@@H](N)[C@H](O[C@H]3O[C@H](CO)[C@@H](O)[C@H](N)[C@H]3O)[C@H]2O)[C@H](N)C[C@@H]1O,0
TOX21NRAR-06753,Cc1ccc(C(=O)c2cc(O)c(O)c([N+](=O)[O-])c2)cc1,0
TOX21NRAR-06754,N#C[Au-]C#N,0
TOX21NRAR-06755,Cc1ccc(O)c([C@H](CCN(C(C)C)C(C)C)c2ccccc2)c1,0
TOX21NRAR-06756,CC(C)N1CCN(c2ccc(OC[C@H]3CO[C@](Cn4cncn4)(c4ccc(Cl)cc4Cl)O3)cc2)CC1,0
TOX21NRAR-06757,CCCCCCCCCCCCn1cc[n+](C)c1.O=S(=O)([N-]S(=O)(=O)C(F)(F)F)C(F)(F)F,0
TOX21NRAR-06758,CCCCCCCCCCn1cc[n+](C)c1.O=S(=O)([O-])C(F)(F)F,0
TOX21NRAR-06759,Clc1ccc(CSC(Cn2ccnc2)c2ccc(Cl)cc2Cl)cc1,0
TOX21NRAR-06760,COc1cc2nc(N3CCN(C(=O)C4CCCO4)CC3)nc(N)c2cc1OC,0
TOX21NRAR-06761,OCCOc1ccccc1,0
TOX21NRAR-06762,CNCC(O)c1ccc(OC(=O)C(C)(C)C)c(OC(=O)C(C)(C)C)c1,0
TOX21NRAR-06763,O=C(OCC(O)CO)c1ccccc1Nc1ccnc2cc(Cl)ccc12,0
TOX21NRAR-06764,CN(C/C=C/c1ccccc1)Cc1cccc2ccccc12,0
TOX21NRAR-06765,O=NN1CCN(N=O)CC1,0
TOX21NRAR-06766,C=C(C)[C@H]1CC=C(C)C(=O)C1,0
TOX21NRAR-06767,Oc1ccccc1O,0
TOX21NRAR-06768,ClC(Cl)(Cl)Cl,0
TOX21NRAR-06769,O=[N+]([O-])c1ccc(O)c([N+](=O)[O-])c1,0
TOX21NRAR-06770,CCC(Br)(CC)C(=O)NC(N)=O,0
TOX21NRAR-06771,CC1=C(/C=C/C(C)=C/C=C/C(C)=C/C=C\C=C(C)\C=C\C=C(C)\C=C\C2=C(C)CCCC2(C)C)C(C)(C)CCC1,0
TOX21NRAR-06772,Cc1c([N+](=O)[O-])cccc1[N+](=O)[O-],0
TOX21NRAR-06773,Cc1ccc([N+](=O)[O-])cc1[N+](=O)[O-],0
TOX21NRAR-06774,CC1=C(C(=O)O)N2C(=O)[C@@H](NC(=O)[C@H](N)C3=CCC=CC3)[C@H]2SC1,0
TOX21NRAR-06775,CCCCC(CC)COC(=O)COc1cc(Cl)c(Cl)cc1Cl,0
TOX21NRAR-06776,CCCCOCCOC(=O)COc1cc(Cl)c(Cl)cc1Cl,0
TOX21NRAR-06777,O=C(O)c1cccnc1C(=O)O,0
TOX21NRAR-06778,CC(O)C(C)O,0
TOX21NRAR-06779,CCCC[N+]1(C)CCCC1.F[B-](F)(F)F,0
TOX21NRAR-06780,CCC(=O)c1cccc(Cl)c1,0
TOX21NRAR-06781,CCOS(=O)(=O)[O-].CCn1cc[n+](C)c1,0
TOX21NRAR-06782,CCCC[n+]1ccc(C)cc1.F[B-](F)(F)F,0
TOX21NRAR-06783,CCCCCCCCCCCCCCCCCBr,0
TOX21NRAR-06784,O=[N+]([O-])c1ccc(F)c(Cl)c1,0
TOX21NRAR-06785,CC[n+]1ccccc1.F[B-](F)(F)F,0
TOX21NRAR-06786,CCCCn1cc[n+](C)c1.Cl[Fe-](Cl)(Cl)Cl,0
TOX21NRAR-06787,O=C(Nc1ccc(F)cc1F)c1cccnc1Oc1cccc(C(F)(F)F)c1,0
TOX21NRAR-06788,OCC=Cc1ccccc1,0
TOX21NRAR-06789,C/C=C(\C)C(C)=O,0
TOX21NRAR-06790,CCCC(CC)c1ccccc1,0
TOX21NRAR-06791,CCCCC(CC)C(=O)OCCOCCOCCOC(=O)C(CC)CCCC,0
TOX21NRAR-06792,Cc1cc(C(C)(C)c2cc(C)c(O)c(C)c2)cc(C)c1O,0
TOX21NRAR-06793,CCCSC(=O)Cl,0
TOX21NRAR-06794,O=C(O)C(Cc1cc(I)c(O)c(I)c1)c1ccccc1,0
TOX21NRAR-06795,CC(=O)/C=C/c1ccccc1,0
TOX21NRAR-06796,FC(F)(F)C(F)(F)C(F)(F)C(F)(F)C(F)(F)C(F)(F)C(F)(F)C(F)(F)Br,0
TOX21NRAR-06797,NCc1ccccc1Sc1ccccc1CO,0
TOX21NRAR-06798,CCCc1ccc(C(=O)O)cc1,0
TOX21NRAR-06799,O=C(O)c1ccccc1-c1ccc(C(F)(F)F)cc1,0
TOX21NRAR-06800,C=CCCCCCCCCC(=O)OC,0
TOX21NRAR-06801,CC(=O)Oc1ccc(C)cc1,0
TOX21NRAR-06802,O=C([O-])c1nc(O)nc(O)n1,0
TOX21NRAR-06803,[O-][n+]1cccc(CO)c1,0
TOX21NRAR-06804,OC[C@H]1O[C@@H](O)[C@H](O)[C@@H](O)[C@@H]1O[C@@H]1O[C@H](CO)[C@H](O)[C@H](O)[C@H]1O,0
TOX21NRAR-06805,CNc1c2c(nn1C)CCCC2,0
TOX21NRAR-06806,CC(O)C(=O)O,1
TOX21NRAR-06807,Nc1nnc(-c2cccc(Cl)c2Cl)c(N)n1,0
TOX21NRAR-06808,O=C(O)c1cc(C(=O)O)cc([N+](=O)[O-])c1,0
TOX21NRAR-06809,CCOCN(C(=O)CCl)c1c(C)cccc1CC,0
TOX21NRAR-06810,COc1cc2c(cc1OC)C(C(C(=O)N(CCc1ccc(OC)c(OC)c1OC)CCc1ccc(OC)c(OC)c1OC)c1ccccc1)=NCC2,0
TOX21NRAR-06811,COC(=O)C(CN)c1c[nH]c2ccc(OC)cc12,0
TOX21NRAR-06812,CN1CCC(Nc2ncc3ncnc(Nc4ccc(F)c(Cl)c4)c3n2)CC1,0
TOX21NRAR-06813,Cc1cccc(C)c1NC(=O)c1ccccc1C(=O)O,0
TOX21NRAR-06814,OB(O)O[Hg]c1ccccc1,0
TOX21NRAR-06815,CC(=O)c1sc(C)nc1C,0
TOX21NRAR-06816,CCC(=O)C(=O)CC,0
TOX21NRAR-06817,CC1(C)S[C@@H]2[C@H](NC(=O)[C@H](N)c3ccccc3)C(=O)N2[C@H]1C(=O)OCOC(=O)[C@@H]1N2C(=O)C[C@H]2S(=O)(=O)C1(C)C,0
TOX21NRAR-06818,CN[C@@H]1[C@H](O[C@H]2[C@H](O[C@@H]3[C@@H](NC(=N)N)[C@H](O)[C@@H](NC(=N)N)[C@H](O)[C@H]3O)O[C@@H](C)[C@]2(O)CO)O[C@@H](CO)[C@H](O)[C@H]1O.CN[C@@H]1[C@H](O[C@H]2[C@H](O[C@@H]3[C@@H](NC(=N)N)[C@H](O)[C@@H](NC(=N)N)[C@H](O)[C@H]3O)O[C@@H](C)[C@]2(O)CO)O[C@@H](CO)[C@H](O)[C@H]1O,0
TOX21NRAR-06819,CN[C@@H](C)[C@H](O)c1ccccc1,0
TOX21NRAR-06820,CN1C(=O)C(O)N=C(c2ccccc2)c2cc(Cl)ccc21,0
TOX21NRAR-06821,CCC(C)(CC)c1cc(NC(=O)c2c(OC)cccc2OC)on1,0
TOX21NRAR-06822,CC(C)NC(=O)N1CC(=O)N(c2cc(Cl)cc(Cl)c2)C1=O,0
TOX21NRAR-06823,CC/C(=C(\c1ccccc1)c1ccc(OCCN(C)C)cc1)c1ccccc1.O=C(O)CC(O)(CC(=O)O)C(=O)O,0
TOX21NRAR-06824,ClC=CCCl,0
TOX21NRAR-06825,NCCS(=O)(=O)O,0
TOX21NRAR-06826,O=c1[nH]c(=O)n(C2CCCO2)cc1F,0
TOX21NRAR-06827,CC(C)(C)c1cc(CCC(=O)OCC(COC(=O)CCc2cc(C(C)(C)C)c(O)c(C(C)(C)C)c2)(COC(=O)CCc2cc(C(C)(C)C)c(O)c(C(C)(C)C)c2)COC(=O)CCc2cc(C(C)(C)C)c(O)c(C(C)(C)C)c2)cc(C(C)(C)C)c1O,0
TOX21NRAR-06828,CC(C)C(=O)OCC(C)(C)C(OC(=O)C(C)C)C(C)C,0
TOX21NRAR-06829,CCCCCCCN,0
TOX21NRAR-06830,Cc1cccc2sc(N)nc12,0
TOX21NRAR-06831,COc1ccc2nc(N)sc2c1,0
TOX21NRAR-06832,CCOc1ccc2nc(N)sc2c1,0
TOX21NRAR-06833,ClC1C(Cl)C(Cl)C(Cl)C(Cl)C1Cl,0
TOX21NRAR-06834,Cc1ccc(O)c(N)c1,0
TOX21NRAR-06835,Cc1ccc(N)cc1O,0
TOX21NRAR-06836,Cl[C@H]1[C@H](Cl)[C@@H](Cl)[C@H](Cl)[C@@H](Cl)[C@@H]1Cl,0
TOX21NRAR-06837,Cl[C@H]1[C@H](Cl)[C@@H](Cl)[C@H](Cl)[C@H](Cl)[C@H]1Cl,0
TOX21NRAR-06838,CCOP(O)OCC,0
TOX21NRAR-06839,C[Si](C)(C)O[Si](O)(O)O,0
TOX21NRAR-06840,OCCc1ccncc1,0
TOX21NRAR-06841,C=C(C)C(=O)OCCOP(=O)(O)O,0
TOX21NRAR-06842,O=C(c1cc(O)c(O)c(O)c1)c1ccc(O)c(O)c1O,0
TOX21NRAR-06843,O=C1[C@H](CC[C@H](O)c2ccc(F)cc2)[C@@H](c2ccc(O)cc2)N1c1ccc(F)cc1,0
TOX21NRAR-06844,O=[N+]([O-])c1c(Cl)c(Cl)cc(Cl)c1Cl,0
TOX21NRAR-06845,FC(Cl)(Cl)C(F)(Cl)Cl,0
TOX21NRAR-06846,O=[N+]([O-])c1cc(Cl)c(Cl)c(Cl)c1Cl,0
TOX21NRAR-06847,NS(=O)(=O)c1cc2c(cc1Cl)N=C(CSCc1ccccc1)NS2(=O)=O,0
TOX21NRAR-06848,COc1c(C(C)(C)C)cc([N+](=O)[O-])c(C)c1[N+](=O)[O-],0
TOX21NRAR-06849,C1COCCN1,0
TOX21NRAR-06850,CCCCC(CC)COC(=O)c1ccccc1C(=O)O,0
TOX21NRAR-06851,CCCCNc1ccc(C(=O)OCCOCCOCCOCCOCCOCCOCCOCCOCCOC)cc1,0
TOX21NRAR-06852,COc1ccc(NC(C)=O)cc1,0
TOX21NRAR-06853,BrCc1ccc(Br)cc1,0
TOX21NRAR-06854,O=C(O)c1ccc2ccccc2c1O.OCc1cc(C(O)CNCCCCCCOCCCCc2ccccc2)ccc1O,0
TOX21NRAR-06855,CCCC(C(=O)OCCN(CC)CC)(c1ccccc1)c1ccccc1,0
TOX21NRAR-06856,CN1CCN(C2Cc3ccccc3Sc3ccc(Cl)cc32)CC1,0
TOX21NRAR-06857,CCCN1CCC[C@@H](c2cccc(O)c2)C1,0
TOX21NRAR-06858,CCC(CC)C(C)CCOC(C)=O,0
TOX21NRAR-06859,CC(C)NCC(O)COc1ccc(COCCOC(C)C)cc1.CC(C)NCC(O)COc1ccc(COCCOC(C)C)cc1,0
TOX21NRAR-06860,C[C@@H]1C(=O)N=C2Nc3cccc(Cl)c3CN21,0
TOX21NRAR-06861,O=CCCCC=O,0
TOX21NRAR-06862,CC(Cc1ccc(O)c(O)c1)C(C)Cc1ccc(O)c(O)c1,0
TOX21NRAR-06863,N#C[Fe-2](C#N)(C#N)(C#N)(C#N)N=O,0
TOX21NRAR-06864,c1ccc2c(c1)ccc1c3ccccc3ccc21,0
TOX21NRAR-06865,O=C(O)c1ccccc1C(c1ccc(O)cc1)c1ccc(O)cc1,0
TOX21NRAR-06866,Cn1sc(Cl)cc1=O,1
TOX21NRAR-06867,CCCCCCCC1CCC(=O)O1,0
TOX21NRAR-06868,O=C(O)COc1ccc(Cl)cc1,0
TOX21NRAR-06869,CCCCCCCCCCCCn1cc[n+](C)c1.O=S(=O)([O-])C(F)(F)F,0
TOX21NRAR-06870,COc1cccc(C(=O)NN(C(=O)c2cc(C)cc(C)c2)C(C)(C)C)c1C,0
TOX21NRAR-06871,C#CCOC(=O)/C=C(C)/C=C/CC(C)CCCC(C)C,0
TOX21NRAR-06872,COC(C)(C)CCCC(C)C/C=C/C(C)=C/C(=O)OC(C)C,0
TOX21NRAR-06873,Cc1cc(=O)[nH]o1,0
TOX21NRAR-06874,O=C(O)CCCc1c[nH]c2ccccc12,0
TOX21NRAR-06875,O=C(O)[C@H]1[C@@H](O)CC[C@H]2CN3CCc4c([nH]c5ccccc45)[C@@H]3C[C@@H]21,0
TOX21NRAR-06876,COc1ccc2cc([C@H](C)C(=O)[O-])ccc2c1,0
TOX21NRAR-06877,CC(=O)OCC1=C(C(=O)[O-])N2C(=O)[C@@H](NC(=O)CSc3ccncc3)[C@H]2SC1,0
TOX21NRAR-06878,CC1(C)[C@@H](OC(=O)CCC(=O)[O-])CC[C@@]2(C)[C@H]1CC[C@]1(C)[C@@H]2C(=O)C=C2[C@@H]3C[C@@](C)(C(=O)[O-])CC[C@]3(C)CC[C@]21C,0
TOX21NRAR-06879,CC[C@@]1([C@@H]2O[C@@H]([C@H]3O[C@@](O)(CO)[C@H](C)C[C@@H]3C)C[C@@H]2C)CC[C@H]([C@]2(C)CC[C@]3(C[C@H](O)[C@@H](C)[C@@H]([C@@H](C)[C@@H](OC)[C@H](C)C(=O)[O-])O3)O2)O1,0
TOX21NRAR-06880,CCOc1ccc2ccccc2c1C(=O)N[C@@H]1C(=O)N2[C@@H](C(=O)[O-])C(C)(C)S[C@H]12,0
TOX21NRAR-06881,CCC(NC(C)C)C(O)c1ccc(O)c(O)c1,0
TOX21NRAR-06882,O=S(=O)([O-])c1ccc(N=Nc2c(O)ccc3ccccc23)cc1,0
TOX21NRAR-06883,O=C1OC2(c3ccc(O)cc3Oc3cc(O)ccc32)c2ccccc21,0
TOX21NRAR-06884,CCOP(=O)(OCC)Oc1nc(Cl)c(Cl)cc1Cl,0
TOX21NRAR-06885,CCNc1ccc(C(=C2C=CC(=[N+](CC)CC)C=C2)c2ccc(N(CC)CC)cc2)c2ccccc12,0
TOX21NRAR-06886,CCCCCCCCCCC(CO)CCCCCCCC,0
TOX21NRAR-06887,CN(C)C(=S)[S-],0
TOX21NRAR-06888,CC(C)(C)c1cccc(C(C)(C)C)c1O,0
TOX21NRAR-06889,Cc1cccc(C)c1NC(=O)c1cc(S(N)(=O)=O)c(Cl)cc1O,0
TOX21NRAR-06890,OC1OC[C@@H](O)[C@H](O)[C@H]1O,0
TOX21NRAR-06891,COc1cc(C(=O)NS(=O)(=O)c2ccccc2C)ccc1Cc1cn(C)c2ccc(NC(=O)OC3CCCC3)cc12,0
TOX21NRAR-06892,Nc1ccn([C@H]2CC[C@@H](CO)O2)c(=O)n1,0
TOX21NRAR-06893,N[C@@H](Cc1cc(I)c(Oc2ccc(O)c(I)c2)c(I)c1)C(=O)O,0
TOX21NRAR-06894,N[C@@H](Cc1cc(I)c(Oc2cc(I)c(O)c(I)c2)c(I)c1)C(=O)O,0
TOX21NRAR-06895,CN(CCO)CC(O)Cn1cnc2c1c(=O)n(C)c(=O)n2C.O=C(O)c1cccnc1,0
TOX21NRAR-06896,CCN(C(C)=O)c1cccc(-c2ccnc3c(C#N)cnn23)c1,0
TOX21NRAR-06897,CC(=O)N[C@@H]1[C@@H](NC(=N)N)C=C(C(=O)O)O[C@H]1[C@H](O)[C@H](O)CO,0
TOX21NRAR-06898,CC[N+]1(CCOC(=O)C(O)(c2ccccc2)c2ccccc2)CCCCC1,1
TOX21NRAR-06899,c1ccc2c(c1)CCc1ccccc1N2,0
TOX21NRAR-06900,O=C(O)c1cc(Cl)ccc1Cl,0
TOX21NRAR-06901,O=C(O)c1c(Cl)cccc1Cl,0
TOX21NRAR-06902,O=C(O)c1cccc(Cl)c1Cl,1
TOX21NRAR-06903,O=C1C=CC(=O)N1,0
TOX21NRAR-06904,O=Cc1c(Cl)cccc1Cl,0
TOX21NRAR-06905,O=Cc1ccc(Cl)c(Cl)c1,0
TOX21NRAR-06906,CCC(=O)O[C@H]1[C@H](O[C@@H]2[C@@H](C)[C@H](O[C@H]3C[C@@](C)(OC)[C@@H](O)[C@H](C)O3)[C@@H](C)C(=O)O[C@H](CC)[C@@](C)(O)[C@H](O)[C@@H](C)C(=O)[C@H](C)C[C@@]2(C)O)O[C@H](C)C[C@@H]1N(C)C.CCCCCCCCCCCCOS(=O)(=O)O,0
TOX21NRAR-06907,C[C@H]1CC[C@@H]2[C@@H](C)[C@H]3[C@H](C[C@H]4[C@@H]5CC=C6CC(O[C@@H]7O[C@H](CO)[C@H](O)[C@H](O[C@@H]8O[C@H](CO)[C@@H](O)[C@H](O)[C@H]8O)[C@H]7O[C@H]7O[C@@H](C)[C@H](O)[C@@H](O)[C@H]7O)CC[C@]6(C)[C@H]5CC[C@@]43C)N2C1,0
TOX21NRAR-06908,C=CC(=O)NCOCCCC,0
TOX21NRAR-06909,CCCCCCCCOc1ccc(C(=O)c2ccccc2)c(O)c1,1
TOX21NRAR-06910,CCCCCCCCCC#N,0
TOX21NRAR-06911,O=C1c2ccccc2CN2C(=O)c3ccccc3CN12,0
TOX21NRAR-06912,ClCCCCBr,0
TOX21NRAR-06913,CCCCCCCCCCCBr,0
TOX21NRAR-06914,COc1nccnc1NS(=O)(=O)c1ccc(N)cc1,0
TOX21NRAR-06915,CCCOc1ccc2nc(NC(=O)OC)sc2c1,0
TOX21NRAR-06916,CN1CCCC(CN2c3ccccc3Sc3ccccc32)C1,0
TOX21NRAR-06917,O=C(CCN1CCN(CCO)CC1)N1c2ccccc2Sc2ccc(C(F)(F)F)cc21,0
TOX21NRAR-06918,CCCCCCCCCBr,0
TOX21NRAR-06919,O=C(Cl)c1ccc(F)c(Cl)c1,0
TOX21NRAR-06920,O=S(=O)(Cl)c1c(Cl)cccc1Cl,0
TOX21NRAR-06921,CCCCCCOC(=O)CCCCC,0
TOX21NRAR-06922,O=C(O)C(F)(F)C(F)(F)C(F)(F)C(F)(F)C(F)(F)C(F)(F)C(F)(F)C(F)(F)C(F)(F)C(F)(F)F,0
TOX21NRAR-06923,CCCCC1CCCCC(=O)O1,0
TOX21NRAR-06924,CC=C(C)C(=O)OCCC(C)CCC=C(C)C,0
TOX21NRAR-06925,CC/C=C\CCOC(=O)c1ccccc1,0
TOX21NRAR-06926,C=C(C)C(=O)OCCC(F)(F)C(F)(F)C(F)(F)C(F)(F)C(F)(F)C(F)(F)F,0
TOX21NRAR-06927,CCCCCCOC(=O)CCC,0
TOX21NRAR-06928,ClC1=C(Cl)C2(Cl)C(CBr)CC1(Cl)C2(Cl)Cl,0
TOX21NRAR-06929,O=[N+]([O-])c1ccc(O/N=C/c2cc(Br)c(O)c(Br)c2)c([N+](=O)[O-])c1,0
TOX21NRAR-06930,O=S1(=O)OC(c2cc(Br)c(O)c(Br)c2)(c2cc(Br)c(O)c(Br)c2)c2ccccc21,0
TOX21NRAR-06931,CCOP(=S)(OCC)Oc1cc(Cl)c(Br)cc1Cl,0
TOX21NRAR-06932,CN(C)c1ccc(C(=C2C=CC(=[N+](C)C)C=C2)c2ccccc2)cc1.CN(C)c1ccc(C(=C2C=CC(=[N+](C)C)C=C2)c2ccccc2)cc1,0
TOX21NRAR-06933,CCOC(=O)c1cnc2cc(OCC(C)C)c(OCC(C)C)cc2c1O,0
TOX21NRAR-06934,C#CCOS(=O)OC1CCCCC1Oc1ccc(C(C)(C)C)cc1,0
TOX21NRAR-06935,CC(C)(C)NCC(O)c1cc(Cl)c(N)c(C(F)(F)F)c1,0
TOX21NRAR-06936,C[C@]12CC[C@H]3[C@@H](CCC4=C(O)C(=O)CC[C@@]43C)[C@@H]1CCC2=O,1
TOX21NRAR-06937,C[C@@H](NCCCc1cccc(C(F)(F)F)c1)c1cccc2ccccc12,0
TOX21NRAR-06938,CCCCCc1ccc(C)cc1O,0
TOX21NRAR-06939,CCCOC(=O)c1ccccc1O,0
TOX21NRAR-06940,CO/N=C(\C(=O)N[C@@H]1C(=O)N2C(C(=O)[O-])=C(C[n+]3ccc(N)n3CCO)CS[C@H]12)c1csc(N)n1,0
TOX21NRAR-06941,CCCCCCCCCCCCSC#N,0
TOX21NRAR-06942,CC1(C)[C@@H](C(=O)OCc2coc(Cc3ccccc3)c2)[C@H]1/C=C1\CCSC1=O,0
TOX21NRAR-06943,CCOP(=S)(OCC)Oc1cc(-c2ccccc2)on1,0
TOX21NRAR-06944,CCCCCCCCCCCCN1CCCCCC1=O,0
TOX21NRAR-06945,CN(C)C(=O)Nc1cccc(OC(=O)NC(C)(C)C)c1,0
TOX21NRAR-06946,Cl[Sn](Cl)(Cl)Cl,0
TOX21NRAR-06947,NCc1ccc(S(N)(=O)=O)cc1,0
TOX21NRAR-06948,CC1CC(CC2CCC(N)C(C)C2)CCC1N,0
TOX21NRAR-06949,CC(O)(P(=O)([O-])O)P(=O)([O-])O,0
TOX21NRAR-06950,O=[Si]=O,0
TOX21NRAR-06951,CO[Si](C)(OC)c1ccccc1,0
TOX21NRAR-06952,Cc1ccc(S(=O)(=O)[N-]Cl)cc1,0
TOX21NRAR-06953,[O-]c1ccccc1-c1ccccc1,0
TOX21NRAR-06954,O=[N+]([O-])c1cccc2cccc([N+](=O)[O-])c12,0
TOX21NRAR-06955,O=[N+]([O-])c1cc([N+](=O)[O-])c2ccc(S(=O)(=O)O)cc2c1O,0
TOX21NRAR-06956,O=[N+]([O-])c1cc([N+](=O)[O-])c2ccccc2c1,0
TOX21NRAR-06957,O=[N+]([O-])c1cccc2c([N+](=O)[O-])cccc12,0
TOX21NRAR-06958,Nc1ccc(Cc2ccc(N)c(Cl)c2)cc1Cl,0
TOX21NRAR-06959,CCCCOC(=O)[C@H](C)O,0
TOX21NRAR-06960,CCCOC(=O)CC,0
TOX21NRAR-06961,CC(COC(C)(C)C)OCCCO,0
TOX21NRAR-06962,CC1=C(CC(=O)O)c2cc(F)ccc2/C1=C\c1ccc(S(C)(=O)=O)cc1,0
TOX21NRAR-06963,OC[C@H]1O[C@H](O[C@]2(CCl)O[C@H](CCl)[C@@H](O)[C@@H]2O)[C@H](O)[C@@H](O)[C@H]1Cl,0
TOX21NRAR-06964,CC[C@H](C)[C@H]1O[C@]2(C=C[C@@H]1C)C[C@@H]1C[C@@H](CC=C(C)[C@@H](O[C@H]3C[C@H](OC)[C@@H](O[C@H]4C[C@H](OC)[C@@H]([NH2+]C)[C@H](C)O4)[C@H](C)O3)[C@@H](C)C=CC=C3CO[C@@H]4[C@H](O)C(C)=C[C@@H](C(=O)O1)[C@]34O)O2.O=C([O-])c1ccccc1,0
TOX21NRAR-06965,CN[C@H]1CC[C@@H](c2ccc(Cl)c(Cl)c2)c2ccccc21,0
TOX21NRAR-06966,O=C(Nc1ccc(/C=C/c2ccc(NC(=O)c3cc(S(=O)(=O)O)c4cccnc4c3O)cc2S(=O)(=O)O)c(S(=O)(=O)O)c1)c1cc(S(=O)(=O)O)c2cccnc2c1O,0
TOX21NRAR-06967,CCOP(=S)(OCC)SCSC(C)(C)C,0
TOX21NRAR-06968,CN(CC(=O)N1CCOCC1)Cc1c(Cl)cccc1NC(=O)c1ccccc1,0
TOX21NRAR-06969,CN1CCN(C2=Nc3ccccc3Cc3ccccc32)CC1,0
TOX21NRAR-06970,O=C(Cn1c(=O)sc2ccc(Cl)cc21)N1CCN(CCO)CC1,0
TOX21NRAR-06971,COc1cc(C[C@@H]2NCCc3cc(O)c(O)cc32)cc(OC)c1OC,0
TOX21NRAR-06972,O=C1CCC(N2C(=O)c3ccccc3C2=O)C(=O)N1,0
TOX21NRAR-06973,CCCCOCCOCCO,0
TOX21NRAR-06974,O=C(O)/C=C/C(=O)O,0
TOX21NRAR-06975,O=C(O)/C=C\C(=O)O,0
TOX21NRAR-06976,CCC(C)=O,0
TOX21NRAR-06977,CCCC(=O)O,0
TOX21NRAR-06978,CCCC=O,0
TOX21NRAR-06979,CC(C)=CC1C(C(=O)OCc2coc(Cc3ccccc3)c2)C1(C)C,0
TOX21NRAR-06980,CC[C@H]1OC(=O)[C@H](C)[C@@H](O[C@H]2C[C@@](C)(OC)[C@@H](O)[C@H](C)O2)[C@H](C)[C@@H](O[C@@H]2O[C@H](C)C[C@H](N(C)C)[C@H]2O)[C@](C)(O)C[C@@H](C)C(=O)[C@H](C)[C@@H](O)[C@]1(C)O,0
TOX21NRAR-06981,CCC(=O)OC,0
TOX21NRAR-06982,c1cc(-c2ccncc2)ccn1,0
TOX21NRAR-06983,C[Si]1(C)O[Si](C)(C)O[Si](C)(C)O[Si](C)(C)O1,0
TOX21NRAR-06984,CN=C=S,0
TOX21NRAR-06985,CC(C)=CCO,0
TOX21NRAR-06986,COP(=O)(OC)O/C(C)=C/C(=O)N(C)C,0
TOX21NRAR-06987,ClCCOCOCCCl,0
TOX21NRAR-06988,CC(C)=CCl,0
TOX21NRAR-06989,O=C1c2c(O)ccc(Nc3ccc(CCO)cc3)c2C(=O)c2c([N+](=O)[O-])ccc(O)c21,0
TOX21NRAR-06990,O=C1C(O)=C([C@H]2CC[C@H](c3ccc(Cl)cc3)CC2)C(=O)c2ccccc21,0
TOX21NRAR-06991,Oc1ccc(-c2ccccc2)c(Cl)c1,1
TOX21NRAR-06992,O=C1CCCCCCCCCCC(=O)OCCO1,0
TOX21NRAR-06993,O=[PH]1Oc2ccccc2-c2ccccc21,0
TOX21NRAR-06994,O=[N+]([O-])C1(Br)COCOC1,0
TOX21NRAR-06995,CC(NC(C)(C)C)C(=O)c1cccc(Cl)c1,0
TOX21NRAR-06996,CC#CCC(C)[C@H](O)/C=C/C1[C@H]2C/C(=C/CCCC(=O)O)C[C@H]2C[C@H]1O,0
TOX21NRAR-06997,CC(C)Cn1cnc2c(N)nc3ccccc3c21,0
TOX21NRAR-06998,CN(C)CCCN(C)CCCN(C)C,0
TOX21NRAR-06999,NCCCOCCOCCOCCCN,0
TOX21NRAR-07000,N#CSc1ccc(N)c([N+](=O)[O-])c1,0
TOX21NRAR-07001,CC(=O)N[C@H]1[C@@H](O[C@@H]2C(C(=O)[O-])C[C@@H](O[C@@H]3[C@@H](CO)O[C@H](OC4C(C(=O)[O-])O[C@@H](OC5[C@H]6CO[C@H](O6)[C@H](NS(=O)(=O)[O-])[C@H]5O)[C@H](O)[C@H]4O)[C@H](NC(C)=O)[C@H]3C)[C@H](O)[C@H]2O)O[C@H](COS(=O)(=O)O)[C@@H](O[C@@H]2OC(C(=O)[O-])=C[C@H](O)[C@H]2O)[C@@H]1O,0
TOX21NRAR-07002,C=C[C@H]1CN2CC[C@H]1C[C@H]2[C@H](OC(=O)OCC)c1ccnc2ccc(OC)cc12,1
TOX21NRAR-07003,O=C1c2c(O)cccc2[C@H]([C@@H]2O[C@H](CO)[C@@H](O)[C@H](O)[C@H]2O)c2cc(CO)cc(O)c21,1
TOX21NRAR-07004,CC(N)Cc1ccc(O)cc1,0
TOX21NRAR-07005,O=C1c2ccccc2C(=O)c2c1ccc(O)c2O,0
TOX21NRAR-07006,COc1cc(OC)cc(OC)c1,0
TOX21NRAR-07007,CCC(=O)C(CC(C)N(C)C)(c1ccccc1)c1ccccc1,0
TOX21NRAR-07008,Cc1c(N(C)C)c(=O)n(-c2ccccc2)n1C,0
TOX21NRAR-07009,CN(C)CCO,1
TOX21NRAR-07010,CN(C)c1ccccc1,0
TOX21NRAR-07011,C[As](C)(=O)O,0
TOX21NRAR-07012,CC1(C)C(=O)NC(=O)NC1=O,0
TOX21NRAR-07013,O=C(c1ccc(O)cc1O)c1ccc(O)cc1O,0
TOX21NRAR-07014,C=C(C)C(=O)OCCOC1CC2CC1C1C=CCC21,0
TOX21NRAR-07015,OCC(c1ccc(Cl)cc1)c1ccc(Cl)cc1,0
TOX21NRAR-07016,CCN(CC)CCOC(=O)c1ccc(N)cc1Cl,0
TOX21NRAR-07017,CCN(CC)C(=O)c1ccc(O)c(OC)c1,0
TOX21NRAR-07018,C1CNCCN1.C[C@]12CC[C@@H]3c4ccc(OS(=O)(=O)O)cc4CC[C@H]3[C@@H]1CCC2=O,0
TOX21NRAR-07019,CCCCC(=O)O[C@H]1CC[C@H]2[C@@H]3CCc4cc(O)ccc4[C@H]3CC[C@]12C,1
TOX21NRAR-07020,CC(=O)OC(C)OC(=O)C(C)c1ccc(-c2ccccc2)c(F)c1,0
TOX21NRAR-07021,CCCCCCC(=O)O[C@H]1CC[C@H]2[C@@H]3CCc4cc(O)ccc4[C@H]3CC[C@]12C,1
TOX21NRAR-07022,CCC(=O)Oc1ccc2c(c1)CC[C@@H]1[C@@H]2CC[C@]2(C)[C@@H](OC(=O)CC)CC[C@@H]12,1
TOX21NRAR-07023,CCN(CC)CCNC(=O)c1cc(S(C)(=O)=O)ccc1OC,0
TOX21NRAR-07024,FC(F)(F)c1ccccc1-n1ccnc1,0
TOX21NRAR-07025,N#CC(C#N)=Cc1cc(O)c(O)c(O)c1,0
TOX21NRAR-07026,N#CC(C#N)=Cc1ccc(O)c(O)c1,0
TOX21NRAR-07027,O=C(O)C(F)(F)C(F)(F)C(F)(F)C(F)(F)C(F)(F)C(F)(F)C(F)(F)C(F)(F)F,0
TOX21NRAR-07028,O=C(O)C(F)(F)C(F)(F)C(F)(F)C(F)(F)C(F)(F)F,0
TOX21NRAR-07029,O=C(O)C(F)(F)C(F)(F)C(F)(F)C(F)(F)C(F)(F)C(F)(F)C(F)(F)C(F)(F)C(F)(F)F,0
TOX21NRAR-07030,O=C(O)C(F)(F)C(F)(F)C(F)(F)C(F)(F)C(F)(F)C(F)(F)C(F)(F)F,0
TOX21NRAR-07031,O=S(=O)(O)C(F)(F)C(F)(F)C(F)(F)C(F)(F)C(F)(F)C(F)(F)C(F)(F)C(F)(F)F,0
TOX21NRAR-07032,CC(C)CC(=O)N[C@H](C(=O)N[C@H](C(=O)N[C@@H](CC(C)C)[C@@H](O)CC(=O)N[C@@H](C)C(=O)N[C@@H](CC(C)C)[C@@H](O)CC(=O)O)C(C)C)C(C)C,0
TOX21NRAR-07033,CN(C)CCc1ccc(O)cc1,0
TOX21NRAR-07034,CC1(C)S[C@@H]2[C@H](N)C(=O)N2[C@H]1C(=O)O,0
TOX21NRAR-07035,c1cc2c(c(N3CCNCC3)c1)OCCO2,0
TOX21NRAR-07036,CC1(CN2CCC(n3c(=O)[nH]c4ccccc43)CC2)OCc2ccccc2-n2cccc21,0
TOX21NRAR-07037,CN1C(=O)[C@@H](NC(=O)c2cc3ccccc3[nH]2)N=C(c2ccccc2)c2ccccc21,0
TOX21NRAR-07038,O=c1[nH]c2cc(C(F)(F)F)c(N3CCOCC3)cc2n(CP(=O)(O)O)c1=O,0
TOX21NRAR-07039,COC1=CC=C2[C@H]3Cc4ccc(OC)c5c4[C@@]2(CCN3C)[C@H]1O5,0
TOX21NRAR-07040,FC(F)(F)C(F)(F)C(F)(F)C(F)(F)C(F)(F)C(F)(F)F,0
TOX21NRAR-07041,Cc1ccc(N(SC(F)(Cl)Cl)S(=O)(=O)N(C)C)cc1,0
TOX21NRAR-07042,CC(=O)Nc1ccc(S(=O)(=O)Cl)cc1,0
TOX21NRAR-07043,Cc1ccc([N+](=O)[O-])cc1Cl,0
TOX21NRAR-07044,CC(C)[C@@]1(NC(=O)[C@@H]2C[C@@H]3c4cccc5[nH]cc(c45)C[C@H]3N(C)C2)O[C@@]2(O)[C@@H]3CCCN3C(=O)[C@H](Cc3ccccc3)N2C1=O,0
TOX21NRAR-07045,C[C@@H](CO)NC(=O)[C@@H]1C=C2c3cccc4[nH]cc(c34)C[C@H]2N(C)C1,1
TOX21NRAR-07046,CCN(CC)C(=O)N[C@@H]1C=C2c3cccc4[nH]cc(c34)C[C@@H]2N(C)C1,0
TOX21NRAR-07047,C=CCN1CCc2nc(N)sc2CC1,0
TOX21NRAR-07048,CN(C(=O)Cc1ccccc1)[C@H]1CC[C@@]2(CCCO2)C[C@@H]1N1CCCC1,0
TOX21NRAR-07049,CN1C[C@@H](NS(=O)(=O)N(C)C)C[C@@H]2c3cccc4c3c(cn4C)C[C@H]21,0
TOX21NRAR-07050,C=CCN1CC[C@]23c4c5ccc(O)c4O[C@H]2C(=O)CC[C@@]3(O)[C@H]1C5.CI,0
TOX21NRAR-07051,CC(C)(C)NSc1nc2ccccc2s1,0
TOX21NRAR-07052,C=CCC1=C(C)C(OC(=O)C2C(C=C(C)C)C2(C)C)CC1=O,0
TOX21NRAR-07053,CC1=CC(=O)CCC1,0
TOX21NRAR-07054,CC(C)c1ccccc1C(C)C,0
TOX21NRAR-07055,O=C=NC1CCC(CC2CCC(N=C=O)CC2)CC1,0
TOX21NRAR-07056,CCCCOCC(C)O,0
TOX21NRAR-07057,C=C(C)C(=O)OCC[N+](C)(C)C,0
TOX21NRAR-07058,c1ccc2sc(SN(C3CCCCC3)C3CCCCC3)nc2c1,0
TOX21NRAR-07059,CC(C)C(=O)OCC(C)(C)C(O)C(C)C,0
TOX21NRAR-07060,Cc1cccc(Cl)c1,0
TOX21NRAR-07061,C1=CCCC=CCCC=CCC1,0
TOX21NRAR-07062,C=C(C)C#N,0
TOX21NRAR-07063,COP(N)(=O)SC,0
TOX21NRAR-07064,CCCCSP(=O)(SCCCC)SCCCC,0
TOX21NRAR-07065,COCC(=O)N(c1c(C)cccc1C)C(C)C(=O)OC,0
TOX21NRAR-07066,C[N+]1(C)CCCCC1,0
TOX21NRAR-07067,Cn1cc(C2=C(c3cn(C4CCN(Cc5ccccn5)CC4)c4ccccc34)C(=O)NC2=O)c2ccccc21,0
TOX21NRAR-07068,O=C(NOC[C@H](O)CO)c1ccc(F)c(F)c1Nc1ccc(I)cc1F,0
TOX21NRAR-07069,O=C1CN=C(c2ccccc2)c2cc(Cl)ccc2N1CC1CC1,0
TOX21NRAR-07070,Nc1c(Cl)c(Cl)c(Cl)c(Cl)c1Cl,0
TOX21NRAR-07071,CCOC(=O)CCC(C)=O,0
TOX21NRAR-07072,C[C@]12C[C@H](O)[C@H]3[C@@H](CCC4=CC(=O)C=C[C@@]43C)[C@@H]1CC[C@]2(O)C(=O)CO,1
TOX21NRAR-07073,C[C@]12CC(=O)[C@H]3[C@@H](CCC4=CC(=O)C=C[C@@]43C)[C@@H]1CC[C@]2(O)C(=O)CO,1
TOX21NRAR-07074,CNC(=O)CSP(=O)(OC)OC,0
TOX21NRAR-07075,CCCN(CCC)S(=O)(=O)c1ccc(C(=O)O)cc1,1
TOX21NRAR-07076,C=C(C)[C@@H]1CCC2=CCC[C@@H](C)[C@]2(C)C1,0
TOX21NRAR-07077,C=CC(C)=CCC=C(C)C,0
TOX21NRAR-07078,C=C(C)[C@@H]1CCC2=CC(=O)C[C@@H](C)[C@]2(C)C1,0
TOX21NRAR-07079,CCOC(=O)CC(C)C,0
TOX21NRAR-07080,CCCCCCCCCCCCN(CCCCCCCCCCCC)CCCCCCCCCCCC,0
TOX21NRAR-07081,CC1=CCCC(C)(C)C12CCC(C)O2,0
TOX21NRAR-07082,c1cc(C(c2ccc(OCC3CO3)cc2)c2ccc(OCC3CO3)cc2)ccc1OCC1CO1,0
TOX21NRAR-07083,CC1(CO)CN(c2ccccc2)NC1=O,0
TOX21NRAR-07084,C=C(C)C(=O)OCCCCCCCCCCOC(=O)C(=C)C,0
TOX21NRAR-07085,CCC(=O)OCc1ccccc1,0
TOX21NRAR-07086,Cc1cccc(Nc2ccccc2)c1,0
TOX21NRAR-07087,O=S(=O)([O-])CC(O)CCl,0
TOX21NRAR-07088,C=CCOCC(CC)(CO)COCC=C,0
TOX21NRAR-07089,NS(=O)(=O)c1ccccc1Cl,0
TOX21NRAR-07090,CCC(C)(CCC(C)C)C(=O)O[Sn](C)(C)OC(=O)C(C)(CC)CCC(C)C,0
TOX21NRAR-07091,CC(C)(C)C1CCCCC1O,0
TOX21NRAR-07092,CC(C)CP(=S)([S-])CC(C)C,0
TOX21NRAR-07093,COc1ccc(CC2c3cc(OC)c(OC)cc3CC[N+]2(C)CCC(=O)OCCCCCOC(=O)CC[N+]2(C)CCc3cc(OC)c(OC)cc3C2Cc2ccc(OC)c(OC)c2)cc1OC.O=S(=O)([O-])c1ccccc1.O=S(=O)([O-])c1ccccc1,1
TOX21NRAR-07094,CN1CCC(=C2c3ccccc3CCc3cccnc32)CC1,0
TOX21NRAR-07095,CCOC(=O)[C@H](CCc1ccccc1)N[C@@H](C)C(=O)N1CCC[C@H]1C(=O)O,0
TOX21NRAR-07096,CN(C)C(=O)Nc1ccc(Cl)cc1,0
TOX21NRAR-07097,Cc1ccc(S(=O)(=O)N=C=O)cc1,0
TOX21NRAR-07098,NC(=O)c1ccccc1O,0
TOX21NRAR-07099,O=C1C[C@@H]2OCC=C3CN4CC[C@]56c7ccccc7N1[C@H]5[C@H]2[C@H]3C[C@H]46.O=C1C[C@@H]2OCC=C3CN4CC[C@]56c7ccccc7N1[C@H]5[C@H]2[C@H]3C[C@H]46,0
TOX21NRAR-07100,O=C1NCC2(CCN(CCc3ccccc3)CC2)O1,0
TOX21NRAR-07101,CCOC(=O)Nc1ccc(NCc2ccc(F)cc2)nc1N,0
TOX21NRAR-07102,CC(C)[N+]1(C)C2CCC1CC(OC(=O)C(CO)c1ccccc1)C2,0
TOX21NRAR-07103,N=C(N)NCc1cccc(I)c1.N=C(N)NCc1cccc(I)c1,0
TOX21NRAR-07104,CC(C)NC(C)Cc1ccc(I)cc1,0
TOX21NRAR-07105,Clc1cc(C(Cl)(Cl)Cl)cnc1Cl,0
TOX21NRAR-07106,Cc1cn[nH]c1,0
TOX21NRAR-07107,C#CCN(C)CCCOc1ccc(Cl)cc1Cl,0
TOX21NRAR-07108,CCCCCCCCCCCC#N,0
TOX21NRAR-07109,N#Cc1c(Cl)c(Cl)c(Cl)c(C#N)c1Cl,0
TOX21NRAR-07110,Cc1ccc(C)c(O)c1C,0
TOX21NRAR-07111,C=C(C)C(=O)OCCOCC,0
TOX21NRAR-07112,CC(C)[C@@H]1CC[C@@H](C)C[C@H]1O,0
TOX21NRAR-07113,COP(=S)(OC)Oc1nc(Cl)c(Cl)cc1Cl,0
TOX21NRAR-07114,C#CCOC(=O)[C@@H](C)Oc1ccc(Oc2ncc(Cl)cc2F)cc1,0
TOX21NRAR-07115,CC1(C)CON(Cc2ccccc2Cl)C1=O,0
TOX21NRAR-07116,CCSC(=O)N(CC)C1CCCCC1,0
TOX21NRAR-07117,COC(=O)C(C)Oc1ccc(Oc2ccc(Cl)cc2Cl)cc1,0
TOX21NRAR-07118,CCNC(=O)NC(=O)/C(C#N)=N/OC,0
TOX21NRAR-07119,Cc1cc(C2CC2)nc(Nc2ccccc2)n1,0
TOX21NRAR-07120,COc1cc2nc(N(C)CCCNC(=O)C3CCCO3)nc(N)c2cc1OC,0
TOX21NRAR-07121,CN(C)C(=O)Oc1cc(OC(=O)N(C)C)cc(C(O)CNC(C)(C)C)c1,0
TOX21NRAR-07122,CCC(=O)O[C@]1(C(=O)SCF)[C@H](C)C[C@H]2C3C[C@H](F)C4=CC(=O)C=C[C@]4(C)[C@@]3(F)[C@@H](O)C[C@@]21C,1
TOX21NRAR-07123,C[C@@]12CCC[C@H]1[C@@H]1CC[C@H]3C[C@@H](O)CC[C@]3(C)[C@H]1CC2,1
TOX21NRAR-07124,CC(=O)SC[C@@H](Cc1ccccc1)C(=O)NCC(=O)OCc1ccccc1,0
TOX21NRAR-07125,CCCN1CCC[C@@H]2Cc3n[nH]cc3C[C@H]21,0
TOX21NRAR-07126,CCC[C@@]1(CCc2ccccc2)CC(O)=C([C@H](CC)c2cccc(NS(=O)(=O)c3ccc(C(F)(F)F)cn3)c2)C(=O)O1,0
TOX21NRAR-07127,CO[C@H]1C[C@@H]2CC[C@@H](C)[C@@](O)(O2)C(=O)C(=O)N2CCCC[C@H]2C(=O)O[C@H]([C@H](C)C[C@@H]2CC[C@@H](O)[C@H](OC)C2)CC(=O)[C@H](C)C=C(C)[C@@H](O)[C@@H](OC)C(=O)[C@H](C)C[C@H](C)C=CC=CC=C1C,0
TOX21NRAR-07128,CCC(C)(C)C(=O)O[C@H]1C[C@@H](C)C=C2C=C[C@H](C)[C@H](CC[C@@H]3C[C@@H](O)CC(=O)O3)[C@H]21,1
TOX21NRAR-07129,CC(C)=CCOc1ccc(/C=C/C(=O)c2ccc(OCC=C(C)C)cc2OCC(=O)O)cc1,0
TOX21NRAR-07130,O=C1NC(=O)[C@@]2(CCOc3ccc(F)cc32)N1,0
TOX21NRAR-07131,C/C=C(/CC[C@@H](C)[C@H]1CC[C@H]2C3=CC[C@H]4[C@H](C)[C@@H](O)CC[C@]4(C)[C@H]3CC[C@@]21C)C(C)C,0
TOX21NRAR-07132,OC[C@H](O)[C@@H](O)[C@H](O)[C@H](O)CO,0
TOX21NRAR-07133,CCCCCCCCCCCCOS(=O)(=O)O.OCCN(CCO)CCO,0
TOX21NRAR-07134,[O-]c1ccccc1,0
TOX21NRAR-07135,c1ccc2c(c1)c1cccc3ccc4cccc2c4c31,0
TOX21NRAR-07136,C=CCNCC=C,0
TOX21NRAR-07137,CCCCC/C=C/C=C/C=O,0
TOX21NRAR-07138,C1CCC2CCCCC2C1,0
TOX21NRAR-07139,CCCCCCCCCC,0
TOX21NRAR-07140,C=C(C)C(=O)OCCCCCCCCCC,0
TOX21NRAR-07141,C=CC(=O)NC(C)(C)CC(C)=O,0
TOX21NRAR-07142,CC(=O)CC(C)(C)O,0
TOX21NRAR-07143,CN(C)C(=O)C1(N2CCCCC2)CCN(CCC2(c3ccc(Cl)c(Cl)c3)CN(C(=O)c3ccccc3)CCO2)CC1,0
TOX21NRAR-07144,O=C([O-])C(Cl)Cl,0
TOX21NRAR-07145,O=C([O-])Cc1ccccc1Nc1c(Cl)cccc1Cl,0
TOX21NRAR-07146,NNC(=S)NN,0
TOX21NRAR-07147,NC(=O)Nc1ccc(Cl)cc1,0
TOX21NRAR-07148,[O-][n+]1ccc(Cl)cc1,0
TOX21NRAR-07149,CCCCC/C=C\CCC=O,0
TOX21NRAR-07150,CN1C(=O)CC(=O)N(c2ccccc2)c2cc(Cl)ccc21,0
TOX21NRAR-07151,CCc1occc(=O)c1O,0
TOX21NRAR-07152,CC1=C(O)C(=O)C(C)O1,0
TOX21NRAR-07153,COc1ccc(CCO)cc1,0
TOX21NRAR-07154,CCCC(C)C(O)CC,0
TOX21NRAR-07155,Oc1ccc(/C=C/c2cc(O)cc(O)c2)cc1,1
TOX21NRAR-07156,O=C1C[N+]([O-])=C(c2ccccc2)c2cc(Cl)ccc2N1,0
TOX21NRAR-07157,O=C(/C=C/c1cccc(F)c1)NC1CC1,0
TOX21NRAR-07158,O=C(O)Cc1csc(-c2ccc(Cl)cc2)n1,0
TOX21NRAR-07159,O=C(Nc1ccc(Br)cc1)c1cc(Br)c(Br)s1,0
TOX21NRAR-07160,O=C(O)Cc1cn(-c2ccccc2)nc1-c1ccc(Cl)cc1,0
TOX21NRAR-07161,Cc1cccc(C)c1NC(=O)CN1CCCC1,0
TOX21NRAR-07162,NS(=O)(=O)c1ccc(Cl)c(S(N)(=O)=O)c1,0
TOX21NRAR-07163,CCCCCCC(=O)O[C@H]1CC[C@H]2[C@@H]3CC[C@H]4CC(=O)C=C(C)[C@]4(C)[C@H]3CC[C@]12C,1
TOX21NRAR-07164,C=C/C(C)=C/C/C=C(\C)CCC=C(C)C,0
TOX21NRAR-07165,CCC(=O)OCCOc1ccccc1,0
TOX21NRAR-07166,CC(=O)CCC1=C(C)CCCC1(C)C,0
TOX21NRAR-07167,COc1cc(C=O)ccc1OC(=O)C(C)C,0
TOX21NRAR-07168,CC[C@@]1(O)C(=O)OCc2c1cc1n(c2=O)Cc2cc3c([N+](=O)[O-])cccc3nc2-1,0
TOX21NRAR-07169,CCCCCCCCCCCCCCOS(=O)(=O)[O-],0
TOX21NRAR-07170,S=c1[nH]c2ccccc2[nH]1,1
TOX21NRAR-07171,CC(=O)N[C@@H]1C(O[C@H]2O[C@H](C(=O)O)C(O)[C@H](O)[C@H]2O)[C@H](O)[C@@H](CO)O[C@H]1O[C@@H]1C(C(=O)O)O[C@@H](O[C@H]2[C@H](O)[C@@H](CO)OC(O)[C@@H]2NC(C)=O)[C@H](O)[C@H]1O,0
TOX21NRAR-07172,S=C1NC=NC2N=CNC12,0
TOX21NRAR-07173,CCCCCCOC(=O)CCCCC(=O)OCCCCCC,0
TOX21NRAR-07174,CCCCCCCCCC(=O)OC,0
TOX21NRAR-07175,OC/C=C/CO,0
TOX21NRAR-07176,Cc1c(Cl)cccc1Nc1ncccc1C(=O)O,0
TOX21NRAR-07177,OCc1c[nH]c2ccccc12,0
TOX21NRAR-07178,Cc1cccc(Nc2cc(Cl)nc(SCC(=O)O)n2)c1C,0
TOX21NRAR-07179,CNCC(O)c1ccc(O)cc1,0
TOX21NRAR-07180,O=CCCl,0
TOX21NRAR-07181,O=C(CCl)c1ccccc1,0
TOX21NRAR-07182,COP(=S)(OC)Oc1ccc([N+](=O)[O-])cc1Cl,0
TOX21NRAR-07183,COC(=O)c1ccccc1C(=O)O,0
TOX21NRAR-07184,CC(=O)Nc1ccc(C(=O)CCl)cc1,0
TOX21NRAR-07185,CCCCOC(=O)c1ccccc1C(=O)O,0
TOX21NRAR-07186,Nc1ccc(Cl)cc1,0
TOX21NRAR-07187,c1ccc(CCCc2ccccn2)cc1,0
TOX21NRAR-07188,CCOC(=O)c1cn2nc(OP(=S)(OCC)OCC)cc2nc1C,0
TOX21NRAR-07189,CCC(C)c1cc([N+](=O)[O-])cc([N+](=O)[O-])c1OC(=O)C=C(C)C,0
TOX21NRAR-07190,CCC(C)c1cc([N+](=O)[O-])cc([N+](=O)[O-])c1OC(=O)OC(C)C,0
TOX21NRAR-07191,CCN(CC)c1c([N+](=O)[O-])cc(C(F)(F)F)c(N)c1[N+](=O)[O-],0
TOX21NRAR-07192,CC1(C)[C@@H]2CC[C@@]1(C)[C@H](OC(=O)CSC#N)C2,0
TOX21NRAR-07193,CC(C)N(C(=O)SCC(Cl)=CCl)C(C)C,0
TOX21NRAR-07194,CC(=O)OCC1=C(C(=O)O)N2C(=O)[C@@H](N)[C@H]2SC1,0
TOX21NRAR-07195,COC(=O)Nc1nc2ccccc2[nH]1,0
TOX21NRAR-07196,O=C1CCCCC1Cl,0
TOX21NRAR-07197,CC1(C)[C@@H]2CC[C@@]1(C)C(=O)C2,0
TOX21NRAR-07198,NC(N)=O.OO,0
TOX21NRAR-07199,CCCCCCCC(=O)Cl,0
TOX21NRAR-07200,CCCCCOC(C)=O,0
TOX21NRAR-07201,CCCCCCCCCCCCCC,0
TOX21NRAR-07202,CCCCCCCCCCCCC,0
TOX21NRAR-07203,OCCCCCCO,0
TOX21NRAR-07204,C=CCCCCCCCCCCCCCC,0
TOX21NRAR-07205,CCCCCCCCCCCCCCC,0
TOX21NRAR-07206,CSc1ccc(Cl)cc1,0
TOX21NRAR-07207,Clc1ccc2ccccc2c1,0
TOX21NRAR-07208,Cc1ccccc1Cl,0
TOX21NRAR-07209,CS(=O)(=O)c1ccc(Cl)cc1,0
TOX21NRAR-07210,Oc1ccc2ccc3cccc4ccc1c2c34,0
TOX21NRAR-07211,CC(C)COC(=O)c1ccc(O)cc1,0
TOX21NRAR-07212,NC(=O)CI,0
TOX21NRAR-07213,IC(I)I,0
TOX21NRAR-07214,COc1ccc2c(c1)c(CC(=O)O)c(C)n2C(=O)c1ccc(Cl)cc1,0
TOX21NRAR-07215,C=CCOCC(CO)(COCC=C)COCC=C,0
TOX21NRAR-07216,CCc1ccc(O)c(C(C)(C)C)c1,0
TOX21NRAR-07217,Cc1c(C)c([N+](=O)[O-])c(C(C)(C)C)c([N+](=O)[O-])c1C,0
TOX21NRAR-07218,C#CCN(C)[C@H](C)Cc1ccccc1,0
TOX21NRAR-07219,O=C1CN(N=Cc2ccc(-c3ccc([N+](=O)[O-])cc3)o2)C(=O)[N-]1,0
TOX21NRAR-07220,CCN(CCC#N)c1ccccc1,0
TOX21NRAR-07221,COC(=O)CCCC(=O)O,0
TOX21NRAR-07222,OC[C@H](Cc1cccc(O)c1)[C@H](CO)Cc1cccc(O)c1,0
TOX21NRAR-07223,COc1cc(Cl)ccc1Oc1ccc(Cl)cc1Cl,0
TOX21NRAR-07224,Cc1ccc(O)c(C(=O)c2ccccc2)c1,0
TOX21NRAR-07225,O=C(c1ccccc1)c1ccccc1O,0
TOX21NRAR-07226,CN1CCc2cc3c(cc2C1O)OCO3,0
TOX21NRAR-07227,O=C(Oc1ccccc1)c1ccc(O)cc1,0
TOX21NRAR-07228,CCCC(c1cc(C(C)(C)C)c(O)cc1C)c1cc(C(C)(C)C)c(O)cc1C,0
TOX21NRAR-07229,C=C1CC[C@H]2[C@@](C)(CC[C@@H](O)[C@@]2(C)CO)[C@@H]1C/C=C1/C(=O)OC[C@H]1O,0
TOX21NRAR-07230,CC1(C)O[C@H]2CC(=O)OC[C@@]23[C@H]1CC(=O)[C@]1(C)[C@@H]3CC[C@@]2(C)[C@H](c3ccoc3)OC(=O)[C@H]3O[C@]321,1
TOX21NRAR-07231,OC[C@H]1O[C@@H](O[C@@H]2[C@@H](CO)O[C@@H](O)[C@H](O)[C@H]2O)[C@H](O)[C@@H](O)[C@@H]1O,0
TOX21NRAR-07232,CN(C)CCN(Cc1ccccc1)c1ccccn1.O=C(O)CC(O)(CC(=O)O)C(=O)O,0
TOX21NRAR-07233,C=CCC1(C(C)CCC)C(=O)N=C([S-])NC1=O,0
TOX21NRAR-07234,Clc1ccccc1,0
TOX21NRAR-07235,CCOC(=O)C(O)(c1ccc(Cl)cc1)c1ccc(Cl)cc1,0
TOX21NRAR-07236,CCCCCCCCCCC[C@@H](C[C@@H]1OC(=O)[C@H]1CCCCCC)OC(=O)C(CC(C)C)NC=O,0
TOX21NRAR-07237,CCC1CO1,0
TOX21NRAR-07238,FC(F)OC(F)(F)C(F)Cl,0
TOX21NRAR-07239,C#C[C@]1(O)CC[C@H]2[C@@H]3CCC4=C(CCC(=O)C4)[C@H]3CC[C@@]21C,1
TOX21NRAR-07240,O=S1OCC2C(CO1)C1(Cl)C(Cl)=C(Cl)C2(Cl)C1(Cl)Cl,0
TOX21NRAR-07241,ClC1=C(Cl)[C@]2(Cl)[C@H]3[C@H]([C@@H]4C[C@H]3[C@H]3O[C@@H]43)[C@@]1(Cl)C2(Cl)Cl,0
TOX21NRAR-07242,ClCC1CO1,0
TOX21NRAR-07243,O=C(O[C@@H]1Cc2c(O)cc(O)cc2O[C@@H]1c1cc(O)c(O)c(O)c1)c1cc(O)c(O)c(O)c1,1
TOX21NRAR-07244,CC(C)NCC1CCc2cc(CO)c([N+](=O)[O-])cc2N1,0
TOX21NRAR-07245,CCCn1cnc2c1c(=O)n(CCCCC(C)=O)c(=O)n2C,0
TOX21NRAR-07246,c1cnc(N2CCN(Cc3ccc4c(c3)OCO4)CC2)nc1,0
TOX21NRAR-07247,Cc1ccc(=O)n(-c2ccccc2)c1,0
TOX21NRAR-07248,Cc1nc2ccccn2c(=O)c1CCN1CCC(C(=O)c2ccc(F)cc2)CC1,0
TOX21NRAR-07249,O=c1[nH]c2ccccc2n1CCCN1CCN(C(c2ccccc2)c2ccccc2)CC1,0
TOX21NRAR-07250,NC(=O)CN1CC(O)CC1=O,0
TOX21NRAR-07251,CCC(=O)c1ccc2c(c1)N(CCCN(C)C)c1ccccc1S2,0
TOX21NRAR-07252,CCCn1c(=O)[nH]c(=O)c2[nH]cnc21,0
TOX21NRAR-07253,CCCNCC(O)COc1ccccc1C(=O)CCc1ccccc1,0
TOX21NRAR-07254,CC(=O)[C@H]1CC[C@H]2[C@@H]3CCC4=CC(=O)CC[C@]4(C)[C@H]3CC[C@]12C,1
TOX21NRAR-07255,C[C@]12CC[C@H]3[C@@H](CCC4=CC(=O)CC[C@@]43C)[C@@H]1CC[C@@H]2O,1
TOX21NRAR-07256,C[C@]12CC[C@@H]3c4ccc(O)cc4CC[C@H]3[C@@H]1CC[C@H]2O,1
TOX21NRAR-07257,COc1ccc2c(c1OC)CN1CCc3cc4c(cc3C1C2)OCO4,0
